{
    "timestamp": "2022-07-20 23:10:45.313829",
    "dataset": "store_sales_1G.csv",
    "model": "store_sales_1G.csv-25.2MB-model31.979-data21.205-made-resmade-hidden256_256_256_256_256-emb32-directIo-binaryInone_hotOut-inputNoEmbIfLeq-10epochs-seed0.pt",
    "query": "'SELECT ss_sold_date_sk FROM store_sales_1G.csv WHERE ss_sales_price<=163.42'",
    "avg_est": 2341895.25,
    "avg_real": 2451777.988204124,
    "avg_err": 0.04481757268920206,
    "count_est": 2747427.6043846607,
    "count_real": 2743575,
    "count_err": 0.001404227835820315,
    "sum_est": 6434187656427.316,
    "sum_real": 6567450204547.0,
    "sum_err": 0.020291367877813334,
    "query_dur_ms_est": 29.108047485351562,
    "query_dur_ms_real": 103.47795486450195,
    "query_dur_ms_err": 0.7187029109391776,
    "order": [
        1,
        2,
        3,
        0
    ],
    "groupby": false
}