{
    "timestamp": "2022-07-20 23:08:37.307727",
    "dataset": "store_sales_1G.csv",
    "model": "store_sales_1G.csv-25.2MB-model31.979-data21.205-made-resmade-hidden256_256_256_256_256-emb32-directIo-binaryInone_hotOut-inputNoEmbIfLeq-10epochs-seed0.pt",
    "query": "'SELECT ss_sold_date_sk FROM store_sales_1G.csv WHERE ss_quantity<=13.0'",
    "avg_est": 2341895.25,
    "avg_real": 2451778.562855438,
    "avg_err": 0.04481779656620516,
    "count_est": 364037.03631687164,
    "count_real": 356940,
    "count_err": 0.019882995228530407,
    "sum_est": 852536606174.5592,
    "sum_real": 854479154055.0,
    "sum_err": 0.0022733707091884894,
    "query_dur_ms_est": 28.428316116333008,
    "query_dur_ms_real": 103.47795486450195,
    "query_dur_ms_err": 0.7252717629222751,
    "order": [
        1,
        2,
        3,
        0
    ],
    "groupby": false
}