{
    "timestamp": "2022-07-20 23:08:07.312643",
    "dataset": "store_sales_1G.csv",
    "model": "store_sales_1G.csv-25.2MB-model31.979-data21.205-made-resmade-hidden256_256_256_256_256-emb32-directIo-binaryInone_hotOut-inputNoEmbIfLeq-10epochs-seed0.pt",
    "query": "'SELECT ss_sold_date_sk FROM store_sales_1G.csv WHERE ss_sales_price>=18.38<=139.8 AND ss_quantity>=90.0'",
    "avg_est": 2341895.25,
    "avg_real": 2451777.7075059055,
    "avg_err": 0.04481746333262999,
    "count_est": 179316.03883686662,
    "count_real": 179136,
    "count_err": 0.0010050399521403693,
    "sum_est": 419939379600.8735,
    "sum_real": 433851872454.0,
    "sum_err": 0.032067379989472386,
    "query_dur_ms_est": 30.734777450561523,
    "query_dur_ms_real": 103.47795486450195,
    "query_dur_ms_err": 0.7029823647867139,
    "order": [
        1,
        2,
        3,
        0
    ],
    "groupby": false
}