{
    "timestamp": "2022-07-20 23:10:18.148157",
    "dataset": "store_sales_1G.csv",
    "model": "store_sales_1G.csv-25.2MB-model31.979-data21.205-made-resmade-hidden256_256_256_256_256-emb32-directIo-binaryInone_hotOut-inputNoEmbIfLeq-10epochs-seed0.pt",
    "query": "'SELECT ss_sold_date_sk FROM store_sales_1G.csv WHERE ss_quantity<=18.0'",
    "avg_est": 2341895.25,
    "avg_real": 2451778.8374661924,
    "avg_err": 0.04481790355110185,
    "count_est": 494227.0198827386,
    "count_real": 494549,
    "count_err": 0.0006510580695975722,
    "sum_est": 1157427910285.041,
    "sum_real": 1183910061478.0,
    "sum_err": 0.022368380888577396,
    "query_dur_ms_est": 28.158903121948242,
    "query_dur_ms_real": 103.47795486450195,
    "query_dur_ms_err": 0.727875341575695,
    "order": [
        1,
        2,
        3,
        0
    ],
    "groupby": false
}