{
    "timestamp": "2022-07-20 23:11:02.763077",
    "dataset": "store_sales_1G.csv",
    "model": "store_sales_1G.csv-25.2MB-model31.979-data21.205-made-resmade-hidden256_256_256_256_256-emb32-directIo-binaryInone_hotOut-inputNoEmbIfLeq-10epochs-seed0.pt",
    "query": "'SELECT ss_quantity FROM store_sales_1G.csv WHERE ss_sold_date_sk>=2451861.0'",
    "avg_est": 49.100067138671875,
    "avg_real": 50.51032711680918,
    "avg_err": 0.02792023054762574,
    "count_est": 1251256.8320696354,
    "count_real": 1250586,
    "count_err": 0.0005364141847385076,
    "sum_est": 61436794.46234098,
    "sum_real": 61680888.0,
    "sum_err": 0.003957360952050807,
    "query_dur_ms_est": 28.377532958984375,
    "query_dur_ms_real": 103.47795486450195,
    "query_dur_ms_err": 0.7257625259781852,
    "order": [
        0,
        1,
        2,
        3
    ],
    "groupby": false
}