{
    "timestamp": "2022-07-20 23:08:26.444075",
    "dataset": "store_sales_1G.csv",
    "model": "store_sales_1G.csv-25.2MB-model31.979-data21.205-made-resmade-hidden256_256_256_256_256-emb32-directIo-binaryInone_hotOut-inputNoEmbIfLeq-10epochs-seed0.pt",
    "query": "'SELECT ss_sold_date_sk FROM store_sales_1G.csv WHERE ss_quantity<=74.0'",
    "avg_est": 2341895.25,
    "avg_real": 2451778.071329343,
    "avg_err": 0.04481760507375986,
    "count_est": 2038966.8783848286,
    "count_real": 2034676,
    "count_err": 0.0021088755088419816,
    "sum_est": 4775046847396.758,
    "sum_real": 4871084793882.0,
    "sum_err": 0.01971592582536527,
    "query_dur_ms_est": 28.331279754638672,
    "query_dur_ms_real": 103.47795486450195,
    "query_dur_ms_err": 0.7262095120478874,
    "order": [
        1,
        2,
        3,
        0
    ],
    "groupby": false
}