{
    "timestamp": "2022-07-20 23:09:25.626896",
    "dataset": "store_sales_1G.csv",
    "model": "store_sales_1G.csv-25.2MB-model31.979-data21.205-made-resmade-hidden256_256_256_256_256-emb32-directIo-binaryInone_hotOut-inputNoEmbIfLeq-10epochs-seed0.pt",
    "query": "'SELECT ss_sales_price FROM store_sales_1G.csv WHERE ss_quantity>=4.0<=68.0'",
    "avg_est": 36.631221771240234,
    "avg_real": 37.87476325298512,
    "avg_err": 0.032832983626554395,
    "count_est": 1805885.1564807892,
    "count_real": 1787370,
    "count_err": 0.010358882873042059,
    "sum_est": 66151779.660438664,
    "sum_real": 66097294.58999999,
    "sum_err": 0.0008243161959448602,
    "query_dur_ms_est": 28.194427490234375,
    "query_dur_ms_real": 103.47795486450195,
    "query_dur_ms_err": 0.7275320378417485,
    "order": [
        0,
        1,
        3,
        2
    ],
    "groupby": false
}