{
    "timestamp": "2022-07-20 23:08:32.990683",
    "dataset": "store_sales_1G.csv",
    "model": "store_sales_1G.csv-25.2MB-model31.979-data21.205-made-resmade-hidden256_256_256_256_256-emb32-directIo-binaryInone_hotOut-inputNoEmbIfLeq-10epochs-seed0.pt",
    "query": "'SELECT ss_sales_price FROM store_sales_1G.csv WHERE ss_sold_date_sk<=2452352.0 AND ss_quantity>=65.0'",
    "avg_est": 37.32442092895508,
    "avg_real": 37.95121437548397,
    "avg_err": 0.016515767857320375,
    "count_est": 800721.7437477112,
    "count_real": 797388,
    "count_err": 0.004180830094898821,
    "sum_est": 29886475.410606477,
    "sum_real": 29895310.09999999,
    "sum_err": 0.0002955209149515699,
    "query_dur_ms_est": 28.295516967773438,
    "query_dur_ms_real": 103.47795486450195,
    "query_dur_ms_err": 0.7265551198337397,
    "order": [
        0,
        1,
        3,
        2
    ],
    "groupby": false
}