{
    "timestamp": "2022-07-20 23:10:48.568942",
    "dataset": "store_sales_1G.csv",
    "model": "store_sales_1G.csv-25.2MB-model31.979-data21.205-made-resmade-hidden256_256_256_256_256-emb32-directIo-binaryInone_hotOut-inputNoEmbIfLeq-10epochs-seed0.pt",
    "query": "'SELECT ss_sales_price FROM store_sales_1G.csv WHERE ss_sold_date_sk>=2451265.0<=2452150.0'",
    "avg_est": 37.30916976928711,
    "avg_real": 37.928510975510534,
    "avg_err": 0.016329172706603674,
    "count_est": 1259056.0731779337,
    "count_real": 1258534,
    "count_err": 0.0004148264392806972,
    "sum_est": 46974336.7832475,
    "sum_real": 46617932.839999996,
    "sum_err": 0.007645211220985246,
    "query_dur_ms_est": 28.247833251953125,
    "query_dur_ms_real": 103.47795486450195,
    "query_dur_ms_err": 0.7270159302148759,
    "order": [
        0,
        1,
        3,
        2
    ],
    "groupby": false
}