{
    "timestamp": "2022-07-20 23:08:25.310906",
    "dataset": "store_sales_1G.csv",
    "model": "store_sales_1G.csv-25.2MB-model31.979-data21.205-made-resmade-hidden256_256_256_256_256-emb32-directIo-binaryInone_hotOut-inputNoEmbIfLeq-10epochs-seed0.pt",
    "query": "'SELECT ss_quantity FROM store_sales_1G.csv WHERE ss_sold_date_sk<=2452149.0'",
    "avg_est": 49.049842834472656,
    "avg_real": 50.53442330278009,
    "avg_err": 0.029377607802358405,
    "count_est": 1886732.5250320435,
    "count_real": 1886209,
    "count_err": 0.00027755409503584015,
    "sum_est": 92543933.82350948,
    "sum_real": 93069399.0,
    "sum_err": 0.005645950034452414,
    "query_dur_ms_est": 28.32317352294922,
    "query_dur_ms_real": 103.47795486450195,
    "query_dur_ms_err": 0.7262878498126806,
    "order": [
        0,
        1,
        2,
        3
    ],
    "groupby": false
}