{
    "timestamp": "2022-07-20 23:10:43.167055",
    "dataset": "store_sales_1G.csv",
    "model": "store_sales_1G.csv-25.2MB-model31.979-data21.205-made-resmade-hidden256_256_256_256_256-emb32-directIo-binaryInone_hotOut-inputNoEmbIfLeq-10epochs-seed0.pt",
    "query": "'SELECT ss_sold_date_sk FROM store_sales_1G.csv WHERE ss_sales_price>=31.62<=116.1'",
    "avg_est": 2341895.25,
    "avg_real": 2451777.752960221,
    "avg_err": 0.04481748104107367,
    "count_est": 1163068.7942663431,
    "count_real": 1153996,
    "count_err": 0.007862067343685001,
    "sum_est": 2723785284715.576,
    "sum_real": 2762599425814.0,
    "sum_err": 0.014049862146404827,
    "query_dur_ms_est": 29.625654220581055,
    "query_dur_ms_real": 103.47795486450195,
    "query_dur_ms_err": 0.7137008142519434,
    "order": [
        1,
        2,
        3,
        0
    ],
    "groupby": false
}