{
    "timestamp": "2022-07-20 23:08:56.279865",
    "dataset": "store_sales_1G.csv",
    "model": "store_sales_1G.csv-25.2MB-model31.979-data21.205-made-resmade-hidden256_256_256_256_256-emb32-directIo-binaryInone_hotOut-inputNoEmbIfLeq-10epochs-seed0.pt",
    "query": "'SELECT ss_quantity FROM store_sales_1G.csv WHERE ss_sold_date_sk>=2451652.0 AND ss_sales_price<=44.95'",
    "avg_est": 49.67879104614258,
    "avg_real": 50.51981741627828,
    "avg_err": 0.016647454665279712,
    "count_est": 1003976.8086954355,
    "count_real": 1011870,
    "count_err": 0.007800598203884368,
    "sum_est": 49876354.0943536,
    "sum_real": 50502186.0,
    "sum_err": 0.012392174581242853,
    "query_dur_ms_est": 29.226303100585938,
    "query_dur_ms_real": 103.47795486450195,
    "query_dur_ms_err": 0.7175601011939597,
    "order": [
        0,
        1,
        2,
        3
    ],
    "groupby": false
}