{
    "timestamp": "2022-07-20 23:10:57.402081",
    "dataset": "store_sales_1G.csv",
    "model": "store_sales_1G.csv-25.2MB-model31.979-data21.205-made-resmade-hidden256_256_256_256_256-emb32-directIo-binaryInone_hotOut-inputNoEmbIfLeq-10epochs-seed0.pt",
    "query": "'SELECT ss_sold_date_sk FROM store_sales_1G.csv WHERE ss_sales_price<=138.74'",
    "avg_est": 2341895.25,
    "avg_real": 2451778.026294422,
    "avg_err": 0.04481758752871154,
    "count_est": 2704753.9821920395,
    "count_real": 2714587,
    "count_err": 0.003622288697308471,
    "sum_est": 6334250503314.122,
    "sum_real": 6498123831106.0,
    "sum_err": 0.025218560318507534,
    "query_dur_ms_est": 29.188156127929688,
    "query_dur_ms_real": 103.47795486450195,
    "query_dur_ms_err": 0.7179287494988688,
    "order": [
        1,
        2,
        3,
        0
    ],
    "groupby": false
}