{
    "timestamp": "2022-07-20 23:09:32.238117",
    "dataset": "store_sales_1G.csv",
    "model": "store_sales_1G.csv-25.2MB-model31.979-data21.205-made-resmade-hidden256_256_256_256_256-emb32-directIo-binaryInone_hotOut-inputNoEmbIfLeq-10epochs-seed0.pt",
    "query": "'SELECT ss_sales_price FROM store_sales_1G.csv WHERE ss_sold_date_sk<=2452198.0 AND ss_quantity>=18.0'",
    "avg_est": 37.280418395996094,
    "avg_real": 37.93152418735281,
    "avg_err": 0.017165294706870907,
    "count_est": 1600370.1100168228,
    "count_real": 1607415,
    "count_err": 0.004382744955831061,
    "sum_est": 59662467.28987345,
    "sum_real": 60236019.04,
    "sum_err": 0.009521740634049513,
    "query_dur_ms_est": 28.306007385253906,
    "query_dur_ms_real": 103.47795486450195,
    "query_dur_ms_err": 0.7264537415498896,
    "order": [
        0,
        1,
        3,
        2
    ],
    "groupby": false
}