{
    "timestamp": "2022-07-20 23:08:50.632439",
    "dataset": "store_sales_1G.csv",
    "model": "store_sales_1G.csv-25.2MB-model31.979-data21.205-made-resmade-hidden256_256_256_256_256-emb32-directIo-binaryInone_hotOut-inputNoEmbIfLeq-10epochs-seed0.pt",
    "query": "'SELECT ss_sales_price FROM store_sales_1G.csv WHERE ss_sold_date_sk>=2451127.0<=2451565.0 AND ss_quantity<=65.0'",
    "avg_est": 37.26191711425781,
    "avg_real": 37.865363843460386,
    "avg_err": 0.015936641509567674,
    "count_est": 461655.97089260817,
    "count_real": 461702,
    "count_err": 9.969440763053714e-05,
    "sum_est": 17202186.522702582,
    "sum_real": 17269975.930000003,
    "sum_err": 0.003925275146426984,
    "query_dur_ms_est": 30.601024627685547,
    "query_dur_ms_real": 103.47795486450195,
    "query_dur_ms_err": 0.7042749379058011,
    "order": [
        0,
        1,
        3,
        2
    ],
    "groupby": false
}