{
    "timestamp": "2022-07-20 23:10:10.867682",
    "dataset": "store_sales_1G.csv",
    "model": "store_sales_1G.csv-25.2MB-model31.979-data21.205-made-resmade-hidden256_256_256_256_256-emb32-directIo-binaryInone_hotOut-inputNoEmbIfLeq-10epochs-seed0.pt",
    "query": "'SELECT ss_sales_price FROM store_sales_1G.csv WHERE ss_sold_date_sk>=2452452.0<=2452522.0 AND ss_quantity>=15.0'",
    "avg_est": 37.07668685913086,
    "avg_real": 37.61287925347113,
    "avg_err": 0.014255553017542144,
    "count_est": 80865.08970954269,
    "count_real": 80709,
    "count_err": 0.0019339814586067441,
    "sum_est": 2998209.6089962395,
    "sum_real": 2998837.2499999995,
    "sum_err": 0.00020929478709124467,
    "query_dur_ms_est": 28.301000595092773,
    "query_dur_ms_real": 103.47795486450195,
    "query_dur_ms_err": 0.726502126639909,
    "order": [
        0,
        1,
        3,
        2
    ],
    "groupby": false
}