{
    "timestamp": "2022-07-20 23:08:00.459946",
    "dataset": "store_sales_1G.csv",
    "model": "store_sales_1G.csv-25.2MB-model31.979-data21.205-made-resmade-hidden256_256_256_256_256-emb32-directIo-binaryInone_hotOut-inputNoEmbIfLeq-10epochs-seed0.pt",
    "query": "'SELECT ss_sales_price FROM store_sales_1G.csv WHERE ss_quantity>=41.0<=74.0'",
    "avg_est": 36.60599899291992,
    "avg_real": 37.88472649144921,
    "avg_err": 0.03375311416905442,
    "count_est": 934127.696377039,
    "count_real": 935271,
    "count_err": 0.0012224303148082687,
    "sum_est": 34194677.51283649,
    "sum_real": 34595915.50000001,
    "sum_err": 0.011597842732721261,
    "query_dur_ms_est": 29.772281646728516,
    "query_dur_ms_real": 103.47795486450195,
    "query_dur_ms_err": 0.7122838223299495,
    "order": [
        0,
        1,
        3,
        2
    ],
    "groupby": false
}