{
    "timestamp": "2022-07-20 23:10:58.456897",
    "dataset": "store_sales_1G.csv",
    "model": "store_sales_1G.csv-25.2MB-model31.979-data21.205-made-resmade-hidden256_256_256_256_256-emb32-directIo-binaryInone_hotOut-inputNoEmbIfLeq-10epochs-seed0.pt",
    "query": "'SELECT ss_quantity FROM store_sales_1G.csv WHERE ss_sold_date_sk=2452257.0 AND ss_sales_price>=76.72<=145.55'",
    "avg_est": 49.675071716308594,
    "avg_real": 51.399484536082475,
    "avg_err": 0.03354922399199048,
    "count_est": 386.8947706519393,
    "count_real": 393,
    "count_err": 0.015534934727889757,
    "sum_est": 19219.025478799853,
    "sum_real": 19943.0,
    "sum_err": 0.03630218729379467,
    "query_dur_ms_est": 30.240774154663086,
    "query_dur_ms_real": 103.47795486450195,
    "query_dur_ms_err": 0.7077563603352857,
    "order": [
        0,
        1,
        2,
        3
    ],
    "groupby": false
}