{
    "timestamp": "2022-07-20 23:09:40.019583",
    "dataset": "store_sales_1G.csv",
    "model": "store_sales_1G.csv-25.2MB-model31.979-data21.205-made-resmade-hidden256_256_256_256_256-emb32-directIo-binaryInone_hotOut-inputNoEmbIfLeq-10epochs-seed0.pt",
    "query": "'SELECT ss_quantity FROM store_sales_1G.csv WHERE ss_sales_price>=135.37'",
    "avg_est": 48.62309265136719,
    "avg_real": 50.72611252648873,
    "avg_err": 0.0414583292583945,
    "count_est": 44407.12220651284,
    "count_real": 43040,
    "count_err": 0.03176399178700833,
    "sum_est": 2159211.617427859,
    "sum_real": 2130446.0,
    "sum_err": 0.013502157495594344,
    "query_dur_ms_est": 32.381296157836914,
    "query_dur_ms_real": 103.47795486450195,
    "query_dur_ms_err": 0.6870705823260786,
    "order": [
        0,
        1,
        2,
        3
    ],
    "groupby": false
}