{
    "timestamp": "2022-07-20 23:11:18.161839",
    "dataset": "store_sales_1G.csv",
    "model": "store_sales_1G.csv-25.2MB-model31.979-data21.205-made-resmade-hidden256_256_256_256_256-emb32-directIo-binaryInone_hotOut-inputNoEmbIfLeq-10epochs-seed0.pt",
    "query": "'SELECT ss_sold_date_sk FROM store_sales_1G.csv WHERE ss_sales_price>=53.67'",
    "avg_est": 2341895.25,
    "avg_real": 2451777.718890696,
    "avg_err": 0.044817467768004694,
    "count_est": 754537.9265393019,
    "count_real": 745051,
    "count_err": 0.012733257910266374,
    "sum_est": 1767048786107.24,
    "sum_real": 1783450082276.0,
    "sum_err": 0.009196386448803228,
    "query_dur_ms_est": 30.001401901245117,
    "query_dur_ms_real": 103.47795486450195,
    "query_dur_ms_err": 0.7100696284485897,
    "order": [
        1,
        2,
        3,
        0
    ],
    "groupby": false
}