{
    "timestamp": "2022-07-20 23:08:40.666429",
    "dataset": "store_sales_1G.csv",
    "model": "store_sales_1G.csv-25.2MB-model31.979-data21.205-made-resmade-hidden256_256_256_256_256-emb32-directIo-binaryInone_hotOut-inputNoEmbIfLeq-10epochs-seed0.pt",
    "query": "'SELECT ss_sold_date_sk FROM store_sales_1G.csv WHERE ss_sales_price<=124.21'",
    "avg_est": 2341895.25,
    "avg_real": 2451778.0473858304,
    "avg_err": 0.04481759574566353,
    "count_est": 2676831.746170044,
    "count_real": 2678142,
    "count_err": 0.0004892398647853828,
    "sum_est": 6268859551404.832,
    "sum_real": 6410833233185.0,
    "sum_err": 0.022145901572553195,
    "query_dur_ms_est": 29.1290283203125,
    "query_dur_ms_real": 103.47795486450195,
    "query_dur_ms_err": 0.7185001543714776,
    "order": [
        1,
        2,
        3,
        0
    ],
    "groupby": false
}