{
    "timestamp": "2022-07-20 23:09:38.963164",
    "dataset": "store_sales_1G.csv",
    "model": "store_sales_1G.csv-25.2MB-model31.979-data21.205-made-resmade-hidden256_256_256_256_256-emb32-directIo-binaryInone_hotOut-inputNoEmbIfLeq-10epochs-seed0.pt",
    "query": "'SELECT ss_sales_price FROM store_sales_1G.csv WHERE ss_sold_date_sk>=2451403.0<=2452384.0 AND ss_quantity>=9.0<=92.0'",
    "avg_est": 37.31210708618164,
    "avg_real": 37.88210848730284,
    "avg_err": 0.015046717933143739,
    "count_est": 1260032.1908450127,
    "count_real": 1261253,
    "count_err": 0.0009679335985621721,
    "sum_est": 47014456.03684518,
    "sum_real": 47202092.11000001,
    "sum_err": 0.003975164336308682,
    "query_dur_ms_est": 29.491662979125977,
    "query_dur_ms_real": 103.47795486450195,
    "query_dur_ms_err": 0.7149956914229364,
    "order": [
        0,
        1,
        3,
        2
    ],
    "groupby": false
}