{
    "timestamp": "2022-07-20 23:08:11.793475",
    "dataset": "store_sales_1G.csv",
    "model": "store_sales_1G.csv-25.2MB-model31.979-data21.205-made-resmade-hidden256_256_256_256_256-emb32-directIo-binaryInone_hotOut-inputNoEmbIfLeq-10epochs-seed0.pt",
    "query": "'SELECT ss_sales_price FROM store_sales_1G.csv WHERE ss_sold_date_sk>=2450847.0<=2451017.0'",
    "avg_est": 37.03068161010742,
    "avg_real": 37.903202962881515,
    "avg_err": 0.023019726159516144,
    "count_est": 148600.2228975594,
    "count_real": 148986,
    "count_err": 0.002589351364830223,
    "sum_est": 5502767.541310517,
    "sum_real": 5516204.739999998,
    "sum_err": 0.0024359499552370216,
    "query_dur_ms_est": 28.751373291015625,
    "query_dur_ms_real": 103.47795486450195,
    "query_dur_ms_err": 0.722149772590077,
    "order": [
        0,
        1,
        3,
        2
    ],
    "groupby": false
}