{
    "timestamp": "2022-07-20 23:08:44.980004",
    "dataset": "store_sales_1G.csv",
    "model": "store_sales_1G.csv-25.2MB-model31.979-data21.205-made-resmade-hidden256_256_256_256_256-emb32-directIo-binaryInone_hotOut-inputNoEmbIfLeq-10epochs-seed0.pt",
    "query": "'SELECT ss_sales_price FROM store_sales_1G.csv WHERE ss_sold_date_sk=2451223.0 AND ss_quantity>=16.0<=30.0'",
    "avg_est": 37.612396240234375,
    "avg_real": 40.199374999999996,
    "avg_err": 0.06435370599084243,
    "count_est": 153.25951253480162,
    "count_real": 145,
    "count_err": 0.056962155412424935,
    "sum_est": 5764.457513044125,
    "sum_real": 5788.709999999999,
    "sum_err": 0.004189618577519654,
    "query_dur_ms_est": 28.234481811523438,
    "query_dur_ms_real": 103.47795486450195,
    "query_dur_ms_err": 0.727144957121594,
    "order": [
        0,
        1,
        3,
        2
    ],
    "groupby": false
}