{
    "timestamp": "2022-07-20 23:10:55.218979",
    "dataset": "store_sales_1G.csv",
    "model": "store_sales_1G.csv-25.2MB-model31.979-data21.205-made-resmade-hidden256_256_256_256_256-emb32-directIo-binaryInone_hotOut-inputNoEmbIfLeq-10epochs-seed0.pt",
    "query": "'SELECT ss_sold_date_sk FROM store_sales_1G.csv WHERE ss_sales_price<=100.21'",
    "avg_est": 2341895.25,
    "avg_real": 2451778.109181295,
    "avg_err": 0.04481761982041171,
    "count_est": 2557103.8022327423,
    "count_real": 2563718,
    "count_err": 0.002579924066241954,
    "sum_est": 5988469248205.799,
    "sum_real": 6136805510837.0,
    "sum_err": 0.024171576298002893,
    "query_dur_ms_est": 29.09231185913086,
    "query_dur_ms_real": 103.47795486450195,
    "query_dur_ms_err": 0.7188549783649526,
    "order": [
        1,
        2,
        3,
        0
    ],
    "groupby": false
}