{
    "timestamp": "2022-07-20 23:09:17.104819",
    "dataset": "store_sales_1G.csv",
    "model": "store_sales_1G.csv-25.2MB-model31.979-data21.205-made-resmade-hidden256_256_256_256_256-emb32-directIo-binaryInone_hotOut-inputNoEmbIfLeq-10epochs-seed0.pt",
    "query": "'SELECT ss_sold_date_sk FROM store_sales_1G.csv WHERE ss_quantity>=15.0<=20.0'",
    "avg_est": 2341895.25,
    "avg_real": 2451778.6482964135,
    "avg_err": 0.04481782985293739,
    "count_est": 162228.27112153172,
    "count_real": 165666,
    "count_err": 0.020750962046939474,
    "sum_est": 379921617555.2273,
    "sum_real": 396567841026.0,
    "sum_err": 0.041975727098056186,
    "query_dur_ms_est": 28.363704681396484,
    "query_dur_ms_real": 103.47795486450195,
    "query_dur_ms_err": 0.7258961609887148,
    "order": [
        1,
        2,
        3,
        0
    ],
    "groupby": false
}