{
    "timestamp": "2022-07-20 23:10:08.825224",
    "dataset": "store_sales_1G.csv",
    "model": "store_sales_1G.csv-25.2MB-model31.979-data21.205-made-resmade-hidden256_256_256_256_256-emb32-directIo-binaryInone_hotOut-inputNoEmbIfLeq-10epochs-seed0.pt",
    "query": "'SELECT ss_quantity FROM store_sales_1G.csv WHERE ss_sold_date_sk>=2452222.0'",
    "avg_est": 49.19886779785156,
    "avg_real": 50.45220975046316,
    "avg_err": 0.024842161697389148,
    "count_est": 716795.4969705939,
    "count_real": 716510,
    "count_err": 0.0003984549700547505,
    "sum_est": 35265526.89355156,
    "sum_real": 35293137.0,
    "sum_err": 0.0007823080858026801,
    "query_dur_ms_est": 28.251171112060547,
    "query_dur_ms_real": 103.47795486450195,
    "query_dur_ms_err": 0.7269836734881964,
    "order": [
        0,
        1,
        2,
        3
    ],
    "groupby": false
}