{
    "timestamp": "2022-07-20 23:08:14.135397",
    "dataset": "store_sales_1G.csv",
    "model": "store_sales_1G.csv-25.2MB-model31.979-data21.205-made-resmade-hidden256_256_256_256_256-emb32-directIo-binaryInone_hotOut-inputNoEmbIfLeq-10epochs-seed0.pt",
    "query": "'SELECT ss_sold_date_sk FROM store_sales_1G.csv WHERE ss_quantity>=83.0'",
    "avg_est": 2341895.25,
    "avg_real": 2451777.977746569,
    "avg_err": 0.04481756861506782,
    "count_est": 498128.40021282434,
    "count_real": 495989,
    "count_err": 0.0043134025408312375,
    "sum_est": 1166564534348.5122,
    "sum_real": 1187138637935.0,
    "sum_err": 0.01733083477282482,
    "query_dur_ms_est": 28.614044189453125,
    "query_dur_ms_real": 103.47795486450195,
    "query_dur_ms_err": 0.7234769064877493,
    "order": [
        1,
        2,
        3,
        0
    ],
    "groupby": false
}