{
    "timestamp": "2022-07-20 23:09:47.664797",
    "dataset": "store_sales_1G.csv",
    "model": "store_sales_1G.csv-25.2MB-model31.979-data21.205-made-resmade-hidden256_256_256_256_256-emb32-directIo-binaryInone_hotOut-inputNoEmbIfLeq-10epochs-seed0.pt",
    "query": "'SELECT ss_sold_date_sk FROM store_sales_1G.csv WHERE ss_quantity>=37.0<=99.0'",
    "avg_est": 2341895.25,
    "avg_real": 2451777.9951118114,
    "avg_err": 0.04481757538035181,
    "count_est": 1735603.1392819881,
    "count_real": 1733577,
    "count_err": 0.0011687622078443264,
    "sum_est": 4064600747769.5767,
    "sum_real": 4149504312493.0,
    "sum_err": 0.020461134229407207,
    "query_dur_ms_est": 28.739213943481445,
    "query_dur_ms_real": 103.47795486450195,
    "query_dur_ms_err": 0.7222672792372666,
    "order": [
        1,
        2,
        3,
        0
    ],
    "groupby": false
}