{
    "timestamp": "2022-07-20 23:11:25.636874",
    "dataset": "store_sales_1G.csv",
    "model": "store_sales_1G.csv-25.2MB-model31.979-data21.205-made-resmade-hidden256_256_256_256_256-emb32-directIo-binaryInone_hotOut-inputNoEmbIfLeq-10epochs-seed0.pt",
    "query": "'SELECT ss_quantity FROM store_sales_1G.csv WHERE ss_sold_date_sk>=2451988.0<=2452314.0 AND ss_sales_price>=169.39'",
    "avg_est": 49.74700927734375,
    "avg_real": 51.082901554404145,
    "avg_err": 0.0261514564836856,
    "count_est": 762.578430648311,
    "count_real": 777,
    "count_err": 0.018560578316202007,
    "sum_est": 37935.99626416377,
    "sum_real": 39436.0,
    "sum_err": 0.03803640673081021,
    "query_dur_ms_est": 31.732559204101562,
    "query_dur_ms_real": 103.47795486450195,
    "query_dur_ms_err": 0.6933399075614376,
    "order": [
        0,
        1,
        2,
        3
    ],
    "groupby": false
}