{
    "timestamp": "2022-07-20 23:08:57.389914",
    "dataset": "store_sales_1G.csv",
    "model": "store_sales_1G.csv-25.2MB-model31.979-data21.205-made-resmade-hidden256_256_256_256_256-emb32-directIo-binaryInone_hotOut-inputNoEmbIfLeq-10epochs-seed0.pt",
    "query": "'SELECT ss_sales_price FROM store_sales_1G.csv WHERE ss_sold_date_sk>=2451211.0<=2451607.0 AND ss_quantity>=98.0'",
    "avg_est": 37.2139892578125,
    "avg_real": 38.31153378297002,
    "avg_err": 0.028647887901720858,
    "count_est": 16925.349248917773,
    "count_real": 16831,
    "count_err": 0.0056056829016560734,
    "sum_est": 629859.7651339509,
    "sum_real": 636201.3300000001,
    "sum_err": 0.009967858548879825,
    "query_dur_ms_est": 28.79166603088379,
    "query_dur_ms_real": 103.47795486450195,
    "query_dur_ms_err": 0.7217603878180168,
    "order": [
        0,
        1,
        3,
        2
    ],
    "groupby": false
}