{
    "timestamp": "2022-07-20 23:10:27.922929",
    "dataset": "store_sales_1G.csv",
    "model": "store_sales_1G.csv-25.2MB-model31.979-data21.205-made-resmade-hidden256_256_256_256_256-emb32-directIo-binaryInone_hotOut-inputNoEmbIfLeq-10epochs-seed0.pt",
    "query": "'SELECT ss_quantity FROM store_sales_1G.csv WHERE ss_sold_date_sk>=2451709.0 AND ss_sales_price>=72.19<=98.83'",
    "avg_est": 49.634521484375,
    "avg_real": 50.424442567321556,
    "avg_err": 0.015665440066926554,
    "count_est": 140995.84478321671,
    "count_real": 139029,
    "count_err": 0.014147010934529594,
    "sum_est": 6998261.287100173,
    "sum_real": 6924587.0,
    "sum_err": 0.010639520754114664,
    "query_dur_ms_est": 32.33838081359863,
    "query_dur_ms_real": 103.47795486450195,
    "query_dur_ms_err": 0.6874853116691013,
    "order": [
        0,
        1,
        2,
        3
    ],
    "groupby": false
}