{
    "timestamp": "2022-07-20 23:11:26.699604",
    "dataset": "store_sales_1G.csv",
    "model": "store_sales_1G.csv-25.2MB-model31.979-data21.205-made-resmade-hidden256_256_256_256_256-emb32-directIo-binaryInone_hotOut-inputNoEmbIfLeq-10epochs-seed0.pt",
    "query": "'SELECT ss_sold_date_sk FROM store_sales_1G.csv WHERE ss_quantity>=71.0<=89.0'",
    "avg_est": 2341895.25,
    "avg_real": 2451778.170978875,
    "avg_err": 0.04481764389598266,
    "count_est": 521559.4734377861,
    "count_real": 522137,
    "count_err": 0.0011060824308828864,
    "sum_est": 1221437653436.4524,
    "sum_real": 1249614942850.0,
    "sum_err": 0.022548777585264457,
    "query_dur_ms_est": 28.235912322998047,
    "query_dur_ms_real": 103.47795486450195,
    "query_dur_ms_err": 0.72713113281016,
    "order": [
        1,
        2,
        3,
        0
    ],
    "groupby": false
}