{
    "timestamp": "2022-07-20 23:09:12.669360",
    "dataset": "store_sales_1G.csv",
    "model": "store_sales_1G.csv-25.2MB-model31.979-data21.205-made-resmade-hidden256_256_256_256_256-emb32-directIo-binaryInone_hotOut-inputNoEmbIfLeq-10epochs-seed0.pt",
    "query": "'SELECT ss_sold_date_sk FROM store_sales_1G.csv WHERE ss_sales_price>=31.68<=148.75 AND ss_quantity<=7.0'",
    "avg_est": 2341895.25,
    "avg_real": 2451775.405141481,
    "avg_err": 0.04481656635883436,
    "count_est": 85535.98571961373,
    "count_real": 84100,
    "count_err": 0.01707474101799918,
    "sum_est": 200316318660.83124,
    "sum_real": 203619947397.0,
    "sum_err": 0.0162244847737223,
    "query_dur_ms_est": 29.799699783325195,
    "query_dur_ms_real": 103.47795486450195,
    "query_dur_ms_err": 0.7120188563607961,
    "order": [
        1,
        2,
        3,
        0
    ],
    "groupby": false
}