{
    "timestamp": "2022-07-20 23:11:11.445621",
    "dataset": "store_sales_1G.csv",
    "model": "store_sales_1G.csv-25.2MB-model31.979-data21.205-made-resmade-hidden256_256_256_256_256-emb32-directIo-binaryInone_hotOut-inputNoEmbIfLeq-10epochs-seed0.pt",
    "query": "'SELECT ss_quantity FROM store_sales_1G.csv WHERE ss_sold_date_sk>=2452589.0 AND ss_sales_price<=91.7'",
    "avg_est": 49.63494873046875,
    "avg_real": 50.32851661246405,
    "avg_err": 0.013780813119048595,
    "count_est": 145255.29659503698,
    "count_real": 145284,
    "count_err": 0.00019756755708141648,
    "sum_est": 7209739.199323692,
    "sum_real": 7227024.0,
    "sum_err": 0.0023916899509822632,
    "query_dur_ms_est": 31.229019165039062,
    "query_dur_ms_real": 103.47795486450195,
    "query_dur_ms_err": 0.6982060651862365,
    "order": [
        0,
        1,
        2,
        3
    ],
    "groupby": false
}