{
    "timestamp": "2022-07-20 23:10:03.440520",
    "dataset": "store_sales_1G.csv",
    "model": "store_sales_1G.csv-25.2MB-model31.979-data21.205-made-resmade-hidden256_256_256_256_256-emb32-directIo-binaryInone_hotOut-inputNoEmbIfLeq-10epochs-seed0.pt",
    "query": "'SELECT ss_quantity FROM store_sales_1G.csv WHERE ss_sold_date_sk>=2451415.0'",
    "avg_est": 49.22072982788086,
    "avg_real": 50.5150760089481,
    "avg_err": 0.02562296809843389,
    "count_est": 1972322.7043392658,
    "count_real": 1970480,
    "count_err": 0.0009351550582933211,
    "sum_est": 97079162.96367835,
    "sum_real": 97190198.0,
    "sum_err": 0.0011424509735195201,
    "query_dur_ms_est": 28.403043746948242,
    "query_dur_ms_real": 103.47795486450195,
    "query_dur_ms_err": 0.7255159924242773,
    "order": [
        0,
        1,
        2,
        3
    ],
    "groupby": false
}