{
    "timestamp": "2022-07-20 23:09:27.750815",
    "dataset": "store_sales_1G.csv",
    "model": "store_sales_1G.csv-25.2MB-model31.979-data21.205-made-resmade-hidden256_256_256_256_256-emb32-directIo-binaryInone_hotOut-inputNoEmbIfLeq-10epochs-seed0.pt",
    "query": "'SELECT ss_sales_price FROM store_sales_1G.csv WHERE ss_sold_date_sk>=2451417.0<=2451776.0'",
    "avg_est": 37.26426696777344,
    "avg_real": 37.92757083107959,
    "avg_err": 0.01748869882177144,
    "count_est": 538112.6555606723,
    "count_real": 537640,
    "count_err": 0.0008791301998963678,
    "sum_est": 20052373.655550405,
    "sum_real": 19913946.92,
    "sum_err": 0.00695124558212911,
    "query_dur_ms_est": 28.270721435546875,
    "query_dur_ms_real": 103.47795486450195,
    "query_dur_ms_err": 0.7267947412319304,
    "order": [
        0,
        1,
        3,
        2
    ],
    "groupby": false
}