{
    "timestamp": "2022-07-20 23:09:34.478329",
    "dataset": "store_sales_1G.csv",
    "model": "store_sales_1G.csv-25.2MB-model31.979-data21.205-made-resmade-hidden256_256_256_256_256-emb32-directIo-binaryInone_hotOut-inputNoEmbIfLeq-10epochs-seed0.pt",
    "query": "'SELECT ss_sales_price FROM store_sales_1G.csv WHERE ss_quantity>=58.0'",
    "avg_est": 36.340755462646484,
    "avg_real": 37.9027930837481,
    "avg_err": 0.041211675816349914,
    "count_est": 1184728.9749213457,
    "count_real": 1183220,
    "count_err": 0.0012753122169551824,
    "sum_est": 43053945.96712846,
    "sum_real": 43787201.70999999,
    "sum_err": 0.016745891818523574,
    "query_dur_ms_est": 30.541419982910156,
    "query_dur_ms_real": 103.47795486450195,
    "query_dur_ms_err": 0.7048509508822215,
    "order": [
        0,
        1,
        3,
        2
    ],
    "groupby": false
}