{
    "timestamp": "2022-07-20 23:10:40.991086",
    "dataset": "store_sales_1G.csv",
    "model": "store_sales_1G.csv-25.2MB-model31.979-data21.205-made-resmade-hidden256_256_256_256_256-emb32-directIo-binaryInone_hotOut-inputNoEmbIfLeq-10epochs-seed0.pt",
    "query": "'SELECT ss_sold_date_sk FROM store_sales_1G.csv WHERE ss_sales_price>=43.73<=94.01 AND ss_quantity>=88.0'",
    "avg_est": 2341895.25,
    "avg_real": 2451776.901755552,
    "avg_err": 0.04481714942206731,
    "count_est": 93248.87440809608,
    "count_real": 91371,
    "count_err": 0.02055219279745297,
    "sum_est": 218379096044.16675,
    "sum_real": 221358677575.0,
    "sum_err": 0.013460423433473577,
    "query_dur_ms_est": 29.649019241333008,
    "query_dur_ms_real": 103.47795486450195,
    "query_dur_ms_err": 0.7134750171651867,
    "order": [
        1,
        2,
        3,
        0
    ],
    "groupby": false
}