{
    "timestamp": "2022-07-20 23:09:28.799461",
    "dataset": "store_sales_1G.csv",
    "model": "store_sales_1G.csv-25.2MB-model31.979-data21.205-made-resmade-hidden256_256_256_256_256-emb32-directIo-binaryInone_hotOut-inputNoEmbIfLeq-10epochs-seed0.pt",
    "query": "'SELECT ss_sold_date_sk FROM store_sales_1G.csv WHERE ss_sales_price>=84.92 AND ss_quantity<=54.0'",
    "avg_est": 2341895.25,
    "avg_real": 2451777.902800101,
    "avg_err": 0.04481753941684817,
    "count_est": 167903.29098889232,
    "count_real": 164400,
    "count_err": 0.021309555893505576,
    "sum_est": 393211919626.2547,
    "sum_real": 398136858302.0,
    "sum_err": 0.01236996417952736,
    "query_dur_ms_est": 30.633926391601562,
    "query_dur_ms_real": 103.47795486450195,
    "query_dur_ms_err": 0.7039569787428172,
    "order": [
        1,
        2,
        3,
        0
    ],
    "groupby": false
}