{
    "timestamp": "2022-07-20 23:10:12.964087",
    "dataset": "store_sales_1G.csv",
    "model": "store_sales_1G.csv-25.2MB-model31.979-data21.205-made-resmade-hidden256_256_256_256_256-emb32-directIo-binaryInone_hotOut-inputNoEmbIfLeq-10epochs-seed0.pt",
    "query": "'SELECT ss_sales_price FROM store_sales_1G.csv WHERE ss_sold_date_sk>=2451891.0 AND ss_quantity>=13.0'",
    "avg_est": 37.311920166015625,
    "avg_real": 37.83903880714478,
    "avg_err": 0.013930550504090127,
    "count_est": 996176.7950025797,
    "count_real": 997987,
    "count_err": 0.0018138562901323474,
    "sum_est": 37169269.04637357,
    "sum_real": 37309443.61999998,
    "sum_err": 0.003757080246333998,
    "query_dur_ms_est": 28.46527099609375,
    "query_dur_ms_real": 103.47795486450195,
    "query_dur_ms_err": 0.7249146348768946,
    "order": [
        0,
        1,
        3,
        2
    ],
    "groupby": false
}