{
    "timestamp": "2022-07-20 23:11:00.580620",
    "dataset": "store_sales_1G.csv",
    "model": "store_sales_1G.csv-25.2MB-model31.979-data21.205-made-resmade-hidden256_256_256_256_256-emb32-directIo-binaryInone_hotOut-inputNoEmbIfLeq-10epochs-seed0.pt",
    "query": "'SELECT ss_quantity FROM store_sales_1G.csv WHERE ss_sales_price>=55.75'",
    "avg_est": 49.06752014160156,
    "avg_real": 50.542691449254164,
    "avg_err": 0.02918663936078082,
    "count_est": 722867.8828287125,
    "count_real": 707278,
    "count_err": 0.02204208646205942,
    "sum_est": 35469334.40041473,
    "sum_real": 34896241.0,
    "sum_err": 0.016422783199334497,
    "query_dur_ms_est": 30.13467788696289,
    "query_dur_ms_real": 103.47795486450195,
    "query_dur_ms_err": 0.7087816634333138,
    "order": [
        0,
        1,
        2,
        3
    ],
    "groupby": false
}