{
    "timestamp": "2022-07-20 23:09:09.242491",
    "dataset": "store_sales_1G.csv",
    "model": "store_sales_1G.csv-25.2MB-model31.979-data21.205-made-resmade-hidden256_256_256_256_256-emb32-directIo-binaryInone_hotOut-inputNoEmbIfLeq-10epochs-seed0.pt",
    "query": "'SELECT ss_sold_date_sk FROM store_sales_1G.csv WHERE ss_sales_price>=115.27<=162.83 AND ss_quantity=46.0'",
    "avg_est": 2341895.25,
    "avg_real": 2451788.359828142,
    "avg_err": 0.04482161332874789,
    "count_est": 948.4613027536543,
    "count_real": 942,
    "count_err": 0.006859132434877185,
    "sum_est": 2221197019.727595,
    "sum_real": 2282614963.0,
    "sum_err": 0.026906834603276517,
    "query_dur_ms_est": 30.985593795776367,
    "query_dur_ms_real": 103.47795486450195,
    "query_dur_ms_err": 0.7005585021819372,
    "order": [
        1,
        2,
        3,
        0
    ],
    "groupby": false
}