{
    "timestamp": "2022-07-20 23:10:05.650304",
    "dataset": "store_sales_1G.csv",
    "model": "store_sales_1G.csv-25.2MB-model31.979-data21.205-made-resmade-hidden256_256_256_256_256-emb32-directIo-binaryInone_hotOut-inputNoEmbIfLeq-10epochs-seed0.pt",
    "query": "'SELECT ss_quantity FROM store_sales_1G.csv WHERE ss_sales_price>=40.17<=40.17'",
    "avg_est": 48.77705764770508,
    "avg_real": 51.13565891472868,
    "avg_err": 0.04612439376124378,
    "count_est": 270.2552086694632,
    "count_real": 262,
    "count_err": 0.03150843003611898,
    "sum_est": 13182.253892862971,
    "sum_real": 13193.0,
    "sum_err": 0.000814530973776166,
    "query_dur_ms_est": 29.030799865722656,
    "query_dur_ms_real": 103.47795486450195,
    "query_dur_ms_err": 0.7194494237566184,
    "order": [
        0,
        1,
        2,
        3
    ],
    "groupby": false
}