{
    "timestamp": "2022-07-20 23:08:46.008876",
    "dataset": "store_sales_1G.csv",
    "model": "store_sales_1G.csv-25.2MB-model31.979-data21.205-made-resmade-hidden256_256_256_256_256-emb32-directIo-binaryInone_hotOut-inputNoEmbIfLeq-10epochs-seed0.pt",
    "query": "'SELECT ss_sales_price FROM store_sales_1G.csv WHERE ss_sold_date_sk=2451946.0 AND ss_quantity<=24.0'",
    "avg_est": 35.86141586303711,
    "avg_real": 35.72955555555555,
    "avg_err": 0.0036905107111262973,
    "count_est": 214.92724377280683,
    "count_real": 182,
    "count_err": 0.18091892182860897,
    "sum_est": 7707.595269232978,
    "sum_real": 6431.319999999999,
    "sum_err": 0.19844686148924012,
    "query_dur_ms_est": 28.255224227905273,
    "query_dur_ms_real": 103.47795486450195,
    "query_dur_ms_err": 0.7269445046057997,
    "order": [
        0,
        1,
        3,
        2
    ],
    "groupby": false
}