{
    "timestamp": "2022-07-20 23:07:50.450513",
    "dataset": "store_sales_1G.csv",
    "model": "store_sales_1G.csv-25.2MB-model31.979-data21.205-made-resmade-hidden256_256_256_256_256-emb32-directIo-binaryInone_hotOut-inputNoEmbIfLeq-10epochs-seed0.pt",
    "query": "'SELECT ss_sales_price FROM store_sales_1G.csv WHERE ss_quantity=77.0'",
    "avg_est": 36.58964538574219,
    "avg_real": 38.102400148892606,
    "avg_err": 0.039702348336037425,
    "count_est": 29681.690048366785,
    "count_real": 27541,
    "count_err": 0.07772739001368088,
    "sum_est": 1086042.5133192535,
    "sum_real": 1023620.9799999999,
    "sum_err": 0.0609810999763346,
    "query_dur_ms_est": 30.248403549194336,
    "query_dur_ms_real": 103.47795486450195,
    "query_dur_ms_err": 0.7076826306743038,
    "order": [
        0,
        1,
        3,
        2
    ],
    "groupby": false
}