{
    "timestamp": "2022-07-20 23:08:16.465226",
    "dataset": "store_sales_1G.csv",
    "model": "store_sales_1G.csv-25.2MB-model31.979-data21.205-made-resmade-hidden256_256_256_256_256-emb32-directIo-binaryInone_hotOut-inputNoEmbIfLeq-10epochs-seed0.pt",
    "query": "'SELECT ss_quantity FROM store_sales_1G.csv WHERE ss_sales_price>=136.44'",
    "avg_est": 48.956321716308594,
    "avg_real": 50.74164670281175,
    "avg_err": 0.035184608748699234,
    "count_est": 41948.67230171338,
    "count_real": 40645,
    "count_err": 0.032074604544553506,
    "sum_est": 2053652.6967746834,
    "sum_real": 2012160.0,
    "sum_err": 0.02062097287227826,
    "query_dur_ms_est": 31.626224517822266,
    "query_dur_ms_real": 103.47795486450195,
    "query_dur_ms_err": 0.6943675147113714,
    "order": [
        0,
        1,
        2,
        3
    ],
    "groupby": false
}