{
    "timestamp": "2022-07-20 23:09:33.391561",
    "dataset": "store_sales_1G.csv",
    "model": "store_sales_1G.csv-25.2MB-model31.979-data21.205-made-resmade-hidden256_256_256_256_256-emb32-directIo-binaryInone_hotOut-inputNoEmbIfLeq-10epochs-seed0.pt",
    "query": "'SELECT ss_sold_date_sk FROM store_sales_1G.csv WHERE ss_quantity<=96.0'",
    "avg_est": 2341895.25,
    "avg_real": 2451778.0251358654,
    "avg_err": 0.04481758707735227,
    "count_est": 2654126.687822342,
    "count_real": 2639976,
    "count_err": 0.005360157752321203,
    "sum_est": 6215686683109.375,
    "sum_real": 6319585352245.0,
    "sum_err": 0.016440741495597575,
    "query_dur_ms_est": 28.269290924072266,
    "query_dur_ms_real": 103.47795486450195,
    "query_dur_ms_err": 0.7268085655433646,
    "order": [
        1,
        2,
        3,
        0
    ],
    "groupby": false
}