{
    "timestamp": "2022-07-20 23:08:42.890266",
    "dataset": "store_sales_1G.csv",
    "model": "store_sales_1G.csv-25.2MB-model31.979-data21.205-made-resmade-hidden256_256_256_256_256-emb32-directIo-binaryInone_hotOut-inputNoEmbIfLeq-10epochs-seed0.pt",
    "query": "'SELECT ss_quantity FROM store_sales_1G.csv WHERE ss_sold_date_sk>=2451419.0<=2452372.0 AND ss_sales_price>=116.21'",
    "avg_est": 49.766212463378906,
    "avg_real": 50.447299521244766,
    "avg_err": 0.013500961683370874,
    "count_est": 56498.56681018323,
    "count_real": 54119,
    "count_err": 0.04396915704619869,
    "sum_est": 2811719.679751986,
    "sum_real": 2697518.0,
    "sum_err": 0.04233583603593606,
    "query_dur_ms_est": 31.003713607788086,
    "query_dur_ms_real": 103.47795486450195,
    "query_dur_ms_err": 0.7003833942371054,
    "order": [
        0,
        1,
        2,
        3
    ],
    "groupby": false
}