{
    "timestamp": "2022-07-20 23:09:45.358911",
    "dataset": "store_sales_1G.csv",
    "model": "store_sales_1G.csv-25.2MB-model31.979-data21.205-made-resmade-hidden256_256_256_256_256-emb32-directIo-binaryInone_hotOut-inputNoEmbIfLeq-10epochs-seed0.pt",
    "query": "'SELECT ss_sales_price FROM store_sales_1G.csv WHERE ss_quantity=64.0'",
    "avg_est": 36.65232849121094,
    "avg_real": 37.72831734127421,
    "avg_err": 0.028519396726080858,
    "count_est": 28373.135684385896,
    "count_real": 27899,
    "count_err": 0.016994719681203474,
    "sum_est": 1039941.4894298109,
    "sum_real": 1026247.96,
    "sum_err": 0.013343295152382995,
    "query_dur_ms_est": 28.511762619018555,
    "query_dur_ms_real": 103.47795486450195,
    "query_dur_ms_err": 0.7244653447552867,
    "order": [
        0,
        1,
        3,
        2
    ],
    "groupby": false
}