{
    "timestamp": "2022-07-20 23:08:29.646877",
    "dataset": "store_sales_1G.csv",
    "model": "store_sales_1G.csv-25.2MB-model31.979-data21.205-made-resmade-hidden256_256_256_256_256-emb32-directIo-binaryInone_hotOut-inputNoEmbIfLeq-10epochs-seed0.pt",
    "query": "'SELECT ss_sold_date_sk FROM store_sales_1G.csv WHERE ss_sales_price=191.36'",
    "avg_est": 2341895.25,
    "avg_real": 2451461.0,
    "avg_err": 0.04469406203076451,
    "count_est": 0.15355155370939144,
    "count_real": 1,
    "count_err": 0.8464484462906086,
    "sum_est": 359601.6542621437,
    "sum_real": 2451461.0,
    "sum_err": 0.8533112889570164,
    "query_dur_ms_est": 31.77022933959961,
    "query_dur_ms_real": 103.47795486450195,
    "query_dur_ms_err": 0.6929758673603399,
    "order": [
        1,
        2,
        3,
        0
    ],
    "groupby": false
}