{
    "timestamp": "2022-07-20 23:09:31.063743",
    "dataset": "store_sales_1G.csv",
    "model": "store_sales_1G.csv-25.2MB-model31.979-data21.205-made-resmade-hidden256_256_256_256_256-emb32-directIo-binaryInone_hotOut-inputNoEmbIfLeq-10epochs-seed0.pt",
    "query": "'SELECT ss_sales_price FROM store_sales_1G.csv WHERE ss_sold_date_sk>=2451368.0'",
    "avg_est": 37.195648193359375,
    "avg_real": 37.8845794747195,
    "avg_err": 0.018185005374544344,
    "count_est": 2033620.9366176128,
    "count_real": 2031927,
    "count_err": 0.0008336601746090479,
    "sum_est": 75641848.9170787,
    "sum_real": 75170468.94000001,
    "sum_err": 0.0062708133090793915,
    "query_dur_ms_est": 28.302907943725586,
    "query_dur_ms_real": 103.47795486450195,
    "query_dur_ms_err": 0.7264836942246635,
    "order": [
        0,
        1,
        3,
        2
    ],
    "groupby": false
}