{
    "timestamp": "2022-07-20 23:10:25.802721",
    "dataset": "store_sales_1G.csv",
    "model": "store_sales_1G.csv-25.2MB-model31.979-data21.205-made-resmade-hidden256_256_256_256_256-emb32-directIo-binaryInone_hotOut-inputNoEmbIfLeq-10epochs-seed0.pt",
    "query": "'SELECT ss_quantity FROM store_sales_1G.csv WHERE ss_sold_date_sk>=2451247.0<=2451643.0 AND ss_sales_price<=97.42'",
    "avg_est": 49.58641052246094,
    "avg_real": 50.496386335703235,
    "avg_err": 0.018020612548246915,
    "count_est": 515094.8292312622,
    "count_real": 516527,
    "count_err": 0.0027726929448756658,
    "sum_est": 25541703.66025828,
    "sum_real": 25760580.0,
    "sum_err": 0.008496561014609211,
    "query_dur_ms_est": 31.483173370361328,
    "query_dur_ms_real": 103.47795486450195,
    "query_dur_ms_err": 0.6957499458547802,
    "order": [
        0,
        1,
        2,
        3
    ],
    "groupby": false
}