{
    "timestamp": "2022-07-20 23:08:02.783836",
    "dataset": "store_sales_1G.csv",
    "model": "store_sales_1G.csv-25.2MB-model31.979-data21.205-made-resmade-hidden256_256_256_256_256-emb32-directIo-binaryInone_hotOut-inputNoEmbIfLeq-10epochs-seed0.pt",
    "query": "'SELECT ss_quantity FROM store_sales_1G.csv WHERE ss_sold_date_sk>=2451870.0 AND ss_sales_price<=156.2'",
    "avg_est": 49.65991973876953,
    "avg_real": 50.503103101229584,
    "avg_err": 0.016695674338465038,
    "count_est": 1185335.8830126524,
    "count_real": 1189813,
    "count_err": 0.0037628744914937075,
    "sum_est": 58863684.81389183,
    "sum_real": 59363216.0,
    "sum_err": 0.008414826887211973,
    "query_dur_ms_est": 31.801223754882812,
    "query_dur_ms_real": 103.47795486450195,
    "query_dur_ms_err": 0.6926763406126013,
    "order": [
        0,
        1,
        2,
        3
    ],
    "groupby": false
}