{
    "timestamp": "2022-07-20 23:10:33.585194",
    "dataset": "store_sales_1G.csv",
    "model": "store_sales_1G.csv-25.2MB-model31.979-data21.205-made-resmade-hidden256_256_256_256_256-emb32-directIo-binaryInone_hotOut-inputNoEmbIfLeq-10epochs-seed0.pt",
    "query": "'SELECT ss_sales_price FROM store_sales_1G.csv WHERE ss_quantity<=88.0'",
    "avg_est": 36.530357360839844,
    "avg_real": 37.88951697256701,
    "avg_err": 0.035871653172861284,
    "count_est": 2415288.524222851,
    "count_real": 2419481,
    "count_err": 0.0017327996281637263,
    "sum_est": 88231352.91939622,
    "sum_real": 89509096.1000001,
    "sum_err": 0.014275009314990449,
    "query_dur_ms_est": 28.67913246154785,
    "query_dur_ms_real": 103.47795486450195,
    "query_dur_ms_err": 0.7228479003174983,
    "order": [
        0,
        1,
        3,
        2
    ],
    "groupby": false
}