{
    "timestamp": "2022-07-20 23:10:35.695488",
    "dataset": "store_sales_1G.csv",
    "model": "store_sales_1G.csv-25.2MB-model31.979-data21.205-made-resmade-hidden256_256_256_256_256-emb32-directIo-binaryInone_hotOut-inputNoEmbIfLeq-10epochs-seed0.pt",
    "query": "'SELECT ss_sold_date_sk FROM store_sales_1G.csv WHERE ss_sales_price<=15.36 AND ss_quantity>=19.0<=99.0'",
    "avg_est": 2341895.25,
    "avg_real": 2451777.8346192874,
    "avg_err": 0.04481751285444262,
    "count_est": 727784.7826383114,
    "count_real": 737210,
    "count_err": 0.012784983060035287,
    "sum_est": 1704395725482.9438,
    "sum_real": 1785514563395.0,
    "sum_err": 0.04543163050869536,
    "query_dur_ms_est": 28.534412384033203,
    "query_dur_ms_real": 103.47795486450195,
    "query_dur_ms_err": 0.724246459824247,
    "order": [
        1,
        2,
        3,
        0
    ],
    "groupby": false
}