{
    "timestamp": "2022-07-20 23:09:02.763483",
    "dataset": "store_sales_1G.csv",
    "model": "store_sales_1G.csv-25.2MB-model31.979-data21.205-made-resmade-hidden256_256_256_256_256-emb32-directIo-binaryInone_hotOut-inputNoEmbIfLeq-10epochs-seed0.pt",
    "query": "'SELECT ss_quantity FROM store_sales_1G.csv WHERE ss_sales_price>=68.77'",
    "avg_est": 48.724666595458984,
    "avg_real": 50.573221441146316,
    "avg_err": 0.03655204855475846,
    "count_est": 509271.04391521215,
    "count_real": 501577,
    "count_err": 0.015339706396449906,
    "sum_est": 24814061.821490064,
    "sum_real": 24762571.0,
    "sum_err": 0.002079381074366804,
    "query_dur_ms_est": 30.649662017822266,
    "query_dur_ms_real": 103.47795486450195,
    "query_dur_ms_err": 0.7038049113170421,
    "order": [
        0,
        1,
        2,
        3
    ],
    "groupby": false
}