{
    "timestamp": "2022-07-20 23:08:59.580873",
    "dataset": "store_sales_1G.csv",
    "model": "store_sales_1G.csv-25.2MB-model31.979-data21.205-made-resmade-hidden256_256_256_256_256-emb32-directIo-binaryInone_hotOut-inputNoEmbIfLeq-10epochs-seed0.pt",
    "query": "'SELECT ss_sales_price FROM store_sales_1G.csv WHERE ss_sold_date_sk<=2451931.0'",
    "avg_est": 37.164283752441406,
    "avg_real": 37.91496703767175,
    "avg_err": 0.019799127993029162,
    "count_est": 1670105.8240907192,
    "count_real": 1669534,
    "count_err": 0.00034250520847088053,
    "sum_est": 62068286.74311248,
    "sum_real": 61814514.849999994,
    "sum_err": 0.0041053770902884975,
    "query_dur_ms_est": 28.685331344604492,
    "query_dur_ms_real": 103.47795486450195,
    "query_dur_ms_err": 0.7227879949679507,
    "order": [
        0,
        1,
        3,
        2
    ],
    "groupby": false
}