{
    "timestamp": "2022-07-20 23:10:54.107910",
    "dataset": "store_sales_1G.csv",
    "model": "store_sales_1G.csv-25.2MB-model31.979-data21.205-made-resmade-hidden256_256_256_256_256-emb32-directIo-binaryInone_hotOut-inputNoEmbIfLeq-10epochs-seed0.pt",
    "query": "'SELECT ss_sales_price FROM store_sales_1G.csv WHERE ss_sold_date_sk<=2452606.0'",
    "avg_est": 37.29219436645508,
    "avg_real": 37.895294365803444,
    "avg_err": 0.015914904724756564,
    "count_est": 2642189.397981167,
    "count_real": 2641103,
    "count_err": 0.00041134252665149355,
    "sum_est": 98533040.5825006,
    "sum_real": 97732684.18000004,
    "sum_err": 0.00818923995811377,
    "query_dur_ms_est": 28.210878372192383,
    "query_dur_ms_real": 103.47795486450195,
    "query_dur_ms_err": 0.7273730582602564,
    "order": [
        0,
        1,
        3,
        2
    ],
    "groupby": false
}