{
    "timestamp": "2022-07-20 23:11:27.751526",
    "dataset": "store_sales_1G.csv",
    "model": "store_sales_1G.csv-25.2MB-model31.979-data21.205-made-resmade-hidden256_256_256_256_256-emb32-directIo-binaryInone_hotOut-inputNoEmbIfLeq-10epochs-seed0.pt",
    "query": "'SELECT ss_quantity FROM store_sales_1G.csv WHERE ss_sold_date_sk>=2452001.0<=2452361.0'",
    "avg_est": 49.285125732421875,
    "avg_real": 50.51573202515328,
    "avg_err": 0.024360852419571914,
    "count_est": 547350.3632723689,
    "count_real": 547372,
    "count_err": 3.952837856355837e-05,
    "sum_est": 26976231.47356549,
    "sum_real": 26999800.0,
    "sum_err": 0.0008729148524993128,
    "query_dur_ms_est": 28.307199478149414,
    "query_dur_ms_real": 103.47795486450195,
    "query_dur_ms_err": 0.7264422212903612,
    "order": [
        0,
        1,
        2,
        3
    ],
    "groupby": false
}