{
    "timestamp": "2022-07-20 23:08:39.513063",
    "dataset": "store_sales_1G.csv",
    "model": "store_sales_1G.csv-25.2MB-model31.979-data21.205-made-resmade-hidden256_256_256_256_256-emb32-directIo-binaryInone_hotOut-inputNoEmbIfLeq-10epochs-seed0.pt",
    "query": "'SELECT ss_sold_date_sk FROM store_sales_1G.csv WHERE ss_quantity<=83.0'",
    "avg_est": 2341895.25,
    "avg_real": 2451777.9823427154,
    "avg_err": 0.04481757040566967,
    "count_est": 2288749.3031408787,
    "count_real": 2281802,
    "count_err": 0.003044656434203615,
    "sum_est": 5360011121466.434,
    "sum_real": 5462362750643.0,
    "sum_err": 0.01873761114904317,
    "query_dur_ms_est": 28.2747745513916,
    "query_dur_ms_real": 103.47795486450195,
    "query_dur_ms_err": 0.7267555723495339,
    "order": [
        1,
        2,
        3,
        0
    ],
    "groupby": false
}