{
    "timestamp": "2022-07-20 23:09:11.515671",
    "dataset": "store_sales_1G.csv",
    "model": "store_sales_1G.csv-25.2MB-model31.979-data21.205-made-resmade-hidden256_256_256_256_256-emb32-directIo-binaryInone_hotOut-inputNoEmbIfLeq-10epochs-seed0.pt",
    "query": "'SELECT ss_quantity FROM store_sales_1G.csv WHERE ss_sales_price<=149.97'",
    "avg_est": 48.533721923828125,
    "avg_real": 50.51401936083742,
    "avg_err": 0.03920292746580736,
    "count_est": 2738122.2526028156,
    "count_real": 2732000,
    "count_err": 0.0022409416554962035,
    "sum_est": 132891264.00127092,
    "sum_real": 134733013.0,
    "sum_err": 0.013669619328776385,
    "query_dur_ms_est": 29.210329055786133,
    "query_dur_ms_real": 103.47795486450195,
    "query_dur_ms_err": 0.7177144726716403,
    "order": [
        0,
        1,
        2,
        3
    ],
    "groupby": false
}