{
    "timestamp": "2022-07-20 23:09:06.054712",
    "dataset": "store_sales_1G.csv",
    "model": "store_sales_1G.csv-25.2MB-model31.979-data21.205-made-resmade-hidden256_256_256_256_256-emb32-directIo-binaryInone_hotOut-inputNoEmbIfLeq-10epochs-seed0.pt",
    "query": "'SELECT ss_sales_price FROM store_sales_1G.csv WHERE ss_quantity>=8.0<=25.0'",
    "avg_est": 36.23948669433594,
    "avg_real": 37.90858335781647,
    "avg_err": 0.04402951826835743,
    "count_est": 489982.7836945653,
    "count_real": 495030,
    "count_err": 0.010195778650656937,
    "sum_est": 17756724.570152882,
    "sum_real": 18322203.96,
    "sum_err": 0.030863065987129117,
    "query_dur_ms_est": 28.784990310668945,
    "query_dur_ms_real": 103.47795486450195,
    "query_dur_ms_err": 0.7218249012713759,
    "order": [
        0,
        1,
        3,
        2
    ],
    "groupby": false
}