{
    "timestamp": "2022-07-20 23:09:55.624276",
    "dataset": "store_sales_1G.csv",
    "model": "store_sales_1G.csv-25.2MB-model31.979-data21.205-made-resmade-hidden256_256_256_256_256-emb32-directIo-binaryInone_hotOut-inputNoEmbIfLeq-10epochs-seed0.pt",
    "query": "'SELECT ss_quantity FROM store_sales_1G.csv WHERE ss_sold_date_sk>=2450941.0 AND ss_sales_price>=26.47<=121.98'",
    "avg_est": 49.480499267578125,
    "avg_real": 50.51744969542954,
    "avg_err": 0.020526579114804988,
    "count_est": 1252734.700485468,
    "count_real": 1249250,
    "count_err": 0.002789434048803611,
    "sum_est": 61985938.4298409,
    "sum_real": 62340200.0,
    "sum_err": 0.005682714687458494,
    "query_dur_ms_est": 29.72126007080078,
    "query_dur_ms_real": 103.47795486450195,
    "query_dur_ms_err": 0.7127768894377653,
    "order": [
        0,
        1,
        2,
        3
    ],
    "groupby": false
}