{
    "timestamp": "2022-07-20 23:11:09.335593",
    "dataset": "store_sales_1G.csv",
    "model": "store_sales_1G.csv-25.2MB-model31.979-data21.205-made-resmade-hidden256_256_256_256_256-emb32-directIo-binaryInone_hotOut-inputNoEmbIfLeq-10epochs-seed0.pt",
    "query": "'SELECT ss_sold_date_sk FROM store_sales_1G.csv WHERE ss_sales_price<=88.47 AND ss_quantity>=83.0'",
    "avg_est": 2341895.25,
    "avg_real": 2451777.824750664,
    "avg_err": 0.04481750900974838,
    "count_est": 438017.9737703204,
    "count_real": 435143,
    "count_err": 0.006606963159973654,
    "sum_est": 1025792212187.338,
    "sum_real": 1053631905964.0,
    "sum_err": 0.0264225994097916,
    "query_dur_ms_est": 31.2347412109375,
    "query_dur_ms_real": 103.47795486450195,
    "query_dur_ms_err": 0.6981507679405001,
    "order": [
        1,
        2,
        3,
        0
    ],
    "groupby": false
}