{
    "timestamp": "2022-07-20 23:07:53.732910",
    "dataset": "store_sales_1G.csv",
    "model": "store_sales_1G.csv-25.2MB-model31.979-data21.205-made-resmade-hidden256_256_256_256_256-emb32-directIo-binaryInone_hotOut-inputNoEmbIfLeq-10epochs-seed0.pt",
    "query": "'SELECT ss_quantity FROM store_sales_1G.csv WHERE ss_sold_date_sk<=2451126.0'",
    "avg_est": 49.525474548339844,
    "avg_real": 50.51383588912405,
    "avg_err": 0.019566151003729448,
    "count_est": 389965.36035996675,
    "count_real": 390602,
    "count_err": 0.001629893446611244,
    "sum_est": 19313219.529241707,
    "sum_real": 19260471.0,
    "sum_err": 0.00273869363016653,
    "query_dur_ms_est": 29.820919036865234,
    "query_dur_ms_real": 103.47795486450195,
    "query_dur_ms_err": 0.7118137957411904,
    "order": [
        0,
        1,
        2,
        3
    ],
    "groupby": false
}