{
    "timestamp": "2022-07-20 23:07:49.416372",
    "dataset": "store_sales_1G.csv",
    "model": "store_sales_1G.csv-25.2MB-model31.979-data21.205-made-resmade-hidden256_256_256_256_256-emb32-directIo-binaryInone_hotOut-inputNoEmbIfLeq-10epochs-seed0.pt",
    "query": "'SELECT ss_sold_date_sk FROM store_sales_1G.csv WHERE ss_sales_price>=52.76<=128.52 AND ss_quantity<=76.0'",
    "avg_est": 2341895.25,
    "avg_real": 2451778.0686342944,
    "avg_err": 0.04481760402380224,
    "count_est": 527168.2227186561,
    "count_real": 520598,
    "count_err": 0.012620530080131047,
    "sum_est": 1234572756735.7627,
    "sum_real": 1260927394696.0,
    "sum_err": 0.02090099562520109,
    "query_dur_ms_est": 35.69817543029785,
    "query_dur_ms_real": 103.47795486450195,
    "query_dur_ms_err": 0.65501661221424,
    "order": [
        1,
        2,
        3,
        0
    ],
    "groupby": false
}