{
    "timestamp": "2022-07-20 23:09:46.489472",
    "dataset": "store_sales_1G.csv",
    "model": "store_sales_1G.csv-25.2MB-model31.979-data21.205-made-resmade-hidden256_256_256_256_256-emb32-directIo-binaryInone_hotOut-inputNoEmbIfLeq-10epochs-seed0.pt",
    "query": "'SELECT ss_sales_price FROM store_sales_1G.csv WHERE ss_quantity<=75.0'",
    "avg_est": 36.42802429199219,
    "avg_real": 37.87971152074423,
    "avg_err": 0.03832360835052952,
    "count_est": 2068883.240992546,
    "count_real": 2062031,
    "count_err": 0.0033230543054619845,
    "sum_est": 75365328.960172,
    "sum_real": 76269094.56000008,
    "sum_err": 0.011849696197941574,
    "query_dur_ms_est": 28.837919235229492,
    "query_dur_ms_real": 103.47795486450195,
    "query_dur_ms_err": 0.7213134017483146,
    "order": [
        0,
        1,
        3,
        2
    ],
    "groupby": false
}