{
    "timestamp": "2022-07-20 23:09:43.226333",
    "dataset": "store_sales_1G.csv",
    "model": "store_sales_1G.csv-25.2MB-model31.979-data21.205-made-resmade-hidden256_256_256_256_256-emb32-directIo-binaryInone_hotOut-inputNoEmbIfLeq-10epochs-seed0.pt",
    "query": "'SELECT ss_sold_date_sk FROM store_sales_1G.csv WHERE ss_sales_price>=89.85 AND ss_quantity>=94.0'",
    "avg_est": 2341895.25,
    "avg_real": 2451777.2584176483,
    "avg_err": 0.044817288373318616,
    "count_est": 18904.17034438625,
    "count_real": 18292,
    "count_err": 0.03346656157808057,
    "sum_est": 44271586734.70902,
    "sum_real": 44345295273.0,
    "sum_err": 0.001662150129731023,
    "query_dur_ms_est": 31.17513656616211,
    "query_dur_ms_real": 103.47795486450195,
    "query_dur_ms_err": 0.6987267809169205,
    "order": [
        1,
        2,
        3,
        0
    ],
    "groupby": false
}