{
    "timestamp": "2022-07-20 23:08:17.510988",
    "dataset": "store_sales_1G.csv",
    "model": "store_sales_1G.csv-25.2MB-model31.979-data21.205-made-resmade-hidden256_256_256_256_256-emb32-directIo-binaryInone_hotOut-inputNoEmbIfLeq-10epochs-seed0.pt",
    "query": "'SELECT ss_sales_price FROM store_sales_1G.csv WHERE ss_quantity=75.0'",
    "avg_est": 36.18853759765625,
    "avg_real": 37.80978693128627,
    "avg_err": 0.04287909203446189,
    "count_est": 26930.00943037495,
    "count_real": 27355,
    "count_err": 0.015536120256810448,
    "sum_est": 974557.6587763613,
    "sum_real": 1009710.3599999999,
    "sum_err": 0.03481463855004777,
    "query_dur_ms_est": 28.573989868164062,
    "query_dur_ms_real": 103.47795486450195,
    "query_dur_ms_err": 0.7238639872079038,
    "order": [
        0,
        1,
        3,
        2
    ],
    "groupby": false
}