{
    "timestamp": "2022-07-20 23:08:28.603765",
    "dataset": "store_sales_1G.csv",
    "model": "store_sales_1G.csv-25.2MB-model31.979-data21.205-made-resmade-hidden256_256_256_256_256-emb32-directIo-binaryInone_hotOut-inputNoEmbIfLeq-10epochs-seed0.pt",
    "query": "'SELECT ss_sold_date_sk FROM store_sales_1G.csv WHERE ss_sales_price>=68.05<=118.22'",
    "avg_est": 2341895.25,
    "avg_real": 2451778.013423889,
    "avg_err": 0.04481758251451098,
    "count_est": 424390.5264454484,
    "count_real": 417613,
    "count_err": 0.016229203701629016,
    "sum_est": 993878158027.595,
    "sum_real": 999604606741.0,
    "sum_err": 0.005728713808227543,
    "query_dur_ms_est": 30.093669891357422,
    "query_dur_ms_real": 103.47795486450195,
    "query_dur_ms_err": 0.709177960361091,
    "order": [
        1,
        2,
        3,
        0
    ],
    "groupby": false
}