{
    "timestamp": "2022-07-20 23:10:07.774979",
    "dataset": "store_sales_1G.csv",
    "model": "store_sales_1G.csv-25.2MB-model31.979-data21.205-made-resmade-hidden256_256_256_256_256-emb32-directIo-binaryInone_hotOut-inputNoEmbIfLeq-10epochs-seed0.pt",
    "query": "'SELECT ss_sales_price FROM store_sales_1G.csv WHERE ss_quantity>=64.0<=91.0'",
    "avg_est": 36.43663024902344,
    "avg_real": 37.91427531954382,
    "avg_err": 0.038973316991204474,
    "count_est": 774215.3118487597,
    "count_real": 770365,
    "count_err": 0.004998035799601035,
    "sum_est": 28209797.05096563,
    "sum_real": 28517828.809999995,
    "sum_err": 0.010801374855239741,
    "query_dur_ms_est": 28.209686279296875,
    "query_dur_ms_real": 103.47795486450195,
    "query_dur_ms_err": 0.7273845785197849,
    "order": [
        0,
        1,
        3,
        2
    ],
    "groupby": false
}