{
    "timestamp": "2022-07-20 23:10:21.314069",
    "dataset": "store_sales_1G.csv",
    "model": "store_sales_1G.csv-25.2MB-model31.979-data21.205-made-resmade-hidden256_256_256_256_256-emb32-directIo-binaryInone_hotOut-inputNoEmbIfLeq-10epochs-seed0.pt",
    "query": "'SELECT ss_quantity FROM store_sales_1G.csv WHERE ss_sales_price<=107.25'",
    "avg_est": 48.43703079223633,
    "avg_real": 50.50803755523117,
    "avg_err": 0.04100350881243742,
    "count_est": 2609897.423701763,
    "count_real": 2606104,
    "count_err": 0.0014555918343102014,
    "sum_est": 126415681.87642056,
    "sum_real": 128507903.0,
    "sum_err": 0.016280875142592924,
    "query_dur_ms_est": 29.038667678833008,
    "query_dur_ms_real": 103.47795486450195,
    "query_dur_ms_err": 0.7193733900437309,
    "order": [
        0,
        1,
        2,
        3
    ],
    "groupby": false
}