{
    "timestamp": "2022-07-20 23:08:36.243496",
    "dataset": "store_sales_1G.csv",
    "model": "store_sales_1G.csv-25.2MB-model31.979-data21.205-made-resmade-hidden256_256_256_256_256-emb32-directIo-binaryInone_hotOut-inputNoEmbIfLeq-10epochs-seed0.pt",
    "query": "'SELECT ss_sales_price FROM store_sales_1G.csv WHERE ss_quantity>=21.0'",
    "avg_est": 36.247230529785156,
    "avg_real": 37.895655824193234,
    "avg_err": 0.043499057043781125,
    "count_est": 2213279.809851885,
    "count_real": 2200405,
    "count_err": 0.005851109160306781,
    "sum_est": 80225263.49462032,
    "sum_real": 81418627.06000005,
    "sum_err": 0.014657132015997953,
    "query_dur_ms_est": 28.303861618041992,
    "query_dur_ms_real": 103.47795486450195,
    "query_dur_ms_err": 0.7264744780170408,
    "order": [
        0,
        1,
        3,
        2
    ],
    "groupby": false
}