{
    "timestamp": "2022-07-20 23:08:58.509796",
    "dataset": "store_sales_1G.csv",
    "model": "store_sales_1G.csv-25.2MB-model31.979-data21.205-made-resmade-hidden256_256_256_256_256-emb32-directIo-binaryInone_hotOut-inputNoEmbIfLeq-10epochs-seed0.pt",
    "query": "'SELECT ss_sales_price FROM store_sales_1G.csv WHERE ss_quantity<=94.0'",
    "avg_est": 36.5515022277832,
    "avg_real": 37.88707892575296,
    "avg_err": 0.035251508847833755,
    "count_est": 2590910.9006721973,
    "count_real": 2584833,
    "count_err": 0.0023513707354391334,
    "sum_est": 94701685.55790761,
    "sum_real": 95618538.39000003,
    "sum_err": 0.00958865140097462,
    "query_dur_ms_est": 28.73706817626953,
    "query_dur_ms_real": 103.47795486450195,
    "query_dur_ms_err": 0.7222880157044178,
    "order": [
        0,
        1,
        3,
        2
    ],
    "groupby": false
}