{
    "timestamp": "2022-07-20 23:09:36.690711",
    "dataset": "store_sales_1G.csv",
    "model": "store_sales_1G.csv-25.2MB-model31.979-data21.205-made-resmade-hidden256_256_256_256_256-emb32-directIo-binaryInone_hotOut-inputNoEmbIfLeq-10epochs-seed0.pt",
    "query": "'SELECT ss_sold_date_sk FROM store_sales_1G.csv WHERE ss_sales_price<=67.81'",
    "avg_est": 2341895.25,
    "avg_real": 2451778.0794337494,
    "avg_err": 0.04481760823113625,
    "count_est": 2233690.8071200848,
    "count_real": 2236105,
    "count_err": 0.0010796420024619762,
    "sum_est": 5231069891163.192,
    "sum_real": 5352729258354.0,
    "sum_err": 0.022728473890386656,
    "query_dur_ms_est": 29.95777130126953,
    "query_dur_ms_real": 103.47795486450195,
    "query_dur_ms_err": 0.7104912699473294,
    "order": [
        1,
        2,
        3,
        0
    ],
    "groupby": false
}