{
    "timestamp": "2022-07-20 23:09:01.711352",
    "dataset": "store_sales_1G.csv",
    "model": "store_sales_1G.csv-25.2MB-model31.979-data21.205-made-resmade-hidden256_256_256_256_256-emb32-directIo-binaryInone_hotOut-inputNoEmbIfLeq-10epochs-seed0.pt",
    "query": "'SELECT ss_sales_price FROM store_sales_1G.csv WHERE ss_sold_date_sk>=2451528.0<=2451930.0'",
    "avg_est": 37.278663635253906,
    "avg_real": 37.94144672544554,
    "avg_err": 0.017468577173340463,
    "count_est": 627399.8236611485,
    "count_real": 626297,
    "count_err": 0.0017608637134595058,
    "sum_est": 23388626.991081573,
    "sum_real": 23207682.659999996,
    "sum_err": 0.007796742730951177,
    "query_dur_ms_est": 28.67412567138672,
    "query_dur_ms_real": 103.47795486450195,
    "query_dur_ms_err": 0.7228962854075177,
    "order": [
        0,
        1,
        3,
        2
    ],
    "groupby": false
}