{
    "timestamp": "2022-07-20 23:08:13.061642",
    "dataset": "store_sales_1G.csv",
    "model": "store_sales_1G.csv-25.2MB-model31.979-data21.205-made-resmade-hidden256_256_256_256_256-emb32-directIo-binaryInone_hotOut-inputNoEmbIfLeq-10epochs-seed0.pt",
    "query": "'SELECT ss_quantity FROM store_sales_1G.csv WHERE ss_sold_date_sk>=2450827.0<=2451965.0 AND ss_sales_price>=29.6<=183.09'",
    "avg_est": 49.608890533447266,
    "avg_real": 50.53981435621332,
    "avg_err": 0.018419613024391875,
    "count_est": 791591.7686604261,
    "count_real": 789043,
    "count_err": 0.0032302024863361564,
    "sum_est": 39269989.39865299,
    "sum_real": 39387800.0,
    "sum_err": 0.0029910429459631374,
    "query_dur_ms_est": 30.326128005981445,
    "query_dur_ms_real": 103.47795486450195,
    "query_dur_ms_err": 0.7069315097530517,
    "order": [
        0,
        1,
        2,
        3
    ],
    "groupby": false
}