{
    "timestamp": "2022-07-20 23:08:18.656658",
    "dataset": "store_sales_1G.csv",
    "model": "store_sales_1G.csv-25.2MB-model31.979-data21.205-made-resmade-hidden256_256_256_256_256-emb32-directIo-binaryInone_hotOut-inputNoEmbIfLeq-10epochs-seed0.pt",
    "query": "'SELECT ss_sales_price FROM store_sales_1G.csv WHERE ss_quantity<=81.0'",
    "avg_est": 36.57157897949219,
    "avg_real": 37.892118814157996,
    "avg_err": 0.03484998664609915,
    "count_est": 2232620.176608801,
    "count_real": 2226851,
    "count_err": 0.002590733106436348,
    "sum_est": 81650445.12005655,
    "sum_real": 82389591.78000002,
    "sum_err": 0.008971359658112646,
    "query_dur_ms_est": 28.801918029785156,
    "query_dur_ms_real": 103.47795486450195,
    "query_dur_ms_err": 0.7216613135860724,
    "order": [
        0,
        1,
        3,
        2
    ],
    "groupby": false
}