{
    "timestamp": "2022-07-20 23:07:56.028768",
    "dataset": "store_sales_1G.csv",
    "model": "store_sales_1G.csv-25.2MB-model31.979-data21.205-made-resmade-hidden256_256_256_256_256-emb32-directIo-binaryInone_hotOut-inputNoEmbIfLeq-10epochs-seed0.pt",
    "query": "'SELECT ss_quantity FROM store_sales_1G.csv WHERE ss_sold_date_sk>=2451179.0<=2451843.0 AND ss_sales_price>=103.52'",
    "avg_est": 49.68639373779297,
    "avg_real": 50.71138830878064,
    "avg_err": 0.02021231532346346,
    "count_est": 55282.16461537033,
    "count_real": 53768,
    "count_err": 0.028161073786831074,
    "sum_est": 2746771.397756777,
    "sum_real": 2695361.0,
    "sum_err": 0.019073659430694726,
    "query_dur_ms_est": 32.55033493041992,
    "query_dur_ms_real": 103.47795486450195,
    "query_dur_ms_err": 0.6854370095249506,
    "order": [
        0,
        1,
        2,
        3
    ],
    "groupby": false
}