{
    "timestamp": "2022-07-20 23:11:14.743204",
    "dataset": "store_sales_1G.csv",
    "model": "store_sales_1G.csv-25.2MB-model31.979-data21.205-made-resmade-hidden256_256_256_256_256-emb32-directIo-binaryInone_hotOut-inputNoEmbIfLeq-10epochs-seed0.pt",
    "query": "'SELECT ss_quantity FROM store_sales_1G.csv WHERE ss_sold_date_sk<=2450932.0 AND ss_sales_price>=172.68'",
    "avg_est": 49.77520751953125,
    "avg_real": 45.373831775700936,
    "avg_err": 0.09700251381871136,
    "count_est": 126.7450178743311,
    "count_real": 108,
    "count_err": 0.17356498031788054,
    "sum_est": 6308.759566761528,
    "sum_real": 4855.0,
    "sum_err": 0.2994355441321376,
    "query_dur_ms_est": 34.150123596191406,
    "query_dur_ms_real": 103.47795486450195,
    "query_dur_ms_err": 0.6699768212378289,
    "order": [
        0,
        1,
        2,
        3
    ],
    "groupby": false
}