{
    "timestamp": "2022-07-20 23:10:38.789478",
    "dataset": "store_sales_1G.csv",
    "model": "store_sales_1G.csv-25.2MB-model31.979-data21.205-made-resmade-hidden256_256_256_256_256-emb32-directIo-binaryInone_hotOut-inputNoEmbIfLeq-10epochs-seed0.pt",
    "query": "'SELECT ss_sales_price FROM store_sales_1G.csv WHERE ss_sold_date_sk<=2451475.0'",
    "avg_est": 37.207122802734375,
    "avg_real": 37.90934190292856,
    "avg_err": 0.018523642589003565,
    "count_est": 897928.1610910892,
    "count_real": 899031,
    "count_err": 0.001226697309559683,
    "sum_est": 33409323.35774961,
    "sum_real": 33280990.350000013,
    "sum_err": 0.0038560453399968738,
    "query_dur_ms_est": 28.28812599182129,
    "query_dur_ms_real": 103.47795486450195,
    "query_dur_ms_err": 0.7266265454428157,
    "order": [
        0,
        1,
        3,
        2
    ],
    "groupby": false
}