{
    "timestamp": "2022-07-20 23:10:37.754043",
    "dataset": "store_sales_1G.csv",
    "model": "store_sales_1G.csv-25.2MB-model31.979-data21.205-made-resmade-hidden256_256_256_256_256-emb32-directIo-binaryInone_hotOut-inputNoEmbIfLeq-10epochs-seed0.pt",
    "query": "'SELECT ss_sales_price FROM store_sales_1G.csv WHERE ss_quantity>=94.0'",
    "avg_est": 36.458614349365234,
    "avg_real": 37.94251218102676,
    "avg_err": 0.0391091086584285,
    "count_est": 193879.06460022926,
    "count_real": 193135,
    "count_err": 0.003852562198613733,
    "sum_est": 7068562.046675428,
    "sum_real": 7156451.05,
    "sum_err": 0.01228108775013168,
    "query_dur_ms_est": 28.187274932861328,
    "query_dur_ms_real": 103.47795486450195,
    "query_dur_ms_err": 0.7276011593989189,
    "order": [
        0,
        1,
        3,
        2
    ],
    "groupby": false
}