{
    "timestamp": "2022-07-20 23:09:35.558824",
    "dataset": "store_sales_1G.csv",
    "model": "store_sales_1G.csv-25.2MB-model31.979-data21.205-made-resmade-hidden256_256_256_256_256-emb32-directIo-binaryInone_hotOut-inputNoEmbIfLeq-10epochs-seed0.pt",
    "query": "'SELECT ss_sold_date_sk FROM store_sales_1G.csv WHERE ss_quantity>=51.0'",
    "avg_est": 2341895.25,
    "avg_real": 2451777.7644730024,
    "avg_err": 0.04481748552631201,
    "count_est": 1375553.0684956312,
    "count_real": 1375433,
    "count_err": 8.729505227169768e-05,
    "sum_est": 3221401197232.8433,
    "sum_real": 3292188339468.0,
    "sum_err": 0.021501546976074752,
    "query_dur_ms_est": 29.348134994506836,
    "query_dur_ms_real": 103.47795486450195,
    "query_dur_ms_err": 0.7163827306701566,
    "order": [
        1,
        2,
        3,
        0
    ],
    "groupby": false
}