{
    "timestamp": "2022-07-20 23:10:09.839954",
    "dataset": "store_sales_1G.csv",
    "model": "store_sales_1G.csv-25.2MB-model31.979-data21.205-made-resmade-hidden256_256_256_256_256-emb32-directIo-binaryInone_hotOut-inputNoEmbIfLeq-10epochs-seed0.pt",
    "query": "'SELECT ss_quantity FROM store_sales_1G.csv WHERE ss_sold_date_sk<=2450930.0'",
    "avg_est": 49.38383102416992,
    "avg_real": 50.50410925171604,
    "avg_err": 0.022181922305818134,
    "count_est": 99624.38167129457,
    "count_real": 99793,
    "count_err": 0.001689680926572305,
    "sum_est": 4919833.630342622,
    "sum_real": 4922282.0,
    "sum_err": 0.0004974054020833654,
    "query_dur_ms_est": 28.09286117553711,
    "query_dur_ms_real": 103.47795486450195,
    "query_dur_ms_err": 0.7285135639535687,
    "order": [
        0,
        1,
        2,
        3
    ],
    "groupby": false
}