{
    "timestamp": "2022-07-20 23:09:57.934223",
    "dataset": "store_sales_1G.csv",
    "model": "store_sales_1G.csv-25.2MB-model31.979-data21.205-made-resmade-hidden256_256_256_256_256-emb32-directIo-binaryInone_hotOut-inputNoEmbIfLeq-10epochs-seed0.pt",
    "query": "'SELECT ss_sales_price FROM store_sales_1G.csv WHERE ss_quantity>=27.0<=100.0'",
    "avg_est": 36.45466613769531,
    "avg_real": 37.897283304006635,
    "avg_err": 0.03806650610648927,
    "count_est": 2052682.8295629025,
    "count_real": 2035387,
    "count_err": 0.008497563147893964,
    "sum_est": 74829867.23829533,
    "sum_real": 75316340.79,
    "sum_err": 0.0064590704567164215,
    "query_dur_ms_est": 28.314590454101562,
    "query_dur_ms_real": 103.47795486450195,
    "query_dur_ms_err": 0.7263707956812852,
    "order": [
        0,
        1,
        3,
        2
    ],
    "groupby": false
}