{
    "timestamp": "2022-07-20 23:11:17.115352",
    "dataset": "store_sales_1G.csv",
    "model": "store_sales_1G.csv-25.2MB-model31.979-data21.205-made-resmade-hidden256_256_256_256_256-emb32-directIo-binaryInone_hotOut-inputNoEmbIfLeq-10epochs-seed0.pt",
    "query": "'SELECT ss_sold_date_sk FROM store_sales_1G.csv WHERE ss_quantity<=70.0'",
    "avg_est": 2341895.25,
    "avg_real": 2451778.001392391,
    "avg_err": 0.044817577827188045,
    "count_est": 1925826.1620705128,
    "count_real": 1924856,
    "count_err": 0.0005040179995349115,
    "sum_est": 4510083141278.664,
    "sum_real": 4608119205395.0,
    "sum_err": 0.021274637166842227,
    "query_dur_ms_est": 28.28049659729004,
    "query_dur_ms_real": 103.47795486450195,
    "query_dur_ms_err": 0.7267002751037975,
    "order": [
        1,
        2,
        3,
        0
    ],
    "groupby": false
}