{
    "timestamp": "2022-07-20 23:11:08.184059",
    "dataset": "store_sales_1G.csv",
    "model": "store_sales_1G.csv-25.2MB-model31.979-data21.205-made-resmade-hidden256_256_256_256_256-emb32-directIo-binaryInone_hotOut-inputNoEmbIfLeq-10epochs-seed0.pt",
    "query": "'SELECT ss_sales_price FROM store_sales_1G.csv WHERE ss_sold_date_sk>=2451732.0 AND ss_quantity<=32.0'",
    "avg_est": 37.38788986206055,
    "avg_real": 37.91427613473305,
    "avg_err": 0.013883590202327094,
    "count_est": 465390.8163291812,
    "count_real": 464127,
    "count_err": 0.0027229967857530252,
    "sum_est": 17399980.583729874,
    "sum_real": 17386197.949999996,
    "sum_err": 0.0007927342003993931,
    "query_dur_ms_est": 28.3510684967041,
    "query_dur_ms_real": 103.47795486450195,
    "query_dur_ms_err": 0.7260182757397159,
    "order": [
        0,
        1,
        3,
        2
    ],
    "groupby": false
}