{
    "timestamp": "2022-07-20 23:11:10.424289",
    "dataset": "store_sales_1G.csv",
    "model": "store_sales_1G.csv-25.2MB-model31.979-data21.205-made-resmade-hidden256_256_256_256_256-emb32-directIo-binaryInone_hotOut-inputNoEmbIfLeq-10epochs-seed0.pt",
    "query": "'SELECT ss_sales_price FROM store_sales_1G.csv WHERE ss_sold_date_sk>=2450996.0<=2451078.0'",
    "avg_est": 37.31706237792969,
    "avg_real": 37.885392618997365,
    "avg_err": 0.015001302659925244,
    "count_est": 130887.3913538158,
    "count_real": 131087,
    "count_err": 0.0015227188522447383,
    "sum_est": 4884332.9476348385,
    "sum_real": 4846413.08,
    "sum_err": 0.007824316047537253,
    "query_dur_ms_est": 30.558347702026367,
    "query_dur_ms_real": 103.47795486450195,
    "query_dur_ms_err": 0.704687363196918,
    "order": [
        0,
        1,
        3,
        2
    ],
    "groupby": false
}