{
    "timestamp": "2022-07-20 23:10:19.187302",
    "dataset": "store_sales_1G.csv",
    "model": "store_sales_1G.csv-25.2MB-model31.979-data21.205-made-resmade-hidden256_256_256_256_256-emb32-directIo-binaryInone_hotOut-inputNoEmbIfLeq-10epochs-seed0.pt",
    "query": "'SELECT ss_sales_price FROM store_sales_1G.csv WHERE ss_quantity>=66.0'",
    "avg_est": 36.451499938964844,
    "avg_real": 37.92045842232215,
    "avg_err": 0.03873788831868636,
    "count_est": 970138.2918173075,
    "count_real": 963361,
    "count_err": 0.007035048976767247,
    "sum_est": 35362995.88496604,
    "sum_real": 35670296.339999974,
    "sum_err": 0.008615023887237373,
    "query_dur_ms_est": 28.16009521484375,
    "query_dur_ms_real": 103.47795486450195,
    "query_dur_ms_err": 0.7278638213161666,
    "order": [
        0,
        1,
        3,
        2
    ],
    "groupby": false
}