{
    "timestamp": "2022-07-20 23:09:19.175605",
    "dataset": "store_sales_1G.csv",
    "model": "store_sales_1G.csv-25.2MB-model31.979-data21.205-made-resmade-hidden256_256_256_256_256-emb32-directIo-binaryInone_hotOut-inputNoEmbIfLeq-10epochs-seed0.pt",
    "query": "'SELECT ss_quantity FROM store_sales_1G.csv WHERE ss_sold_date_sk>=2452123.0 AND ss_sales_price<=18.47'",
    "avg_est": 49.519039154052734,
    "avg_real": 50.52233434271202,
    "avg_err": 0.019858448777397297,
    "count_est": 341107.0700201988,
    "count_real": 343945,
    "count_err": 0.008251115671985864,
    "sum_est": 16891294.356054433,
    "sum_real": 17168146.0,
    "sum_err": 0.01612589058513175,
    "query_dur_ms_est": 28.517723083496094,
    "query_dur_ms_real": 103.47795486450195,
    "query_dur_ms_err": 0.7244077434576446,
    "order": [
        0,
        1,
        2,
        3
    ],
    "groupby": false
}