{
    "timestamp": "2022-07-20 23:09:20.334458",
    "dataset": "store_sales_1G.csv",
    "model": "store_sales_1G.csv-25.2MB-model31.979-data21.205-made-resmade-hidden256_256_256_256_256-emb32-directIo-binaryInone_hotOut-inputNoEmbIfLeq-10epochs-seed0.pt",
    "query": "'SELECT ss_sales_price FROM store_sales_1G.csv WHERE ss_quantity>=12.0<=67.0'",
    "avg_est": 36.35238265991211,
    "avg_real": 37.88219277581208,
    "avg_err": 0.04038335702881379,
    "count_est": 1545680.394358158,
    "count_real": 1539995,
    "count_err": 0.0036918265047341785,
    "sum_est": 56189165.165631615,
    "sum_real": 56958149.77000001,
    "sum_err": 0.0135008705070933,
    "query_dur_ms_est": 28.18775177001953,
    "query_dur_ms_real": 103.47795486450195,
    "query_dur_ms_err": 0.7275965512951076,
    "order": [
        0,
        1,
        3,
        2
    ],
    "groupby": false
}