{
    "timestamp": "2022-07-20 23:10:47.427841",
    "dataset": "store_sales_1G.csv",
    "model": "store_sales_1G.csv-25.2MB-model31.979-data21.205-made-resmade-hidden256_256_256_256_256-emb32-directIo-binaryInone_hotOut-inputNoEmbIfLeq-10epochs-seed0.pt",
    "query": "'SELECT ss_quantity FROM store_sales_1G.csv WHERE ss_sold_date_sk<=2451621.0'",
    "avg_est": 49.29996109008789,
    "avg_real": 50.51842520321205,
    "avg_err": 0.024119202216277405,
    "count_est": 1165950.6205086708,
    "count_real": 1166305,
    "count_err": 0.0003038480426039442,
    "sum_est": 57481320.224041305,
    "sum_real": 57525937.0,
    "sum_err": 0.0007755940760894432,
    "query_dur_ms_est": 28.58424186706543,
    "query_dur_ms_real": 103.47795486450195,
    "query_dur_ms_err": 0.7237649129759596,
    "order": [
        0,
        1,
        2,
        3
    ],
    "groupby": false
}