{
    "timestamp": "2022-07-20 23:08:55.154259",
    "dataset": "store_sales_1G.csv",
    "model": "store_sales_1G.csv-25.2MB-model31.979-data21.205-made-resmade-hidden256_256_256_256_256-emb32-directIo-binaryInone_hotOut-inputNoEmbIfLeq-10epochs-seed0.pt",
    "query": "'SELECT ss_sold_date_sk FROM store_sales_1G.csv WHERE ss_quantity>=23.0<=nan'",
    "avg_est": 2341895.25,
    "avg_real": NaN,
    "avg_err": NaN,
    "count_est": 0.0,
    "count_real": 0,
    "count_err": "result=0!",
    "sum_est": 0.0,
    "sum_real": 0.0,
    "sum_err": "result=0!",
    "query_dur_ms_est": 28.66339683532715,
    "query_dur_ms_real": 103.47795486450195,
    "query_dur_ms_err": 0.7229999677432734,
    "order": [
        1,
        2,
        3,
        0
    ],
    "groupby": false
}