{
    "timestamp": "2022-07-20 23:10:59.500759",
    "dataset": "store_sales_1G.csv",
    "model": "store_sales_1G.csv-25.2MB-model31.979-data21.205-made-resmade-hidden256_256_256_256_256-emb32-directIo-binaryInone_hotOut-inputNoEmbIfLeq-10epochs-seed0.pt",
    "query": "'SELECT ss_quantity FROM store_sales_1G.csv WHERE ss_sold_date_sk=2451237.0'",
    "avg_est": 49.43009948730469,
    "avg_real": 49.76263736263736,
    "avg_err": 0.006682480932619361,
    "count_est": 927.6105734255398,
    "count_real": 931,
    "count_err": 0.0036406300477553498,
    "sum_est": 45851.88292990018,
    "sum_real": 45284.0,
    "sum_err": 0.012540476324975286,
    "query_dur_ms_est": 28.1219482421875,
    "query_dur_ms_real": 103.47795486450195,
    "query_dur_ms_err": 0.7282324696210756,
    "order": [
        0,
        1,
        2,
        3
    ],
    "groupby": false
}