{
    "timestamp": "2022-07-20 23:09:21.383783",
    "dataset": "store_sales_1G.csv",
    "model": "store_sales_1G.csv-25.2MB-model31.979-data21.205-made-resmade-hidden256_256_256_256_256-emb32-directIo-binaryInone_hotOut-inputNoEmbIfLeq-10epochs-seed0.pt",
    "query": "'SELECT ss_quantity FROM store_sales_1G.csv WHERE ss_sold_date_sk<=2451360.0'",
    "avg_est": 49.257965087890625,
    "avg_real": 50.52737642804165,
    "avg_err": 0.02512323872502762,
    "count_est": 711852.4151287675,
    "count_real": 712565,
    "count_err": 0.0010000278869050677,
    "sum_est": 35064401.412143454,
    "sum_real": 35152300.0,
    "sum_err": 0.0025005074449337894,
    "query_dur_ms_est": 28.328657150268555,
    "query_dur_ms_real": 103.47795486450195,
    "query_dur_ms_err": 0.7262348566188499,
    "order": [
        0,
        1,
        2,
        3
    ],
    "groupby": false
}