{
    "timestamp": "2022-07-20 23:08:31.837958",
    "dataset": "store_sales_1G.csv",
    "model": "store_sales_1G.csv-25.2MB-model31.979-data21.205-made-resmade-hidden256_256_256_256_256-emb32-directIo-binaryInone_hotOut-inputNoEmbIfLeq-10epochs-seed0.pt",
    "query": "'SELECT ss_quantity FROM store_sales_1G.csv WHERE ss_sold_date_sk>=2451526.0<=2452148.0 AND ss_sales_price>=164.0'",
    "avg_est": 49.873538970947266,
    "avg_real": 52.04926108374384,
    "avg_err": 0.04180121038214133,
    "count_est": 2075.4904029066674,
    "count_real": 2048,
    "count_err": 0.013423048294271211,
    "sum_est": 103512.05149319272,
    "sum_real": 105660.0,
    "sum_err": 0.02032887097110811,
    "query_dur_ms_est": 31.75950050354004,
    "query_dur_ms_real": 103.47795486450195,
    "query_dur_ms_err": 0.6930795496960955,
    "order": [
        0,
        1,
        2,
        3
    ],
    "groupby": false
}