{
    "timestamp": "2022-07-20 23:11:23.481510",
    "dataset": "store_sales_1G.csv",
    "model": "store_sales_1G.csv-25.2MB-model31.979-data21.205-made-resmade-hidden256_256_256_256_256-emb32-directIo-binaryInone_hotOut-inputNoEmbIfLeq-10epochs-seed0.pt",
    "query": "'SELECT ss_quantity FROM store_sales_1G.csv WHERE ss_sold_date_sk>=2452429.0 AND ss_sales_price>=57.49'",
    "avg_est": 49.60371398925781,
    "avg_real": 50.46484655442641,
    "avg_err": 0.017064008393245844,
    "count_est": 100839.10993289948,
    "count_real": 100109,
    "count_err": 0.007293149795717419,
    "sum_est": 5001994.368042872,
    "sum_real": 4990721.0,
    "sum_err": 0.0022588656113760493,
    "query_dur_ms_est": 30.153512954711914,
    "query_dur_ms_real": 103.47795486450195,
    "query_dur_ms_err": 0.708599643332765,
    "order": [
        0,
        1,
        2,
        3
    ],
    "groupby": false
}