{
    "timestamp": "2022-07-20 23:08:19.695709",
    "dataset": "store_sales_1G.csv",
    "model": "store_sales_1G.csv-25.2MB-model31.979-data21.205-made-resmade-hidden256_256_256_256_256-emb32-directIo-binaryInone_hotOut-inputNoEmbIfLeq-10epochs-seed0.pt",
    "query": "'SELECT ss_sales_price FROM store_sales_1G.csv WHERE ss_quantity=38.0'",
    "avg_est": 36.64718246459961,
    "avg_real": 38.11243585446691,
    "avg_err": 0.03844554558156291,
    "count_est": 24098.943066511303,
    "count_real": 27492,
    "count_err": 0.1234197924301141,
    "sum_est": 883158.3637624374,
    "sum_real": 1023433.24,
    "sum_err": 0.13706304500874197,
    "query_dur_ms_est": 28.57518196105957,
    "query_dur_ms_real": 103.47795486450195,
    "query_dur_ms_err": 0.7238524669483755,
    "order": [
        0,
        1,
        3,
        2
    ],
    "groupby": false
}