{
    "timestamp": "2022-07-20 23:10:22.383128",
    "dataset": "store_sales_1G.csv",
    "model": "store_sales_1G.csv-25.2MB-model31.979-data21.205-made-resmade-hidden256_256_256_256_256-emb32-directIo-binaryInone_hotOut-inputNoEmbIfLeq-10epochs-seed0.pt",
    "query": "'SELECT ss_sales_price FROM store_sales_1G.csv WHERE ss_sold_date_sk>=2452155.0 AND ss_quantity>=63.0<=64.0'",
    "avg_est": 37.24171829223633,
    "avg_real": 37.483877215421145,
    "avg_err": 0.006460348853271544,
    "count_est": 16262.955905195326,
    "count_real": 16623,
    "count_err": 0.021659393298723118,
    "sum_est": 605660.4224203456,
    "sum_real": 615447.7799999998,
    "sum_err": 0.015902823761350153,
    "query_dur_ms_est": 28.46503257751465,
    "query_dur_ms_real": 103.47795486450195,
    "query_dur_ms_err": 0.7249169389288002,
    "order": [
        0,
        1,
        3,
        2
    ],
    "groupby": false
}