{
    "timestamp": "2022-07-20 23:10:02.323746",
    "dataset": "store_sales_1G.csv",
    "model": "store_sales_1G.csv-25.2MB-model31.979-data21.205-made-resmade-hidden256_256_256_256_256-emb32-directIo-binaryInone_hotOut-inputNoEmbIfLeq-10epochs-seed0.pt",
    "query": "'SELECT ss_sales_price FROM store_sales_1G.csv WHERE ss_quantity<=92.0'",
    "avg_est": 36.5574836730957,
    "avg_real": 37.886215812041925,
    "avg_err": 0.03507165100727457,
    "count_est": 2522887.405663252,
    "count_real": 2529885,
    "count_err": 0.0027659732899907004,
    "sum_est": 92230415.14159311,
    "sum_real": 93585317.93999998,
    "sum_err": 0.014477728218816686,
    "query_dur_ms_est": 28.388023376464844,
    "query_dur_ms_real": 103.47795486450195,
    "query_dur_ms_err": 0.7256611476943352,
    "order": [
        0,
        1,
        3,
        2
    ],
    "groupby": false
}