{
    "timestamp": "2022-07-20 23:09:04.943804",
    "dataset": "store_sales_1G.csv",
    "model": "store_sales_1G.csv-25.2MB-model31.979-data21.205-made-resmade-hidden256_256_256_256_256-emb32-directIo-binaryInone_hotOut-inputNoEmbIfLeq-10epochs-seed0.pt",
    "query": "'SELECT ss_sold_date_sk FROM store_sales_1G.csv WHERE ss_quantity>=7.0<=50.0'",
    "avg_est": 2341895.25,
    "avg_real": 2451778.541186001,
    "avg_err": 0.0448177881240641,
    "count_est": 1209220.9355078936,
    "count_real": 1209766,
    "count_err": 0.0004505536542657321,
    "sum_est": 2831868765066.492,
    "sum_real": 2896403676073.0,
    "sum_err": 0.022281048577457094,
    "query_dur_ms_est": 28.61809730529785,
    "query_dur_ms_real": 103.47795486450195,
    "query_dur_ms_err": 0.7234377376053528,
    "order": [
        1,
        2,
        3,
        0
    ],
    "groupby": false
}