{
    "timestamp": "2022-07-20 23:09:56.723771",
    "dataset": "store_sales_1G.csv",
    "model": "store_sales_1G.csv-25.2MB-model31.979-data21.205-made-resmade-hidden256_256_256_256_256-emb32-directIo-binaryInone_hotOut-inputNoEmbIfLeq-10epochs-seed0.pt",
    "query": "'SELECT ss_sales_price FROM store_sales_1G.csv WHERE ss_quantity<=43.0'",
    "avg_est": 36.707069396972656,
    "avg_real": 37.87358084605124,
    "avg_err": 0.03080013621685857,
    "count_est": 1184988.4774899483,
    "count_real": 1182349,
    "count_err": 0.0022324013383089704,
    "sum_est": 43497454.2778365,
    "sum_real": 43726564.03,
    "sum_err": 0.005239601081079948,
    "query_dur_ms_est": 28.311491012573242,
    "query_dur_ms_real": 103.47795486450195,
    "query_dur_ms_err": 0.726400748356059,
    "order": [
        0,
        1,
        3,
        2
    ],
    "groupby": false
}