{
    "timestamp": "2022-07-20 23:09:08.181133",
    "dataset": "store_sales_1G.csv",
    "model": "store_sales_1G.csv-25.2MB-model31.979-data21.205-made-resmade-hidden256_256_256_256_256-emb32-directIo-binaryInone_hotOut-inputNoEmbIfLeq-10epochs-seed0.pt",
    "query": "'SELECT ss_sold_date_sk FROM store_sales_1G.csv WHERE ss_sales_price>=172.1 AND ss_quantity>=63.0<=81.0'",
    "avg_est": 2341895.25,
    "avg_real": 2451791.7810858143,
    "avg_err": 0.044822946195351446,
    "count_est": 584.831085187383,
    "count_real": 583,
    "count_err": 0.0031407979200394442,
    "sum_est": 1369613140.4526775,
    "sum_real": 1399973107.0,
    "sum_err": 0.021686106965569385,
    "query_dur_ms_est": 32.085418701171875,
    "query_dur_ms_real": 103.47795486450195,
    "query_dur_ms_err": 0.6899299107410292,
    "order": [
        1,
        2,
        3,
        0
    ],
    "groupby": false
}