{
    "timestamp": "2022-07-20 23:08:10.614373",
    "dataset": "store_sales_1G.csv",
    "model": "store_sales_1G.csv-25.2MB-model31.979-data21.205-made-resmade-hidden256_256_256_256_256-emb32-directIo-binaryInone_hotOut-inputNoEmbIfLeq-10epochs-seed0.pt",
    "query": "'SELECT ss_sold_date_sk FROM store_sales_1G.csv WHERE ss_quantity<=46.0'",
    "avg_est": 2341895.25,
    "avg_real": 2451778.491111268,
    "avg_err": 0.04481776861557476,
    "count_est": 1264658.7705464363,
    "count_real": 1264812,
    "count_err": 0.00012114800742220203,
    "sum_est": 2961698367613.539,
    "sum_real": 3028198969707.0,
    "sum_err": 0.02196044670733619,
    "query_dur_ms_est": 28.695106506347656,
    "query_dur_ms_real": 103.47795486450195,
    "query_dur_ms_err": 0.7226935288398177,
    "order": [
        1,
        2,
        3,
        0
    ],
    "groupby": false
}