{
    "timestamp": "2022-07-20 23:09:03.775777",
    "dataset": "store_sales_1G.csv",
    "model": "store_sales_1G.csv-25.2MB-model31.979-data21.205-made-resmade-hidden256_256_256_256_256-emb32-directIo-binaryInone_hotOut-inputNoEmbIfLeq-10epochs-seed0.pt",
    "query": "'SELECT ss_sold_date_sk FROM store_sales_1G.csv WHERE ss_sales_price=59.91 AND ss_quantity>=5.0<=91.0'",
    "avg_est": 2341895.25,
    "avg_real": 2451699.0364963505,
    "avg_err": 0.0447868130883095,
    "count_est": 139.78856480344257,
    "count_real": 141,
    "count_err": 0.008591738982676818,
    "sum_est": 327370175.91749936,
    "sum_real": 335882768.0,
    "sum_err": 0.025343938104322866,
    "query_dur_ms_est": 29.713153839111328,
    "query_dur_ms_real": 103.47795486450195,
    "query_dur_ms_err": 0.7128552272025585,
    "order": [
        1,
        2,
        3,
        0
    ],
    "groupby": false
}