{
    "timestamp": "2022-07-20 23:08:09.476875",
    "dataset": "store_sales_1G.csv",
    "model": "store_sales_1G.csv-25.2MB-model31.979-data21.205-made-resmade-hidden256_256_256_256_256-emb32-directIo-binaryInone_hotOut-inputNoEmbIfLeq-10epochs-seed0.pt",
    "query": "'SELECT ss_sold_date_sk FROM store_sales_1G.csv WHERE ss_sales_price=166.75 AND ss_quantity>=32.0<=76.0'",
    "avg_est": 2341895.25,
    "avg_real": 2451900.3333333335,
    "avg_err": 0.0448652344623579,
    "count_est": 4.166278908478489,
    "count_real": 3,
    "count_err": 0.3887596361594963,
    "sum_est": 9756988.785940958,
    "sum_real": 7355701.0,
    "sum_err": 0.3264526094713418,
    "query_dur_ms_est": 32.1958065032959,
    "query_dur_ms_real": 103.47795486450195,
    "query_dur_ms_err": 0.6888631347086988,
    "order": [
        1,
        2,
        3,
        0
    ],
    "groupby": false
}