{
    "timestamp": "2022-07-20 23:09:29.940903",
    "dataset": "store_sales_1G.csv",
    "model": "store_sales_1G.csv-25.2MB-model31.979-data21.205-made-resmade-hidden256_256_256_256_256-emb32-directIo-binaryInone_hotOut-inputNoEmbIfLeq-10epochs-seed0.pt",
    "query": "'SELECT ss_quantity FROM store_sales_1G.csv WHERE ss_sales_price<=147.59'",
    "avg_est": 48.63489532470703,
    "avg_real": 50.51348062582293,
    "avg_err": 0.03718978137799415,
    "count_est": 2729391.360360861,
    "count_real": 2728953,
    "count_err": 0.00016063316622192637,
    "sum_est": 132743663.1113102,
    "sum_real": 134581450.0,
    "sum_err": 0.0136555735481361,
    "query_dur_ms_est": 29.181480407714844,
    "query_dur_ms_real": 103.47795486450195,
    "query_dur_ms_err": 0.7179932629522278,
    "order": [
        0,
        1,
        2,
        3
    ],
    "groupby": false
}