{
    "timestamp": "2022-07-20 23:10:04.577252",
    "dataset": "store_sales_1G.csv",
    "model": "store_sales_1G.csv-25.2MB-model31.979-data21.205-made-resmade-hidden256_256_256_256_256-emb32-directIo-binaryInone_hotOut-inputNoEmbIfLeq-10epochs-seed0.pt",
    "query": "'SELECT ss_sales_price FROM store_sales_1G.csv WHERE ss_sold_date_sk>=2451630.0 AND ss_quantity>=52.0<=93.0'",
    "avg_est": 37.439510345458984,
    "avg_real": 37.88275285477405,
    "avg_err": 0.011700377504619613,
    "count_est": 644981.2729087472,
    "count_real": 645868,
    "count_err": 0.0013729230914874305,
    "sum_est": 24147783.039694346,
    "sum_real": 24171241.99,
    "sum_err": 0.0009705314404347609,
    "query_dur_ms_est": 28.45907211303711,
    "query_dur_ms_real": 103.47795486450195,
    "query_dur_ms_err": 0.7249745402264423,
    "order": [
        0,
        1,
        3,
        2
    ],
    "groupby": false
}