{
    "timestamp": "2022-07-20 23:10:46.365974",
    "dataset": "store_sales_1G.csv",
    "model": "store_sales_1G.csv-25.2MB-model31.979-data21.205-made-resmade-hidden256_256_256_256_256-emb32-directIo-binaryInone_hotOut-inputNoEmbIfLeq-10epochs-seed0.pt",
    "query": "'SELECT ss_sold_date_sk FROM store_sales_1G.csv WHERE ss_sales_price>=67.0'",
    "avg_est": 2341895.25,
    "avg_real": 2451777.6348145786,
    "avg_err": 0.04481743501297934,
    "count_est": 538221.0320055485,
    "count_real": 526286,
    "count_err": 0.022677844376533817,
    "sum_est": 1260457278303.8918,
    "sum_real": 1259728252323.0,
    "sum_err": 0.0005787168617894268,
    "query_dur_ms_est": 30.150890350341797,
    "query_dur_ms_real": 103.47795486450195,
    "query_dur_ms_err": 0.7086249879037275,
    "order": [
        1,
        2,
        3,
        0
    ],
    "groupby": false
}