{
    "timestamp": "2022-07-20 23:10:29.060885",
    "dataset": "store_sales_1G.csv",
    "model": "store_sales_1G.csv-25.2MB-model31.979-data21.205-made-resmade-hidden256_256_256_256_256-emb32-directIo-binaryInone_hotOut-inputNoEmbIfLeq-10epochs-seed0.pt",
    "query": "'SELECT ss_quantity FROM store_sales_1G.csv WHERE ss_sales_price<=135.23'",
    "avg_est": 48.79237365722656,
    "avg_real": 50.51301617327154,
    "avg_err": 0.034063349338371844,
    "count_est": 2700693.2777576447,
    "count_real": 2707425,
    "count_err": 0.0024863928797124006,
    "sum_est": 131773235.54191096,
    "sum_real": 133518530.0,
    "sum_err": 0.013071552376206049,
    "query_dur_ms_est": 31.39781951904297,
    "query_dur_ms_real": 103.47795486450195,
    "query_dur_ms_err": 0.6965747964370141,
    "order": [
        0,
        1,
        2,
        3
    ],
    "groupby": false
}