{
    "timestamp": "2022-07-20 23:08:34.059029",
    "dataset": "store_sales_1G.csv",
    "model": "store_sales_1G.csv-25.2MB-model31.979-data21.205-made-resmade-hidden256_256_256_256_256-emb32-directIo-binaryInone_hotOut-inputNoEmbIfLeq-10epochs-seed0.pt",
    "query": "'SELECT ss_sold_date_sk FROM store_sales_1G.csv WHERE ss_sales_price=120.48'",
    "avg_est": 2341895.25,
    "avg_real": 2451860.1860465114,
    "avg_err": 0.04484959487996898,
    "count_est": 33.30721971606545,
    "count_real": 43,
    "count_err": 0.22541349497522217,
    "sum_est": 78002019.64376003,
    "sum_real": 105429988.0,
    "sum_err": 0.26015338592507453,
    "query_dur_ms_est": 30.391216278076172,
    "query_dur_ms_real": 103.47795486450195,
    "query_dur_ms_err": 0.7063025035828007,
    "order": [
        1,
        2,
        3,
        0
    ],
    "groupby": false
}