{
    "timestamp": "2022-07-20 23:08:38.372476",
    "dataset": "store_sales_1G.csv",
    "model": "store_sales_1G.csv-25.2MB-model31.979-data21.205-made-resmade-hidden256_256_256_256_256-emb32-directIo-binaryInone_hotOut-inputNoEmbIfLeq-10epochs-seed0.pt",
    "query": "'SELECT ss_sold_date_sk FROM store_sales_1G.csv WHERE ss_sales_price>=93.52'",
    "avg_est": 2341895.25,
    "avg_real": 2451777.269089678,
    "avg_err": 0.04481729253101201,
    "count_est": 240235.23254701495,
    "count_real": 235917,
    "count_err": 0.018304032973524384,
    "sum_est": 562605749984.4998,
    "sum_real": 564759538603.0,
    "sum_err": 0.0038136383208823652,
    "query_dur_ms_est": 30.632495880126953,
    "query_dur_ms_real": 103.47795486450195,
    "query_dur_ms_err": 0.7039708030542512,
    "order": [
        1,
        2,
        3,
        0
    ],
    "groupby": false
}