{
    "timestamp": "2022-07-20 23:08:05.040489",
    "dataset": "store_sales_1G.csv",
    "model": "store_sales_1G.csv-25.2MB-model31.979-data21.205-made-resmade-hidden256_256_256_256_256-emb32-directIo-binaryInone_hotOut-inputNoEmbIfLeq-10epochs-seed0.pt",
    "query": "'SELECT ss_sales_price FROM store_sales_1G.csv WHERE ss_quantity<=96.0'",
    "avg_est": 36.552391052246094,
    "avg_real": 37.885915595409195,
    "avg_err": 0.03519842459145134,
    "count_est": 2651867.993947029,
    "count_real": 2639976,
    "count_err": 0.004504584112518112,
    "sum_est": 96932115.93368718,
    "sum_real": 97656857.65000008,
    "sum_err": 0.007421308997165952,
    "query_dur_ms_est": 29.342174530029297,
    "query_dur_ms_real": 103.47795486450195,
    "query_dur_ms_err": 0.7164403319677985,
    "order": [
        0,
        1,
        3,
        2
    ],
    "groupby": false
}