{
    "timestamp": "2022-07-20 23:09:10.366546",
    "dataset": "store_sales_1G.csv",
    "model": "store_sales_1G.csv-25.2MB-model31.979-data21.205-made-resmade-hidden256_256_256_256_256-emb32-directIo-binaryInone_hotOut-inputNoEmbIfLeq-10epochs-seed0.pt",
    "query": "'SELECT ss_sales_price FROM store_sales_1G.csv WHERE ss_quantity<=66.0'",
    "avg_est": 36.489078521728516,
    "avg_real": 37.873218455095504,
    "avg_err": 0.03654666779925498,
    "count_est": 1819181.3367159367,
    "count_real": 1814620,
    "count_err": 0.0025136594526328714,
    "sum_est": 66380250.640690856,
    "sum_real": 67102253.530000016,
    "sum_err": 0.010759741310124077,
    "query_dur_ms_est": 28.36465835571289,
    "query_dur_ms_real": 103.47795486450195,
    "query_dur_ms_err": 0.7258869447810921,
    "order": [
        0,
        1,
        3,
        2
    ],
    "groupby": false
}