{
    "timestamp": "2022-07-20 23:09:07.152566",
    "dataset": "store_sales_1G.csv",
    "model": "store_sales_1G.csv-25.2MB-model31.979-data21.205-made-resmade-hidden256_256_256_256_256-emb32-directIo-binaryInone_hotOut-inputNoEmbIfLeq-10epochs-seed0.pt",
    "query": "'SELECT ss_sold_date_sk FROM store_sales_1G.csv WHERE ss_quantity<=66.0'",
    "avg_est": 2341895.25,
    "avg_real": 2451778.081824852,
    "avg_err": 0.04481760916268027,
    "count_est": 1823543.005756855,
    "count_real": 1814620,
    "count_err": 0.004917286129798531,
    "sum_est": 4270546703352.701,
    "sum_real": 4343962334254.0,
    "sum_err": 0.016900614059745682,
    "query_dur_ms_est": 28.6562442779541,
    "query_dur_ms_real": 103.47795486450195,
    "query_dur_ms_err": 0.7230690893004438,
    "order": [
        1,
        2,
        3,
        0
    ],
    "groupby": false
}