{
    "timestamp": "2022-07-20 23:09:51.022860",
    "dataset": "store_sales_1G.csv",
    "model": "store_sales_1G.csv-25.2MB-model31.979-data21.205-made-resmade-hidden256_256_256_256_256-emb32-directIo-binaryInone_hotOut-inputNoEmbIfLeq-10epochs-seed0.pt",
    "query": "'SELECT ss_sold_date_sk FROM store_sales_1G.csv WHERE ss_sales_price>=36.7<=186.42'",
    "avg_est": 2341895.25,
    "avg_real": 2451777.6521191727,
    "avg_err": 0.04481744175463743,
    "count_est": 1133779.1694202423,
    "count_real": 1117691,
    "count_err": 0.014394111986445546,
    "sum_est": 2655192051414.211,
    "sum_real": 2675678890866.0,
    "sum_err": 0.00765668837233244,
    "query_dur_ms_est": 30.250072479248047,
    "query_dur_ms_real": 103.47795486450195,
    "query_dur_ms_err": 0.7076665023109641,
    "order": [
        1,
        2,
        3,
        0
    ],
    "groupby": false
}