{
    "timestamp": "2022-07-20 23:08:41.742154",
    "dataset": "store_sales_1G.csv",
    "model": "store_sales_1G.csv-25.2MB-model31.979-data21.205-made-resmade-hidden256_256_256_256_256-emb32-directIo-binaryInone_hotOut-inputNoEmbIfLeq-10epochs-seed0.pt",
    "query": "'SELECT ss_sold_date_sk FROM store_sales_1G.csv WHERE ss_sales_price>=104.13 AND ss_quantity>=23.0'",
    "avg_est": 2341895.25,
    "avg_real": 2451774.627349478,
    "avg_err": 0.04481626333994029,
    "count_est": 127177.75148843229,
    "count_real": 123899,
    "count_err": 0.026463098882414614,
    "sum_est": 297836972116.44,
    "sum_real": 300278645710.0,
    "sum_err": 0.008131359417139812,
    "query_dur_ms_est": 30.821800231933594,
    "query_dur_ms_real": 103.47795486450195,
    "query_dur_ms_err": 0.7021413858411403,
    "order": [
        1,
        2,
        3,
        0
    ],
    "groupby": false
}