{
    "timestamp": "2022-07-20 23:09:00.622711",
    "dataset": "store_sales_1G.csv",
    "model": "store_sales_1G.csv-25.2MB-model31.979-data21.205-made-resmade-hidden256_256_256_256_256-emb32-directIo-binaryInone_hotOut-inputNoEmbIfLeq-10epochs-seed0.pt",
    "query": "'SELECT ss_quantity FROM store_sales_1G.csv WHERE ss_sold_date_sk>=2452023.0'",
    "avg_est": 49.405033111572266,
    "avg_real": 50.49305398822502,
    "avg_err": 0.02154793166019394,
    "count_est": 1003026.1004760265,
    "count_real": 1002881,
    "count_err": 0.00014468364245262902,
    "sum_est": 49554537.7057893,
    "sum_real": 49442546.0,
    "sum_err": 0.0022650877604340567,
    "query_dur_ms_est": 28.642654418945312,
    "query_dur_ms_real": 103.47795486450195,
    "query_dur_ms_err": 0.7232004202590676,
    "order": [
        0,
        1,
        2,
        3
    ],
    "groupby": false
}