{
    "timestamp": "2022-07-20 23:08:06.110473",
    "dataset": "store_sales_1G.csv",
    "model": "store_sales_1G.csv-25.2MB-model31.979-data21.205-made-resmade-hidden256_256_256_256_256-emb32-directIo-binaryInone_hotOut-inputNoEmbIfLeq-10epochs-seed0.pt",
    "query": "'SELECT ss_quantity FROM store_sales_1G.csv WHERE ss_sold_date_sk=2451748.0 AND ss_sales_price<=160.97'",
    "avg_est": 49.7852783203125,
    "avg_real": 50.95091164095372,
    "avg_err": 0.022877575358323875,
    "count_est": 705.5319136058679,
    "count_real": 729,
    "count_err": 0.03219216240621689,
    "sum_est": 35125.10268273081,
    "sum_real": 36328.0,
    "sum_err": 0.03311212610848908,
    "query_dur_ms_est": 30.249834060668945,
    "query_dur_ms_real": 103.47795486450195,
    "query_dur_ms_err": 0.7076688063628698,
    "order": [
        0,
        1,
        2,
        3
    ],
    "groupby": false
}