{
    "timestamp": "2022-07-20 23:10:26.862217",
    "dataset": "store_sales_1G.csv",
    "model": "store_sales_1G.csv-25.2MB-model31.979-data21.205-made-resmade-hidden256_256_256_256_256-emb32-directIo-binaryInone_hotOut-inputNoEmbIfLeq-10epochs-seed0.pt",
    "query": "'SELECT ss_sold_date_sk FROM store_sales_1G.csv WHERE ss_sales_price>=69.9<=89.57'",
    "avg_est": 2341895.25,
    "avg_real": 2451777.335865695,
    "avg_err": 0.04481731854613825,
    "count_est": 220440.9723625481,
    "count_real": 217238,
    "count_err": 0.014744070386157637,
    "sum_est": 516249666081.2327,
    "sum_real": 519911642957.0,
    "sum_err": 0.007043460028976773,
    "query_dur_ms_est": 32.196044921875,
    "query_dur_ms_real": 103.47795486450195,
    "query_dur_ms_err": 0.688860830656793,
    "order": [
        1,
        2,
        3,
        0
    ],
    "groupby": false
}