{
    "timestamp": "2022-07-20 23:07:58.156193",
    "dataset": "store_sales_1G.csv",
    "model": "store_sales_1G.csv-25.2MB-model31.979-data21.205-made-resmade-hidden256_256_256_256_256-emb32-directIo-binaryInone_hotOut-inputNoEmbIfLeq-10epochs-seed0.pt",
    "query": "'SELECT ss_sold_date_sk FROM store_sales_1G.csv WHERE ss_quantity<=33.0'",
    "avg_est": 2341895.25,
    "avg_real": 2451778.1418458936,
    "avg_err": 0.04481763254613445,
    "count_est": 913912.5063728094,
    "count_real": 906871,
    "count_err": 0.007764617429391181,
    "sum_est": 2140287357590.0771,
    "sum_real": 2171316788422.0,
    "sum_err": 0.01429060512836242,
    "query_dur_ms_est": 29.779911041259766,
    "query_dur_ms_real": 103.47795486450195,
    "query_dur_ms_err": 0.7122100926689676,
    "order": [
        1,
        2,
        3,
        0
    ],
    "groupby": false
}