{
    "timestamp": "2022-07-20 23:10:56.257482",
    "dataset": "store_sales_1G.csv",
    "model": "store_sales_1G.csv-25.2MB-model31.979-data21.205-made-resmade-hidden256_256_256_256_256-emb32-directIo-binaryInone_hotOut-inputNoEmbIfLeq-10epochs-seed0.pt",
    "query": "'SELECT ss_quantity FROM store_sales_1G.csv WHERE ss_sold_date_sk<=2451604.0'",
    "avg_est": 49.222900390625,
    "avg_real": 50.5229098434983,
    "avg_err": 0.025731088270652985,
    "count_est": 1151719.183745265,
    "count_real": 1152089,
    "count_err": 0.0003209962552675991,
    "sum_est": 56690958.65946511,
    "sum_real": 56830392.0,
    "sum_err": 0.0024534995383260457,
    "query_dur_ms_est": 28.234004974365234,
    "query_dur_ms_real": 103.47795486450195,
    "query_dur_ms_err": 0.7271495652254054,
    "order": [
        0,
        1,
        2,
        3
    ],
    "groupby": false
}