{
    "timestamp": "2022-07-20 23:07:54.872592",
    "dataset": "store_sales_1G.csv",
    "model": "store_sales_1G.csv-25.2MB-model31.979-data21.205-made-resmade-hidden256_256_256_256_256-emb32-directIo-binaryInone_hotOut-inputNoEmbIfLeq-10epochs-seed0.pt",
    "query": "'SELECT ss_sales_price FROM store_sales_1G.csv WHERE ss_sold_date_sk<=2451729.0 AND ss_quantity>=6.0<=59.0'",
    "avg_est": 37.23979568481445,
    "avg_real": 37.905780996548486,
    "avg_err": 0.017569491888181243,
    "count_est": 664735.873752594,
    "count_real": 664019,
    "count_err": 0.0010795982533541874,
    "sum_est": 24754628.122913215,
    "sum_real": 24864069.61,
    "sum_err": 0.004401591887547168,
    "query_dur_ms_est": 29.819250106811523,
    "query_dur_ms_real": 103.47795486450195,
    "query_dur_ms_err": 0.7118299241045303,
    "order": [
        0,
        1,
        3,
        2
    ],
    "groupby": false
}