{
    "timestamp": "2022-07-20 23:09:22.432353",
    "dataset": "store_sales_1G.csv",
    "model": "store_sales_1G.csv-25.2MB-model31.979-data21.205-made-resmade-hidden256_256_256_256_256-emb32-directIo-binaryInone_hotOut-inputNoEmbIfLeq-10epochs-seed0.pt",
    "query": "'SELECT ss_quantity FROM store_sales_1G.csv WHERE ss_sales_price>=76.41<=122.87'",
    "avg_est": 48.51190948486328,
    "avg_real": 50.591859313491966,
    "avg_err": 0.04111234212089925,
    "count_est": 333204.152356416,
    "count_real": 326893,
    "count_err": 0.019306477521439696,
    "sum_est": 16164369.679095047,
    "sum_real": 16142041.0,
    "sum_err": 0.0013832624446342688,
    "query_dur_ms_est": 30.236005783081055,
    "query_dur_ms_real": 103.47795486450195,
    "query_dur_ms_err": 0.7078024413733992,
    "order": [
        0,
        1,
        2,
        3
    ],
    "groupby": false
}