{
    "timestamp": "2022-07-20 23:11:07.067376",
    "dataset": "store_sales_1G.csv",
    "model": "store_sales_1G.csv-25.2MB-model31.979-data21.205-made-resmade-hidden256_256_256_256_256-emb32-directIo-binaryInone_hotOut-inputNoEmbIfLeq-10epochs-seed0.pt",
    "query": "'SELECT ss_quantity FROM store_sales_1G.csv WHERE ss_sales_price>=10.63<=54.69'",
    "avg_est": 48.58415222167969,
    "avg_real": 50.479452911733496,
    "avg_err": 0.037545983181867304,
    "count_est": 1304789.473589301,
    "count_real": 1309776,
    "count_err": 0.003807159705704556,
    "sum_est": 63392090.40210792,
    "sum_real": 64555295.0,
    "sum_err": 0.018018732590286874,
    "query_dur_ms_est": 29.038190841674805,
    "query_dur_ms_real": 103.47795486450195,
    "query_dur_ms_err": 0.7193779981475422,
    "order": [
        0,
        1,
        2,
        3
    ],
    "groupby": false
}