{
    "timestamp": "2022-07-20 23:08:48.257262",
    "dataset": "store_sales_1G.csv",
    "model": "store_sales_1G.csv-25.2MB-model31.979-data21.205-made-resmade-hidden256_256_256_256_256-emb32-directIo-binaryInone_hotOut-inputNoEmbIfLeq-10epochs-seed0.pt",
    "query": "'SELECT ss_sales_price FROM store_sales_1G.csv WHERE ss_sold_date_sk<=2451215.0'",
    "avg_est": 37.08110809326172,
    "avg_real": 37.88505324065195,
    "avg_err": 0.021220641879092568,
    "count_est": 587066.7463855743,
    "count_real": 587289,
    "count_err": 0.00037843994085647644,
    "sum_est": 21769085.480682947,
    "sum_real": 21724577.62000001,
    "sum_err": 0.0020487330737313653,
    "query_dur_ms_est": 28.534412384033203,
    "query_dur_ms_real": 103.47795486450195,
    "query_dur_ms_err": 0.724246459824247,
    "order": [
        0,
        1,
        3,
        2
    ],
    "groupby": false
}