{
    "timestamp": "2022-07-20 23:10:15.016086",
    "dataset": "store_sales_1G.csv",
    "model": "store_sales_1G.csv-25.2MB-model31.979-data21.205-made-resmade-hidden256_256_256_256_256-emb32-directIo-binaryInone_hotOut-inputNoEmbIfLeq-10epochs-seed0.pt",
    "query": "'SELECT ss_quantity FROM store_sales_1G.csv WHERE ss_sold_date_sk=2451659.0'",
    "avg_est": 48.66261291503906,
    "avg_real": 49.681067344345614,
    "avg_err": 0.020499850018267884,
    "count_est": 816.4636047817767,
    "count_real": 807,
    "count_err": 0.011726895640367616,
    "sum_est": 39731.252358713034,
    "sum_real": 39099.0,
    "sum_err": 0.016170550620553836,
    "query_dur_ms_est": 28.034448623657227,
    "query_dur_ms_real": 103.47795486450195,
    "query_dur_ms_err": 0.7290780566704607,
    "order": [
        0,
        1,
        2,
        3
    ],
    "groupby": false
}