{
    "timestamp": "2022-07-20 23:09:54.382548",
    "dataset": "store_sales_1G.csv",
    "model": "store_sales_1G.csv-25.2MB-model31.979-data21.205-made-resmade-hidden256_256_256_256_256-emb32-directIo-binaryInone_hotOut-inputNoEmbIfLeq-10epochs-seed0.pt",
    "query": "'SELECT ss_quantity FROM store_sales_1G.csv WHERE ss_sold_date_sk>=2451991.0 AND ss_sales_price>=169.74'",
    "avg_est": 49.698020935058594,
    "avg_real": 51.629235880398674,
    "avg_err": 0.037405452790620845,
    "count_est": 1395.9394114639144,
    "count_real": 1524,
    "count_err": 0.08402925756960995,
    "sum_est": 69375.42609500699,
    "sum_real": 77702.0,
    "sum_err": 0.10716035501007712,
    "query_dur_ms_est": 32.293081283569336,
    "query_dur_ms_real": 103.47795486450195,
    "query_dur_ms_err": 0.6879230815311808,
    "order": [
        0,
        1,
        2,
        3
    ],
    "groupby": false
}