{
    "timestamp": "2022-07-20 23:07:52.664375",
    "dataset": "store_sales_1G.csv",
    "model": "store_sales_1G.csv-25.2MB-model31.979-data21.205-made-resmade-hidden256_256_256_256_256-emb32-directIo-binaryInone_hotOut-inputNoEmbIfLeq-10epochs-seed0.pt",
    "query": "'SELECT ss_sales_price FROM store_sales_1G.csv WHERE ss_sold_date_sk>=2452518.0'",
    "avg_est": 37.06827926635742,
    "avg_real": 37.9026084930428,
    "avg_err": 0.022012448743165568,
    "count_est": 311548.7359728515,
    "count_real": 312032,
    "count_err": 0.0015487643163152663,
    "sum_est": 11548575.550122315,
    "sum_real": 11549682.860000001,
    "sum_err": 9.587361757967807e-05,
    "query_dur_ms_est": 30.33924102783203,
    "query_dur_ms_real": 103.47795486450195,
    "query_dur_ms_err": 0.7068047868982392,
    "order": [
        0,
        1,
        3,
        2
    ],
    "groupby": false
}