{
    "timestamp": "2022-07-20 23:11:03.794671",
    "dataset": "store_sales_1G.csv",
    "model": "store_sales_1G.csv-25.2MB-model31.979-data21.205-made-resmade-hidden256_256_256_256_256-emb32-directIo-binaryInone_hotOut-inputNoEmbIfLeq-10epochs-seed0.pt",
    "query": "'SELECT ss_quantity FROM store_sales_1G.csv WHERE ss_sold_date_sk>=2452258.0<=2452430.0 AND ss_sales_price>=108.73<=151.96'",
    "avg_est": 49.5875244140625,
    "avg_real": 50.26751275351499,
    "avg_err": 0.013527391792523968,
    "count_est": 8605.625569577329,
    "count_real": 8134,
    "count_err": 0.05798199773510313,
    "sum_est": 426731.6680296963,
    "sum_real": 404000.0,
    "sum_err": 0.05626650502400068,
    "query_dur_ms_est": 30.847787857055664,
    "query_dur_ms_real": 103.47795486450195,
    "query_dur_ms_err": 0.7018902441834209,
    "order": [
        0,
        1,
        2,
        3
    ],
    "groupby": false
}