{
    "timestamp": "2022-07-20 23:08:51.792862",
    "dataset": "store_sales_1G.csv",
    "model": "store_sales_1G.csv-25.2MB-model31.979-data21.205-made-resmade-hidden256_256_256_256_256-emb32-directIo-binaryInone_hotOut-inputNoEmbIfLeq-10epochs-seed0.pt",
    "query": "'SELECT ss_quantity FROM store_sales_1G.csv WHERE ss_sold_date_sk>=2451206.0<=2451562.0 AND ss_sales_price<=23.1'",
    "avg_est": 49.62514114379883,
    "avg_real": 50.41923495090119,
    "avg_err": 0.015749818653052968,
    "count_est": 231899.1095532775,
    "count_real": 233656,
    "count_err": 0.007519132599729977,
    "sum_est": 11508026.042702664,
    "sum_real": 11639835.0,
    "sum_err": 0.01132395410221333,
    "query_dur_ms_est": 30.861616134643555,
    "query_dur_ms_real": 103.47795486450195,
    "query_dur_ms_err": 0.7017566091728914,
    "order": [
        0,
        1,
        2,
        3
    ],
    "groupby": false
}