{
    "timestamp": "2022-07-20 23:09:41.108488",
    "dataset": "store_sales_1G.csv",
    "model": "store_sales_1G.csv-25.2MB-model31.979-data21.205-made-resmade-hidden256_256_256_256_256-emb32-directIo-binaryInone_hotOut-inputNoEmbIfLeq-10epochs-seed0.pt",
    "query": "'SELECT ss_quantity FROM store_sales_1G.csv WHERE ss_sold_date_sk<=2451236.0 AND ss_sales_price>=5.16<=95.1'",
    "avg_est": 49.57710266113281,
    "avg_real": 50.49817845370959,
    "avg_err": 0.018239782518514137,
    "count_est": 453808.3574067354,
    "count_real": 455151,
    "count_err": 0.0029498838698906074,
    "sum_est": 22498503.523633774,
    "sum_real": 22704890.0,
    "sum_err": 0.009089957113477565,
    "query_dur_ms_est": 30.449867248535156,
    "query_dur_ms_real": 103.47795486450195,
    "query_dur_ms_err": 0.7057357068140031,
    "order": [
        0,
        1,
        2,
        3
    ],
    "groupby": false
}