{
    "timestamp": "2022-07-20 23:10:32.425052",
    "dataset": "store_sales_1G.csv",
    "model": "store_sales_1G.csv-25.2MB-model31.979-data21.205-made-resmade-hidden256_256_256_256_256-emb32-directIo-binaryInone_hotOut-inputNoEmbIfLeq-10epochs-seed0.pt",
    "query": "'SELECT ss_sold_date_sk FROM store_sales_1G.csv WHERE ss_sales_price>=101.67<=179.91'",
    "avg_est": 2341895.25,
    "avg_real": 2451776.4558690246,
    "avg_err": 0.04481697570999701,
    "count_est": 181081.37309014797,
    "count_real": 176255,
    "count_err": 0.027382900287356227,
    "sum_est": 424073607503.29535,
    "sum_real": 422009570690.0,
    "sum_err": 0.004890971571854588,
    "query_dur_ms_est": 33.15114974975586,
    "query_dur_ms_real": 103.47795486450195,
    "query_dur_ms_err": 0.6796307987226337,
    "order": [
        1,
        2,
        3,
        0
    ],
    "groupby": false
}