{
    "timestamp": "2022-07-20 23:08:21.818921",
    "dataset": "store_sales_1G.csv",
    "model": "store_sales_1G.csv-25.2MB-model31.979-data21.205-made-resmade-hidden256_256_256_256_256-emb32-directIo-binaryInone_hotOut-inputNoEmbIfLeq-10epochs-seed0.pt",
    "query": "'SELECT ss_sales_price FROM store_sales_1G.csv WHERE ss_sold_date_sk<=2451386.0'",
    "avg_est": 37.06768035888672,
    "avg_real": 37.92095404407918,
    "avg_err": 0.022501377053979713,
    "count_est": 733306.5303137302,
    "count_real": 734020,
    "count_err": 0.0009720030602296397,
    "sum_est": 27181972.070753627,
    "sum_real": 27176620.530000005,
    "sum_err": 0.000196917079800783,
    "query_dur_ms_est": 28.30648422241211,
    "query_dur_ms_real": 103.47795486450195,
    "query_dur_ms_err": 0.7264491334460783,
    "order": [
        0,
        1,
        3,
        2
    ],
    "groupby": false
}