{
    "timestamp": "2022-07-20 23:10:39.896729",
    "dataset": "store_sales_1G.csv",
    "model": "store_sales_1G.csv-25.2MB-model31.979-data21.205-made-resmade-hidden256_256_256_256_256-emb32-directIo-binaryInone_hotOut-inputNoEmbIfLeq-10epochs-seed0.pt",
    "query": "'SELECT ss_sold_date_sk FROM store_sales_1G.csv WHERE ss_quantity>=43.0'",
    "avg_est": 2341895.25,
    "avg_real": 2451777.6519011185,
    "avg_err": 0.04481744166968615,
    "count_est": 1596766.4322695732,
    "count_real": 1595940,
    "count_err": 0.0005178341726964746,
    "sum_est": 3739459723091.56,
    "sum_real": 3820136825426.0,
    "sum_err": 0.021118903856393492,
    "query_dur_ms_est": 28.799772262573242,
    "query_dur_ms_real": 103.47795486450195,
    "query_dur_ms_err": 0.7216820500532236,
    "order": [
        1,
        2,
        3,
        0
    ],
    "groupby": false
}