{
    "timestamp": "2022-07-20 23:11:01.699931",
    "dataset": "store_sales_1G.csv",
    "model": "store_sales_1G.csv-25.2MB-model31.979-data21.205-made-resmade-hidden256_256_256_256_256-emb32-directIo-binaryInone_hotOut-inputNoEmbIfLeq-10epochs-seed0.pt",
    "query": "'SELECT ss_quantity FROM store_sales_1G.csv WHERE ss_sales_price>=23.83'",
    "avg_est": 48.59381103515625,
    "avg_real": 50.52186258312662,
    "avg_err": 0.03816271707714718,
    "count_est": 1512493.767161131,
    "count_real": 1498415,
    "count_err": 0.009395772974196671,
    "sum_est": 73497836.31327961,
    "sum_real": 73912424.0,
    "sum_err": 0.005609174537698644,
    "query_dur_ms_est": 29.68001365661621,
    "query_dur_ms_real": 103.47795486450195,
    "query_dur_ms_err": 0.7131754904174481,
    "order": [
        0,
        1,
        2,
        3
    ],
    "groupby": false
}