{
    "timestamp": "2022-07-20 23:10:44.193846",
    "dataset": "store_sales_1G.csv",
    "model": "store_sales_1G.csv-25.2MB-model31.979-data21.205-made-resmade-hidden256_256_256_256_256-emb32-directIo-binaryInone_hotOut-inputNoEmbIfLeq-10epochs-seed0.pt",
    "query": "'SELECT ss_sales_price FROM store_sales_1G.csv WHERE ss_sold_date_sk=2451701.0'",
    "avg_est": 37.02456283569336,
    "avg_real": 36.93201692524683,
    "avg_err": 0.002505845013389106,
    "count_est": 736.8697908900212,
    "count_real": 736,
    "count_err": 0.0011817811005723502,
    "sum_est": 27282.281874531818,
    "sum_real": 26184.8,
    "sum_err": 0.04191293706775759,
    "query_dur_ms_est": 28.007030487060547,
    "query_dur_ms_real": 103.47795486450195,
    "query_dur_ms_err": 0.729343022639614,
    "order": [
        0,
        1,
        3,
        2
    ],
    "groupby": false
}