{
    "timestamp": "2022-07-20 23:10:30.161896",
    "dataset": "store_sales_1G.csv",
    "model": "store_sales_1G.csv-25.2MB-model31.979-data21.205-made-resmade-hidden256_256_256_256_256-emb32-directIo-binaryInone_hotOut-inputNoEmbIfLeq-10epochs-seed0.pt",
    "query": "'SELECT ss_sold_date_sk FROM store_sales_1G.csv WHERE ss_quantity>=79.0'",
    "avg_est": 2341895.25,
    "avg_real": 2451777.6304989355,
    "avg_err": 0.044817433331657594,
    "count_est": 603372.9589782357,
    "count_real": 605702,
    "count_err": 0.0038451928865420263,
    "sum_est": 1413036266609.5752,
    "sum_real": 1449782696689.0,
    "sum_err": 0.025346164058479906,
    "query_dur_ms_est": 30.3952693939209,
    "query_dur_ms_real": 103.47795486450195,
    "query_dur_ms_err": 0.7062633347004041,
    "order": [
        1,
        2,
        3,
        0
    ],
    "groupby": false
}