{
    "timestamp": "2022-07-20 23:09:13.771504",
    "dataset": "store_sales_1G.csv",
    "model": "store_sales_1G.csv-25.2MB-model31.979-data21.205-made-resmade-hidden256_256_256_256_256-emb32-directIo-binaryInone_hotOut-inputNoEmbIfLeq-10epochs-seed0.pt",
    "query": "'SELECT ss_sold_date_sk FROM store_sales_1G.csv WHERE ss_sales_price>=33.24'",
    "avg_est": 2341895.25,
    "avg_real": 2451777.698523447,
    "avg_err": 0.04481745983317422,
    "count_est": 1215992.553311944,
    "count_real": 1210694,
    "count_err": 0.004376459544644648,
    "sum_est": 2847727184636.6133,
    "sum_real": 2898356747421.0,
    "sum_err": 0.01746836818119013,
    "query_dur_ms_est": 29.803752899169922,
    "query_dur_ms_real": 103.47795486450195,
    "query_dur_ms_err": 0.7119796874783995,
    "order": [
        1,
        2,
        3,
        0
    ],
    "groupby": false
}