{
    "timestamp": "2022-07-20 23:08:27.516812",
    "dataset": "store_sales_1G.csv",
    "model": "store_sales_1G.csv-25.2MB-model31.979-data21.205-made-resmade-hidden256_256_256_256_256-emb32-directIo-binaryInone_hotOut-inputNoEmbIfLeq-10epochs-seed0.pt",
    "query": "'SELECT ss_sales_price FROM store_sales_1G.csv WHERE ss_quantity>=76.0'",
    "avg_est": 36.58542251586914,
    "avg_real": 37.92644435450513,
    "avg_err": 0.035358490927892484,
    "count_est": 688678.7413255572,
    "count_real": 688377,
    "count_err": 0.00043833731451985164,
    "sum_est": 25195602.72909246,
    "sum_real": 25488770.340000007,
    "sum_err": 0.011501834219419903,
    "query_dur_ms_est": 28.399944305419922,
    "query_dur_ms_real": 103.47795486450195,
    "query_dur_ms_err": 0.7255459450990512,
    "order": [
        0,
        1,
        3,
        2
    ],
    "groupby": false
}