{
    "timestamp": "2022-07-20 23:09:18.126426",
    "dataset": "store_sales_1G.csv",
    "model": "store_sales_1G.csv-25.2MB-model31.979-data21.205-made-resmade-hidden256_256_256_256_256-emb32-directIo-binaryInone_hotOut-inputNoEmbIfLeq-10epochs-seed0.pt",
    "query": "'SELECT ss_quantity FROM store_sales_1G.csv WHERE ss_sold_date_sk=2452028.0 AND ss_sales_price>=165.11'",
    "avg_est": 49.80965042114258,
    "avg_real": 50.333333333333336,
    "avg_err": 0.010404296268690548,
    "count_est": 1.4720703038005922,
    "count_real": 3,
    "count_err": 0.5093098987331359,
    "sum_est": 73.32330722765265,
    "sum_real": 151.0,
    "sum_err": 0.5144151839228301,
    "query_dur_ms_est": 31.586408615112305,
    "query_dur_ms_real": 103.47795486450195,
    "query_dur_ms_err": 0.6947522913796202,
    "order": [
        0,
        1,
        2,
        3
    ],
    "groupby": false
}