{
    "timestamp": "2022-07-20 23:08:30.716447",
    "dataset": "store_sales_1G.csv",
    "model": "store_sales_1G.csv-25.2MB-model31.979-data21.205-made-resmade-hidden256_256_256_256_256-emb32-directIo-binaryInone_hotOut-inputNoEmbIfLeq-10epochs-seed0.pt",
    "query": "'SELECT ss_quantity FROM store_sales_1G.csv WHERE ss_sold_date_sk<=2451165.0 AND ss_sales_price>=19.69'",
    "avg_est": 49.52946090698242,
    "avg_real": 50.45526733902038,
    "avg_err": 0.018349054139724513,
    "count_est": 297699.36373382807,
    "count_real": 296859,
    "count_err": 0.002830851460889068,
    "sum_est": 14744888.998088177,
    "sum_real": 14798429.0,
    "sum_err": 0.003617951737432582,
    "query_dur_ms_est": 29.581069946289062,
    "query_dur_ms_real": 103.47795486450195,
    "query_dur_ms_err": 0.7141316719583058,
    "order": [
        0,
        1,
        2,
        3
    ],
    "groupby": false
}