{
    "timestamp": "2022-07-20 23:09:23.438378",
    "dataset": "store_sales_1G.csv",
    "model": "store_sales_1G.csv-25.2MB-model31.979-data21.205-made-resmade-hidden256_256_256_256_256-emb32-directIo-binaryInone_hotOut-inputNoEmbIfLeq-10epochs-seed0.pt",
    "query": "'SELECT ss_sales_price FROM store_sales_1G.csv WHERE ss_quantity=84.0'",
    "avg_est": 36.44215774536133,
    "avg_real": 37.9902536407315,
    "avg_err": 0.040749817308678694,
    "count_est": 26766.31807724759,
    "count_real": 27494,
    "count_err": 0.026466935431454505,
    "sum_est": 975422.3856335732,
    "sum_real": 1020000.3200000001,
    "sum_err": 0.04370384351097742,
    "query_dur_ms_est": 28.106689453125,
    "query_dur_ms_real": 103.47795486450195,
    "query_dur_ms_err": 0.7283799289430393,
    "order": [
        0,
        1,
        3,
        2
    ],
    "groupby": false
}