{
    "timestamp": "2022-07-20 23:09:52.175449",
    "dataset": "store_sales_1G.csv",
    "model": "store_sales_1G.csv-25.2MB-model31.979-data21.205-made-resmade-hidden256_256_256_256_256-emb32-directIo-binaryInone_hotOut-inputNoEmbIfLeq-10epochs-seed0.pt",
    "query": "'SELECT ss_sales_price FROM store_sales_1G.csv WHERE ss_sold_date_sk>=2451703.0<=2452423.0 AND ss_quantity>=13.0'",
    "avg_est": 37.44417953491211,
    "avg_real": 37.867293974559175,
    "avg_err": 0.011173611717048788,
    "count_est": 935915.0278295279,
    "count_real": 937916,
    "count_err": 0.0021334236439853305,
    "sum_est": 35044570.33147111,
    "sum_real": 35088629.809999995,
    "sum_err": 0.0012556625541511003,
    "query_dur_ms_est": 28.697490692138672,
    "query_dur_ms_real": 103.47795486450195,
    "query_dur_ms_err": 0.7226704883207609,
    "order": [
        0,
        1,
        3,
        2
    ],
    "groupby": false
}