{
    "timestamp": "2022-07-20 23:08:54.040381",
    "dataset": "store_sales_1G.csv",
    "model": "store_sales_1G.csv-25.2MB-model31.979-data21.205-made-resmade-hidden256_256_256_256_256-emb32-directIo-binaryInone_hotOut-inputNoEmbIfLeq-10epochs-seed0.pt",
    "query": "'SELECT ss_sales_price FROM store_sales_1G.csv WHERE ss_sold_date_sk<=2451277.0 AND ss_quantity>=67.0<=92.0'",
    "avg_est": 37.19465255737305,
    "avg_real": 37.910042550544325,
    "avg_err": 0.018870725144068897,
    "count_est": 161747.0904366225,
    "count_real": 162683,
    "count_err": 0.005752964743565705,
    "sum_est": 6016126.83095617,
    "sum_real": 6094039.34,
    "sum_err": 0.012785035457915097,
    "query_dur_ms_est": 30.627012252807617,
    "query_dur_ms_real": 103.47795486450195,
    "query_dur_ms_err": 0.7040237962480819,
    "order": [
        0,
        1,
        3,
        2
    ],
    "groupby": false
}