{
    "timestamp": "2022-07-20 23:10:51.801377",
    "dataset": "store_sales_1G.csv",
    "model": "store_sales_1G.csv-25.2MB-model31.979-data21.205-made-resmade-hidden256_256_256_256_256-emb32-directIo-binaryInone_hotOut-inputNoEmbIfLeq-10epochs-seed0.pt",
    "query": "'SELECT ss_sold_date_sk FROM store_sales_1G.csv WHERE ss_sales_price<=71.78'",
    "avg_est": 2341895.25,
    "avg_real": 2451778.1328904056,
    "avg_err": 0.04481762905718736,
    "count_est": 2287590.597990036,
    "count_real": 2289712,
    "count_err": 0.0009264929432015857,
    "sum_est": 5357297555377.524,
    "sum_real": 5481143706549.0,
    "sum_err": 0.022594946931148926,
    "query_dur_ms_est": 28.874874114990234,
    "query_dur_ms_real": 103.47795486450195,
    "query_dur_ms_err": 0.720956273702934,
    "order": [
        1,
        2,
        3,
        0
    ],
    "groupby": false
}