{
    "timestamp": "2022-07-20 23:08:43.944076",
    "dataset": "store_sales_1G.csv",
    "model": "store_sales_1G.csv-25.2MB-model31.979-data21.205-made-resmade-hidden256_256_256_256_256-emb32-directIo-binaryInone_hotOut-inputNoEmbIfLeq-10epochs-seed0.pt",
    "query": "'SELECT ss_quantity FROM store_sales_1G.csv WHERE ss_sales_price>=131.14'",
    "avg_est": 48.95459747314453,
    "avg_real": 50.609981587363116,
    "avg_err": 0.03270864881389168,
    "count_est": 54839.645349361,
    "count_real": 52879,
    "count_err": 0.03707795815656503,
    "sum_est": 2684652.7636479703,
    "sum_real": 2611222.0,
    "sum_err": 0.028121225865885887,
    "query_dur_ms_est": 31.09598159790039,
    "query_dur_ms_real": 103.47795486450195,
    "query_dur_ms_err": 0.6994917261496068,
    "order": [
        0,
        1,
        2,
        3
    ],
    "groupby": false
}