{
    "timestamp": "2022-07-20 23:11:22.424529",
    "dataset": "store_sales_1G.csv",
    "model": "store_sales_1G.csv-25.2MB-model31.979-data21.205-made-resmade-hidden256_256_256_256_256-emb32-directIo-binaryInone_hotOut-inputNoEmbIfLeq-10epochs-seed0.pt",
    "query": "'SELECT ss_quantity FROM store_sales_1G.csv WHERE ss_sales_price<=127.97'",
    "avg_est": 48.672855377197266,
    "avg_real": 50.516399473815305,
    "avg_err": 0.036493972567732645,
    "count_est": 2690559.715330124,
    "count_real": 2689425,
    "count_err": 0.00042191744708400546,
    "sum_est": 130957223.90797617,
    "sum_real": 132640607.0,
    "sum_err": 0.012691310226165013,
    "query_dur_ms_est": 29.041528701782227,
    "query_dur_ms_real": 103.47795486450195,
    "query_dur_ms_err": 0.7193457414208627,
    "order": [
        0,
        1,
        2,
        3
    ],
    "groupby": false
}