{
    "timestamp": "2022-07-20 23:11:05.896453",
    "dataset": "store_sales_1G.csv",
    "model": "store_sales_1G.csv-25.2MB-model31.979-data21.205-made-resmade-hidden256_256_256_256_256-emb32-directIo-binaryInone_hotOut-inputNoEmbIfLeq-10epochs-seed0.pt",
    "query": "'SELECT ss_quantity FROM store_sales_1G.csv WHERE ss_sold_date_sk<=2451116.0 AND ss_sales_price>=167.69'",
    "avg_est": 49.789154052734375,
    "avg_real": 49.04294478527607,
    "avg_err": 0.015215425393508092,
    "count_est": 692.4598432505736,
    "count_real": 663,
    "count_err": 0.0444341527157973,
    "sum_est": 34476.989810935105,
    "sum_real": 31976.0,
    "sum_err": 0.07821459253612413,
    "query_dur_ms_est": 31.77475929260254,
    "query_dur_ms_real": 103.47795486450195,
    "query_dur_ms_err": 0.692932090374132,
    "order": [
        0,
        1,
        2,
        3
    ],
    "groupby": false
}