{
    "timestamp": "2022-07-20 23:09:53.299903",
    "dataset": "store_sales_1G.csv",
    "model": "store_sales_1G.csv-25.2MB-model31.979-data21.205-made-resmade-hidden256_256_256_256_256-emb32-directIo-binaryInone_hotOut-inputNoEmbIfLeq-10epochs-seed0.pt",
    "query": "'SELECT ss_sold_date_sk FROM store_sales_1G.csv WHERE ss_sales_price<=52.37'",
    "avg_est": 2341895.25,
    "avg_real": 2451778.0502970493,
    "avg_err": 0.04481759687983841,
    "count_est": 1964353.4087855816,
    "count_real": 1981468,
    "count_err": 0.008637329098637177,
    "sum_est": 4600309917356.262,
    "sum_real": 4743030836307.0,
    "sum_err": 0.030090658036257482,
    "query_dur_ms_est": 29.129743576049805,
    "query_dur_ms_real": 103.47795486450195,
    "query_dur_ms_err": 0.7184932422157606,
    "order": [
        1,
        2,
        3,
        0
    ],
    "groupby": false
}