{
    "timestamp": "2022-07-20 23:07:57.079999",
    "dataset": "store_sales_1G.csv",
    "model": "store_sales_1G.csv-25.2MB-model31.979-data21.205-made-resmade-hidden256_256_256_256_256-emb32-directIo-binaryInone_hotOut-inputNoEmbIfLeq-10epochs-seed0.pt",
    "query": "'SELECT ss_quantity FROM store_sales_1G.csv WHERE ss_sales_price>=154.24'",
    "avg_est": 48.747886657714844,
    "avg_real": 50.980306663759904,
    "avg_err": 0.04378985047636069,
    "count_est": 14629.586069062352,
    "count_real": 14114,
    "count_err": 0.03653011683876663,
    "sum_est": 713161.4035439356,
    "sum_real": 701540.0,
    "sum_err": 0.016565560828941506,
    "query_dur_ms_est": 33.11443328857422,
    "query_dur_ms_real": 103.47795486450195,
    "query_dur_ms_err": 0.6799856227161085,
    "order": [
        0,
        1,
        2,
        3
    ],
    "groupby": false
}