{
    "timestamp": "2022-07-20 23:09:14.840184",
    "dataset": "store_sales_1G.csv",
    "model": "store_sales_1G.csv-25.2MB-model31.979-data21.205-made-resmade-hidden256_256_256_256_256-emb32-directIo-binaryInone_hotOut-inputNoEmbIfLeq-10epochs-seed0.pt",
    "query": "'SELECT ss_quantity FROM store_sales_1G.csv WHERE ss_sold_date_sk<=2451732.0 AND ss_sales_price>=88.01<=160.88'",
    "avg_est": 49.739959716796875,
    "avg_real": 50.60624204344791,
    "avg_err": 0.017118092386849953,
    "count_est": 124530.81241227686,
    "count_real": 123262,
    "count_err": 0.010293621815943794,
    "sum_est": 6194157.59288664,
    "sum_real": 6161563.0,
    "sum_err": 0.005289987765545814,
    "query_dur_ms_est": 30.714035034179688,
    "query_dur_ms_real": 103.47795486450195,
    "query_dur_ms_err": 0.7031828173025082,
    "order": [
        0,
        1,
        2,
        3
    ],
    "groupby": false
}