{
    "timestamp": "2022-07-20 23:09:48.747906",
    "dataset": "store_sales_1G.csv",
    "model": "store_sales_1G.csv-25.2MB-model31.979-data21.205-made-resmade-hidden256_256_256_256_256-emb32-directIo-binaryInone_hotOut-inputNoEmbIfLeq-10epochs-seed0.pt",
    "query": "'SELECT ss_sold_date_sk FROM store_sales_1G.csv WHERE ss_sales_price>=52.99'",
    "avg_est": 2341895.25,
    "avg_real": 2451777.7955269148,
    "avg_err": 0.04481749762453484,
    "count_est": 769134.6241129637,
    "count_real": 757800,
    "count_err": 0.014957276475275371,
    "sum_est": 1801232722820.685,
    "sum_real": 1814050776688.0,
    "sum_err": 0.007065984057357799,
    "query_dur_ms_est": 30.528545379638672,
    "query_dur_ms_real": 103.47795486450195,
    "query_dur_ms_err": 0.7049753696851283,
    "order": [
        1,
        2,
        3,
        0
    ],
    "groupby": false
}