{
    "timestamp": "2022-07-20 23:11:19.185908",
    "dataset": "store_sales_1G.csv",
    "model": "store_sales_1G.csv-25.2MB-model31.979-data21.205-made-resmade-hidden256_256_256_256_256-emb32-directIo-binaryInone_hotOut-inputNoEmbIfLeq-10epochs-seed0.pt",
    "query": "'SELECT ss_quantity FROM store_sales_1G.csv WHERE ss_sales_price>=85.3'",
    "avg_est": 48.577598571777344,
    "avg_real": 50.57530194479672,
    "avg_err": 0.0394995837138033,
    "count_est": 316347.62349128723,
    "count_real": 308569,
    "count_err": 0.025208700456906662,
    "sum_est": 15367407.86309551,
    "sum_real": 15233989.0,
    "sum_err": 0.008757972918026312,
    "query_dur_ms_est": 30.434608459472656,
    "query_dur_ms_real": 103.47795486450195,
    "query_dur_ms_err": 0.7058831661359667,
    "order": [
        0,
        1,
        2,
        3
    ],
    "groupby": false
}