{
    "timestamp": "2022-07-20 23:09:24.462256",
    "dataset": "store_sales_1G.csv",
    "model": "store_sales_1G.csv-25.2MB-model31.979-data21.205-made-resmade-hidden256_256_256_256_256-emb32-directIo-binaryInone_hotOut-inputNoEmbIfLeq-10epochs-seed0.pt",
    "query": "'SELECT ss_quantity FROM store_sales_1G.csv WHERE ss_sold_date_sk=2451382.0 AND ss_sales_price>=44.91<=47.85'",
    "avg_est": 49.8568115234375,
    "avg_real": 48.55,
    "avg_err": 0.02691681819644702,
    "count_est": 20.921182557545762,
    "count_real": 20,
    "count_err": 0.04605912787728812,
    "sum_est": 1043.0634556189873,
    "sum_real": 971.0,
    "sum_err": 0.07421571124509505,
    "query_dur_ms_est": 29.10161018371582,
    "query_dur_ms_real": 103.47795486450195,
    "query_dur_ms_err": 0.718765120340631,
    "order": [
        0,
        1,
        2,
        3
    ],
    "groupby": false
}