{
    "timestamp": "2022-07-20 23:08:52.947158",
    "dataset": "store_sales_1G.csv",
    "model": "store_sales_1G.csv-25.2MB-model31.979-data21.205-made-resmade-hidden256_256_256_256_256-emb32-directIo-binaryInone_hotOut-inputNoEmbIfLeq-10epochs-seed0.pt",
    "query": "'SELECT ss_quantity FROM store_sales_1G.csv WHERE ss_sales_price<=102.63'",
    "avg_est": 48.751708984375,
    "avg_real": 50.507199494234484,
    "avg_err": 0.03475723317543824,
    "count_est": 2583894.4594061375,
    "count_real": 2579326,
    "count_err": 0.0017711834045550916,
    "sum_est": 125969270.73130697,
    "sum_real": 127185361.0,
    "sum_err": 0.009561558493300419,
    "query_dur_ms_est": 31.435728073120117,
    "query_dur_ms_real": 103.47795486450195,
    "query_dur_ms_err": 0.6962084521840108,
    "order": [
        0,
        1,
        2,
        3
    ],
    "groupby": false
}