{
    "timestamp": "2022-07-20 23:10:36.734546",
    "dataset": "store_sales_1G.csv",
    "model": "store_sales_1G.csv-25.2MB-model31.979-data21.205-made-resmade-hidden256_256_256_256_256-emb32-directIo-binaryInone_hotOut-inputNoEmbIfLeq-10epochs-seed0.pt",
    "query": "'SELECT ss_quantity FROM store_sales_1G.csv WHERE ss_sold_date_sk>=2452050.0<=2452104.0 AND ss_sales_price<=0.08'",
    "avg_est": 49.502159118652344,
    "avg_real": 52.54913294797688,
    "avg_err": 0.05798333213872452,
    "count_est": 559.7273264919058,
    "count_real": 527,
    "count_err": 0.06210118878919515,
    "sum_est": 27707.711179060196,
    "sum_real": 27273.0,
    "sum_err": 0.01593925050636878,
    "query_dur_ms_est": 28.462886810302734,
    "query_dur_ms_real": 103.47795486450195,
    "query_dur_ms_err": 0.7249376753959513,
    "order": [
        0,
        1,
        2,
        3
    ],
    "groupby": false
}