{
    "timestamp": "2022-07-20 23:10:14.008501",
    "dataset": "store_sales_1G.csv",
    "model": "store_sales_1G.csv-25.2MB-model31.979-data21.205-made-resmade-hidden256_256_256_256_256-emb32-directIo-binaryInone_hotOut-inputNoEmbIfLeq-10epochs-seed0.pt",
    "query": "'SELECT ss_quantity FROM store_sales_1G.csv WHERE ss_sold_date_sk<=2451611.0 AND ss_sales_price=117.07'",
    "avg_est": 49.70581817626953,
    "avg_real": 49.45454545454545,
    "avg_err": 0.005080882240744224,
    "count_est": 21.52289376862427,
    "count_real": 23,
    "count_err": 0.06422201005981427,
    "sum_est": 1069.8130442904026,
    "sum_real": 1088.0,
    "sum_err": 0.016715951938968236,
    "query_dur_ms_est": 30.66849708557129,
    "query_dur_ms_real": 103.47795486450195,
    "query_dur_ms_err": 0.7036228912164934,
    "order": [
        0,
        1,
        2,
        3
    ],
    "groupby": false
}