{
    "timestamp": "2022-07-20 23:11:21.271369",
    "dataset": "store_sales_1G.csv",
    "model": "store_sales_1G.csv-25.2MB-model31.979-data21.205-made-resmade-hidden256_256_256_256_256-emb32-directIo-binaryInone_hotOut-inputNoEmbIfLeq-10epochs-seed0.pt",
    "query": "'SELECT ss_quantity FROM store_sales_1G.csv WHERE ss_sold_date_sk=2452206.0 AND ss_sales_price<=96.74'",
    "avg_est": 49.497894287109375,
    "avg_real": 50.03240477544059,
    "avg_err": 0.01068328597696327,
    "count_est": 1787.4214867569972,
    "count_real": 1778,
    "count_err": 0.005298923935319001,
    "sum_est": 88473.59979800571,
    "sum_real": 88007.0,
    "sum_err": 0.005301848693918831,
    "query_dur_ms_est": 28.923749923706055,
    "query_dur_ms_real": 103.47795486450195,
    "query_dur_ms_err": 0.7204839430622693,
    "order": [
        0,
        1,
        2,
        3
    ],
    "groupby": false
}