{
    "timestamp": "2022-07-20 23:07:59.309117",
    "dataset": "store_sales_1G.csv",
    "model": "store_sales_1G.csv-25.2MB-model31.979-data21.205-made-resmade-hidden256_256_256_256_256-emb32-directIo-binaryInone_hotOut-inputNoEmbIfLeq-10epochs-seed0.pt",
    "query": "'SELECT ss_sold_date_sk FROM store_sales_1G.csv WHERE ss_sales_price>=26.32<=110.15 AND ss_quantity<=3.0'",
    "avg_est": 2341895.25,
    "avg_real": 2451773.143587,
    "avg_err": 0.044815685282467176,
    "count_est": 36730.26600336656,
    "count_real": 37885,
    "count_err": 0.030479978794600508,
    "sum_est": 86018435484.52063,
    "sum_real": 91659538973.0,
    "sum_err": 0.06154409624666627,
    "query_dur_ms_est": 31.174421310424805,
    "query_dur_ms_real": 103.47795486450195,
    "query_dur_ms_err": 0.6987336930726376,
    "order": [
        1,
        2,
        3,
        0
    ],
    "groupby": false
}