{
    "timestamp": "2022-07-20 23:10:49.608561",
    "dataset": "store_sales_1G.csv",
    "model": "store_sales_1G.csv-25.2MB-model31.979-data21.205-made-resmade-hidden256_256_256_256_256-emb32-directIo-binaryInone_hotOut-inputNoEmbIfLeq-10epochs-seed0.pt",
    "query": "'SELECT ss_sales_price FROM store_sales_1G.csv WHERE ss_sold_date_sk=2452081.0 AND ss_quantity<=10.0'",
    "avg_est": 37.75947952270508,
    "avg_real": 34.14,
    "avg_err": 0.10601873235808663,
    "count_est": 85.60632578795776,
    "count_real": 80,
    "count_err": 0.07007907234947197,
    "sum_est": 3232.4503056044105,
    "sum_real": 2662.92,
    "sum_err": 0.21387435807474892,
    "query_dur_ms_est": 28.121232986450195,
    "query_dur_ms_real": 103.47795486450195,
    "query_dur_ms_err": 0.7282393817767927,
    "order": [
        0,
        1,
        3,
        2
    ],
    "groupby": false
}