{
    "timestamp": "2022-07-20 23:11:12.575918",
    "dataset": "store_sales_1G.csv",
    "model": "store_sales_1G.csv-25.2MB-model31.979-data21.205-made-resmade-hidden256_256_256_256_256-emb32-directIo-binaryInone_hotOut-inputNoEmbIfLeq-10epochs-seed0.pt",
    "query": "'SELECT ss_sold_date_sk FROM store_sales_1G.csv WHERE ss_sales_price<=90.22'",
    "avg_est": 2341895.25,
    "avg_real": 2451778.059992218,
    "avg_err": 0.04481760065695616,
    "count_est": 2487314.6939816475,
    "count_real": 2487498,
    "count_err": 7.36909208982313e-05,
    "sum_est": 5825030467090.824,
    "sum_real": 5954424973168.0,
    "sum_err": 0.021730814757135578,
    "query_dur_ms_est": 31.171560287475586,
    "query_dur_ms_real": 103.47795486450195,
    "query_dur_ms_err": 0.6987613416955057,
    "order": [
        1,
        2,
        3,
        0
    ],
    "groupby": false
}