{
    "timestamp": "2022-07-20 23:10:11.890336",
    "dataset": "store_sales_1G.csv",
    "model": "store_sales_1G.csv-25.2MB-model31.979-data21.205-made-resmade-hidden256_256_256_256_256-emb32-directIo-binaryInone_hotOut-inputNoEmbIfLeq-10epochs-seed0.pt",
    "query": "'SELECT ss_sales_price FROM store_sales_1G.csv WHERE ss_sold_date_sk<=2451291.0'",
    "avg_est": 37.25313949584961,
    "avg_real": 37.89457098230053,
    "avg_err": 0.016926738311683585,
    "count_est": 651993.507881105,
    "count_real": 652442,
    "count_err": 0.0006874053462147653,
    "sum_est": 24288805.099483125,
    "sum_real": 24139789.079999994,
    "sum_err": 0.0061730456297396305,
    "query_dur_ms_est": 28.291702270507812,
    "query_dur_ms_real": 103.47795486450195,
    "query_dur_ms_err": 0.7265919846642305,
    "order": [
        0,
        1,
        3,
        2
    ],
    "groupby": false
}