{
    "timestamp": "2022-07-20 23:09:15.992853",
    "dataset": "store_sales_1G.csv",
    "model": "store_sales_1G.csv-25.2MB-model31.979-data21.205-made-resmade-hidden256_256_256_256_256-emb32-directIo-binaryInone_hotOut-inputNoEmbIfLeq-10epochs-seed0.pt",
    "query": "'SELECT ss_sales_price FROM store_sales_1G.csv WHERE ss_quantity>=21.0<=79.0'",
    "avg_est": 36.484031677246094,
    "avg_real": 37.8851412859512,
    "avg_err": 0.036983090497927584,
    "count_est": 1617350.831849575,
    "count_real": 1622345,
    "count_err": 0.0030783638193016636,
    "sum_est": 59007478.98242021,
    "sum_real": 60012223.25,
    "sum_err": 0.016742327032181505,
    "query_dur_ms_est": 28.215646743774414,
    "query_dur_ms_real": 103.47795486450195,
    "query_dur_ms_err": 0.7273269772221429,
    "order": [
        0,
        1,
        3,
        2
    ],
    "groupby": false
}