{
    "timestamp": "2022-07-20 23:09:49.860738",
    "dataset": "store_sales_1G.csv",
    "model": "store_sales_1G.csv-25.2MB-model31.979-data21.205-made-resmade-hidden256_256_256_256_256-emb32-directIo-binaryInone_hotOut-inputNoEmbIfLeq-10epochs-seed0.pt",
    "query": "'SELECT ss_sales_price FROM store_sales_1G.csv WHERE ss_sold_date_sk<=2451725.0 AND ss_quantity>=33.0<=73.0'",
    "avg_est": 37.23881530761719,
    "avg_real": 37.92256312943495,
    "avg_err": 0.018030105704723465,
    "count_est": 500445.55298632383,
    "count_real": 503552,
    "count_err": 0.006169068961450191,
    "sum_est": 18635999.519176066,
    "sum_real": 18865337.480000004,
    "sum_err": 0.012156578755459306,
    "query_dur_ms_est": 28.879642486572266,
    "query_dur_ms_real": 103.47795486450195,
    "query_dur_ms_err": 0.7209101926648204,
    "order": [
        0,
        1,
        3,
        2
    ],
    "groupby": false
}