{
    "timestamp": "2022-07-20 23:08:47.174858",
    "dataset": "store_sales_1G.csv",
    "model": "store_sales_1G.csv-25.2MB-model31.979-data21.205-made-resmade-hidden256_256_256_256_256-emb32-directIo-binaryInone_hotOut-inputNoEmbIfLeq-10epochs-seed0.pt",
    "query": "'SELECT ss_sold_date_sk FROM store_sales_1G.csv WHERE ss_sales_price<=166.57'",
    "avg_est": 2341895.25,
    "avg_real": 2451777.985523971,
    "avg_err": 0.0448175716450475,
    "count_est": 2745871.4474003315,
    "count_real": 2745260,
    "count_err": 0.00022272841200159446,
    "sum_est": 6430543299777.461,
    "sum_real": 6571483372154.0,
    "sum_err": 0.021447223464607465,
    "query_dur_ms_est": 29.409170150756836,
    "query_dur_ms_real": 103.47795486450195,
    "query_dur_ms_err": 0.7157928933823021,
    "order": [
        1,
        2,
        3,
        0
    ],
    "groupby": false
}