{
    "timestamp": "2022-07-20 23:10:20.190205",
    "dataset": "store_sales_1G.csv",
    "model": "store_sales_1G.csv-25.2MB-model31.979-data21.205-made-resmade-hidden256_256_256_256_256-emb32-directIo-binaryInone_hotOut-inputNoEmbIfLeq-10epochs-seed0.pt",
    "query": "'SELECT ss_sales_price FROM store_sales_1G.csv WHERE ss_quantity=11.0'",
    "avg_est": 36.177528381347656,
    "avg_real": 38.18035135743213,
    "avg_err": 0.05245690269674816,
    "count_est": 27216.292247720063,
    "count_real": 27296,
    "count_err": 0.002920125742963704,
    "sum_est": 984618.1852269447,
    "sum_real": 1018193.6100000001,
    "sum_err": 0.032975481719096,
    "query_dur_ms_est": 28.162240982055664,
    "query_dur_ms_real": 103.47795486450195,
    "query_dur_ms_err": 0.7278430848490155,
    "order": [
        0,
        1,
        3,
        2
    ],
    "groupby": false
}