{
    "timestamp": "2022-07-20 23:10:16.115439",
    "dataset": "store_sales_1G.csv",
    "model": "store_sales_1G.csv-25.2MB-model31.979-data21.205-made-resmade-hidden256_256_256_256_256-emb32-directIo-binaryInone_hotOut-inputNoEmbIfLeq-10epochs-seed0.pt",
    "query": "'SELECT ss_quantity FROM store_sales_1G.csv WHERE ss_sales_price<=61.81'",
    "avg_est": 48.697654724121094,
    "avg_real": 50.505269075254986,
    "avg_err": 0.03579060926178754,
    "count_est": 2135278.9861814976,
    "count_real": 2146331,
    "count_err": 0.005149258813529892,
    "sum_est": 103983078.8087379,
    "sum_real": 105835256.0,
    "sum_err": 0.017500568914975707,
    "query_dur_ms_est": 28.78737449645996,
    "query_dur_ms_real": 103.47795486450195,
    "query_dur_ms_err": 0.721801860752319,
    "order": [
        0,
        1,
        2,
        3
    ],
    "groupby": false
}