{
    "timestamp": "2022-07-20 23:10:24.651502",
    "dataset": "store_sales_1G.csv",
    "model": "store_sales_1G.csv-25.2MB-model31.979-data21.205-made-resmade-hidden256_256_256_256_256-emb32-directIo-binaryInone_hotOut-inputNoEmbIfLeq-10epochs-seed0.pt",
    "query": "'SELECT ss_sales_price FROM store_sales_1G.csv WHERE ss_sold_date_sk<=2452432.0'",
    "avg_est": 37.21095657348633,
    "avg_real": 37.90155889025,
    "avg_err": 0.018220947554252905,
    "count_est": 2336827.411841631,
    "count_real": 2335717,
    "count_err": 0.0004754051289736452,
    "sum_est": 86955583.34177138,
    "sum_real": 86445951.31999998,
    "sum_err": 0.0058953833463510465,
    "query_dur_ms_est": 30.52043914794922,
    "query_dur_ms_real": 103.47795486450195,
    "query_dur_ms_err": 0.7050537074499215,
    "order": [
        0,
        1,
        3,
        2
    ],
    "groupby": false
}