{
    "timestamp": "2022-07-20 23:07:51.612766",
    "dataset": "store_sales_1G.csv",
    "model": "store_sales_1G.csv-25.2MB-model31.979-data21.205-made-resmade-hidden256_256_256_256_256-emb32-directIo-binaryInone_hotOut-inputNoEmbIfLeq-10epochs-seed0.pt",
    "query": "'SELECT ss_sales_price FROM store_sales_1G.csv WHERE ss_sold_date_sk<=2451977.0 AND ss_quantity>=11.0'",
    "avg_est": 37.390663146972656,
    "avg_real": 37.93037281600518,
    "avg_err": 0.014228957665419744,
    "count_est": 1497483.1359500885,
    "count_real": 1501692,
    "count_err": 0.002802747867013675,
    "sum_est": 55991887.50458202,
    "sum_real": 56270466.68000001,
    "sum_err": 0.0049507173452500225,
    "query_dur_ms_est": 30.553102493286133,
    "query_dur_ms_real": 103.47795486450195,
    "query_dur_ms_err": 0.7047380523388431,
    "order": [
        0,
        1,
        3,
        2
    ],
    "groupby": false
}