{
    "timestamp": "2022-07-20 23:09:26.655902",
    "dataset": "store_sales_1G.csv",
    "model": "store_sales_1G.csv-25.2MB-model31.979-data21.205-made-resmade-hidden256_256_256_256_256-emb32-directIo-binaryInone_hotOut-inputNoEmbIfLeq-10epochs-seed0.pt",
    "query": "'SELECT ss_quantity FROM store_sales_1G.csv WHERE ss_sold_date_sk<=2451191.0'",
    "avg_est": 49.3656005859375,
    "avg_real": 50.52093728129108,
    "avg_err": 0.022868473102960963,
    "count_est": 566072.061484158,
    "count_real": 566370,
    "count_err": 0.0005260492537421843,
    "sum_est": 27944487.2900852,
    "sum_real": 27936108.0,
    "sum_err": 0.0002999447913503277,
    "query_dur_ms_est": 28.194189071655273,
    "query_dur_ms_real": 103.47795486450195,
    "query_dur_ms_err": 0.7275343418936542,
    "order": [
        0,
        1,
        2,
        3
    ],
    "groupby": false
}