{
    "timestamp": "2022-07-20 23:10:01.203550",
    "dataset": "store_sales_1G.csv",
    "model": "store_sales_1G.csv-25.2MB-model31.979-data21.205-made-resmade-hidden256_256_256_256_256-emb32-directIo-binaryInone_hotOut-inputNoEmbIfLeq-10epochs-seed0.pt",
    "query": "'SELECT ss_sold_date_sk FROM store_sales_1G.csv WHERE ss_quantity=47.0'",
    "avg_est": 2341895.25,
    "avg_real": 2451779.4163454412,
    "avg_err": 0.044818129075099154,
    "count_est": 29201.56361946836,
    "count_real": 27642,
    "count_err": 0.05642007161089506,
    "sum_est": 68387003133.00576,
    "sum_real": 66149008653.0,
    "sum_err": 0.033832623127365076,
    "query_dur_ms_est": 28.134822845458984,
    "query_dur_ms_real": 103.47795486450195,
    "query_dur_ms_err": 0.7281080508181689,
    "order": [
        1,
        2,
        3,
        0
    ],
    "groupby": false
}