{
    "timestamp": "2022-07-20 23:11:20.234249",
    "dataset": "store_sales_1G.csv",
    "model": "store_sales_1G.csv-25.2MB-model31.979-data21.205-made-resmade-hidden256_256_256_256_256-emb32-directIo-binaryInone_hotOut-inputNoEmbIfLeq-10epochs-seed0.pt",
    "query": "'SELECT ss_quantity FROM store_sales_1G.csv WHERE ss_sold_date_sk<=2451367.0 AND ss_sales_price<=93.65'",
    "avg_est": 49.57447814941406,
    "avg_real": 50.516449222172234,
    "avg_err": 0.018646818754330222,
    "count_est": 641166.121599555,
    "count_real": 641316,
    "count_err": 0.000233704445928348,
    "sum_est": 31785475.8853817,
    "sum_real": 32001918.0,
    "sum_err": 0.006763410699893093,
    "query_dur_ms_est": 29.03914451599121,
    "query_dur_ms_real": 103.47795486450195,
    "query_dur_ms_err": 0.7193687819399195,
    "order": [
        0,
        1,
        2,
        3
    ],
    "groupby": false
}