{
    "timestamp": "2022-07-20 23:10:17.118165",
    "dataset": "store_sales_1G.csv",
    "model": "store_sales_1G.csv-25.2MB-model31.979-data21.205-made-resmade-hidden256_256_256_256_256-emb32-directIo-binaryInone_hotOut-inputNoEmbIfLeq-10epochs-seed0.pt",
    "query": "'SELECT ss_sales_price FROM store_sales_1G.csv WHERE ss_sold_date_sk=2451755.0 AND ss_quantity>=55.0'",
    "avg_est": 36.65885925292969,
    "avg_real": 38.42512195121951,
    "avg_err": 0.04596635244338542,
    "count_est": 326.97187251228024,
    "count_real": 288,
    "count_err": 0.13531900177875084,
    "sum_est": 11986.41585409455,
    "sum_real": 11028.009999999998,
    "sum_err": 0.0869065093425334,
    "query_dur_ms_est": 28.143882751464844,
    "query_dur_ms_real": 103.47795486450195,
    "query_dur_ms_err": 0.728020496845753,
    "order": [
        0,
        1,
        3,
        2
    ],
    "groupby": false
}