{
    "timestamp": "2022-07-20 23:10:06.699379",
    "dataset": "store_sales_1G.csv",
    "model": "store_sales_1G.csv-25.2MB-model31.979-data21.205-made-resmade-hidden256_256_256_256_256-emb32-directIo-binaryInone_hotOut-inputNoEmbIfLeq-10epochs-seed0.pt",
    "query": "'SELECT ss_quantity FROM store_sales_1G.csv WHERE ss_sold_date_sk>=2452462.0 AND ss_sales_price<=8.07'",
    "avg_est": 49.6778564453125,
    "avg_real": 50.53616738541771,
    "avg_err": 0.016984092473005374,
    "count_est": 80701.8275700584,
    "count_real": 80736,
    "count_err": 0.0004232613696689779,
    "sum_est": 4009093.8048997237,
    "sum_real": 4031169.0,
    "sum_err": 0.005476127421171443,
    "query_dur_ms_est": 28.50818634033203,
    "query_dur_ms_real": 103.47795486450195,
    "query_dur_ms_err": 0.7244999055338719,
    "order": [
        0,
        1,
        2,
        3
    ],
    "groupby": false
}