{
    "timestamp": "2022-07-20 23:10:50.666083",
    "dataset": "store_sales_1G.csv",
    "model": "store_sales_1G.csv-25.2MB-model31.979-data21.205-made-resmade-hidden256_256_256_256_256-emb32-directIo-binaryInone_hotOut-inputNoEmbIfLeq-10epochs-seed0.pt",
    "query": "'SELECT ss_sales_price FROM store_sales_1G.csv WHERE ss_quantity>=82.0'",
    "avg_est": 36.41849136352539,
    "avg_real": 37.88837703176686,
    "avg_err": 0.03879516050553094,
    "count_est": 525260.6256033778,
    "count_real": 523557,
    "count_err": 0.0032539448491335594,
    "sum_est": 19129199.557136558,
    "sum_real": 19368273.119999994,
    "sum_err": 0.012343566273679007,
    "query_dur_ms_est": 28.209447860717773,
    "query_dur_ms_real": 103.47795486450195,
    "query_dur_ms_err": 0.7273868825716906,
    "order": [
        0,
        1,
        3,
        2
    ],
    "groupby": false
}