{
    "timestamp": "2022-07-20 23:10:00.201042",
    "dataset": "store_sales_1G.csv",
    "model": "store_sales_1G.csv-25.2MB-model31.979-data21.205-made-resmade-hidden256_256_256_256_256-emb32-directIo-binaryInone_hotOut-inputNoEmbIfLeq-10epochs-seed0.pt",
    "query": "'SELECT ss_sold_date_sk FROM store_sales_1G.csv WHERE ss_sales_price<=184.4 AND ss_quantity>=81.0'",
    "avg_est": 2341895.25,
    "avg_real": 2451777.646962236,
    "avg_err": 0.04481743974555806,
    "count_est": 537240.1929883957,
    "count_real": 537675,
    "count_err": 0.0008086799862450534,
    "sum_est": 1258160256068.6072,
    "sum_real": 1302053296084.0,
    "sum_err": 0.033710632389168445,
    "query_dur_ms_est": 29.28304672241211,
    "query_dur_ms_real": 103.47795486450195,
    "query_dur_ms_err": 0.7170117368404075,
    "order": [
        1,
        2,
        3,
        0
    ],
    "groupby": false
}