{
    "timestamp": "2022-07-20 23:08:20.741827",
    "dataset": "store_sales_1G.csv",
    "model": "store_sales_1G.csv-25.2MB-model31.979-data21.205-made-resmade-hidden256_256_256_256_256-emb32-directIo-binaryInone_hotOut-inputNoEmbIfLeq-10epochs-seed0.pt",
    "query": "'SELECT ss_sold_date_sk FROM store_sales_1G.csv WHERE ss_sales_price=65.55 AND ss_quantity>=1.0'",
    "avg_est": 2341895.25,
    "avg_real": 2451771.305882353,
    "avg_err": 0.044814969332064296,
    "count_est": 149.68599459074903,
    "count_real": 173,
    "count_err": 0.13476303704769346,
    "sum_est": 350548919.72360086,
    "sum_real": 416801122.0,
    "sum_err": 0.15895399215455838,
    "query_dur_ms_est": 29.87527847290039,
    "query_dur_ms_real": 103.47795486450195,
    "query_dur_ms_err": 0.7112884719066951,
    "order": [
        1,
        2,
        3,
        0
    ],
    "groupby": false
}