{
    "timestamp": "2022-07-20 23:08:03.858018",
    "dataset": "store_sales_1G.csv",
    "model": "store_sales_1G.csv-25.2MB-model31.979-data21.205-made-resmade-hidden256_256_256_256_256-emb32-directIo-binaryInone_hotOut-inputNoEmbIfLeq-10epochs-seed0.pt",
    "query": "'SELECT ss_quantity FROM store_sales_1G.csv WHERE ss_sold_date_sk<=2450951.0'",
    "avg_est": 49.19328308105469,
    "avg_real": 50.45817935184299,
    "avg_err": 0.025068210685293094,
    "count_est": 117504.20951321721,
    "count_real": 117757,
    "count_err": 0.0021467130343231335,
    "sum_est": 5780417.841799254,
    "sum_real": 5802842.0,
    "sum_err": 0.0038643406456261263,
    "query_dur_ms_est": 30.507802963256836,
    "query_dur_ms_real": 103.47795486450195,
    "query_dur_ms_err": 0.7051758222009226,
    "order": [
        0,
        1,
        2,
        3
    ],
    "groupby": false
}