{
    "timestamp": "2022-07-20 23:09:59.040136",
    "dataset": "store_sales_1G.csv",
    "model": "store_sales_1G.csv-25.2MB-model31.979-data21.205-made-resmade-hidden256_256_256_256_256-emb32-directIo-binaryInone_hotOut-inputNoEmbIfLeq-10epochs-seed0.pt",
    "query": "'SELECT ss_sales_price FROM store_sales_1G.csv WHERE ss_sold_date_sk<=2451624.0 AND ss_quantity=85.0'",
    "avg_est": 37.04487991333008,
    "avg_real": 37.8326140007125,
    "avg_err": 0.020821561189707637,
    "count_est": 10598.003780350089,
    "count_real": 11363,
    "count_err": 0.0673234374416889,
    "sum_est": 392601.77736408723,
    "sum_real": 424784.59,
    "sum_err": 0.07576266510965661,
    "query_dur_ms_est": 28.303146362304688,
    "query_dur_ms_real": 103.47795486450195,
    "query_dur_ms_err": 0.7264813901727578,
    "order": [
        0,
        1,
        3,
        2
    ],
    "groupby": false
}