{
    "timestamp": "2022-07-20 23:09:44.317553",
    "dataset": "store_sales_1G.csv",
    "model": "store_sales_1G.csv-25.2MB-model31.979-data21.205-made-resmade-hidden256_256_256_256_256-emb32-directIo-binaryInone_hotOut-inputNoEmbIfLeq-10epochs-seed0.pt",
    "query": "'SELECT ss_sold_date_sk FROM store_sales_1G.csv WHERE ss_quantity>=64.0<=79.0'",
    "avg_est": 2341895.25,
    "avg_real": 2451778.5542687816,
    "avg_err": 0.04481779322095146,
    "count_est": 448649.8532374501,
    "count_real": 440692,
    "count_err": 0.018057630357370052,
    "sum_est": 1050690960209.9816,
    "sum_real": 1054939017438.0,
    "sum_err": 0.004026827293140758,
    "query_dur_ms_est": 28.72157096862793,
    "query_dur_ms_real": 103.47795486450195,
    "query_dur_ms_err": 0.7224377790782871,
    "order": [
        1,
        2,
        3,
        0
    ],
    "groupby": false
}