{
    "timestamp": "2022-07-20 23:08:15.399139",
    "dataset": "store_sales_1G.csv",
    "model": "store_sales_1G.csv-25.2MB-model31.979-data21.205-made-resmade-hidden256_256_256_256_256-emb32-directIo-binaryInone_hotOut-inputNoEmbIfLeq-10epochs-seed0.pt",
    "query": "'SELECT ss_quantity FROM store_sales_1G.csv WHERE ss_sold_date_sk>=2451225.0 AND ss_sales_price>=3.21<=117.2'",
    "avg_est": 49.612125396728516,
    "avg_real": 50.501870085656954,
    "avg_err": 0.017618054290253593,
    "count_est": 1810198.2385373116,
    "count_real": 1815036,
    "count_err": 0.00266538044572584,
    "sum_est": 89807782.00325018,
    "sum_real": 90548136.0,
    "sum_err": 0.008176358227294908,
    "query_dur_ms_est": 29.795408248901367,
    "query_dur_ms_real": 103.47795486450195,
    "query_dur_ms_err": 0.7120603292950983,
    "order": [
        0,
        1,
        2,
        3
    ],
    "groupby": false
}