{
    "timestamp": "2022-07-20 23:11:24.543815",
    "dataset": "store_sales_1G.csv",
    "model": "store_sales_1G.csv-25.2MB-model31.979-data21.205-made-resmade-hidden256_256_256_256_256-emb32-directIo-binaryInone_hotOut-inputNoEmbIfLeq-10epochs-seed0.pt",
    "query": "'SELECT ss_sold_date_sk FROM store_sales_1G.csv WHERE ss_sales_price>=100.38 AND ss_quantity<=37.0'",
    "avg_est": 2341895.25,
    "avg_real": 2451779.266013804,
    "avg_err": 0.04481807050781431,
    "count_est": 69261.56712756306,
    "count_real": 66856,
    "count_err": 0.03598131996474601,
    "sum_est": 162203335063.59607,
    "sum_real": 161984152547.0,
    "sum_err": 0.0013531108639314154,
    "query_dur_ms_est": 30.985355377197266,
    "query_dur_ms_real": 103.47795486450195,
    "query_dur_ms_err": 0.7005608062338429,
    "order": [
        1,
        2,
        3,
        0
    ],
    "groupby": false
}