{
    "timestamp": "2022-07-20 23:11:04.839324",
    "dataset": "store_sales_1G.csv",
    "model": "store_sales_1G.csv-25.2MB-model31.979-data21.205-made-resmade-hidden256_256_256_256_256-emb32-directIo-binaryInone_hotOut-inputNoEmbIfLeq-10epochs-seed0.pt",
    "query": "'SELECT ss_quantity FROM store_sales_1G.csv WHERE ss_sales_price<=1.69'",
    "avg_est": 48.12110137939453,
    "avg_real": 50.490218989107085,
    "avg_err": 0.0469223080657201,
    "count_est": 161238.37569651008,
    "count_real": 163104,
    "count_err": 0.011438249849727312,
    "sum_est": 7758968.223140664,
    "sum_real": 8037336.0,
    "sum_err": 0.034634333672168935,
    "query_dur_ms_est": 28.404712677001953,
    "query_dur_ms_real": 103.47795486450195,
    "query_dur_ms_err": 0.7254998640609376,
    "order": [
        0,
        1,
        2,
        3
    ],
    "groupby": false
}