{
    "timestamp": "2022-07-20 23:08:01.623385",
    "dataset": "store_sales_1G.csv",
    "model": "store_sales_1G.csv-25.2MB-model31.979-data21.205-made-resmade-hidden256_256_256_256_256-emb32-directIo-binaryInone_hotOut-inputNoEmbIfLeq-10epochs-seed0.pt",
    "query": "'SELECT ss_sales_price FROM store_sales_1G.csv WHERE ss_sold_date_sk<=2451868.0 AND ss_quantity>=23.0<=62.0'",
    "avg_est": 37.1981086730957,
    "avg_real": 37.913398008662725,
    "avg_err": 0.01886640008905525,
    "count_est": 593443.1442670822,
    "count_real": 594607,
    "count_err": 0.0019573528951354184,
    "sum_est": 22074962.571750537,
    "sum_real": 22268206.84,
    "sum_err": 0.008678034546649796,
    "query_dur_ms_est": 29.939889907836914,
    "query_dur_ms_real": 103.47795486450195,
    "query_dur_ms_err": 0.7106640738402554,
    "order": [
        0,
        1,
        3,
        2
    ],
    "groupby": false
}