{
    "timestamp": "2022-07-20 23:11:15.990310",
    "dataset": "store_sales_1G.csv",
    "model": "store_sales_1G.csv-25.2MB-model31.979-data21.205-made-resmade-hidden256_256_256_256_256-emb32-directIo-binaryInone_hotOut-inputNoEmbIfLeq-10epochs-seed0.pt",
    "query": "'SELECT ss_quantity FROM store_sales_1G.csv WHERE ss_sold_date_sk<=2452362.0 AND ss_sales_price>=8.6<=93.6'",
    "avg_est": 49.58892822265625,
    "avg_real": 50.48827050245414,
    "avg_err": 0.01781289536852281,
    "count_est": 1536942.463012457,
    "count_real": 1539403,
    "count_err": 0.0015983709188192475,
    "sum_est": 76215329.48067723,
    "sum_real": 76777311.0,
    "sum_err": 0.0073196301355587705,
    "query_dur_ms_est": 29.368162155151367,
    "query_dur_ms_real": 103.47795486450195,
    "query_dur_ms_err": 0.7161891903100793,
    "order": [
        0,
        1,
        2,
        3
    ],
    "groupby": false
}