{
    "timestamp": "2022-07-20 23:10:23.508456",
    "dataset": "store_sales_1G.csv",
    "model": "store_sales_1G.csv-25.2MB-model31.979-data21.205-made-resmade-hidden256_256_256_256_256-emb32-directIo-binaryInone_hotOut-inputNoEmbIfLeq-10epochs-seed0.pt",
    "query": "'SELECT ss_sales_price FROM store_sales_1G.csv WHERE ss_quantity>=42.0'",
    "avg_est": 36.423484802246094,
    "avg_real": 37.90461149405273,
    "avg_err": 0.03907510546675902,
    "count_est": 1617196.82999444,
    "count_real": 1623488,
    "count_err": 0.0038750948609166938,
    "sum_est": 58903944.159543045,
    "sum_real": 60082523.87,
    "sum_err": 0.019616015349272518,
    "query_dur_ms_est": 30.498266220092773,
    "query_dur_ms_real": 103.47795486450195,
    "query_dur_ms_err": 0.7052679842771498,
    "order": [
        0,
        1,
        3,
        2
    ],
    "groupby": false
}