{
    "timestamp": "2022-07-20 23:08:35.103709",
    "dataset": "store_sales_1G.csv",
    "model": "store_sales_1G.csv-25.2MB-model31.979-data21.205-made-resmade-hidden256_256_256_256_256-emb32-directIo-binaryInone_hotOut-inputNoEmbIfLeq-10epochs-seed0.pt",
    "query": "'SELECT ss_quantity FROM store_sales_1G.csv WHERE ss_sales_price=151.35'",
    "avg_est": 48.789241790771484,
    "avg_real": 70.9090909090909,
    "avg_err": 0.3119465901301457,
    "count_est": 11.74953878944325,
    "count_real": 12,
    "count_err": 0.02087176754639586,
    "sum_est": 573.2510889281951,
    "sum_real": 780.0,
    "sum_err": 0.2650627065023139,
    "query_dur_ms_est": 30.930757522583008,
    "query_dur_ms_real": 103.47795486450195,
    "query_dur_ms_err": 0.7010884341202439,
    "order": [
        0,
        1,
        2,
        3
    ],
    "groupby": false
}