{
    "timestamp": "2022-07-20 23:09:37.717770",
    "dataset": "store_sales_1G.csv",
    "model": "store_sales_1G.csv-25.2MB-model31.979-data21.205-made-resmade-hidden256_256_256_256_256-emb32-directIo-binaryInone_hotOut-inputNoEmbIfLeq-10epochs-seed0.pt",
    "query": "'SELECT ss_sold_date_sk FROM store_sales_1G.csv WHERE ss_sales_price=105.82 AND ss_quantity=75.0'",
    "avg_est": 2341895.25,
    "avg_real": NaN,
    "avg_err": NaN,
    "count_est": 0.6456313406533809,
    "count_real": 0,
    "count_err": "result=0!",
    "sum_est": 1512000.9699272846,
    "sum_real": 0.0,
    "sum_err": "result=0!",
    "query_dur_ms_est": 31.289339065551758,
    "query_dur_ms_real": 103.47795486450195,
    "query_dur_ms_err": 0.6976231400540991,
    "order": [
        1,
        2,
        3,
        0
    ],
    "groupby": false
}