{
    "timestamp": "2022-07-20 23:08:24.185452",
    "dataset": "store_sales_1G.csv",
    "model": "store_sales_1G.csv-25.2MB-model31.979-data21.205-made-resmade-hidden256_256_256_256_256-emb32-directIo-binaryInone_hotOut-inputNoEmbIfLeq-10epochs-seed0.pt",
    "query": "'SELECT ss_sold_date_sk FROM store_sales_1G.csv WHERE ss_sales_price>=42.05<=86.73'",
    "avg_est": 2341895.25,
    "avg_real": 2451777.2361882296,
    "avg_err": 0.0448172797130064,
    "count_est": 691222.81935215,
    "count_real": 692077,
    "count_err": 0.0012342277634570093,
    "sum_est": 1618771437332.408,
    "sum_real": 1656734528255.0,
    "sum_err": 0.02291440799666177,
    "query_dur_ms_est": 29.66594696044922,
    "query_dur_ms_real": 103.47795486450195,
    "query_dur_ms_err": 0.7133114294798834,
    "order": [
        1,
        2,
        3,
        0
    ],
    "groupby": false
}