{
    "timestamp": "2022-07-20 23:08:23.078909",
    "dataset": "store_sales_1G.csv",
    "model": "store_sales_1G.csv-25.2MB-model31.979-data21.205-made-resmade-hidden256_256_256_256_256-emb32-directIo-binaryInone_hotOut-inputNoEmbIfLeq-10epochs-seed0.pt",
    "query": "'SELECT ss_quantity FROM store_sales_1G.csv WHERE ss_sold_date_sk>=2450926.0 AND ss_sales_price>=18.65<=143.74'",
    "avg_est": 49.702980041503906,
    "avg_real": 50.50542189812399,
    "avg_err": 0.015888231925647797,
    "count_est": 1566835.1330270767,
    "count_real": 1563676,
    "count_err": 0.0020203245602520735,
    "sum_est": 77876375.34517191,
    "sum_real": 78013806.0,
    "sum_err": 0.001761619665474166,
    "query_dur_ms_est": 29.807329177856445,
    "query_dur_ms_real": 103.47795486450195,
    "query_dur_ms_err": 0.7119451266998142,
    "order": [
        0,
        1,
        2,
        3
    ],
    "groupby": false
}