{
    "timestamp": "2022-07-20 23:10:31.352020",
    "dataset": "store_sales_1G.csv",
    "model": "store_sales_1G.csv-25.2MB-model31.979-data21.205-made-resmade-hidden256_256_256_256_256-emb32-directIo-binaryInone_hotOut-inputNoEmbIfLeq-10epochs-seed0.pt",
    "query": "'SELECT ss_sold_date_sk FROM store_sales_1G.csv WHERE ss_quantity>=17.0<=73.0'",
    "avg_est": 2341895.25,
    "avg_real": 2451777.728350359,
    "avg_err": 0.04481747145337345,
    "count_est": 1570755.570442915,
    "count_real": 1567455,
    "count_err": 0.002105687527179385,
    "sum_est": 3678545009331.3027,
    "sum_real": 3752556143238.0,
    "sum_err": 0.019722858521401,
    "query_dur_ms_est": 30.437707901000977,
    "query_dur_ms_real": 103.47795486450195,
    "query_dur_ms_err": 0.7058532134611929,
    "order": [
        1,
        2,
        3,
        0
    ],
    "groupby": false
}