{
    "timestamp": "2022-07-20 23:10:42.037547",
    "dataset": "store_sales_1G.csv",
    "model": "store_sales_1G.csv-25.2MB-model31.979-data21.205-made-resmade-hidden256_256_256_256_256-emb32-directIo-binaryInone_hotOut-inputNoEmbIfLeq-10epochs-seed0.pt",
    "query": "'SELECT ss_quantity FROM store_sales_1G.csv WHERE ss_sold_date_sk>=2452299.0'",
    "avg_est": 49.308406829833984,
    "avg_real": 50.47518799611429,
    "avg_err": 0.023115935028714122,
    "count_est": 529513.1885362267,
    "count_real": 529289,
    "count_err": 0.0004235654552177533,
    "sum_est": 26109451.72210685,
    "sum_real": 26083861.0,
    "sum_err": 0.000981094099023593,
    "query_dur_ms_est": 28.319835662841797,
    "query_dur_ms_real": 103.47795486450195,
    "query_dur_ms_err": 0.7263201065393601,
    "order": [
        0,
        1,
        2,
        3
    ],
    "groupby": false
}