{
    "timestamp": "2022-07-20 23:08:08.400573",
    "dataset": "store_sales_1G.csv",
    "model": "store_sales_1G.csv-25.2MB-model31.979-data21.205-made-resmade-hidden256_256_256_256_256-emb32-directIo-binaryInone_hotOut-inputNoEmbIfLeq-10epochs-seed0.pt",
    "query": "'SELECT ss_quantity FROM store_sales_1G.csv WHERE ss_sold_date_sk<=2451212.0'",
    "avg_est": 49.31675338745117,
    "avg_real": 50.5349030339876,
    "avg_err": 0.024105114948318983,
    "count_est": 584339.2224479318,
    "count_real": 584582,
    "count_err": 0.00041530110757470037,
    "sum_est": 28817713.328079622,
    "sum_real": 28843655.0,
    "sum_err": 0.0008993892043285694,
    "query_dur_ms_est": 29.482126235961914,
    "query_dur_ms_real": 103.47795486450195,
    "query_dur_ms_err": 0.7150878534991636,
    "order": [
        0,
        1,
        2,
        3
    ],
    "groupby": false
}