{
    "timestamp": "2022-07-20 23:09:42.156700",
    "dataset": "store_sales_1G.csv",
    "model": "store_sales_1G.csv-25.2MB-model31.979-data21.205-made-resmade-hidden256_256_256_256_256-emb32-directIo-binaryInone_hotOut-inputNoEmbIfLeq-10epochs-seed0.pt",
    "query": "'SELECT ss_sales_price FROM store_sales_1G.csv WHERE ss_sold_date_sk=2452068.0'",
    "avg_est": 39.258331298828125,
    "avg_real": 39.85620530565168,
    "avg_err": 0.015000775970480383,
    "count_est": 895.4992732759565,
    "count_real": 887,
    "count_err": 0.009582044279545109,
    "sum_est": 35155.80714812732,
    "sum_real": 34555.33,
    "sum_err": 0.01737726562377845,
    "query_dur_ms_est": 29.242992401123047,
    "query_dur_ms_real": 103.47795486450195,
    "query_dur_ms_err": 0.717398817560562,
    "order": [
        0,
        1,
        3,
        2
    ],
    "groupby": false
}