{
    "timestamp": "2022-07-20 23:11:13.677476",
    "dataset": "store_sales_1G.csv",
    "model": "store_sales_1G.csv-25.2MB-model31.979-data21.205-made-resmade-hidden256_256_256_256_256-emb32-directIo-binaryInone_hotOut-inputNoEmbIfLeq-10epochs-seed0.pt",
    "query": "'SELECT ss_quantity FROM store_sales_1G.csv WHERE ss_sold_date_sk>=2451800.0<=2452389.0'",
    "avg_est": 49.35847473144531,
    "avg_real": 50.53633053716906,
    "avg_err": 0.023307109819883765,
    "count_est": 932644.9349256754,
    "count_real": 931833,
    "count_err": 0.0008713309419986115,
    "sum_est": 46033931.45393941,
    "sum_real": 45984877.0,
    "sum_err": 0.0010667518788711355,
    "query_dur_ms_est": 30.46560287475586,
    "query_dur_ms_real": 103.47795486450195,
    "query_dur_ms_err": 0.7055836393882281,
    "order": [
        0,
        1,
        2,
        3
    ],
    "groupby": false
}