{
    "timestamp": "2022-07-20 23:08:49.423368",
    "dataset": "store_sales_1G.csv",
    "model": "store_sales_1G.csv-25.2MB-model31.979-data21.205-made-resmade-hidden256_256_256_256_256-emb32-directIo-binaryInone_hotOut-inputNoEmbIfLeq-10epochs-seed0.pt",
    "query": "'SELECT ss_sold_date_sk FROM store_sales_1G.csv WHERE ss_sales_price<=167.0'",
    "avg_est": 2341895.25,
    "avg_real": 2451777.9879149096,
    "avg_err": 0.044817572576527735,
    "count_est": 2753187.1364183426,
    "count_real": 2745465,
    "count_err": 0.002812687984855968,
    "sum_est": 6447675877139.219,
    "sum_real": 6571973734160.0,
    "sum_err": 0.018913322245142607,
    "query_dur_ms_est": 29.253005981445312,
    "query_dur_ms_real": 103.47795486450195,
    "query_dur_ms_err": 0.7173020473805234,
    "order": [
        1,
        2,
        3,
        0
    ],
    "groupby": false
}