{
    "timestamp": "2022-07-20 23:10:52.984723",
    "dataset": "store_sales_1G.csv",
    "model": "store_sales_1G.csv-25.2MB-model31.979-data21.205-made-resmade-hidden256_256_256_256_256-emb32-directIo-binaryInone_hotOut-inputNoEmbIfLeq-10epochs-seed0.pt",
    "query": "'SELECT ss_sales_price FROM store_sales_1G.csv WHERE ss_sold_date_sk<=2452419.0 AND ss_quantity>=26.0'",
    "avg_est": 37.408912658691406,
    "avg_real": 37.907268327108454,
    "avg_err": 0.01314670485134011,
    "count_est": 1697994.2380776405,
    "count_real": 1702520,
    "count_err": 0.00265827239759854,
    "sum_est": 63520118.147207715,
    "sum_real": 63758584.84999999,
    "sum_err": 0.003740150496647543,
    "query_dur_ms_est": 28.38897705078125,
    "query_dur_ms_real": 103.47795486450195,
    "query_dur_ms_err": 0.7256519314867126,
    "order": [
        0,
        1,
        3,
        2
    ],
    "groupby": false
}