{
    "timestamp": "2022-07-20 23:10:34.615751",
    "dataset": "store_sales_1G.csv",
    "model": "store_sales_1G.csv-25.2MB-model31.979-data21.205-made-resmade-hidden256_256_256_256_256-emb32-directIo-binaryInone_hotOut-inputNoEmbIfLeq-10epochs-seed0.pt",
    "query": "'SELECT ss_sold_date_sk FROM store_sales_1G.csv WHERE ss_sales_price>=166.58 AND ss_quantity>=58.0'",
    "avg_est": 2341895.25,
    "avg_real": 2451796.169111303,
    "avg_err": 0.04482465569360058,
    "count_est": 2315.954831515206,
    "count_real": 2353,
    "count_err": 0.015743803010962166,
    "sum_est": 5423723619.140011,
    "sum_real": 5683263520.0,
    "sum_err": 0.04566740569861683,
    "query_dur_ms_est": 32.02676773071289,
    "query_dur_ms_real": 103.47795486450195,
    "query_dur_ms_err": 0.6904967075098268,
    "order": [
        1,
        2,
        3,
        0
    ],
    "groupby": false
}