{
    "timestamp": "2022-07-27 18:00:56.170572",
    "dataset": "dmv.csv",
    "model": "dmv.csv-2.6MB-model16.669*",
    "query": "'SELECT Model Year FROM dmv.csv WHERE Record Type=TRL'",
    "avg_est": 2007.8427734375,
    "avg_real": 2008.260302688645,
    "avg_err": 0.00020790594256431025,
    "count_est": 781843.5492842644,
    "count_real": 775186,
    "count_err": 0.008588324975250385,
    "sum_est": 1569818920.3891363,
    "sum_real": 1556775271.0,
    "sum_err": 0.008378633468887054,
    "query_dur_ms_est": 9.943246841430664,
    "query_dur_ms_real": 2188.521385192871,
    "query_dur_ms_err": 0.9954566371118396,
    "order": [
        0,
        1,
        2,
        3,
        4,
        5,
        6,
        7,
        9,
        8
    ],
    "groupby": false
}