{
    "timestamp": "2022-07-26 19:19:08.944121",
    "dataset": "dmv.csv",
    "model": "dmv.csv-32.5MB*",
    "query": "'SELECT Unladen Weight FROM dmv.csv WHERE Scofflaw Indicator=Y AND Registration Class>=HAM<=LTR'",
    "avg_est": 6531.58154296875,
    "avg_real": 74849.875,
    "avg_err": 0.9127375758079923,
    "count_est": 270.12859501507046,
    "count_real": 187,
    "count_err": 0.44453794125706125,
    "sum_est": 1764366.9454285144,
    "sum_real": 13173578.0,
    "sum_err": 0.8660677497466129,
    "query_dur_ms_est": 92.56339073181152,
    "query_dur_ms_real": 1141.6544914245605,
    "query_dur_ms_err": 0.9189217128062006,
    "order": [
        0,
        1,
        2,
        3,
        4,
        5,
        6,
        7,
        8,
        9
    ],
    "groupby": false
}