{
    "timestamp": "2022-07-27 17:59:22.822044",
    "dataset": "dmv.csv",
    "model": "dmv.csv-2.6MB-model16.669*",
    "query": "'SELECT Model Year FROM dmv.csv WHERE Fuel Type=PROPANE AND Weight_100<=43.0'",
    "avg_est": 2012.542724609375,
    "avg_real": 2017.032894736842,
    "avg_err": 0.002226126375620118,
    "count_est": 378.7792791822867,
    "count_real": 608,
    "count_err": 0.3770077645028179,
    "sum_est": 762309.4825510944,
    "sum_real": 1226356.0,
    "sum_err": 0.3783946239500648,
    "query_dur_ms_est": 10.025739669799805,
    "query_dur_ms_real": 2188.521385192871,
    "query_dur_ms_err": 0.9954189437043512,
    "order": [
        0,
        1,
        2,
        3,
        4,
        5,
        6,
        7,
        9,
        8
    ],
    "groupby": false
}