{
    "timestamp": "2022-07-26 12:24:22.620426",
    "dataset": "dmv.csv",
    "model": "dmv.csv-37.9MB*",
    "query": "'SELECT Model Year FROM dmv.csv WHERE Record Type=BOAT AND State>=ME AND County>=JEFFERSON<=PUTNAM AND Body Type=TRLR AND Fuel Type=FLEX AND Reg Valid Date>=05/23/2022<=12/01/2021 AND Scofflaw Indicator=N AND Suspension Indicator=N AND Revocation Indicator=N AND Registration Class=SEM AND Unladen Weight<=11629.0'",
    "avg_est": 2004.05908203125,
    "avg_real": NaN,
    "avg_err": NaN,
    "count_est": 2.978327659319627e-11,
    "count_real": 0,
    "count_err": "result=0!",
    "sum_est": 5.968744594924373e-08,
    "sum_real": 0.0,
    "sum_err": "result=0!",
    "query_dur_ms_est": 129.58049774169922,
    "query_dur_ms_real": 1886.7831230163574,
    "query_dur_ms_err": 0.9313219965978168,
    "order": [
        0,
        1,
        2,
        3,
        4,
        5,
        6,
        7,
        8,
        9,
        11,
        10
    ],
    "groupby": false
}