{
    "timestamp": "2022-07-27 18:13:13.407199",
    "dataset": "dmv.csv",
    "model": "dmv.csv-2.6MB-model16.669*",
    "query": "'SELECT Weight_100 FROM dmv.csv WHERE Record Type=VEH AND State>=AZ<=VA AND County>=CHEMUNG<=ONEIDA AND Fuel Type=GAS AND Suspension Indicator=N AND Revocation Indicator=Y AND Registration Class>=CME AND Model Year>=1970.0'",
    "avg_est": 47.77677536010742,
    "avg_real": 52.142857142857146,
    "avg_err": 0.08373307528561114,
    "count_est": 1837.2999283135869,
    "count_real": 1872,
    "count_err": 0.018536363080348898,
    "sum_est": 87780.26594417972,
    "sum_real": 365.0,
    "sum_err": 239.4938792991225,
    "query_dur_ms_est": 10.449886322021484,
    "query_dur_ms_real": 2188.521385192871,
    "query_dur_ms_err": 0.9952251385831898,
    "order": [
        0,
        1,
        2,
        3,
        4,
        5,
        6,
        7,
        8,
        9
    ],
    "groupby": false
}