{
    "timestamp": "2022-07-27 17:34:53.153989",
    "dataset": "dmv.csv",
    "model": "dmv.csv-2.6MB-model16.669*",
    "query": "'SELECT Weight_100 FROM dmv.csv WHERE Record Type=SNOW AND Fuel Type=OTHER'",
    "avg_est": 29.186325073242188,
    "avg_real": NaN,
    "avg_err": NaN,
    "count_est": 0.0007576701955226417,
    "count_real": 0,
    "count_err": "result=0!",
    "sum_est": 0.022113608624830788,
    "sum_real": 0.0,
    "sum_err": "result=0!",
    "query_dur_ms_est": 10.096311569213867,
    "query_dur_ms_real": 2188.521385192871,
    "query_dur_ms_err": 0.9953866973210663,
    "order": [
        0,
        1,
        2,
        3,
        4,
        5,
        6,
        7,
        8,
        9
    ],
    "groupby": false
}