{
    "timestamp": "2022-07-27 17:40:08.591955",
    "dataset": "dmv.csv",
    "model": "dmv.csv-2.6MB-model16.669*",
    "query": "'SELECT Model Year FROM dmv.csv WHERE Fuel Type=PROPANE AND Weight_100>=18.0<=41.0'",
    "avg_est": 2012.2598876953125,
    "avg_real": 2006.3333333333333,
    "avg_err": 0.002953923091200819,
    "count_est": 6.581354466145967,
    "count_real": 3,
    "count_err": 1.1937848220486558,
    "sum_est": 13243.395598929928,
    "sum_real": 6019.0,
    "sum_err": 1.2002650936916313,
    "query_dur_ms_est": 9.995698928833008,
    "query_dur_ms_real": 2188.521385192871,
    "query_dur_ms_err": 0.9954326702053441,
    "order": [
        0,
        1,
        2,
        3,
        4,
        5,
        6,
        7,
        9,
        8
    ],
    "groupby": false
}