{
    "timestamp": "2022-07-27 18:57:55.250037",
    "dataset": "dmv.csv",
    "model": "dmv.csv-2.6MB-model16.669*",
    "query": "'SELECT Model Year FROM dmv.csv WHERE Registration Class<=RGC'",
    "avg_est": 2012.19091796875,
    "avg_real": 2012.2431151783278,
    "avg_err": 2.5939812731411674e-05,
    "count_est": 11851704.609306812,
    "count_real": 11896227,
    "count_err": 0.003742563982108589,
    "sum_est": 23847892377.29554,
    "sum_real": 23938056608.0,
    "sum_err": 0.003766564353195139,
    "query_dur_ms_est": 10.018110275268555,
    "query_dur_ms_real": 2188.521385192871,
    "query_dur_ms_err": 0.9954224297998415,
    "order": [
        0,
        1,
        2,
        3,
        4,
        5,
        6,
        7,
        9,
        8
    ],
    "groupby": false
}