{
    "timestamp": "2022-07-27 18:05:30.504660",
    "dataset": "dmv.csv",
    "model": "dmv.csv-2.6MB-model16.669*",
    "query": "'SELECT Weight_100 FROM dmv.csv WHERE Registration Class>=ARG'",
    "avg_est": 47.168922424316406,
    "avg_real": 49.450911522183446,
    "avg_err": 0.046146552765632044,
    "count_est": 12623425.234077454,
    "count_real": 12624647,
    "count_err": 9.677624432163424e-05,
    "sum_est": 595433365.5953575,
    "sum_real": 479716419.0,
    "sum_err": 0.2412194830366178,
    "query_dur_ms_est": 10.019540786743164,
    "query_dur_ms_real": 2188.521385192871,
    "query_dur_ms_err": 0.995421776156937,
    "order": [
        0,
        1,
        2,
        3,
        4,
        5,
        6,
        7,
        8,
        9
    ],
    "groupby": false
}