{
    "timestamp": "2022-07-27 18:15:39.802473",
    "dataset": "dmv.csv",
    "model": "dmv.csv-2.6MB-model16.669*",
    "query": "'SELECT Weight_100 FROM dmv.csv WHERE Scofflaw Indicator=Y'",
    "avg_est": 50.845123291015625,
    "avg_real": 49.717349463843824,
    "avg_err": 0.022683707786794967,
    "count_est": 18772.24460540572,
    "count_real": 20406,
    "count_err": 0.08006250096022141,
    "sum_est": 954477.0914109569,
    "sum_real": 904110.0,
    "sum_err": 0.05570903032922645,
    "query_dur_ms_est": 9.963512420654297,
    "query_dur_ms_real": 2188.521385192871,
    "query_dur_ms_err": 0.9954473771706936,
    "order": [
        0,
        1,
        2,
        3,
        4,
        5,
        6,
        7,
        8,
        9
    ],
    "groupby": false
}