{
    "timestamp": "2022-07-27 18:19:56.580999",
    "dataset": "dmv.csv",
    "model": "dmv.csv-2.6MB-model16.669*",
    "query": "'SELECT Model Year FROM dmv.csv WHERE Suspension Indicator=Y AND Weight_100<=73.0'",
    "avg_est": 2011.0677490234375,
    "avg_real": 2012.1653172739811,
    "avg_err": 0.000545466240333869,
    "count_est": 92525.73391637206,
    "count_real": 94981,
    "count_err": 0.02585007615868373,
    "sum_est": 186075519.43393987,
    "sum_real": 191117474.0,
    "sum_err": 0.026381442055163025,
    "query_dur_ms_est": 10.10584831237793,
    "query_dur_ms_real": 2188.521385192871,
    "query_dur_ms_err": 0.9953823397017035,
    "order": [
        0,
        1,
        2,
        3,
        4,
        5,
        6,
        7,
        9,
        8
    ],
    "groupby": false
}