{
    "timestamp": "2022-07-27 19:01:43.943192",
    "dataset": "dmv.csv",
    "model": "dmv.csv-2.6MB-model16.669*",
    "query": "'SELECT Model Year FROM dmv.csv WHERE Record Type=SNOW AND State>=DE<=TN AND County>=ERIE<=SENECA AND Fuel Type=nan AND Scofflaw Indicator=N AND Suspension Indicator=N AND Revocation Indicator=N AND Registration Class<=HIS AND Weight_100<=11.0'",
    "avg_est": 2008.329833984375,
    "avg_real": NaN,
    "avg_err": NaN,
    "count_est": 0.0,
    "count_real": 0,
    "count_err": "result=0!",
    "sum_est": 0.0,
    "sum_real": 0.0,
    "sum_err": "result=0!",
    "query_dur_ms_est": 10.344743728637695,
    "query_dur_ms_real": 2188.521385192871,
    "query_dur_ms_err": 0.9952731813366649,
    "order": [
        0,
        1,
        2,
        3,
        4,
        5,
        6,
        7,
        9,
        8
    ],
    "groupby": false
}