{
    "timestamp": "2022-07-27 18:36:02.324518",
    "dataset": "dmv.csv",
    "model": "dmv.csv-2.6MB-model16.669*",
    "query": "'SELECT Weight_100 FROM dmv.csv WHERE Revocation Indicator=N'",
    "avg_est": 47.512123107910156,
    "avg_real": 49.466124927671096,
    "avg_err": 0.0395018171044945,
    "count_est": 12641140.552198887,
    "count_real": 12640636,
    "count_err": 3.9915095956158485e-05,
    "sum_est": 600607426.1404688,
    "sum_real": 480016061.0,
    "sum_err": 0.25122360466282156,
    "query_dur_ms_est": 9.897470474243164,
    "query_dur_ms_real": 2188.521385192871,
    "query_dur_ms_err": 0.9954775536847812,
    "order": [
        0,
        1,
        2,
        3,
        4,
        5,
        6,
        7,
        8,
        9
    ],
    "groupby": false
}