{
    "timestamp": "2022-07-27 18:16:31.976557",
    "dataset": "dmv.csv",
    "model": "dmv.csv-2.6MB-model16.669*",
    "query": "'SELECT Weight_100 FROM dmv.csv WHERE Suspension Indicator=Y AND Model Year<=1995.0'",
    "avg_est": 40.82498550415039,
    "avg_real": 41.166582788122795,
    "avg_err": 0.008297926639443122,
    "count_est": 3033.7802712714183,
    "count_real": 2600,
    "count_err": 0.16683856587362242,
    "sum_est": 123854.03559743309,
    "sum_real": 81798.0,
    "sum_err": 0.5141450352995561,
    "query_dur_ms_est": 9.923696517944336,
    "query_dur_ms_real": 2188.521385192871,
    "query_dur_ms_err": 0.9954655702315334,
    "order": [
        0,
        1,
        2,
        3,
        4,
        5,
        6,
        7,
        8,
        9
    ],
    "groupby": false
}