{
    "timestamp": "2022-07-27 18:11:19.820241",
    "dataset": "dmv.csv",
    "model": "dmv.csv-2.6MB-model16.669*",
    "query": "'SELECT Model Year FROM dmv.csv WHERE Record Type=TRL AND Weight_100>=41.0<=72.0'",
    "avg_est": 2007.9466552734375,
    "avg_real": 2011.6051476154428,
    "avg_err": 0.001818693070229042,
    "count_est": 6534.210579845356,
    "count_real": 6605,
    "count_err": 0.01071755036406422,
    "sum_est": 13120346.278652791,
    "sum_real": 13286652.0,
    "sum_err": 0.012516751499716337,
    "query_dur_ms_est": 10.376453399658203,
    "query_dur_ms_real": 2188.521385192871,
    "query_dur_ms_err": 0.9952586922522835,
    "order": [
        0,
        1,
        2,
        3,
        4,
        5,
        6,
        7,
        9,
        8
    ],
    "groupby": false
}