{
    "timestamp": "2022-07-27 18:10:41.937794",
    "dataset": "dmv.csv",
    "model": "dmv.csv-2.6MB-model16.669*",
    "query": "'SELECT Weight_100 FROM dmv.csv WHERE Model Year<=1982.0'",
    "avg_est": 33.25555419921875,
    "avg_real": 32.18704335704672,
    "avg_err": 0.03319692431265521,
    "count_est": 239677.04360224307,
    "count_real": 247681,
    "count_err": 0.0323155849570897,
    "sum_est": 7970592.91382291,
    "sum_real": 5356954.0,
    "sum_err": 0.4878964638902835,
    "query_dur_ms_est": 10.072708129882812,
    "query_dur_ms_real": 2188.521385192871,
    "query_dur_ms_err": 0.9953974824289893,
    "order": [
        0,
        1,
        2,
        3,
        4,
        5,
        6,
        7,
        8,
        9
    ],
    "groupby": false
}