{
    "timestamp": "2022-07-27 17:34:06.966995",
    "dataset": "dmv.csv",
    "model": "dmv.csv-2.6MB-model16.669*",
    "query": "'SELECT Weight_100 FROM dmv.csv WHERE State=KY AND County>=ONEIDA<=ONEIDA AND Scofflaw Indicator=N AND Registration Class<=AMB'",
    "avg_est": 35.098304748535156,
    "avg_real": NaN,
    "avg_err": NaN,
    "count_est": 5.764982002024084e-05,
    "count_real": 0,
    "count_err": "result=0!",
    "sum_est": 0.0020234109517686164,
    "sum_real": 0.0,
    "sum_err": "result=0!",
    "query_dur_ms_est": 10.174036026000977,
    "query_dur_ms_real": 2188.521385192871,
    "query_dur_ms_err": 0.9953511827232594,
    "order": [
        0,
        1,
        2,
        3,
        4,
        5,
        6,
        7,
        8,
        9
    ],
    "groupby": false
}