{
    "timestamp": "2022-07-27 18:56:25.348767",
    "dataset": "dmv.csv",
    "model": "dmv.csv-2.6MB-model16.669*",
    "query": "'SELECT Model Year FROM dmv.csv WHERE Registration Class>=SPC AND Weight_100<=28.0'",
    "avg_est": 2010.31005859375,
    "avg_real": 2003.2120236284252,
    "avg_err": 0.003543326857867056,
    "count_est": 47039.80128505081,
    "count_real": 50617,
    "count_err": 0.07067188325956084,
    "sum_est": 94564585.67758885,
    "sum_real": 101396583.0,
    "sum_err": 0.06737896998374343,
    "query_dur_ms_est": 9.968757629394531,
    "query_dur_ms_real": 2188.521385192871,
    "query_dur_ms_err": 0.995444980480044,
    "order": [
        0,
        1,
        2,
        3,
        4,
        5,
        6,
        7,
        9,
        8
    ],
    "groupby": false
}