{
    "timestamp": "2022-07-27 17:47:29.128365",
    "dataset": "dmv.csv",
    "model": "dmv.csv-2.6MB-model16.669*",
    "query": "'SELECT Model Year FROM dmv.csv WHERE County>=LEWIS<=TIOGA'",
    "avg_est": 2012.0845947265625,
    "avg_real": 2012.2832274874384,
    "avg_err": 9.871014088005306e-05,
    "count_est": 7800319.44686842,
    "count_real": 7800348,
    "count_err": 3.66049458054343e-06,
    "sum_est": 15694902592.98997,
    "sum_real": 15696481277.0,
    "sum_err": 0.00010057566292542181,
    "query_dur_ms_est": 10.036945343017578,
    "query_dur_ms_real": 2188.521385192871,
    "query_dur_ms_err": 0.9954138235015999,
    "order": [
        0,
        1,
        2,
        3,
        4,
        5,
        6,
        7,
        9,
        8
    ],
    "groupby": false
}