{
    "timestamp": "2022-07-27 17:54:37.974902",
    "dataset": "dmv.csv",
    "model": "dmv.csv-2.6MB-model16.669*",
    "query": "'SELECT Model Year FROM dmv.csv WHERE Fuel Type=DIESEL AND Revocation Indicator=N'",
    "avg_est": 2009.357177734375,
    "avg_real": 2009.7929524573503,
    "avg_err": 0.0002168256797012458,
    "count_est": 468692.2576934397,
    "count_real": 481189,
    "count_err": 0.025970548592258506,
    "sum_est": 941770152.1448425,
    "sum_real": 967090261.0,
    "sum_err": 0.02618174319010901,
    "query_dur_ms_est": 10.065555572509766,
    "query_dur_ms_real": 2188.521385192871,
    "query_dur_ms_err": 0.9954007506435114,
    "order": [
        0,
        1,
        2,
        3,
        4,
        5,
        6,
        7,
        9,
        8
    ],
    "groupby": false
}