{
    "timestamp": "2022-07-27 18:55:26.511732",
    "dataset": "dmv.csv",
    "model": "dmv.csv-2.6MB-model16.669*",
    "query": "'SELECT Model Year FROM dmv.csv WHERE County<=DUTCHESS'",
    "avg_est": 2011.361572265625,
    "avg_real": 2011.3929312018863,
    "avg_err": 1.5590656492252224e-05,
    "count_est": 1705840.8994492888,
    "count_real": 1730283,
    "count_err": 0.014126071024630742,
    "sum_est": 3431062833.5513296,
    "sum_real": 3480272961.0,
    "sum_err": 0.01413973214173714,
    "query_dur_ms_est": 9.948253631591797,
    "query_dur_ms_real": 2188.521385192871,
    "query_dur_ms_err": 0.9954543493616741,
    "order": [
        0,
        1,
        2,
        3,
        4,
        5,
        6,
        7,
        9,
        8
    ],
    "groupby": false
}