{
    "timestamp": "2022-07-27 18:45:26.320726",
    "dataset": "dmv.csv",
    "model": "dmv.csv-2.6MB-model16.669*",
    "query": "'SELECT Model Year FROM dmv.csv WHERE Record Type=SNOW'",
    "avg_est": 2009.3681640625,
    "avg_real": 2009.872658579531,
    "avg_err": 0.00025100819938885286,
    "count_est": 111333.63139332086,
    "count_real": 113019,
    "count_err": 0.014912259059796509,
    "sum_est": 223710254.51120824,
    "sum_real": 227153798.0,
    "sum_err": 0.015159524159889961,
    "query_dur_ms_est": 9.946346282958984,
    "query_dur_ms_real": 2188.521385192871,
    "query_dur_ms_err": 0.9954552208855467,
    "order": [
        0,
        1,
        2,
        3,
        4,
        5,
        6,
        7,
        9,
        8
    ],
    "groupby": false
}