{
    "timestamp": "2022-07-27 17:56:02.752646",
    "dataset": "dmv.csv",
    "model": "dmv.csv-2.6MB-model16.669*",
    "query": "'SELECT Weight_100 FROM dmv.csv WHERE Suspension Indicator=Y AND Model Year<=2012.0'",
    "avg_est": 47.88621520996094,
    "avg_real": 48.789457081770706,
    "avg_err": 0.018513054373528758,
    "count_est": 63409.0818040818,
    "count_real": 65219,
    "count_err": 0.027751394469682184,
    "sum_est": 3036420.937536279,
    "sum_real": 2784024.0,
    "sum_err": 0.09065903797391085,
    "query_dur_ms_est": 10.033845901489258,
    "query_dur_ms_real": 2188.521385192871,
    "query_dur_ms_err": 0.9954152397278928,
    "order": [
        0,
        1,
        2,
        3,
        4,
        5,
        6,
        7,
        8,
        9
    ],
    "groupby": false
}