{
    "timestamp": "2022-07-27 18:04:06.816833",
    "dataset": "dmv.csv",
    "model": "dmv.csv-2.6MB-model16.669*",
    "query": "'SELECT Weight_100 FROM dmv.csv WHERE Model Year>=1980.0<=1986.0'",
    "avg_est": 35.154178619384766,
    "avg_real": 30.82791005026132,
    "avg_err": 0.1403360968054587,
    "count_est": 103926.9972404316,
    "count_real": 107219,
    "count_err": 0.030703539107512598,
    "sum_est": 3653468.2243664404,
    "sum_real": 1539515.0,
    "sum_err": 1.3731293455188422,
    "query_dur_ms_est": 9.940862655639648,
    "query_dur_ms_real": 2188.521385192871,
    "query_dur_ms_err": 0.9954577265166803,
    "order": [
        0,
        1,
        2,
        3,
        4,
        5,
        6,
        7,
        8,
        9
    ],
    "groupby": false
}