{
    "timestamp": "2022-07-26 19:19:12.856175",
    "dataset": "dmv.csv",
    "model": "dmv.csv-32.5MB*",
    "query": "'SELECT Unladen Weight FROM dmv.csv WHERE State=SC AND Revocation Indicator=Y'",
    "avg_est": 3823.255859375,
    "avg_real": NaN,
    "avg_err": NaN,
    "count_est": 0.028490689874969277,
    "count_real": 0,
    "count_err": "result=0!",
    "sum_est": 108.92719700211228,
    "sum_real": 0.0,
    "sum_err": "result=0!",
    "query_dur_ms_est": 91.35937690734863,
    "query_dur_ms_real": 1141.6544914245605,
    "query_dur_ms_err": 0.9199763347023231,
    "order": [
        0,
        1,
        2,
        3,
        4,
        5,
        6,
        7,
        8,
        9
    ],
    "groupby": false
}