{
    "timestamp": "2022-07-27 17:36:04.750701",
    "dataset": "dmv.csv",
    "model": "dmv.csv-2.6MB-model16.669*",
    "query": "'SELECT Weight_100 FROM dmv.csv WHERE County<=JEFFERSON'",
    "avg_est": 44.87299346923828,
    "avg_real": 47.63206655419163,
    "avg_err": 0.05792469830831959,
    "count_est": 2999337.8321630955,
    "count_real": 2989601,
    "count_err": 0.0032569002228375874,
    "sum_est": 134589266.95469388,
    "sum_real": 102343449.0,
    "sum_err": 0.3150745677399819,
    "query_dur_ms_est": 10.21265983581543,
    "query_dur_ms_real": 2188.521385192871,
    "query_dur_ms_err": 0.99533353436484,
    "order": [
        0,
        1,
        2,
        3,
        4,
        5,
        6,
        7,
        8,
        9
    ],
    "groupby": false
}