{
    "timestamp": "2022-07-27 18:34:14.218016",
    "dataset": "dmv.csv",
    "model": "dmv.csv-2.6MB-model16.669*",
    "query": "'SELECT Model Year FROM dmv.csv WHERE Suspension Indicator=N AND Registration Class>=SOS'",
    "avg_est": 2010.1640625,
    "avg_real": 2010.6077649642473,
    "avg_err": 0.00022068076726798605,
    "count_est": 548128.9460508376,
    "count_real": 567369,
    "count_err": 0.033911006680242245,
    "sum_est": 1101829108.967395,
    "sum_real": 1140756517.0,
    "sum_err": 0.03412420394053724,
    "query_dur_ms_est": 10.016202926635742,
    "query_dur_ms_real": 2188.521385192871,
    "query_dur_ms_err": 0.995423301323714,
    "order": [
        0,
        1,
        2,
        3,
        4,
        5,
        6,
        7,
        9,
        8
    ],
    "groupby": false
}