{
    "timestamp": "2022-07-27 17:56:55.221566",
    "dataset": "dmv.csv",
    "model": "dmv.csv-2.6MB-model16.669*",
    "query": "'SELECT Weight_100 FROM dmv.csv WHERE Suspension Indicator=Y AND Registration Class>=STG'",
    "avg_est": 45.822731018066406,
    "avg_real": 77.4375,
    "avg_err": 0.4082617463365113,
    "count_est": 335.44992771952093,
    "count_real": 241,
    "count_err": 0.39190841377394575,
    "sum_est": 15371.231807921426,
    "sum_real": 1239.0,
    "sum_err": 11.406159651268302,
    "query_dur_ms_est": 9.96541976928711,
    "query_dur_ms_real": 2188.521385192871,
    "query_dur_ms_err": 0.995446505646821,
    "order": [
        0,
        1,
        2,
        3,
        4,
        5,
        6,
        7,
        8,
        9
    ],
    "groupby": false
}