{
    "timestamp": "2022-07-27 17:45:09.699842",
    "dataset": "dmv.csv",
    "model": "dmv.csv-2.6MB-model16.669*",
    "query": "'SELECT Weight_100 FROM dmv.csv WHERE State<=AA'",
    "avg_est": 44.94505310058594,
    "avg_real": 33.0,
    "avg_err": 0.36197130607836175,
    "count_est": 12.843479093403857,
    "count_real": 10,
    "count_err": 0.28434790934038573,
    "sum_est": 577.2508498493017,
    "sum_real": 165.0,
    "sum_err": 2.498489999086677,
    "query_dur_ms_est": 10.059595108032227,
    "query_dur_ms_real": 2188.521385192871,
    "query_dur_ms_err": 0.9954034741556133,
    "order": [
        0,
        1,
        2,
        3,
        4,
        5,
        6,
        7,
        8,
        9
    ],
    "groupby": false
}