{
    "timestamp": "2022-07-27 18:01:00.975555",
    "dataset": "dmv.csv",
    "model": "dmv.csv-2.6MB-model16.669*",
    "query": "'SELECT Model Year FROM dmv.csv WHERE State>=KY'",
    "avg_est": 2012.144775390625,
    "avg_real": 2012.1281330475306,
    "avg_err": 8.271015558642202e-06,
    "count_est": 12584568.671493769,
    "count_real": 12592394,
    "count_err": 0.0006214329464461887,
    "sum_est": 25321974102.890724,
    "sum_real": 25337465963.0,
    "sum_err": 0.0006114210525984879,
    "query_dur_ms_est": 9.938955307006836,
    "query_dur_ms_real": 2188.521385192871,
    "query_dur_ms_err": 0.9954585980405529,
    "order": [
        0,
        1,
        2,
        3,
        4,
        5,
        6,
        7,
        9,
        8
    ],
    "groupby": false
}