{
    "timestamp": "2022-07-27 18:25:36.129117",
    "dataset": "dmv.csv",
    "model": "dmv.csv-2.6MB-model16.669*",
    "query": "'SELECT Weight_100 FROM dmv.csv WHERE Record Type=TRL AND State>=SC<=WI AND County<=WARREN AND Fuel Type=PROPANE AND Registration Class<=ORG'",
    "avg_est": 39.65501403808594,
    "avg_real": NaN,
    "avg_err": NaN,
    "count_est": 0.00041055992154763465,
    "count_real": 0,
    "count_err": "result=0!",
    "sum_est": 0.016280759452446912,
    "sum_real": 0.0,
    "sum_err": "result=0!",
    "query_dur_ms_est": 10.077238082885742,
    "query_dur_ms_real": 2188.521385192871,
    "query_dur_ms_err": 0.995395412559792,
    "order": [
        0,
        1,
        2,
        3,
        4,
        5,
        6,
        7,
        8,
        9
    ],
    "groupby": false
}