{
    "timestamp": "2022-07-27 18:58:41.583614",
    "dataset": "dmv.csv",
    "model": "dmv.csv-2.6MB-model16.669*",
    "query": "'SELECT Weight_100 FROM dmv.csv WHERE State>=VI AND County<=CHEMUNG AND Fuel Type=COMP N/G AND Scofflaw Indicator=N AND Revocation Indicator=N AND Registration Class>=HOU AND Model Year=2007.0'",
    "avg_est": 34.33644485473633,
    "avg_real": NaN,
    "avg_err": NaN,
    "count_est": 0.002519251846912207,
    "count_real": 0,
    "count_err": "result=0!",
    "sum_est": 0.08650215211669365,
    "sum_real": 0.0,
    "sum_err": "result=0!",
    "query_dur_ms_est": 10.207653045654297,
    "query_dur_ms_real": 2188.521385192871,
    "query_dur_ms_err": 0.9953358221150054,
    "order": [
        0,
        1,
        2,
        3,
        4,
        5,
        6,
        7,
        8,
        9
    ],
    "groupby": false
}