{
    "timestamp": "2022-07-27 18:47:41.287616",
    "dataset": "dmv.csv",
    "model": "dmv.csv-2.6MB-model16.669*",
    "query": "'SELECT Weight_100 FROM dmv.csv WHERE Suspension Indicator=N'",
    "avg_est": 46.81315231323242,
    "avg_real": 49.46856710920306,
    "avg_err": 0.05367882983367485,
    "count_est": 12504780.392263412,
    "count_real": 12505841,
    "count_err": 8.480898938244333e-05,
    "sum_est": 585388189.1465493,
    "sum_real": 473815872.0,
    "sum_err": 0.2354761073654986,
    "query_dur_ms_est": 9.967565536499023,
    "query_dur_ms_real": 2188.521385192871,
    "query_dur_ms_err": 0.9954455251824644,
    "order": [
        0,
        1,
        2,
        3,
        4,
        5,
        6,
        7,
        8,
        9
    ],
    "groupby": false
}