{
    "timestamp": "2022-07-27 18:04:41.699583",
    "dataset": "dmv.csv",
    "model": "dmv.csv-2.6MB-model16.669*",
    "query": "'SELECT Model Year FROM dmv.csv WHERE Record Type=SNOW AND State>=NB AND County<=ROCKLAND AND Fuel Type=GAS AND Scofflaw Indicator=Y AND Suspension Indicator=N AND Revocation Indicator=N AND Registration Class<=OMR AND Weight_100<=8.0'",
    "avg_est": 2009.8955078125,
    "avg_real": NaN,
    "avg_err": NaN,
    "count_est": 1.1714412291067102e-15,
    "count_real": 0,
    "count_err": "result=0!",
    "sum_est": 2.3544744640479303e-12,
    "sum_real": 0.0,
    "sum_err": "result=0!",
    "query_dur_ms_est": 10.194778442382812,
    "query_dur_ms_real": 2188.521385192871,
    "query_dur_ms_err": 0.9953417049011453,
    "order": [
        0,
        1,
        2,
        3,
        4,
        5,
        6,
        7,
        9,
        8
    ],
    "groupby": false
}