{
    "timestamp": "2022-07-27 18:09:35.453214",
    "dataset": "dmv.csv",
    "model": "dmv.csv-2.6MB-model16.669*",
    "query": "'SELECT Model Year FROM dmv.csv WHERE Record Type=SNOW AND State>=BY<=OK AND County>=HERKIMER AND Fuel Type=OTHER AND Scofflaw Indicator=N AND Suspension Indicator=Y AND Revocation Indicator=Y AND Registration Class>=TOW AND Weight_100>=23.0<=37.0'",
    "avg_est": 2011.056884765625,
    "avg_real": NaN,
    "avg_err": NaN,
    "count_est": 4.591200057539835e-32,
    "count_real": 0,
    "count_err": "result=0!",
    "sum_est": 9.233164485051819e-29,
    "sum_real": 0.0,
    "sum_err": "result=0!",
    "query_dur_ms_est": 10.34402847290039,
    "query_dur_ms_real": 2188.521385192871,
    "query_dur_ms_err": 0.9952735081581171,
    "order": [
        0,
        1,
        2,
        3,
        4,
        5,
        6,
        7,
        9,
        8
    ],
    "groupby": false
}