{
    "timestamp": "2022-07-27 18:50:35.414379",
    "dataset": "dmv.csv",
    "model": "dmv.csv-2.6MB-model16.669*",
    "query": "'SELECT Weight_100 FROM dmv.csv WHERE State>=YH AND Model Year=1907.0'",
    "avg_est": 17.941661834716797,
    "avg_real": NaN,
    "avg_err": NaN,
    "count_est": 2.862940596068549e-06,
    "count_real": 0,
    "count_err": "result=0!",
    "sum_est": 5.136591202754444e-05,
    "sum_real": 0.0,
    "sum_err": "result=0!",
    "query_dur_ms_est": 9.965896606445312,
    "query_dur_ms_real": 2188.521385192871,
    "query_dur_ms_err": 0.9954462877658529,
    "order": [
        0,
        1,
        2,
        3,
        4,
        5,
        6,
        7,
        8,
        9
    ],
    "groupby": false
}