{
    "timestamp": "2022-07-27 18:47:13.862901",
    "dataset": "dmv.csv",
    "model": "dmv.csv-2.6MB-model16.669*",
    "query": "'SELECT Weight_100 FROM dmv.csv WHERE Revocation Indicator=N AND Model Year<=2013.0'",
    "avg_est": 44.443870544433594,
    "avg_real": 45.09021668091711,
    "avg_err": 0.014334509435991674,
    "count_est": 5692138.172531962,
    "count_real": 5593350,
    "count_err": 0.017661718385576158,
    "sum_est": 252980652.06103936,
    "sum_real": 184415875.0,
    "sum_err": 0.3717943320282994,
    "query_dur_ms_est": 9.914636611938477,
    "query_dur_ms_real": 2188.521385192871,
    "query_dur_ms_err": 0.9954697099699281,
    "order": [
        0,
        1,
        2,
        3,
        4,
        5,
        6,
        7,
        8,
        9
    ],
    "groupby": false
}