{
    "timestamp": "2022-07-27 18:48:43.931855",
    "dataset": "dmv.csv",
    "model": "dmv.csv-2.6MB-model16.669*",
    "query": "'SELECT Model Year FROM dmv.csv WHERE Record Type=VEH AND Scofflaw Indicator=Y AND Suspension Indicator=Y'",
    "avg_est": 2012.8980712890625,
    "avg_real": 2012.7489025460932,
    "avg_err": 7.41119484803231e-05,
    "count_est": 2556.1531407354632,
    "count_real": 2278,
    "count_err": 0.12210410041065112,
    "sum_est": 5145275.726905894,
    "sum_real": 4585042.0,
    "sum_err": 0.12218726173193038,
    "query_dur_ms_est": 10.008096694946289,
    "query_dur_ms_real": 2188.521385192871,
    "query_dur_ms_err": 0.9954270053001725,
    "order": [
        0,
        1,
        2,
        3,
        4,
        5,
        6,
        7,
        9,
        8
    ],
    "groupby": false
}