{
    "timestamp": "2022-07-27 18:51:54.202487",
    "dataset": "dmv.csv",
    "model": "dmv.csv-2.6MB-model16.669*",
    "query": "'SELECT Model Year FROM dmv.csv WHERE Registration Class<=CHC'",
    "avg_est": 2010.9259033203125,
    "avg_real": 2003.1186893982285,
    "avg_err": 0.003897529369280358,
    "count_est": 483681.39210249484,
    "count_real": 505164,
    "count_err": 0.042526007192723876,
    "sum_est": 972647440.3329357,
    "sum_real": 1011859381.0,
    "sum_err": 0.03875236164565866,
    "query_dur_ms_est": 9.925365447998047,
    "query_dur_ms_real": 2188.521385192871,
    "query_dur_ms_err": 0.9954648076481449,
    "order": [
        0,
        1,
        2,
        3,
        4,
        5,
        6,
        7,
        9,
        8
    ],
    "groupby": false
}