{
    "timestamp": "2022-07-27 17:37:06.815440",
    "dataset": "dmv.csv",
    "model": "dmv.csv-2.6MB-model16.669*",
    "query": "'SELECT Model Year FROM dmv.csv WHERE Weight_100>=12.0<=60.0'",
    "avg_est": 2012.1357421875,
    "avg_real": 2013.2097566628383,
    "avg_err": 0.0005334836431145982,
    "count_est": 4569689.3750664,
    "count_real": 4754843,
    "count_err": 0.03894000809986795,
    "sum_est": 9194835322.265562,
    "sum_real": 9572496319.0,
    "sum_err": 0.039452717885598586,
    "query_dur_ms_est": 10.04791259765625,
    "query_dur_ms_real": 2188.521385192871,
    "query_dur_ms_err": 0.9954088122393326,
    "order": [
        0,
        1,
        2,
        3,
        4,
        5,
        6,
        7,
        9,
        8
    ],
    "groupby": false
}