{
    "timestamp": "2022-07-27 19:09:11.961617",
    "dataset": "dmv.csv",
    "model": "dmv.csv-2.6MB-model16.669*",
    "query": "'SELECT Weight_100 FROM dmv.csv WHERE County>=WASHINGTON<=WYOMING'",
    "avg_est": 48.58020782470703,
    "avg_real": 50.89562242188907,
    "avg_err": 0.04549339387165512,
    "count_est": 923069.5893367827,
    "count_real": 927262,
    "count_err": 0.004521279490820616,
    "sum_est": 44842912.486647874,
    "sum_real": 38705561.0,
    "sum_err": 0.15856510868419849,
    "query_dur_ms_est": 9.928464889526367,
    "query_dur_ms_real": 2188.521385192871,
    "query_dur_ms_err": 0.995463391421852,
    "order": [
        0,
        1,
        2,
        3,
        4,
        5,
        6,
        7,
        8,
        9
    ],
    "groupby": false
}