{
    "timestamp": "2022-07-27 18:49:02.599282",
    "dataset": "dmv.csv",
    "model": "dmv.csv-2.6MB-model16.669*",
    "query": "'SELECT Weight_100 FROM dmv.csv WHERE Fuel Type=OTHER'",
    "avg_est": 51.887264251708984,
    "avg_real": 52.904761904761905,
    "avg_err": 0.01923262890559076,
    "count_est": 2354.090082722658,
    "count_real": 2149,
    "count_err": 0.09543512458011066,
    "sum_est": 122147.29419455801,
    "sum_real": 56661.0,
    "sum_err": 1.1557560613924571,
    "query_dur_ms_est": 9.92131233215332,
    "query_dur_ms_real": 2188.521385192871,
    "query_dur_ms_err": 0.995466659636374,
    "order": [
        0,
        1,
        2,
        3,
        4,
        5,
        6,
        7,
        8,
        9
    ],
    "groupby": false
}