{
    "timestamp": "2022-07-27 18:32:14.068963",
    "dataset": "dmv.csv",
    "model": "dmv.csv-2.6MB-model16.669*",
    "query": "'SELECT Model Year FROM dmv.csv WHERE Record Type=SNOW AND Fuel Type=COMP N/G AND Scofflaw Indicator=N AND Suspension Indicator=Y AND Revocation Indicator=N'",
    "avg_est": 2010.93408203125,
    "avg_real": NaN,
    "avg_err": NaN,
    "count_est": 2.7534596753996627e-09,
    "count_real": 0,
    "count_err": "result=0!",
    "sum_est": 5.537025904759884e-06,
    "sum_real": 0.0,
    "sum_err": "result=0!",
    "query_dur_ms_est": 10.06460189819336,
    "query_dur_ms_real": 2188.521385192871,
    "query_dur_ms_err": 0.9954011864054477,
    "order": [
        0,
        1,
        2,
        3,
        4,
        5,
        6,
        7,
        9,
        8
    ],
    "groupby": false
}