{
    "timestamp": "2022-07-27 17:48:41.625919",
    "dataset": "dmv.csv",
    "model": "dmv.csv-2.6MB-model16.669*",
    "query": "'SELECT Weight_100 FROM dmv.csv WHERE Revocation Indicator=Y'",
    "avg_est": 46.388275146484375,
    "avg_real": 54.645161290322584,
    "avg_err": 0.15110004159326118,
    "count_est": 5078.587913508294,
    "count_real": 5680,
    "count_err": 0.10588240959361019,
    "sum_est": 235586.93348743275,
    "sum_real": 1694.0,
    "sum_err": 138.07138930781153,
    "query_dur_ms_est": 10.004997253417969,
    "query_dur_ms_real": 2188.521385192871,
    "query_dur_ms_err": 0.9954284215264654,
    "order": [
        0,
        1,
        2,
        3,
        4,
        5,
        6,
        7,
        8,
        9
    ],
    "groupby": false
}