{
    "timestamp": "2022-07-27 17:54:52.379430",
    "dataset": "dmv.csv",
    "model": "dmv.csv-2.6MB-model16.669*",
    "query": "'SELECT Model Year FROM dmv.csv WHERE State=NM AND County>=MONTGOMERY AND Fuel Type=FLEX AND Scofflaw Indicator=Y AND Suspension Indicator=N AND Registration Class>=OMR<=RGC'",
    "avg_est": 2016.084716796875,
    "avg_real": NaN,
    "avg_err": NaN,
    "count_est": 0.00018865187364731917,
    "count_real": 0,
    "count_err": "result=0!",
    "sum_est": 0.38033815925545533,
    "sum_real": 0.0,
    "sum_err": "result=0!",
    "query_dur_ms_est": 10.292530059814453,
    "query_dur_ms_real": 2188.521385192871,
    "query_dur_ms_err": 0.9952970393026763,
    "order": [
        0,
        1,
        2,
        3,
        4,
        5,
        6,
        7,
        9,
        8
    ],
    "groupby": false
}