{
    "timestamp": "2022-07-27 19:06:05.578498",
    "dataset": "dmv.csv",
    "model": "dmv.csv-2.6MB-model16.669*",
    "query": "'SELECT Weight_100 FROM dmv.csv WHERE State<=OK AND Fuel Type=FLEX'",
    "avg_est": 72.75131225585938,
    "avg_real": 79.24656293735079,
    "avg_err": 0.08196255384131047,
    "count_est": 20453.425383657683,
    "count_real": 15550,
    "count_err": 0.3153328221001725,
    "sum_est": 1488013.5367884005,
    "sum_real": 962608.0,
    "sum_err": 0.5458146377221055,
    "query_dur_ms_est": 10.02812385559082,
    "query_dur_ms_real": 2188.521385192871,
    "query_dur_ms_err": 0.9954178542995105,
    "order": [
        0,
        1,
        2,
        3,
        4,
        5,
        6,
        7,
        8,
        9
    ],
    "groupby": false
}