{
    "timestamp": "2022-07-27 17:59:41.394006",
    "dataset": "dmv.csv",
    "model": "dmv.csv-2.6MB-model16.669*",
    "query": "'SELECT Model Year FROM dmv.csv WHERE Fuel Type=FLEX'",
    "avg_est": 2016.74169921875,
    "avg_real": 2016.7296373647237,
    "avg_err": 5.980897886790372e-06,
    "count_est": 20754.94146949146,
    "count_real": 15801,
    "count_err": 0.31352075624906395,
    "sum_est": 41857355.92636791,
    "sum_real": 31866345.0,
    "sum_err": 0.3135286122825793,
    "query_dur_ms_est": 9.874343872070312,
    "query_dur_ms_real": 2188.521385192871,
    "query_dur_ms_err": 0.995488120911736,
    "order": [
        0,
        1,
        2,
        3,
        4,
        5,
        6,
        7,
        9,
        8
    ],
    "groupby": false
}