{
    "timestamp": "2022-07-27 18:22:57.355577",
    "dataset": "dmv.csv",
    "model": "dmv.csv-2.6MB-model16.669*",
    "query": "'SELECT Weight_100 FROM dmv.csv WHERE Record Type=VEH AND Revocation Indicator=N AND Model Year>=1914.0'",
    "avg_est": 48.221160888671875,
    "avg_real": 49.03122999471219,
    "avg_err": 0.016521492651268975,
    "count_est": 11383288.89434743,
    "count_real": 11386650,
    "count_err": 0.00029517949990302014,
    "sum_est": 548915405.2165592,
    "sum_real": 470115846.0,
    "sum_err": 0.16761732217075528,
    "query_dur_ms_est": 9.981632232666016,
    "query_dur_ms_real": 2188.521385192871,
    "query_dur_ms_err": 0.9954390976939043,
    "order": [
        0,
        1,
        2,
        3,
        4,
        5,
        6,
        7,
        8,
        9
    ],
    "groupby": false
}