{
    "timestamp": "2022-07-27 18:44:41.091776",
    "dataset": "dmv.csv",
    "model": "dmv.csv-2.6MB-model16.669*",
    "query": "'SELECT Weight_100 FROM dmv.csv WHERE State<=AZ AND Scofflaw Indicator=N'",
    "avg_est": 46.610755920410156,
    "avg_real": 66.70297029702971,
    "avg_err": 0.3012191853998181,
    "count_est": 4338.219605710008,
    "count_real": 3384,
    "count_err": 0.2819797889213972,
    "sum_est": 202207.69517088716,
    "sum_real": 60633.0,
    "sum_err": 2.3349445874505164,
    "query_dur_ms_est": 10.06937026977539,
    "query_dur_ms_real": 2188.521385192871,
    "query_dur_ms_err": 0.9953990075957663,
    "order": [
        0,
        1,
        2,
        3,
        4,
        5,
        6,
        7,
        8,
        9
    ],
    "groupby": false
}