{
    "timestamp": "2022-07-26 19:18:56.061741",
    "dataset": "dmv.csv",
    "model": "dmv.csv-32.5MB*",
    "query": "'SELECT Model Year FROM dmv.csv WHERE Suspension Indicator=N'",
    "avg_est": 2012.00732421875,
    "avg_real": 2012.1374203480796,
    "avg_err": 6.465568803300387e-05,
    "count_est": 12499204.68772149,
    "count_real": 12505841,
    "count_err": 0.0005306570168698882,
    "sum_est": 25148491378.604973,
    "sum_real": 25163426382.0,
    "sum_err": 0.0005935202610448363,
    "query_dur_ms_est": 91.92347526550293,
    "query_dur_ms_real": 1141.6544914245605,
    "query_dur_ms_err": 0.9194822286812883,
    "order": [
        0,
        1,
        2,
        3,
        4,
        5,
        6,
        7,
        9,
        8
    ],
    "groupby": false
}