{
    "timestamp": "2022-07-27 18:22:21.835379",
    "dataset": "dmv.csv",
    "model": "dmv.csv-2.6MB-model16.669*",
    "query": "'SELECT Weight_100 FROM dmv.csv WHERE Fuel Type=DIESEL AND Scofflaw Indicator=Y'",
    "avg_est": 66.840576171875,
    "avg_real": 90.35059760956176,
    "avg_err": 0.2602088094567147,
    "count_est": 621.1317511738016,
    "count_real": 675,
    "count_err": 0.07980481307584948,
    "sum_est": 41516.804127102594,
    "sum_real": 22678.0,
    "sum_err": 0.8307083573111648,
    "query_dur_ms_est": 10.01429557800293,
    "query_dur_ms_real": 2188.521385192871,
    "query_dur_ms_err": 0.9954241728475866,
    "order": [
        0,
        1,
        2,
        3,
        4,
        5,
        6,
        7,
        8,
        9
    ],
    "groupby": false
}