{
    "timestamp": "2022-07-27 18:14:36.257793",
    "dataset": "dmv.csv",
    "model": "dmv.csv-2.6MB-model16.669*",
    "query": "'SELECT Model Year FROM dmv.csv WHERE Record Type=TRL AND Suspension Indicator=N'",
    "avg_est": 2007.798828125,
    "avg_real": 2008.2599993806036,
    "avg_err": 0.00022963722612902085,
    "count_est": 781591.5043733269,
    "count_real": 774948,
    "count_err": 0.008572838917355613,
    "sum_est": 1569278506.5532215,
    "sum_real": 1556297070.0,
    "sum_err": 0.008341233048277514,
    "query_dur_ms_est": 10.10274887084961,
    "query_dur_ms_real": 2188.521385192871,
    "query_dur_ms_err": 0.9953837559279964,
    "order": [
        0,
        1,
        2,
        3,
        4,
        5,
        6,
        7,
        9,
        8
    ],
    "groupby": false
}