{
    "timestamp": "2022-07-27 18:05:40.719918",
    "dataset": "dmv.csv",
    "model": "dmv.csv-2.6MB-model16.669*",
    "query": "'SELECT Weight_100 FROM dmv.csv WHERE State>=AA<=NS AND Fuel Type=FLEX'",
    "avg_est": 51.80485534667969,
    "avg_real": 70.36666666666666,
    "avg_err": 0.2637869917572758,
    "count_est": 81.99451601598957,
    "count_real": 63,
    "count_err": 0.30150025422205673,
    "sum_est": 4247.714041429351,
    "sum_real": 2111.0,
    "sum_err": 1.0121809765179304,
    "query_dur_ms_est": 10.153055191040039,
    "query_dur_ms_real": 2188.521385192871,
    "query_dur_ms_err": 0.9953607694858576,
    "order": [
        0,
        1,
        2,
        3,
        4,
        5,
        6,
        7,
        8,
        9
    ],
    "groupby": false
}