{
    "timestamp": "2022-07-27 18:00:10.228602",
    "dataset": "dmv.csv",
    "model": "dmv.csv-2.6MB-model16.669*",
    "query": "'SELECT Weight_100 FROM dmv.csv WHERE County>=ESSEX AND Fuel Type=DIESEL'",
    "avg_est": 55.1539306640625,
    "avg_real": 82.90186075778686,
    "avg_err": 0.3347081698780571,
    "count_est": 381956.67849367857,
    "count_real": 379020,
    "count_err": 0.007748083197927734,
    "sum_est": 21066412.16231596,
    "sum_real": 11066901.0,
    "sum_err": 0.9035511533279245,
    "query_dur_ms_est": 9.93490219116211,
    "query_dur_ms_real": 2188.521385192871,
    "query_dur_ms_err": 0.995460450028782,
    "order": [
        0,
        1,
        2,
        3,
        4,
        5,
        6,
        7,
        8,
        9
    ],
    "groupby": false
}