{
    "timestamp": "2022-07-27 18:34:49.375895",
    "dataset": "dmv.csv",
    "model": "dmv.csv-2.6MB-model16.669*",
    "query": "'SELECT Weight_100 FROM dmv.csv WHERE Record Type=VEH AND Registration Class=AGR'",
    "avg_est": 36.437347412109375,
    "avg_real": NaN,
    "avg_err": NaN,
    "count_est": 20301.360741100274,
    "count_real": 18564,
    "count_err": 0.09358762880307445,
    "sum_est": 739727.734262029,
    "sum_real": 0.0,
    "sum_err": "result=0!",
    "query_dur_ms_est": 9.92584228515625,
    "query_dur_ms_real": 2188.521385192871,
    "query_dur_ms_err": 0.9954645897671768,
    "order": [
        0,
        1,
        2,
        3,
        4,
        5,
        6,
        7,
        8,
        9
    ],
    "groupby": false
}