{
    "timestamp": "2022-07-27 17:39:10.492817",
    "dataset": "dmv.csv",
    "model": "dmv.csv-2.6MB-model16.669*",
    "query": "'SELECT Model Year FROM dmv.csv WHERE Suspension Indicator=Y AND Weight_100>=21.0<=93.0'",
    "avg_est": 2011.267822265625,
    "avg_real": 2012.6037096357531,
    "avg_err": 0.000663760761113732,
    "count_est": 94660.05964443088,
    "count_real": 96775,
    "count_err": 0.021854201555867984,
    "sum_est": 190386732.01658866,
    "sum_real": 194769724.0,
    "sum_err": 0.022503456355523418,
    "query_dur_ms_est": 9.973764419555664,
    "query_dur_ms_real": 2188.521385192871,
    "query_dur_ms_err": 0.9954426927298786,
    "order": [
        0,
        1,
        2,
        3,
        4,
        5,
        6,
        7,
        9,
        8
    ],
    "groupby": false
}