{
    "timestamp": "2022-07-27 18:19:48.878819",
    "dataset": "dmv.csv",
    "model": "dmv.csv-2.6MB-model16.669*",
    "query": "'SELECT Model Year FROM dmv.csv WHERE State>=SD AND Weight_100>=69.0'",
    "avg_est": 2013.4853515625,
    "avg_real": 2013.7904649793998,
    "avg_err": 0.00015151199799869893,
    "count_est": 1988.33401340805,
    "count_real": 1699,
    "count_err": 0.17029665297707472,
    "sum_est": 4003481.410010584,
    "sum_real": 3421430.0,
    "sum_err": 0.17011933899293108,
    "query_dur_ms_est": 9.932518005371094,
    "query_dur_ms_real": 2188.521385192871,
    "query_dur_ms_err": 0.9954615394336228,
    "order": [
        0,
        1,
        2,
        3,
        4,
        5,
        6,
        7,
        9,
        8
    ],
    "groupby": false
}