{
    "timestamp": "2022-07-26 19:19:01.497520",
    "dataset": "dmv.csv",
    "model": "dmv.csv-32.5MB*",
    "query": "'SELECT Unladen Weight FROM dmv.csv WHERE Model Year<=1908.0'",
    "avg_est": 3275.85693359375,
    "avg_real": 1521.0,
    "avg_err": 1.1537520930925378,
    "count_est": 103.12358365969703,
    "count_real": 86,
    "count_err": 0.19911143790345387,
    "sum_est": 337818.1065486537,
    "sum_real": 41067.0,
    "sum_err": 7.2260234871954045,
    "query_dur_ms_est": 91.26543998718262,
    "query_dur_ms_real": 1141.6544914245605,
    "query_dur_ms_err": 0.9200586160938226,
    "order": [
        0,
        1,
        2,
        3,
        4,
        5,
        6,
        7,
        8,
        9
    ],
    "groupby": false
}