{
    "timestamp": "2022-07-27 18:37:07.390263",
    "dataset": "dmv.csv",
    "model": "dmv.csv-2.6MB-model16.669*",
    "query": "'SELECT Model Year FROM dmv.csv WHERE County>=CORTLAND<=ERIE'",
    "avg_est": 2011.888916015625,
    "avg_real": 2012.1515466856365,
    "avg_err": 0.00013052231102776634,
    "count_est": 1162966.312456727,
    "count_real": 1154114,
    "count_err": 0.007670223614588358,
    "sum_est": 2339759033.731253,
    "sum_real": 2322250258.0,
    "sum_err": 0.007539573166559703,
    "query_dur_ms_est": 9.942054748535156,
    "query_dur_ms_real": 2188.521385192871,
    "query_dur_ms_err": 0.9954571818142599,
    "order": [
        0,
        1,
        2,
        3,
        4,
        5,
        6,
        7,
        9,
        8
    ],
    "groupby": false
}