{
    "timestamp": "2022-07-27 18:27:21.592004",
    "dataset": "dmv.csv",
    "model": "dmv.csv-2.6MB-model16.669*",
    "query": "'SELECT Weight_100 FROM dmv.csv WHERE State>=MT<=NJ AND County>=LEWIS'",
    "avg_est": 38.68589782714844,
    "avg_real": 52.03323536061497,
    "avg_err": 0.25651561816141466,
    "count_est": 38613.074244139716,
    "count_real": 39459,
    "count_err": 0.02143809411947297,
    "sum_est": 1493781.445000886,
    "sum_real": 460286.0,
    "sum_err": 2.245333216741083,
    "query_dur_ms_est": 10.00070571899414,
    "query_dur_ms_real": 2188.521385192871,
    "query_dur_ms_err": 0.9954303824551786,
    "order": [
        0,
        1,
        2,
        3,
        4,
        5,
        6,
        7,
        8,
        9
    ],
    "groupby": false
}