{
    "timestamp": "2022-07-27 18:33:45.036297",
    "dataset": "dmv.csv",
    "model": "dmv.csv-2.6MB-model16.669*",
    "query": "'SELECT Model Year FROM dmv.csv WHERE Revocation Indicator=N'",
    "avg_est": 2012.0560302734375,
    "avg_real": 2012.1336450903414,
    "avg_err": 3.8573390536579324e-05,
    "count_est": 12641301.107162714,
    "count_real": 12640636,
    "count_err": 5.261659007616425e-05,
    "sum_est": 25435006123.16902,
    "sum_real": 25434604724.0,
    "sum_err": 1.578161616338577e-05,
    "query_dur_ms_est": 10.04171371459961,
    "query_dur_ms_real": 2188.521385192871,
    "query_dur_ms_err": 0.9954116446919185,
    "order": [
        0,
        1,
        2,
        3,
        4,
        5,
        6,
        7,
        9,
        8
    ],
    "groupby": false
}