{
    "timestamp": "2022-07-27 17:51:32.656502",
    "dataset": "dmv.csv",
    "model": "dmv.csv-2.6MB-model16.669*",
    "query": "'SELECT Weight_100 FROM dmv.csv WHERE Suspension Indicator=N'",
    "avg_est": 46.805137634277344,
    "avg_real": 49.46856710920306,
    "avg_err": 0.0538408454210151,
    "count_est": 12506694.237583399,
    "count_real": 12505841,
    "count_err": 6.822712550070156e-05,
    "sum_est": 585377545.1399143,
    "sum_real": 473815872.0,
    "sum_err": 0.23545364292885967,
    "query_dur_ms_est": 10.001182556152344,
    "query_dur_ms_real": 2188.521385192871,
    "query_dur_ms_err": 0.9954301645742105,
    "order": [
        0,
        1,
        2,
        3,
        4,
        5,
        6,
        7,
        8,
        9
    ],
    "groupby": false
}