{
    "timestamp": "2022-07-27 18:56:31.122602",
    "dataset": "dmv.csv",
    "model": "dmv.csv-2.6MB-model16.669*",
    "query": "'SELECT Weight_100 FROM dmv.csv WHERE Record Type=SNOW AND Revocation Indicator=Y'",
    "avg_est": 28.456375122070312,
    "avg_real": NaN,
    "avg_err": NaN,
    "count_est": 0.3731554914874877,
    "count_real": 0,
    "count_err": "result=0!",
    "sum_est": 10.618652644628465,
    "sum_real": 0.0,
    "sum_err": "result=0!",
    "query_dur_ms_est": 9.967327117919922,
    "query_dur_ms_real": 2188.521385192871,
    "query_dur_ms_err": 0.9954456341229485,
    "order": [
        0,
        1,
        2,
        3,
        4,
        5,
        6,
        7,
        8,
        9
    ],
    "groupby": false
}