{
    "timestamp": "2022-07-27 17:58:42.062751",
    "dataset": "dmv.csv",
    "model": "dmv.csv-2.6MB-model16.669*",
    "query": "'SELECT Model Year FROM dmv.csv WHERE Suspension Indicator=N'",
    "avg_est": 2012.06005859375,
    "avg_real": 2012.1374203480796,
    "avg_err": 3.844755012616176e-05,
    "count_est": 12506652.77972889,
    "count_real": 12505841,
    "count_err": 6.491204621020412e-05,
    "sum_est": 25164136524.792995,
    "sum_real": 25163426382.0,
    "sum_err": 2.8221227992362558e-05,
    "query_dur_ms_est": 9.872913360595703,
    "query_dur_ms_real": 2188.521385192871,
    "query_dur_ms_err": 0.9954887745546404,
    "order": [
        0,
        1,
        2,
        3,
        4,
        5,
        6,
        7,
        9,
        8
    ],
    "groupby": false
}