{
    "timestamp": "2022-07-27 18:03:01.528101",
    "dataset": "dmv.csv",
    "model": "dmv.csv-2.6MB-model16.669*",
    "query": "'SELECT Weight_100 FROM dmv.csv WHERE Record Type=BOAT'",
    "avg_est": 31.652225494384766,
    "avg_real": NaN,
    "avg_err": NaN,
    "count_est": 364348.39701479673,
    "count_real": 365645,
    "count_err": 0.003546070601822167,
    "sum_est": 11532437.620829972,
    "sum_real": 0.0,
    "sum_err": "result=0!",
    "query_dur_ms_est": 9.862899780273438,
    "query_dur_ms_real": 2188.521385192871,
    "query_dur_ms_err": 0.9954933500549714,
    "order": [
        0,
        1,
        2,
        3,
        4,
        5,
        6,
        7,
        8,
        9
    ],
    "groupby": false
}