{
    "timestamp": "2022-07-27 17:55:03.708397",
    "dataset": "dmv.csv",
    "model": "dmv.csv-2.6MB-model16.669*",
    "query": "'SELECT Weight_100 FROM dmv.csv WHERE Record Type=VEH AND Scofflaw Indicator=N AND Suspension Indicator=Y AND Registration Class>=NYA AND Model Year>=1981.0<=1996.0'",
    "avg_est": 40.5782470703125,
    "avg_real": 41.91024096385542,
    "avg_err": 0.03178206240073092,
    "count_est": 1967.671336275991,
    "count_real": 1987,
    "count_err": 0.009727561008560115,
    "sum_est": 79844.65363657911,
    "sum_real": 69571.0,
    "sum_err": 0.14767149583273362,
    "query_dur_ms_est": 10.127782821655273,
    "query_dur_ms_real": 2188.521385192871,
    "query_dur_ms_err": 0.995372317177169,
    "order": [
        0,
        1,
        2,
        3,
        4,
        5,
        6,
        7,
        8,
        9
    ],
    "groupby": false
}