{
    "timestamp": "2022-07-27 19:01:13.644307",
    "dataset": "dmv.csv",
    "model": "dmv.csv-2.6MB-model16.669*",
    "query": "'SELECT Weight_100 FROM dmv.csv WHERE County<=LEWIS AND Suspension Indicator=N'",
    "avg_est": 45.738250732421875,
    "avg_real": 48.60288617870701,
    "avg_err": 0.05893961596750062,
    "count_est": 3545714.288748145,
    "count_real": 3544385,
    "count_err": 0.00037504073291843394,
    "sum_est": 162174769.16429356,
    "sum_real": 127646246.0,
    "sum_err": 0.2705016735415279,
    "query_dur_ms_est": 9.99140739440918,
    "query_dur_ms_real": 2188.521385192871,
    "query_dur_ms_err": 0.9954346311340574,
    "order": [
        0,
        1,
        2,
        3,
        4,
        5,
        6,
        7,
        8,
        9
    ],
    "groupby": false
}