{
    "timestamp": "2022-07-27 18:18:25.609292",
    "dataset": "dmv.csv",
    "model": "dmv.csv-2.6MB-model16.669*",
    "query": "'SELECT Weight_100 FROM dmv.csv WHERE Fuel Type=ELECTRIC'",
    "avg_est": 61.338016510009766,
    "avg_real": 65.4045284637539,
    "avg_err": 0.06217477672051,
    "count_est": 80733.68909126334,
    "count_real": 77113,
    "count_err": 0.04695303115250787,
    "sum_est": 4952044.354393906,
    "sum_real": 4269346.0,
    "sum_err": 0.15990701020575657,
    "query_dur_ms_est": 9.927749633789062,
    "query_dur_ms_real": 2188.521385192871,
    "query_dur_ms_err": 0.9954637182433042,
    "order": [
        0,
        1,
        2,
        3,
        4,
        5,
        6,
        7,
        8,
        9
    ],
    "groupby": false
}