{
    "timestamp": "2022-07-27 18:28:56.543007",
    "dataset": "dmv.csv",
    "model": "dmv.csv-2.6MB-model16.669*",
    "query": "'SELECT Model Year FROM dmv.csv WHERE Record Type=TRL AND Fuel Type=PROPANE AND Scofflaw Indicator=Y'",
    "avg_est": 2014.18505859375,
    "avg_real": NaN,
    "avg_err": NaN,
    "count_est": 2.5516521484153336e-05,
    "count_real": 0,
    "count_err": "result=0!",
    "sum_est": 0.05139499632066807,
    "sum_real": 0.0,
    "sum_err": "result=0!",
    "query_dur_ms_est": 9.959220886230469,
    "query_dur_ms_real": 2188.521385192871,
    "query_dur_ms_err": 0.9954493380994068,
    "order": [
        0,
        1,
        2,
        3,
        4,
        5,
        6,
        7,
        9,
        8
    ],
    "groupby": false
}