{
    "timestamp": "2022-07-27 17:34:27.632668",
    "dataset": "dmv.csv",
    "model": "dmv.csv-2.6MB-model16.669*",
    "query": "'SELECT Model Year FROM dmv.csv WHERE Scofflaw Indicator=N AND Weight_100<=79.0'",
    "avg_est": 2012.171630859375,
    "avg_real": 2012.6065481421335,
    "avg_err": 0.00021609652575164875,
    "count_est": 7531197.668768883,
    "count_real": 7753894,
    "count_err": 0.028720579779800606,
    "sum_est": 15154062295.491005,
    "sum_real": 15605537838.0,
    "sum_err": 0.02893046988804431,
    "query_dur_ms_est": 10.042905807495117,
    "query_dur_ms_real": 2188.521385192871,
    "query_dur_ms_err": 0.9954110999894982,
    "order": [
        0,
        1,
        2,
        3,
        4,
        5,
        6,
        7,
        9,
        8
    ],
    "groupby": false
}