{
    "timestamp": "2022-07-27 18:00:52.253810",
    "dataset": "dmv.csv",
    "model": "dmv.csv-2.6MB-model16.669*",
    "query": "'SELECT Weight_100 FROM dmv.csv WHERE State=QC AND County>=HAMILTON<=NASSAU AND Fuel Type=OTHER AND Scofflaw Indicator=N AND Registration Class<=IRP AND Model Year>=1947.0'",
    "avg_est": 28.615001678466797,
    "avg_real": NaN,
    "avg_err": NaN,
    "count_est": 0.0001018531680242532,
    "count_real": 0,
    "count_err": "result=0!",
    "sum_est": 0.002914528573971166,
    "sum_real": 0.0,
    "sum_err": "result=0!",
    "query_dur_ms_est": 10.238885879516602,
    "query_dur_ms_real": 2188.521385192871,
    "query_dur_ms_err": 0.9953215509115921,
    "order": [
        0,
        1,
        2,
        3,
        4,
        5,
        6,
        7,
        8,
        9
    ],
    "groupby": false
}