{
    "timestamp": "2022-07-27 18:49:05.858586",
    "dataset": "dmv.csv",
    "model": "dmv.csv-2.6MB-model16.669*",
    "query": "'SELECT Model Year FROM dmv.csv WHERE Fuel Type=GAS'",
    "avg_est": 2012.2294921875,
    "avg_real": 2012.500269744886,
    "avg_err": 0.00013454783656768378,
    "count_est": 11211200.355395794,
    "count_real": 11147590,
    "count_err": 0.0057061979670757455,
    "sum_est": 22559507997.950397,
    "sum_real": 22434487632.0,
    "sum_err": 0.00557268648168597,
    "query_dur_ms_est": 9.996175765991211,
    "query_dur_ms_real": 2188.521385192871,
    "query_dur_ms_err": 0.9954324523243759,
    "order": [
        0,
        1,
        2,
        3,
        4,
        5,
        6,
        7,
        9,
        8
    ],
    "groupby": false
}