{
    "timestamp": "2022-07-27 18:09:19.885679",
    "dataset": "dmv.csv",
    "model": "dmv.csv-2.6MB-model16.669*",
    "query": "'SELECT Model Year FROM dmv.csv WHERE State>=DE AND Fuel Type=GAS AND Scofflaw Indicator=Y AND Suspension Indicator=Y AND Revocation Indicator=Y AND Weight_100>=34.0'",
    "avg_est": 2013.719970703125,
    "avg_real": NaN,
    "avg_err": NaN,
    "count_est": 0.13171866487761008,
    "count_real": 0,
    "count_err": "result=0!",
    "sum_est": 265.2445059783957,
    "sum_real": 0.0,
    "sum_err": "result=0!",
    "query_dur_ms_est": 10.231494903564453,
    "query_dur_ms_real": 2188.521385192871,
    "query_dur_ms_err": 0.9953249280665983,
    "order": [
        0,
        1,
        2,
        3,
        4,
        5,
        6,
        7,
        9,
        8
    ],
    "groupby": false
}