{
    "timestamp": "2022-07-27 17:58:38.756040",
    "dataset": "dmv.csv",
    "model": "dmv.csv-2.6MB-model16.669*",
    "query": "'SELECT Weight_100 FROM dmv.csv WHERE Record Type=BOAT AND Scofflaw Indicator=Y'",
    "avg_est": 35.086849212646484,
    "avg_real": NaN,
    "avg_err": NaN,
    "count_est": 15.036279077475228,
    "count_real": 0,
    "count_err": "result=0!",
    "sum_est": 527.5756567106446,
    "sum_real": 0.0,
    "sum_err": "result=0!",
    "query_dur_ms_est": 9.994029998779297,
    "query_dur_ms_real": 2188.521385192871,
    "query_dur_ms_err": 0.9954334327887326,
    "order": [
        0,
        1,
        2,
        3,
        4,
        5,
        6,
        7,
        8,
        9
    ],
    "groupby": false
}