{
    "timestamp": "2022-07-27 17:59:28.075420",
    "dataset": "dmv.csv",
    "model": "dmv.csv-2.6MB-model16.669*",
    "query": "'SELECT Model Year FROM dmv.csv WHERE Scofflaw Indicator=N AND Weight_100>=84.0'",
    "avg_est": 2011.9820556640625,
    "avg_real": 2013.366126566205,
    "avg_err": 0.0006874412377757364,
    "count_est": 1561252.014950484,
    "count_real": 1543540,
    "count_err": 0.011474930970680409,
    "sum_est": 3141211038.4497347,
    "sum_real": 3107711151.0,
    "sum_err": 0.01077960139215483,
    "query_dur_ms_est": 9.909868240356445,
    "query_dur_ms_real": 2188.521385192871,
    "query_dur_ms_err": 0.9954718887796095,
    "order": [
        0,
        1,
        2,
        3,
        4,
        5,
        6,
        7,
        9,
        8
    ],
    "groupby": false
}