{
    "timestamp": "2022-07-26 19:18:58.122274",
    "dataset": "dmv.csv",
    "model": "dmv.csv-32.5MB*",
    "query": "'SELECT Model Year FROM dmv.csv WHERE Registration Class>=TRL<=WUG'",
    "avg_est": 2014.616943359375,
    "avg_real": 2010.1250233259436,
    "avg_err": 0.002234647089761143,
    "count_est": 265907.56948390603,
    "count_real": 267942,
    "count_err": 0.00759280186045476,
    "sum_est": 535701894.8497874,
    "sum_real": 538596919.0,
    "sum_err": 0.005375122003274189,
    "query_dur_ms_est": 91.00794792175293,
    "query_dur_ms_real": 1141.6544914245605,
    "query_dur_ms_err": 0.9202841589943794,
    "order": [
        0,
        1,
        2,
        3,
        4,
        5,
        6,
        7,
        9,
        8
    ],
    "groupby": false
}