{
    "timestamp": "2022-07-27 18:40:06.615948",
    "dataset": "dmv.csv",
    "model": "dmv.csv-2.6MB-model16.669*",
    "query": "'SELECT Model Year FROM dmv.csv WHERE Record Type=VEH AND Scofflaw Indicator=Y'",
    "avg_est": 2013.763916015625,
    "avg_real": 2013.6864298366463,
    "avg_err": 3.847976419296527e-05,
    "count_est": 18289.485850788653,
    "count_real": 20324,
    "count_err": 0.10010402229931839,
    "sum_est": 36830706.64879652,
    "sum_real": 40926163.0,
    "sum_err": 0.10006939451429832,
    "query_dur_ms_est": 10.019779205322266,
    "query_dur_ms_real": 2188.521385192871,
    "query_dur_ms_err": 0.995421667216453,
    "order": [
        0,
        1,
        2,
        3,
        4,
        5,
        6,
        7,
        9,
        8
    ],
    "groupby": false
}