{
    "timestamp": "2022-07-27 18:37:20.036368",
    "dataset": "dmv.csv",
    "model": "dmv.csv-2.6MB-model16.669*",
    "query": "'SELECT Weight_100 FROM dmv.csv WHERE Record Type=VEH'",
    "avg_est": 48.22785568237305,
    "avg_real": 49.030691093498355,
    "avg_err": 0.016374140221567607,
    "count_est": 11388790.728530407,
    "count_real": 11392466,
    "count_err": 0.0003226054367503092,
    "sum_est": 549256955.6523126,
    "sum_real": 470118720.0,
    "sum_err": 0.16833670365713715,
    "query_dur_ms_est": 9.913206100463867,
    "query_dur_ms_real": 2188.521385192871,
    "query_dur_ms_err": 0.9954703636128325,
    "order": [
        0,
        1,
        2,
        3,
        4,
        5,
        6,
        7,
        8,
        9
    ],
    "groupby": false
}