{
    "timestamp": "2022-07-27 17:52:00.270918",
    "dataset": "dmv.csv",
    "model": "dmv.csv-2.6MB-model16.669*",
    "query": "'SELECT Weight_100 FROM dmv.csv WHERE Suspension Indicator=Y'",
    "avg_est": 48.87907791137695,
    "avg_real": 49.281526627783165,
    "avg_err": 0.008166319997467896,
    "count_est": 138754.46881138533,
    "count_real": 140475,
    "count_err": 0.012247952935502163,
    "sum_est": 6782190.491583427,
    "sum_real": 6201883.0,
    "sum_err": 0.093569564531196,
    "query_dur_ms_est": 9.957313537597656,
    "query_dur_ms_real": 2188.521385192871,
    "query_dur_ms_err": 0.9954502096232795,
    "order": [
        0,
        1,
        2,
        3,
        4,
        5,
        6,
        7,
        8,
        9
    ],
    "groupby": false
}