{
    "timestamp": "2022-07-27 18:53:14.701309",
    "dataset": "dmv.csv",
    "model": "dmv.csv-2.6MB-model16.669*",
    "query": "'SELECT Model Year FROM dmv.csv WHERE Fuel Type=GAS'",
    "avg_est": 2012.253173828125,
    "avg_real": 2012.500269744886,
    "avg_err": 0.00012278056330018654,
    "count_est": 11012860.702968836,
    "count_real": 11147590,
    "count_err": 0.012085957326306778,
    "sum_est": 22160663902.476074,
    "sum_real": 22434487632.0,
    "sum_err": 0.01220548175717418,
    "query_dur_ms_est": 9.977340698242188,
    "query_dur_ms_real": 2188.521385192871,
    "query_dur_ms_err": 0.9954410586226176,
    "order": [
        0,
        1,
        2,
        3,
        4,
        5,
        6,
        7,
        9,
        8
    ],
    "groupby": false
}