{
    "timestamp": "2022-07-27 17:55:42.196709",
    "dataset": "dmv.csv",
    "model": "dmv.csv-2.6MB-model16.669*",
    "query": "'SELECT Weight_100 FROM dmv.csv WHERE Fuel Type=PROPANE'",
    "avg_est": 43.40916442871094,
    "avg_real": 15.403314917127071,
    "avg_err": 1.8181702875167434,
    "count_est": 780.4917744212435,
    "count_real": 957,
    "count_err": 0.18443910718783338,
    "sum_est": 33880.49577110812,
    "sum_real": 11152.0,
    "sum_err": 2.038064541885592,
    "query_dur_ms_est": 9.90152359008789,
    "query_dur_ms_real": 2188.521385192871,
    "query_dur_ms_err": 0.995475701696552,
    "order": [
        0,
        1,
        2,
        3,
        4,
        5,
        6,
        7,
        8,
        9
    ],
    "groupby": false
}