{
    "timestamp": "2022-07-27 17:57:54.330145",
    "dataset": "dmv.csv",
    "model": "dmv.csv-2.6MB-model16.669*",
    "query": "'SELECT Weight_100 FROM dmv.csv WHERE County>=NIAGARA AND Fuel Type=COMP N/G'",
    "avg_est": 40.89130401611328,
    "avg_real": 37.427868852459014,
    "avg_err": 0.09253626428229615,
    "count_est": 1127.4942743038991,
    "count_real": 1037,
    "count_err": 0.08726545255920844,
    "sum_est": 46104.711146987764,
    "sum_real": 22831.0,
    "sum_err": 1.019390790897804,
    "query_dur_ms_est": 10.056257247924805,
    "query_dur_ms_real": 2188.521385192871,
    "query_dur_ms_err": 0.9954049993223902,
    "order": [
        0,
        1,
        2,
        3,
        4,
        5,
        6,
        7,
        8,
        9
    ],
    "groupby": false
}