{
    "timestamp": "2022-07-27 17:43:05.201574",
    "dataset": "dmv.csv",
    "model": "dmv.csv-2.6MB-model16.669*",
    "query": "'SELECT Model Year FROM dmv.csv WHERE Record Type=VEH AND State>=WA AND County>=ERIE<=SARATOGA AND Fuel Type=OTHER AND Scofflaw Indicator=Y AND Suspension Indicator=N AND Registration Class<=CCK AND Weight_100<=24.0'",
    "avg_est": 2015.88623046875,
    "avg_real": NaN,
    "avg_err": NaN,
    "count_est": 1.403978237352498e-07,
    "count_real": 0,
    "count_err": "result=0!",
    "sum_est": 0.00028302603965566875,
    "sum_real": 0.0,
    "sum_err": "result=0!",
    "query_dur_ms_est": 10.471582412719727,
    "query_dur_ms_real": 2188.521385192871,
    "query_dur_ms_err": 0.9952152249991394,
    "order": [
        0,
        1,
        2,
        3,
        4,
        5,
        6,
        7,
        9,
        8
    ],
    "groupby": false
}