{
    "timestamp": "2022-07-26 12:25:06.165194",
    "dataset": "dmv.csv",
    "model": "dmv.csv-37.9MB*",
    "query": "'SELECT Unladen Weight FROM dmv.csv WHERE Record Type=BOAT'",
    "avg_est": 0.0009723531547933817,
    "avg_real": NaN,
    "avg_err": NaN,
    "count_est": 356249.7464699894,
    "count_real": 365645,
    "count_err": 0.025695014371892356,
    "sum_est": 346.4005648744366,
    "sum_real": 0.0,
    "sum_err": "result=0!",
    "query_dur_ms_est": 126.76668167114258,
    "query_dur_ms_real": 1886.7831230163574,
    "query_dur_ms_err": 0.9328133264895418,
    "order": [
        0,
        1,
        2,
        3,
        4,
        5,
        6,
        7,
        8,
        9,
        10,
        11
    ],
    "groupby": false
}