{
    "timestamp": "2022-07-26 19:19:26.489161",
    "dataset": "dmv.csv",
    "model": "dmv.csv-32.5MB*",
    "query": "'SELECT Unladen Weight FROM dmv.csv WHERE Record Type=VEH AND County>=JEFFERSON<=ONONDAGA'",
    "avg_est": 4095.4404296875,
    "avg_real": 4058.9673847134063,
    "avg_err": 0.008985794049850183,
    "count_est": 3375764.2213100195,
    "count_real": 3400053,
    "count_err": 0.0071436470813779985,
    "sum_est": 13825241273.045595,
    "sum_real": 12002192021.0,
    "sum_err": 0.1518930249454301,
    "query_dur_ms_est": 92.33474731445312,
    "query_dur_ms_real": 1141.6544914245605,
    "query_dur_ms_err": 0.9191219865484543,
    "order": [
        0,
        1,
        2,
        3,
        4,
        5,
        6,
        7,
        8,
        9
    ],
    "groupby": false
}