{
    "timestamp": "2022-07-27 19:07:54.572391",
    "dataset": "dmv.csv",
    "model": "dmv.csv-2.6MB-model16.669*",
    "query": "'SELECT Weight_100 FROM dmv.csv WHERE Fuel Type=NONE AND Scofflaw Indicator=Y'",
    "avg_est": 64.15703582763672,
    "avg_real": 90.22916666666667,
    "avg_err": 0.2889545786823915,
    "count_est": 137.8687365088481,
    "count_real": 89,
    "count_err": 0.5490869270657088,
    "sum_est": 8845.249467709173,
    "sum_real": 4331.0,
    "sum_err": 1.042311121613755,
    "query_dur_ms_est": 9.982109069824219,
    "query_dur_ms_real": 2188.521385192871,
    "query_dur_ms_err": 0.9954388798129361,
    "order": [
        0,
        1,
        2,
        3,
        4,
        5,
        6,
        7,
        8,
        9
    ],
    "groupby": false
}