{
    "timestamp": "2022-07-27 18:52:40.946549",
    "dataset": "dmv.csv",
    "model": "dmv.csv-2.6MB-model16.669*",
    "query": "'SELECT Weight_100 FROM dmv.csv WHERE State<=US AND Model Year<=1940.0'",
    "avg_est": 20.87881088256836,
    "avg_real": 16.13465703971119,
    "avg_err": 0.29403499753237333,
    "count_est": 12933.636021337006,
    "count_real": 12381,
    "count_err": 0.04463581466254796,
    "sum_est": 270038.9405134692,
    "sum_real": 178772.0,
    "sum_err": 0.5105214491837045,
    "query_dur_ms_est": 9.966850280761719,
    "query_dur_ms_real": 2188.521385192871,
    "query_dur_ms_err": 0.9954458520039167,
    "order": [
        0,
        1,
        2,
        3,
        4,
        5,
        6,
        7,
        8,
        9
    ],
    "groupby": false
}