{
    "timestamp": "2022-07-27 19:05:05.857598",
    "dataset": "dmv.csv",
    "model": "dmv.csv-2.6MB-model16.669*",
    "query": "'SELECT Weight_100 FROM dmv.csv WHERE Suspension Indicator=N'",
    "avg_est": 47.2257194519043,
    "avg_real": 49.46856710920306,
    "avg_err": 0.04533884420681966,
    "count_est": 12509861.617667913,
    "count_real": 12505841,
    "count_err": 0.000321499183294705,
    "sum_est": 590787215.1381305,
    "sum_real": 473815872.0,
    "sum_err": 0.2468708839245692,
    "query_dur_ms_est": 10.022640228271484,
    "query_dur_ms_real": 2188.521385192871,
    "query_dur_ms_err": 0.9954203599306441,
    "order": [
        0,
        1,
        2,
        3,
        4,
        5,
        6,
        7,
        8,
        9
    ],
    "groupby": false
}