{
    "timestamp": "2022-07-27 17:56:18.022317",
    "dataset": "dmv.csv",
    "model": "dmv.csv-2.6MB-model16.669*",
    "query": "'SELECT Weight_100 FROM dmv.csv WHERE Scofflaw Indicator=N AND Revocation Indicator=N'",
    "avg_est": 46.92107391357422,
    "avg_real": 49.465653253490956,
    "avg_err": 0.05144133701978671,
    "count_est": 12623193.823871374,
    "count_real": 12620240,
    "count_err": 0.00023405449273342902,
    "sum_est": 592293810.4352423,
    "sum_real": 479111951.0,
    "sum_err": 0.2362325949060751,
    "query_dur_ms_est": 9.986639022827148,
    "query_dur_ms_real": 2188.521385192871,
    "query_dur_ms_err": 0.9954368099437387,
    "order": [
        0,
        1,
        2,
        3,
        4,
        5,
        6,
        7,
        8,
        9
    ],
    "groupby": false
}