{
    "timestamp": "2022-07-27 17:54:14.823053",
    "dataset": "dmv.csv",
    "model": "dmv.csv-2.6MB-model16.669*",
    "query": "'SELECT Model Year FROM dmv.csv WHERE Record Type=BOAT AND Fuel Type=GAS'",
    "avg_est": 2000.29638671875,
    "avg_real": 2000.3369865088869,
    "avg_err": 2.0296475249264737e-05,
    "count_est": 342139.7070213258,
    "count_real": 343283,
    "count_err": 0.0033304678025832136,
    "sum_est": 684380819.7077698,
    "sum_real": 686641675.0,
    "sum_err": 0.0032926275443887795,
    "query_dur_ms_est": 10.061264038085938,
    "query_dur_ms_real": 2188.521385192871,
    "query_dur_ms_err": 0.9954027115722247,
    "order": [
        0,
        1,
        2,
        3,
        4,
        5,
        6,
        7,
        9,
        8
    ],
    "groupby": false
}