{
    "timestamp": "2022-07-27 17:50:06.181170",
    "dataset": "dmv.csv",
    "model": "dmv.csv-2.6MB-model16.669*",
    "query": "'SELECT Weight_100 FROM dmv.csv WHERE Fuel Type=PROPANE AND Scofflaw Indicator=Y'",
    "avg_est": 67.27571868896484,
    "avg_real": NaN,
    "avg_err": NaN,
    "count_est": 0.6366985610319205,
    "count_real": 0,
    "count_err": "result=0!",
    "sum_est": 42.83435328165219,
    "sum_real": 0.0,
    "sum_err": "result=0!",
    "query_dur_ms_est": 10.015726089477539,
    "query_dur_ms_real": 2188.521385192871,
    "query_dur_ms_err": 0.9954235192046822,
    "order": [
        0,
        1,
        2,
        3,
        4,
        5,
        6,
        7,
        8,
        9
    ],
    "groupby": false
}