{
    "timestamp": "2022-07-27 18:23:34.319181",
    "dataset": "dmv.csv",
    "model": "dmv.csv-2.6MB-model16.669*",
    "query": "'SELECT Model Year FROM dmv.csv WHERE State=OH AND County<=ONONDAGA'",
    "avg_est": 2014.1036376953125,
    "avg_real": 2012.1309523809523,
    "avg_err": 0.0009803960880507949,
    "count_est": 127.75808216203222,
    "count_real": 252,
    "count_err": 0.4930234834839991,
    "sum_est": 257318.01802752572,
    "sum_real": 507057.0,
    "sum_err": 0.4925264456904732,
    "query_dur_ms_est": 9.966135025024414,
    "query_dur_ms_real": 2188.521385192871,
    "query_dur_ms_err": 0.9954461788253688,
    "order": [
        0,
        1,
        2,
        3,
        4,
        5,
        6,
        7,
        9,
        8
    ],
    "groupby": false
}