{
    "timestamp": "2022-07-27 18:51:52.304080",
    "dataset": "dmv.csv",
    "model": "dmv.csv-2.6MB-model16.669*",
    "query": "'SELECT Weight_100 FROM dmv.csv WHERE Record Type=TRL'",
    "avg_est": 40.64674758911133,
    "avg_real": 85.54890590431415,
    "avg_err": 0.5248712165346168,
    "count_est": 781843.5492842644,
    "count_real": 775186,
    "count_err": 0.008588324975250385,
    "sum_est": 31779397.40193242,
    "sum_real": 9899035.0,
    "sum_err": 2.210353069964135,
    "query_dur_ms_est": 9.891271591186523,
    "query_dur_ms_real": 2188.521385192871,
    "query_dur_ms_err": 0.995480386137367,
    "order": [
        0,
        1,
        2,
        3,
        4,
        5,
        6,
        7,
        8,
        9
    ],
    "groupby": false
}