{
    "timestamp": "2022-07-27 17:36:26.224398",
    "dataset": "dmv.csv",
    "model": "dmv.csv-2.6MB-model16.669*",
    "query": "'SELECT Weight_100 FROM dmv.csv WHERE Fuel Type=ELECTRIC'",
    "avg_est": 62.239646911621094,
    "avg_real": 65.4045284637539,
    "avg_err": 0.04838933368179141,
    "count_est": 78637.79432322271,
    "count_real": 77113,
    "count_err": 0.019773505417020627,
    "sum_est": 4894388.552586063,
    "sum_real": 4269346.0,
    "sum_err": 0.14640241212262084,
    "query_dur_ms_est": 10.020732879638672,
    "query_dur_ms_real": 2188.521385192871,
    "query_dur_ms_err": 0.9954212314545167,
    "order": [
        0,
        1,
        2,
        3,
        4,
        5,
        6,
        7,
        8,
        9
    ],
    "groupby": false
}