{
    "timestamp": "2022-07-27 18:15:17.569468",
    "dataset": "dmv.csv",
    "model": "dmv.csv-2.6MB-model16.669*",
    "query": "'SELECT Model Year FROM dmv.csv WHERE County>=HERKIMER AND Fuel Type=OTHER AND Scofflaw Indicator=Y AND Suspension Indicator=N AND Revocation Indicator=Y AND Registration Class=LMA AND Weight_100<=59.0'",
    "avg_est": 2012.2686767578125,
    "avg_real": NaN,
    "avg_err": NaN,
    "count_est": 1.6688549417286497e-09,
    "count_real": 0,
    "count_err": "result=0!",
    "sum_est": 3.3581845252930463e-06,
    "sum_real": 0.0,
    "sum_err": "result=0!",
    "query_dur_ms_est": 10.219573974609375,
    "query_dur_ms_real": 2188.521385192871,
    "query_dur_ms_err": 0.9953303750908019,
    "order": [
        0,
        1,
        2,
        3,
        4,
        5,
        6,
        7,
        9,
        8
    ],
    "groupby": false
}