{
    "timestamp": "2022-07-27 18:06:35.205786",
    "dataset": "dmv.csv",
    "model": "dmv.csv-2.6MB-model16.669*",
    "query": "'SELECT Weight_100 FROM dmv.csv WHERE Record Type=TRL AND County>=ORLEANS AND Registration Class<=CSP'",
    "avg_est": 39.31846237182617,
    "avg_real": NaN,
    "avg_err": NaN,
    "count_est": 20.217507362811375,
    "count_real": 0,
    "count_err": "result=0!",
    "sum_est": 794.9213024968176,
    "sum_real": 0.0,
    "sum_err": "result=0!",
    "query_dur_ms_est": 10.134696960449219,
    "query_dur_ms_real": 2188.521385192871,
    "query_dur_ms_err": 0.995369157903131,
    "order": [
        0,
        1,
        2,
        3,
        4,
        5,
        6,
        7,
        8,
        9
    ],
    "groupby": false
}