{
    "timestamp": "2022-07-27 18:23:32.354437",
    "dataset": "dmv.csv",
    "model": "dmv.csv-2.6MB-model16.669*",
    "query": "'SELECT Model Year FROM dmv.csv WHERE State>=AA<=MT'",
    "avg_est": 2015.251953125,
    "avg_real": 2014.3069028960817,
    "avg_err": 0.0004691689372456157,
    "count_est": 80217.35035782866,
    "count_real": 73375,
    "count_err": 0.09325179363309931,
    "sum_est": 161658171.98312664,
    "sum_real": 147799769.0,
    "sum_err": 0.09376471341526008,
    "query_dur_ms_est": 9.957075119018555,
    "query_dur_ms_real": 2188.521385192871,
    "query_dur_ms_err": 0.9954503185637635,
    "order": [
        0,
        1,
        2,
        3,
        4,
        5,
        6,
        7,
        9,
        8
    ],
    "groupby": false
}