{
    "timestamp": "2022-07-27 17:42:56.319980",
    "dataset": "dmv.csv",
    "model": "dmv.csv-2.6MB-model16.669*",
    "query": "'SELECT Model Year FROM dmv.csv WHERE State>=NH<=WY AND County>=LIVINGSTON<=MADISON AND Fuel Type=NONE AND Scofflaw Indicator=N AND Suspension Indicator=N AND Revocation Indicator=Y AND Registration Class<=ORC AND Weight_100>=57.0'",
    "avg_est": 2014.306884765625,
    "avg_real": NaN,
    "avg_err": NaN,
    "count_est": 0.013457401546454584,
    "count_real": 0,
    "count_err": "result=0!",
    "sum_est": 27.107336586079036,
    "sum_real": 0.0,
    "sum_err": "result=0!",
    "query_dur_ms_est": 10.280609130859375,
    "query_dur_ms_real": 2188.521385192871,
    "query_dur_ms_err": 0.9953024863268799,
    "order": [
        0,
        1,
        2,
        3,
        4,
        5,
        6,
        7,
        9,
        8
    ],
    "groupby": false
}