{
    "timestamp": "2022-07-26 12:24:16.155717",
    "dataset": "dmv.csv",
    "model": "dmv.csv-37.9MB*",
    "query": "'SELECT Model Year FROM dmv.csv WHERE Reg Valid Date=01/05/2020 AND Revocation Indicator=Y'",
    "avg_est": 2013.5361328125,
    "avg_real": NaN,
    "avg_err": NaN,
    "count_est": 0.0003020740824909718,
    "count_real": 0,
    "count_err": "result=0!",
    "sum_est": 0.6082370798817555,
    "sum_real": 0.0,
    "sum_err": "result=0!",
    "query_dur_ms_est": 126.33204460144043,
    "query_dur_ms_real": 1886.7831230163574,
    "query_dur_ms_err": 0.9330436852755625,
    "order": [
        0,
        1,
        2,
        3,
        4,
        5,
        6,
        7,
        8,
        9,
        11,
        10
    ],
    "groupby": false
}