{
    "timestamp": "2022-07-27 17:41:08.079163",
    "dataset": "dmv.csv",
    "model": "dmv.csv-2.6MB-model16.669*",
    "query": "'SELECT Model Year FROM dmv.csv WHERE Record Type=SNOW AND State>=AN AND County>=WESTCHESTER AND Fuel Type=DIESEL AND Scofflaw Indicator=Y AND Suspension Indicator=Y AND Revocation Indicator=N AND Registration Class>=MED AND Weight_100>=76.0<=87.0'",
    "avg_est": 2007.78515625,
    "avg_real": NaN,
    "avg_err": NaN,
    "count_est": 1.269076388919754e-17,
    "count_real": 0,
    "count_err": "result=0!",
    "sum_est": 2.5480327358204338e-14,
    "sum_real": 0.0,
    "sum_err": "result=0!",
    "query_dur_ms_est": 10.229110717773438,
    "query_dur_ms_real": 2188.521385192871,
    "query_dur_ms_err": 0.9953260174714391,
    "order": [
        0,
        1,
        2,
        3,
        4,
        5,
        6,
        7,
        9,
        8
    ],
    "groupby": false
}