{
    "timestamp": "2022-07-27 17:43:23.667180",
    "dataset": "dmv.csv",
    "model": "dmv.csv-2.6MB-model16.669*",
    "query": "'SELECT Weight_100 FROM dmv.csv WHERE County<=PUTNAM AND Suspension Indicator=Y AND Revocation Indicator=Y AND Registration Class=JCL AND Model Year=1912.0'",
    "avg_est": 21.643129348754883,
    "avg_real": NaN,
    "avg_err": NaN,
    "count_est": 1.227691904306878e-13,
    "count_real": 0,
    "count_err": "result=0!",
    "sum_est": 2.6571094685332965e-12,
    "sum_real": 0.0,
    "sum_err": "result=0!",
    "query_dur_ms_est": 10.154247283935547,
    "query_dur_ms_real": 2188.521385192871,
    "query_dur_ms_err": 0.9953602247834372,
    "order": [
        0,
        1,
        2,
        3,
        4,
        5,
        6,
        7,
        8,
        9
    ],
    "groupby": false
}