{
    "timestamp": "2022-07-27 17:42:22.100458",
    "dataset": "dmv.csv",
    "model": "dmv.csv-2.6MB-model16.669*",
    "query": "'SELECT Weight_100 FROM dmv.csv WHERE Record Type=SNOW AND Suspension Indicator=N'",
    "avg_est": 28.759614944458008,
    "avg_real": NaN,
    "avg_err": NaN,
    "count_est": 111321.71226014942,
    "count_real": 113014,
    "count_err": 0.014974142494297881,
    "sum_est": 3201569.5795596475,
    "sum_real": 0.0,
    "sum_err": "result=0!",
    "query_dur_ms_est": 9.964704513549805,
    "query_dur_ms_real": 2188.521385192871,
    "query_dur_ms_err": 0.9954468324682733,
    "order": [
        0,
        1,
        2,
        3,
        4,
        5,
        6,
        7,
        8,
        9
    ],
    "groupby": false
}