{
    "timestamp": "2022-07-26 12:24:14.076280",
    "dataset": "dmv.csv",
    "model": "dmv.csv-37.9MB*",
    "query": "'SELECT Model Year FROM dmv.csv WHERE Body Type>=BUS'",
    "avg_est": 2012.83447265625,
    "avg_real": 2013.1082061473728,
    "avg_err": 0.0001359755478055871,
    "count_est": 8629677.042315483,
    "count_real": 8721547,
    "count_err": 0.010533676844775004,
    "sum_est": 17370111438.662834,
    "sum_real": 17557417836.0,
    "sum_err": 0.010668220070101079,
    "query_dur_ms_est": 127.10142135620117,
    "query_dur_ms_real": 1886.7831230163574,
    "query_dur_ms_err": 0.9326359135791892,
    "order": [
        0,
        1,
        2,
        3,
        4,
        5,
        6,
        7,
        8,
        9,
        11,
        10
    ],
    "groupby": false
}