{
    "timestamp": "2022-07-26 19:19:27.895489",
    "dataset": "dmv.csv",
    "model": "dmv.csv-32.5MB*",
    "query": "'SELECT Model Year FROM dmv.csv WHERE Unladen Weight=48863.0'",
    "avg_est": 2012.2281494140625,
    "avg_real": 2009.0,
    "avg_err": 0.0016068439094387755,
    "count_est": 0.5545039924334816,
    "count_real": 1,
    "count_err": 0.4454960075665184,
    "sum_est": 1115.788542537134,
    "sum_real": 2009.0,
    "sum_err": 0.44460500620351723,
    "query_dur_ms_est": 92.23365783691406,
    "query_dur_ms_real": 1141.6544914245605,
    "query_dur_ms_err": 0.9192105330205248,
    "order": [
        0,
        1,
        2,
        3,
        4,
        5,
        6,
        7,
        9,
        8
    ],
    "groupby": false
}