{
    "timestamp": "2022-07-27 18:59:54.003707",
    "dataset": "dmv.csv",
    "model": "dmv.csv-2.6MB-model16.669*",
    "query": "'SELECT Model Year FROM dmv.csv WHERE Record Type=TRL AND County=CAYUGA AND Fuel Type=GAS AND Suspension Indicator=Y AND Revocation Indicator=Y'",
    "avg_est": 2012.0963134765625,
    "avg_real": NaN,
    "avg_err": NaN,
    "count_est": 3.8804366235166746e-10,
    "count_real": 0,
    "count_err": "result=0!",
    "sum_est": 7.807812224857341e-07,
    "sum_real": 0.0,
    "sum_err": "result=0!",
    "query_dur_ms_est": 10.126829147338867,
    "query_dur_ms_real": 2188.521385192871,
    "query_dur_ms_err": 0.9953727529391053,
    "order": [
        0,
        1,
        2,
        3,
        4,
        5,
        6,
        7,
        9,
        8
    ],
    "groupby": false
}