{
    "timestamp": "2022-07-27 18:55:06.063456",
    "dataset": "dmv.csv",
    "model": "dmv.csv-2.6MB-model16.669*",
    "query": "'SELECT Weight_100 FROM dmv.csv WHERE Suspension Indicator=Y'",
    "avg_est": 48.77081298828125,
    "avg_real": 49.281526627783165,
    "avg_err": 0.01036318625758629,
    "count_est": 136068.77717395127,
    "count_real": 140475,
    "count_err": 0.03136659780066725,
    "sum_est": 6636184.885094889,
    "sum_real": 6201883.0,
    "sum_err": 0.07002742313824518,
    "query_dur_ms_est": 9.863615036010742,
    "query_dur_ms_real": 2188.521385192871,
    "query_dur_ms_err": 0.9954930232335192,
    "order": [
        0,
        1,
        2,
        3,
        4,
        5,
        6,
        7,
        8,
        9
    ],
    "groupby": false
}