{
    "timestamp": "2022-07-27 18:58:19.534641",
    "dataset": "dmv.csv",
    "model": "dmv.csv-2.6MB-model16.669*",
    "query": "'SELECT Model Year FROM dmv.csv WHERE Weight_100>=71.0'",
    "avg_est": 2011.975830078125,
    "avg_real": 2013.9152286707904,
    "avg_err": 0.0009629991198514407,
    "count_est": 2841428.821677625,
    "count_real": 2810219,
    "count_err": 0.011105832562382213,
    "sum_est": 5716886112.102749,
    "sum_real": 5659542840.0,
    "sum_err": 0.010132138535548018,
    "query_dur_ms_est": 9.98067855834961,
    "query_dur_ms_real": 2188.521385192871,
    "query_dur_ms_err": 0.9954395334558406,
    "order": [
        0,
        1,
        2,
        3,
        4,
        5,
        6,
        7,
        9,
        8
    ],
    "groupby": false
}