{
    "timestamp": "2022-07-27 18:30:09.967575",
    "dataset": "dmv.csv",
    "model": "dmv.csv-2.6MB-model16.669*",
    "query": "'SELECT Model Year FROM dmv.csv WHERE Registration Class<=CCK'",
    "avg_est": 2010.79296875,
    "avg_real": 2003.1182936196833,
    "avg_err": 0.0038313639063464276,
    "count_est": 587813.1110551655,
    "count_real": 505138,
    "count_err": 0.1636683659815051,
    "sum_est": 1181970470.6487896,
    "sum_real": 1011807100.0,
    "sum_err": 0.16817767996369035,
    "query_dur_ms_est": 9.974956512451172,
    "query_dur_ms_real": 2188.521385192871,
    "query_dur_ms_err": 0.9954421480274582,
    "order": [
        0,
        1,
        2,
        3,
        4,
        5,
        6,
        7,
        9,
        8
    ],
    "groupby": false
}