{
    "timestamp": "2022-07-27 18:24:19.582330",
    "dataset": "dmv.csv",
    "model": "dmv.csv-2.6MB-model16.669*",
    "query": "'SELECT Weight_100 FROM dmv.csv WHERE Record Type=SNOW AND State<=MI AND County>=RENSSELAER<=WAYNE AND Fuel Type=COMP N/G AND Scofflaw Indicator=Y AND Revocation Indicator=Y AND Registration Class>=RGC AND Model Year=2024.0'",
    "avg_est": 31.58066177368164,
    "avg_real": NaN,
    "avg_err": NaN,
    "count_est": 2.6328743325885302e-23,
    "count_real": 0,
    "count_err": "result=0!",
    "sum_est": 8.314791379008615e-22,
    "sum_real": 0.0,
    "sum_err": "result=0!",
    "query_dur_ms_est": 10.234355926513672,
    "query_dur_ms_real": 2188.521385192871,
    "query_dur_ms_err": 0.9953236207807895,
    "order": [
        0,
        1,
        2,
        3,
        4,
        5,
        6,
        7,
        8,
        9
    ],
    "groupby": false
}