{
    "timestamp": "2022-07-27 18:38:16.446486",
    "dataset": "dmv.csv",
    "model": "dmv.csv-2.6MB-model16.669*",
    "query": "'SELECT Weight_100 FROM dmv.csv WHERE Revocation Indicator=N'",
    "avg_est": 47.09868621826172,
    "avg_real": 49.466124927671096,
    "avg_err": 0.04785979724247703,
    "count_est": 12641399.852234364,
    "count_real": 12640636,
    "count_err": 6.042830711710676e-05,
    "sum_est": 595393324.9999664,
    "sum_real": 480016061.0,
    "sum_err": 0.24036125741210643,
    "query_dur_ms_est": 9.972572326660156,
    "query_dur_ms_real": 2188.521385192871,
    "query_dur_ms_err": 0.9954432374322989,
    "order": [
        0,
        1,
        2,
        3,
        4,
        5,
        6,
        7,
        8,
        9
    ],
    "groupby": false
}