{
    "timestamp": "2022-07-27 18:00:17.399261",
    "dataset": "dmv.csv",
    "model": "dmv.csv-2.6MB-model16.669*",
    "query": "'SELECT Weight_100 FROM dmv.csv WHERE Fuel Type=OTHER'",
    "avg_est": 52.21657943725586,
    "avg_real": 52.904761904761905,
    "avg_err": 0.013007949430807344,
    "count_est": 1987.6023176093586,
    "count_real": 2149,
    "count_err": 0.07510362140094994,
    "sum_est": 103785.79430712292,
    "sum_real": 56661.0,
    "sum_err": 0.8316971869032125,
    "query_dur_ms_est": 9.978771209716797,
    "query_dur_ms_real": 2188.521385192871,
    "query_dur_ms_err": 0.9954404049797131,
    "order": [
        0,
        1,
        2,
        3,
        4,
        5,
        6,
        7,
        8,
        9
    ],
    "groupby": false
}