{
    "timestamp": "2022-07-27 18:03:38.078713",
    "dataset": "dmv.csv",
    "model": "dmv.csv-2.6MB-model16.669*",
    "query": "'SELECT Weight_100 FROM dmv.csv WHERE Registration Class>=HSM'",
    "avg_est": 48.61254119873047,
    "avg_real": 49.798775066376756,
    "avg_err": 0.023820543096996997,
    "count_est": 11291248.6884408,
    "count_real": 11288342,
    "count_err": 0.0002574947180728324,
    "sum_est": 548896292.0519397,
    "sum_real": 470703201.0,
    "sum_err": 0.16611973508108718,
    "query_dur_ms_est": 9.95492935180664,
    "query_dur_ms_real": 2188.521385192871,
    "query_dur_ms_err": 0.9954512990281201,
    "order": [
        0,
        1,
        2,
        3,
        4,
        5,
        6,
        7,
        8,
        9
    ],
    "groupby": false
}