{
    "timestamp": "2022-07-27 17:53:24.257202",
    "dataset": "dmv.csv",
    "model": "dmv.csv-2.6MB-model16.669*",
    "query": "'SELECT Weight_100 FROM dmv.csv WHERE Revocation Indicator=N'",
    "avg_est": 47.22801208496094,
    "avg_real": 49.466124927671096,
    "avg_err": 0.04524536429693465,
    "count_est": 12641103.617019415,
    "count_real": 12640636,
    "count_err": 3.6993155994279224e-05,
    "sum_est": 597014194.3918364,
    "sum_real": 480016061.0,
    "sum_err": 0.24373795565943868,
    "query_dur_ms_est": 10.043859481811523,
    "query_dur_ms_real": 2188.521385192871,
    "query_dur_ms_err": 0.9954106642275619,
    "order": [
        0,
        1,
        2,
        3,
        4,
        5,
        6,
        7,
        8,
        9
    ],
    "groupby": false
}