{
    "timestamp": "2022-07-27 19:02:28.253030",
    "dataset": "dmv.csv",
    "model": "dmv.csv-2.6MB-model16.669*",
    "query": "'SELECT Model Year FROM dmv.csv WHERE County>=ONTARIO AND Registration Class=LTR'",
    "avg_est": 2010.4700927734375,
    "avg_real": 2006.2245087177096,
    "avg_err": 0.0021162058569614037,
    "count_est": 209116.5510398671,
    "count_real": 171490,
    "count_err": 0.21940959262853288,
    "sum_est": 420422571.76958287,
    "sum_real": 344047441.0,
    "sum_err": 0.22199011435048827,
    "query_dur_ms_est": 9.986400604248047,
    "query_dur_ms_real": 2188.521385192871,
    "query_dur_ms_err": 0.9954369188842228,
    "order": [
        0,
        1,
        2,
        3,
        4,
        5,
        6,
        7,
        9,
        8
    ],
    "groupby": false
}