{
    "timestamp": "2022-07-27 19:05:32.624444",
    "dataset": "dmv.csv",
    "model": "dmv.csv-2.6MB-model16.669*",
    "query": "'SELECT Weight_100 FROM dmv.csv WHERE Record Type=VEH AND State<=YT AND County<=CHENANGO AND Fuel Type=COMP N/G AND Scofflaw Indicator=Y AND Suspension Indicator=N AND Revocation Indicator=Y AND Registration Class>=CMH AND Model Year<=1906.0'",
    "avg_est": 20.735530853271484,
    "avg_real": NaN,
    "avg_err": NaN,
    "count_est": 6.162893796089366e-12,
    "count_real": 0,
    "count_err": "result=0!",
    "sum_est": 1.2779087445424647e-10,
    "sum_real": 0.0,
    "sum_err": "result=0!",
    "query_dur_ms_est": 10.370731353759766,
    "query_dur_ms_real": 2188.521385192871,
    "query_dur_ms_err": 0.9952613068239012,
    "order": [
        0,
        1,
        2,
        3,
        4,
        5,
        6,
        7,
        8,
        9
    ],
    "groupby": false
}