{
    "timestamp": "2022-07-27 17:52:18.875134",
    "dataset": "dmv.csv",
    "model": "dmv.csv-2.6MB-model16.669*",
    "query": "'SELECT Model Year FROM dmv.csv WHERE Weight_100<=20.0'",
    "avg_est": 2012.047607421875,
    "avg_real": 2009.748236824754,
    "avg_err": 0.0011441087769052088,
    "count_est": 2110949.905238509,
    "count_real": 2038368,
    "count_err": 0.03560785159427011,
    "sum_est": 4247331706.222576,
    "sum_real": 4096606494.0,
    "sum_err": 0.03679269962671112,
    "query_dur_ms_est": 9.96255874633789,
    "query_dur_ms_real": 2188.521385192871,
    "query_dur_ms_err": 0.9954478129326298,
    "order": [
        0,
        1,
        2,
        3,
        4,
        5,
        6,
        7,
        9,
        8
    ],
    "groupby": false
}