{
    "timestamp": "2022-07-27 17:56:38.629901",
    "dataset": "dmv.csv",
    "model": "dmv.csv-2.6MB-model16.669*",
    "query": "'SELECT Weight_100 FROM dmv.csv WHERE Fuel Type=GAS AND Scofflaw Indicator=N AND Model Year>=1911.0<=1962.0'",
    "avg_est": 28.474632263183594,
    "avg_real": 28.60794594291482,
    "avg_err": 0.0046600227781905534,
    "count_est": 39788.33080823254,
    "count_real": 44182,
    "count_err": 0.09944477823021731,
    "sum_est": 1132958.08813032,
    "sum_real": 1020331.0,
    "sum_err": 0.1103828935221217,
    "query_dur_ms_est": 9.984016418457031,
    "query_dur_ms_real": 2188.521385192871,
    "query_dur_ms_err": 0.9954380082890636,
    "order": [
        0,
        1,
        2,
        3,
        4,
        5,
        6,
        7,
        8,
        9
    ],
    "groupby": false
}