{
    "timestamp": "2022-07-27 18:15:00.416459",
    "dataset": "dmv.csv",
    "model": "dmv.csv-2.6MB-model16.669*",
    "query": "'SELECT Model Year FROM dmv.csv WHERE County<=SENECA AND Revocation Indicator=Y'",
    "avg_est": 2013.9951171875,
    "avg_real": 2016.0276471694565,
    "avg_err": 0.0010081855696821417,
    "count_est": 4929.371290110983,
    "count_real": 5317,
    "count_err": 0.07290365053395093,
    "sum_est": 9927729.709087767,
    "sum_real": 10719219.0,
    "sum_err": 0.07383833569518762,
    "query_dur_ms_est": 10.068178176879883,
    "query_dur_ms_real": 2188.521385192871,
    "query_dur_ms_err": 0.9953995522981867,
    "order": [
        0,
        1,
        2,
        3,
        4,
        5,
        6,
        7,
        9,
        8
    ],
    "groupby": false
}