{
    "timestamp": "2022-07-27 18:59:55.959395",
    "dataset": "dmv.csv",
    "model": "dmv.csv-2.6MB-model16.669*",
    "query": "'SELECT Weight_100 FROM dmv.csv WHERE Scofflaw Indicator=Y'",
    "avg_est": 50.7966194152832,
    "avg_real": 49.717349463843824,
    "avg_err": 0.021708115237001144,
    "count_est": 18410.546908185817,
    "count_real": 20406,
    "count_err": 0.09778756698099494,
    "sum_est": 935193.5445223339,
    "sum_real": 904110.0,
    "sum_err": 0.034380268465489694,
    "query_dur_ms_est": 9.910106658935547,
    "query_dur_ms_real": 2188.521385192871,
    "query_dur_ms_err": 0.9954717798391254,
    "order": [
        0,
        1,
        2,
        3,
        4,
        5,
        6,
        7,
        8,
        9
    ],
    "groupby": false
}