{
    "timestamp": "2022-07-27 19:00:35.057401",
    "dataset": "dmv.csv",
    "model": "dmv.csv-2.6MB-model16.669*",
    "query": "'SELECT Weight_100 FROM dmv.csv WHERE Fuel Type=nan AND Registration Class>=COM<=FAR'",
    "avg_est": 46.095890045166016,
    "avg_real": NaN,
    "avg_err": NaN,
    "count_est": 0.0,
    "count_real": 0,
    "count_err": "result=0!",
    "sum_est": 0.0,
    "sum_real": 0.0,
    "sum_err": "result=0!",
    "query_dur_ms_est": 10.064363479614258,
    "query_dur_ms_real": 2188.521385192871,
    "query_dur_ms_err": 0.9954012953459318,
    "order": [
        0,
        1,
        2,
        3,
        4,
        5,
        6,
        7,
        8,
        9
    ],
    "groupby": false
}