{
    "timestamp": "2022-07-27 17:47:10.153315",
    "dataset": "dmv.csv",
    "model": "dmv.csv-2.6MB-model16.669*",
    "query": "'SELECT Weight_100 FROM dmv.csv WHERE Record Type=VEH AND Revocation Indicator=Y'",
    "avg_est": 45.939918518066406,
    "avg_real": 54.645161290322584,
    "avg_err": 0.15930491495864313,
    "count_est": 5257.030042386032,
    "count_real": 5680,
    "count_err": 0.07446654183344512,
    "sum_est": 241507.53179424148,
    "sum_real": 1694.0,
    "sum_err": 141.566429630603,
    "query_dur_ms_est": 10.092496871948242,
    "query_dur_ms_real": 2188.521385192871,
    "query_dur_ms_err": 0.9953884403688115,
    "order": [
        0,
        1,
        2,
        3,
        4,
        5,
        6,
        7,
        8,
        9
    ],
    "groupby": false
}