{
    "timestamp": "2022-07-27 17:44:48.169953",
    "dataset": "dmv.csv",
    "model": "dmv.csv-2.6MB-model16.669*",
    "query": "'SELECT Weight_100 FROM dmv.csv WHERE Record Type=SNOW AND State<=ND AND County<=GREENE AND Fuel Type=OTHER AND Scofflaw Indicator=Y AND Suspension Indicator=Y AND Registration Class>=VAS AND Model Year>=1941.0<=1975.0'",
    "avg_est": 28.430896759033203,
    "avg_real": NaN,
    "avg_err": NaN,
    "count_est": 2.205084408270106e-22,
    "count_real": 0,
    "count_err": "result=0!",
    "sum_est": 6.26925271564812e-21,
    "sum_real": 0.0,
    "sum_err": "result=0!",
    "query_dur_ms_est": 10.482549667358398,
    "query_dur_ms_real": 2188.521385192871,
    "query_dur_ms_err": 0.9952102137368721,
    "order": [
        0,
        1,
        2,
        3,
        4,
        5,
        6,
        7,
        8,
        9
    ],
    "groupby": false
}