{
    "timestamp": "2022-07-27 18:01:19.556894",
    "dataset": "dmv.csv",
    "model": "dmv.csv-2.6MB-model16.669*",
    "query": "'SELECT Model Year FROM dmv.csv WHERE Record Type=SNOW AND State<=BY AND County>=ESSEX<=ROCKLAND AND Fuel Type=DIESEL AND Scofflaw Indicator=Y AND Suspension Indicator=Y AND Revocation Indicator=N AND Registration Class>=JSC<=OMR AND Weight_100>=70.0'",
    "avg_est": 2007.343017578125,
    "avg_real": NaN,
    "avg_err": NaN,
    "count_est": 6.454949309703251e-26,
    "count_real": 0,
    "count_err": "result=0!",
    "sum_est": 1.2957297425653557e-22,
    "sum_real": 0.0,
    "sum_err": "result=0!",
    "query_dur_ms_est": 10.367155075073242,
    "query_dur_ms_real": 2188.521385192871,
    "query_dur_ms_err": 0.9952629409311623,
    "order": [
        0,
        1,
        2,
        3,
        4,
        5,
        6,
        7,
        9,
        8
    ],
    "groupby": false
}