{
    "timestamp": "2022-07-27 18:29:45.734394",
    "dataset": "dmv.csv",
    "model": "dmv.csv-2.6MB-model16.669*",
    "query": "'SELECT Weight_100 FROM dmv.csv WHERE Registration Class<=CLG'",
    "avg_est": 16.337730407714844,
    "avg_real": 5.361599761920508,
    "avg_err": 2.0471745622919677,
    "count_est": 547304.5943028778,
    "count_real": 505203,
    "count_err": 0.08333599424959429,
    "sum_est": 8941714.912624162,
    "sum_real": 648582.0,
    "sum_err": 12.786560392709267,
    "query_dur_ms_est": 9.971380233764648,
    "query_dur_ms_real": 2188.521385192871,
    "query_dur_ms_err": 0.9954437821347193,
    "order": [
        0,
        1,
        2,
        3,
        4,
        5,
        6,
        7,
        8,
        9
    ],
    "groupby": false
}