{
    "timestamp": "2022-07-27 18:26:49.839791",
    "dataset": "dmv.csv",
    "model": "dmv.csv-2.6MB-model16.669*",
    "query": "'SELECT Weight_100 FROM dmv.csv WHERE Suspension Indicator=Y'",
    "avg_est": 48.45999526977539,
    "avg_real": 49.281526627783165,
    "avg_err": 0.016670168605219804,
    "count_est": 137194.08703448996,
    "count_real": 140475,
    "count_err": 0.023355849549813422,
    "sum_est": 6648424.808732537,
    "sum_real": 6201883.0,
    "sum_err": 0.07200100497422099,
    "query_dur_ms_est": 10.121822357177734,
    "query_dur_ms_real": 2188.521385192871,
    "query_dur_ms_err": 0.9953750406892709,
    "order": [
        0,
        1,
        2,
        3,
        4,
        5,
        6,
        7,
        8,
        9
    ],
    "groupby": false
}