{
    "timestamp": "2022-07-26 12:24:46.921651",
    "dataset": "dmv.csv",
    "model": "dmv.csv-37.9MB*",
    "query": "'SELECT Unladen Weight FROM dmv.csv WHERE Model Year>=1954.0'",
    "avg_est": 3118.52001953125,
    "avg_real": 4183.5767645125115,
    "avg_err": 0.25458042362594646,
    "count_est": 12621653.853021145,
    "count_real": 12622273,
    "count_err": 4.9051940078869555e-05,
    "sum_est": 39360880220.24018,
    "sum_real": 40514790731.0,
    "sum_err": 0.02848121611737467,
    "query_dur_ms_est": 126.8305778503418,
    "query_dur_ms_real": 1886.7831230163574,
    "query_dur_ms_err": 0.9327794613471099,
    "order": [
        0,
        1,
        2,
        3,
        4,
        5,
        6,
        7,
        8,
        9,
        10,
        11
    ],
    "groupby": false
}