{
    "timestamp": "2022-07-27 18:18:53.707966",
    "dataset": "dmv.csv",
    "model": "dmv.csv-2.6MB-model16.669*",
    "query": "'SELECT Weight_100 FROM dmv.csv WHERE Record Type=VEH AND State<=GL AND Fuel Type=nan AND Scofflaw Indicator=Y AND Suspension Indicator=N AND Revocation Indicator=N AND Registration Class>=HSM<=WUG'",
    "avg_est": 64.12602996826172,
    "avg_real": NaN,
    "avg_err": NaN,
    "count_est": 0.0,
    "count_real": 0,
    "count_err": "result=0!",
    "sum_est": 0.0,
    "sum_real": 0.0,
    "sum_err": "result=0!",
    "query_dur_ms_est": 10.289907455444336,
    "query_dur_ms_real": 2188.521385192871,
    "query_dur_ms_err": 0.9952982376480011,
    "order": [
        0,
        1,
        2,
        3,
        4,
        5,
        6,
        7,
        8,
        9
    ],
    "groupby": false
}