{
    "timestamp": "2022-07-27 18:37:01.346396",
    "dataset": "dmv.csv",
    "model": "dmv.csv-2.6MB-model16.669*",
    "query": "'SELECT Weight_100 FROM dmv.csv WHERE State>=DC<=IA AND Scofflaw Indicator=N'",
    "avg_est": 40.621337890625,
    "avg_real": 49.076359707047665,
    "avg_err": 0.172282986490713,
    "count_est": 22663.70172451064,
    "count_real": 20876,
    "count_err": 0.08563430372248707,
    "sum_est": 920629.8856036873,
    "sum_real": 408757.0,
    "sum_err": 1.252266959596257,
    "query_dur_ms_est": 10.023355484008789,
    "query_dur_ms_real": 2188.521385192871,
    "query_dur_ms_err": 0.9954200331091919,
    "order": [
        0,
        1,
        2,
        3,
        4,
        5,
        6,
        7,
        8,
        9
    ],
    "groupby": false
}