{
    "timestamp": "2022-07-27 19:06:23.869890",
    "dataset": "dmv.csv",
    "model": "dmv.csv-2.6MB-model16.669*",
    "query": "'SELECT Model Year FROM dmv.csv WHERE Suspension Indicator=N'",
    "avg_est": 2012.13525390625,
    "avg_real": 2012.1374203480796,
    "avg_err": 1.076686814553568e-06,
    "count_est": 12508218.379070997,
    "count_real": 12505841,
    "count_err": 0.0001901014950531706,
    "sum_est": 25168227164.086845,
    "sum_real": 25163426382.0,
    "sum_err": 0.0001907841171534379,
    "query_dur_ms_est": 9.854316711425781,
    "query_dur_ms_real": 2188.521385192871,
    "query_dur_ms_err": 0.9954972719123979,
    "order": [
        0,
        1,
        2,
        3,
        4,
        5,
        6,
        7,
        9,
        8
    ],
    "groupby": false
}