{
    "timestamp": "2022-07-27 19:08:51.630221",
    "dataset": "dmv.csv",
    "model": "dmv.csv-2.6MB-model16.669*",
    "query": "'SELECT Weight_100 FROM dmv.csv WHERE Revocation Indicator=N'",
    "avg_est": 47.32420349121094,
    "avg_real": 49.466124927671096,
    "avg_err": 0.04330077279334203,
    "count_est": 12640654.364632368,
    "count_real": 12640636,
    "count_err": 1.4528250293804653e-06,
    "sum_est": 598208899.4139259,
    "sum_real": 480016061.0,
    "sum_err": 0.246226841176312,
    "query_dur_ms_est": 9.897232055664062,
    "query_dur_ms_real": 2188.521385192871,
    "query_dur_ms_err": 0.9954776626252653,
    "order": [
        0,
        1,
        2,
        3,
        4,
        5,
        6,
        7,
        8,
        9
    ],
    "groupby": false
}