{
    "timestamp": "2022-07-27 17:35:08.687119",
    "dataset": "dmv.csv",
    "model": "dmv.csv-2.6MB-model16.669*",
    "query": "'SELECT Weight_100 FROM dmv.csv WHERE County>=GREENE'",
    "avg_est": 47.405094146728516,
    "avg_real": 49.89417055999277,
    "avg_err": 0.04988711878217097,
    "count_est": 9915094.404519796,
    "count_real": 9906724,
    "count_err": 0.0008449215421562538,
    "sum_est": 470025983.71996206,
    "sum_real": 384523296.0,
    "sum_err": 0.2223602278702044,
    "query_dur_ms_est": 9.990930557250977,
    "query_dur_ms_real": 2188.521385192871,
    "query_dur_ms_err": 0.9954348490150255,
    "order": [
        0,
        1,
        2,
        3,
        4,
        5,
        6,
        7,
        8,
        9
    ],
    "groupby": false
}