{
    "timestamp": "2022-07-27 19:03:02.733960",
    "dataset": "dmv.csv",
    "model": "dmv.csv-2.6MB-model16.669*",
    "query": "'SELECT Model Year FROM dmv.csv WHERE Revocation Indicator=N'",
    "avg_est": 2011.9267578125,
    "avg_real": 2012.1336450903414,
    "avg_err": 0.00010281984914181569,
    "count_est": 12641239.297270536,
    "count_real": 12640636,
    "count_err": 4.772681299710099e-05,
    "sum_est": 25433247594.089478,
    "sum_real": 25434604724.0,
    "sum_err": 5.335761751555267e-05,
    "query_dur_ms_est": 10.014772415161133,
    "query_dur_ms_real": 2188.521385192871,
    "query_dur_ms_err": 0.9954239549666185,
    "order": [
        0,
        1,
        2,
        3,
        4,
        5,
        6,
        7,
        9,
        8
    ],
    "groupby": false
}