{
    "timestamp": "2022-07-27 19:07:01.139012",
    "dataset": "dmv.csv",
    "model": "dmv.csv-2.6MB-model16.669*",
    "query": "'SELECT Model Year FROM dmv.csv WHERE Weight_100>=83.0'",
    "avg_est": 2011.9957275390625,
    "avg_real": 2013.4242192478512,
    "avg_err": 0.0007094837218767076,
    "count_est": 1694422.0872038603,
    "count_real": 1646137,
    "count_err": 0.029332362497082737,
    "sum_est": 3409170000.101988,
    "sum_real": 3314372104.0,
    "sum_err": 0.028602067941490204,
    "query_dur_ms_est": 9.904861450195312,
    "query_dur_ms_real": 2188.521385192871,
    "query_dur_ms_err": 0.995474176529775,
    "order": [
        0,
        1,
        2,
        3,
        4,
        5,
        6,
        7,
        9,
        8
    ],
    "groupby": false
}