{
    "timestamp": "2022-07-27 18:37:29.369271",
    "dataset": "dmv.csv",
    "model": "dmv.csv-2.6MB-model16.669*",
    "query": "'SELECT Model Year FROM dmv.csv WHERE Record Type=SNOW AND Registration Class=SPO'",
    "avg_est": 2010.9193115234375,
    "avg_real": NaN,
    "avg_err": NaN,
    "count_est": 0.00064045905478681,
    "count_real": 0,
    "count_err": "result=0!",
    "sum_est": 1.2879114815108434,
    "sum_real": 0.0,
    "sum_err": "result=0!",
    "query_dur_ms_est": 10.003328323364258,
    "query_dur_ms_real": 2188.521385192871,
    "query_dur_ms_err": 0.9954291841098538,
    "order": [
        0,
        1,
        2,
        3,
        4,
        5,
        6,
        7,
        9,
        8
    ],
    "groupby": false
}