{
    "timestamp": "2022-07-27 18:51:26.350316",
    "dataset": "dmv.csv",
    "model": "dmv.csv-2.6MB-model16.669*",
    "query": "'SELECT Weight_100 FROM dmv.csv WHERE Record Type=VEH'",
    "avg_est": 47.557525634765625,
    "avg_real": 49.030691093498355,
    "avg_err": 0.030045782057680947,
    "count_est": 11388790.728530407,
    "count_real": 11392466,
    "count_err": 0.0003226054367503092,
    "sum_est": 541622707.021066,
    "sum_real": 470118720.0,
    "sum_err": 0.1520977233603162,
    "query_dur_ms_est": 9.935855865478516,
    "query_dur_ms_real": 2188.521385192871,
    "query_dur_ms_err": 0.9954600142668458,
    "order": [
        0,
        1,
        2,
        3,
        4,
        5,
        6,
        7,
        8,
        9
    ],
    "groupby": false
}