{
    "timestamp": "2022-07-27 18:02:21.709947",
    "dataset": "dmv.csv",
    "model": "dmv.csv-2.6MB-model16.669*",
    "query": "'SELECT Model Year FROM dmv.csv WHERE Record Type=SNOW AND County>=CLINTON AND Fuel Type=GAS AND Scofflaw Indicator=N AND Revocation Indicator=Y AND Registration Class<=VAS'",
    "avg_est": 2010.656982421875,
    "avg_real": NaN,
    "avg_err": NaN,
    "count_est": 5.790417066858301e-07,
    "count_real": 0,
    "count_err": "result=0!",
    "sum_est": 0.0011642542506613434,
    "sum_real": 0.0,
    "sum_err": "result=0!",
    "query_dur_ms_est": 10.159015655517578,
    "query_dur_ms_real": 2188.521385192871,
    "query_dur_ms_err": 0.9953580459737558,
    "order": [
        0,
        1,
        2,
        3,
        4,
        5,
        6,
        7,
        9,
        8
    ],
    "groupby": false
}