{
    "timestamp": "2022-07-27 18:38:40.512961",
    "dataset": "dmv.csv",
    "model": "dmv.csv-2.6MB-model16.669*",
    "query": "'SELECT Weight_100 FROM dmv.csv WHERE Record Type=VEH AND Model Year=1905.0'",
    "avg_est": 12.511085510253906,
    "avg_real": 5.5,
    "avg_err": 1.2747428200461648,
    "count_est": 0.911612398234297,
    "count_real": 2,
    "count_err": 0.5441938008828515,
    "sum_est": 11.405260666516927,
    "sum_real": 11.0,
    "sum_err": 0.036841878774266104,
    "query_dur_ms_est": 9.929656982421875,
    "query_dur_ms_real": 2188.521385192871,
    "query_dur_ms_err": 0.9954628467194316,
    "order": [
        0,
        1,
        2,
        3,
        4,
        5,
        6,
        7,
        8,
        9
    ],
    "groupby": false
}