{
    "timestamp": "2022-07-27 18:50:01.975509",
    "dataset": "dmv.csv",
    "model": "dmv.csv-2.6MB-model16.669*",
    "query": "'SELECT Weight_100 FROM dmv.csv WHERE State>=Y AND County>=RENSSELAER<=TOMPKINS'",
    "avg_est": 45.35646057128906,
    "avg_real": 44.0,
    "avg_err": 0.030828649347478695,
    "count_est": 1.032491016193319,
    "count_real": 1,
    "count_err": 0.032491016193318956,
    "sum_est": 46.83013806618245,
    "sum_real": 44.0,
    "sum_err": 0.06432131968596476,
    "query_dur_ms_est": 10.01286506652832,
    "query_dur_ms_real": 2188.521385192871,
    "query_dur_ms_err": 0.995424826490491,
    "order": [
        0,
        1,
        2,
        3,
        4,
        5,
        6,
        7,
        8,
        9
    ],
    "groupby": false
}