{
    "timestamp": "2022-07-27 17:57:14.165387",
    "dataset": "dmv.csv",
    "model": "dmv.csv-2.6MB-model16.669*",
    "query": "'SELECT Model Year FROM dmv.csv WHERE Weight_100>=73.0<=nan'",
    "avg_est": 2012.027099609375,
    "avg_real": NaN,
    "avg_err": NaN,
    "count_est": 0.0,
    "count_real": 0,
    "count_err": "result=0!",
    "sum_est": 0.0,
    "sum_real": 0.0,
    "sum_err": "result=0!",
    "query_dur_ms_est": 9.931802749633789,
    "query_dur_ms_real": 2188.521385192871,
    "query_dur_ms_err": 0.995461866255075,
    "order": [
        0,
        1,
        2,
        3,
        4,
        5,
        6,
        7,
        9,
        8
    ],
    "groupby": false
}