{
    "timestamp": "2022-07-27 17:47:42.313847",
    "dataset": "dmv.csv",
    "model": "dmv.csv-2.6MB-model16.669*",
    "query": "'SELECT Model Year FROM dmv.csv WHERE Fuel Type=COMP N/G'",
    "avg_est": 2013.429443359375,
    "avg_real": 2014.000295159386,
    "avg_err": 0.00028344176581457,
    "count_est": 3694.0674551584525,
    "count_real": 3388,
    "count_err": 0.09033868216010994,
    "sum_est": 7437744.179971666,
    "sum_real": 6823433.0,
    "sum_err": 0.09002963463870255,
    "query_dur_ms_est": 9.949684143066406,
    "query_dur_ms_real": 2188.521385192871,
    "query_dur_ms_err": 0.9954536957187697,
    "order": [
        0,
        1,
        2,
        3,
        4,
        5,
        6,
        7,
        9,
        8
    ],
    "groupby": false
}