{
    "timestamp": "2022-07-27 19:07:30.791928",
    "dataset": "dmv.csv",
    "model": "dmv.csv-2.6MB-model16.669*",
    "query": "'SELECT Model Year FROM dmv.csv WHERE Record Type=SNOW AND State>=FL<=OR AND Fuel Type=OTHER AND Scofflaw Indicator=N AND Revocation Indicator=N AND Registration Class>=STA<=VAS'",
    "avg_est": 2015.35009765625,
    "avg_real": NaN,
    "avg_err": NaN,
    "count_est": 4.343793268826598e-09,
    "count_real": 0,
    "count_err": "result=0!",
    "sum_est": 8.754264188528245e-06,
    "sum_real": 0.0,
    "sum_err": "result=0!",
    "query_dur_ms_est": 10.166406631469727,
    "query_dur_ms_real": 2188.521385192871,
    "query_dur_ms_err": 0.9953546688187496,
    "order": [
        0,
        1,
        2,
        3,
        4,
        5,
        6,
        7,
        9,
        8
    ],
    "groupby": false
}