{
    "timestamp": "2022-07-27 18:15:45.570634",
    "dataset": "dmv.csv",
    "model": "dmv.csv-2.6MB-model16.669*",
    "query": "'SELECT Weight_100 FROM dmv.csv WHERE Record Type=BOAT AND State>=KS<=NV AND County=ESSEX AND Scofflaw Indicator=Y AND Suspension Indicator=N AND Registration Class>=CME'",
    "avg_est": 51.25105285644531,
    "avg_real": NaN,
    "avg_err": NaN,
    "count_est": 1.91249972498461e-06,
    "count_real": 0,
    "count_err": "result=0!",
    "sum_est": 9.801762449312337e-05,
    "sum_real": 0.0,
    "sum_err": "result=0!",
    "query_dur_ms_est": 10.262489318847656,
    "query_dur_ms_real": 2188.521385192871,
    "query_dur_ms_err": 0.9953107658036692,
    "order": [
        0,
        1,
        2,
        3,
        4,
        5,
        6,
        7,
        8,
        9
    ],
    "groupby": false
}