{
    "timestamp": "2022-07-27 19:03:54.618916",
    "dataset": "dmv.csv",
    "model": "dmv.csv-2.6MB-model16.669*",
    "query": "'SELECT Weight_100 FROM dmv.csv WHERE County<=SCHENECTADY'",
    "avg_est": 46.903133392333984,
    "avg_real": 49.39358992066576,
    "avg_err": 0.050420642280341633,
    "count_est": 9465223.164772034,
    "count_real": 9486100,
    "count_err": 0.0022007816940540696,
    "sum_est": 443948624.6855123,
    "sum_real": 360118736.0,
    "sum_err": 0.23278402455992267,
    "query_dur_ms_est": 10.012388229370117,
    "query_dur_ms_real": 2188.521385192871,
    "query_dur_ms_err": 0.9954250443714592,
    "order": [
        0,
        1,
        2,
        3,
        4,
        5,
        6,
        7,
        8,
        9
    ],
    "groupby": false
}