{
    "timestamp": "2022-07-27 18:43:21.229727",
    "dataset": "dmv.csv",
    "model": "dmv.csv-2.6MB-model16.669*",
    "query": "'SELECT Model Year FROM dmv.csv WHERE Revocation Indicator=N'",
    "avg_est": 2012.125,
    "avg_real": 2012.1336450903414,
    "avg_err": 4.296479193842255e-06,
    "count_est": 12640701.85272026,
    "count_real": 12640636,
    "count_err": 5.209604980368086e-06,
    "sum_est": 25434672215.404755,
    "sum_real": 25434604724.0,
    "sum_err": 2.653526779244736e-06,
    "query_dur_ms_est": 10.048151016235352,
    "query_dur_ms_real": 2188.521385192871,
    "query_dur_ms_err": 0.9954087032988486,
    "order": [
        0,
        1,
        2,
        3,
        4,
        5,
        6,
        7,
        9,
        8
    ],
    "groupby": false
}