{
    "timestamp": "2022-07-27 17:34:29.545582",
    "dataset": "dmv.csv",
    "model": "dmv.csv-2.6MB-model16.669*",
    "query": "'SELECT Model Year FROM dmv.csv WHERE Record Type=SNOW'",
    "avg_est": 2009.3699951171875,
    "avg_real": 2009.872658579531,
    "avg_err": 0.0002500971691901566,
    "count_est": 111333.63139332086,
    "count_real": 113019,
    "count_err": 0.014912259059796509,
    "sum_est": 223710458.36917588,
    "sum_real": 227153798.0,
    "sum_err": 0.015158626715209574,
    "query_dur_ms_est": 10.157585144042969,
    "query_dur_ms_real": 2188.521385192871,
    "query_dur_ms_err": 0.9953586996166602,
    "order": [
        0,
        1,
        2,
        3,
        4,
        5,
        6,
        7,
        9,
        8
    ],
    "groupby": false
}