{
    "timestamp": "2022-07-27 17:58:26.010454",
    "dataset": "dmv.csv",
    "model": "dmv.csv-2.6MB-model16.669*",
    "query": "'SELECT Weight_100 FROM dmv.csv WHERE Record Type=BOAT AND State<=WV'",
    "avg_est": 31.620037078857422,
    "avg_real": NaN,
    "avg_err": NaN,
    "count_est": 364337.514327988,
    "count_real": 365635,
    "count_err": 0.003548581705832241,
    "sum_est": 11520365.712269729,
    "sum_real": 0.0,
    "sum_err": "result=0!",
    "query_dur_ms_est": 9.998798370361328,
    "query_dur_ms_real": 2188.521385192871,
    "query_dur_ms_err": 0.9954312539790512,
    "order": [
        0,
        1,
        2,
        3,
        4,
        5,
        6,
        7,
        8,
        9
    ],
    "groupby": false
}