{
    "timestamp": "2022-07-27 18:41:39.966597",
    "dataset": "dmv.csv",
    "model": "dmv.csv-2.6MB-model16.669*",
    "query": "'SELECT Model Year FROM dmv.csv WHERE State>=TN AND Suspension Indicator=N'",
    "avg_est": 2013.639892578125,
    "avg_real": 2012.9192023379749,
    "avg_err": 0.000358032373735152,
    "count_est": 21967.20829652855,
    "count_real": 17452,
    "count_err": 0.25872153887970156,
    "sum_est": 44234046.95446305,
    "sum_real": 35127453.0,
    "sum_err": 0.25924435667063733,
    "query_dur_ms_est": 9.98997688293457,
    "query_dur_ms_real": 2188.521385192871,
    "query_dur_ms_err": 0.9954352847769617,
    "order": [
        0,
        1,
        2,
        3,
        4,
        5,
        6,
        7,
        9,
        8
    ],
    "groupby": false
}