{
    "timestamp": "2022-07-27 18:13:46.637244",
    "dataset": "dmv.csv",
    "model": "dmv.csv-2.6MB-model16.669*",
    "query": "'SELECT Weight_100 FROM dmv.csv WHERE Record Type=TRL AND State>=NH<=NH'",
    "avg_est": 33.401611328125,
    "avg_real": 98.5,
    "avg_err": 0.6608973469225888,
    "count_est": 59.133105430761134,
    "count_real": 42,
    "count_err": 0.4079310816847889,
    "sum_est": 1975.141004223321,
    "sum_real": 394.0,
    "sum_err": 4.013048234069343,
    "query_dur_ms_est": 10.034799575805664,
    "query_dur_ms_real": 2188.521385192871,
    "query_dur_ms_err": 0.9954148039659565,
    "order": [
        0,
        1,
        2,
        3,
        4,
        5,
        6,
        7,
        8,
        9
    ],
    "groupby": false
}