{
    "timestamp": "2022-07-27 17:47:35.994789",
    "dataset": "dmv.csv",
    "model": "dmv.csv-2.6MB-model16.669*",
    "query": "'SELECT Weight_100 FROM dmv.csv WHERE Revocation Indicator=Y AND Model Year>=1944.0'",
    "avg_est": 45.884151458740234,
    "avg_real": 54.645161290322584,
    "avg_err": 0.1603254455602437,
    "count_est": 5104.000356375822,
    "count_real": 5680,
    "count_err": 0.10140838796200319,
    "sum_est": 234192.72539741235,
    "sum_real": 1694.0,
    "sum_err": 137.24836210000728,
    "query_dur_ms_est": 9.985208511352539,
    "query_dur_ms_real": 2188.521385192871,
    "query_dur_ms_err": 0.9954374635866432,
    "order": [
        0,
        1,
        2,
        3,
        4,
        5,
        6,
        7,
        8,
        9
    ],
    "groupby": false
}