{
    "timestamp": "2022-07-27 18:21:37.476235",
    "dataset": "dmv.csv",
    "model": "dmv.csv-2.6MB-model16.669*",
    "query": "'SELECT Model Year FROM dmv.csv WHERE Scofflaw Indicator=Y AND Weight_100=60.0'",
    "avg_est": 2013.31396484375,
    "avg_real": 2014.4692737430169,
    "avg_err": 0.0005735053467061407,
    "count_est": 164.08409405688144,
    "count_real": 179,
    "count_err": 0.08332908348110928,
    "sum_est": 330352.79797345476,
    "sum_real": 360590.0,
    "sum_err": 0.08385479915290286,
    "query_dur_ms_est": 9.947538375854492,
    "query_dur_ms_real": 2188.521385192871,
    "query_dur_ms_err": 0.9954546761831263,
    "order": [
        0,
        1,
        2,
        3,
        4,
        5,
        6,
        7,
        9,
        8
    ],
    "groupby": false
}