{
    "timestamp": "2022-07-27 18:50:00.084887",
    "dataset": "dmv.csv",
    "model": "dmv.csv-2.6MB-model16.669*",
    "query": "'SELECT Weight_100 FROM dmv.csv WHERE Model Year>=1935.0'",
    "avg_est": 46.67931365966797,
    "avg_real": 49.49530827228336,
    "avg_err": 0.05689417261781773,
    "count_est": 12637793.01889205,
    "count_real": 12638038,
    "count_err": 1.9384425648206673e-05,
    "sum_est": 589923504.2948241,
    "sum_real": 479927693.0,
    "sum_err": 0.22919246565507967,
    "query_dur_ms_est": 9.904861450195312,
    "query_dur_ms_real": 2188.521385192871,
    "query_dur_ms_err": 0.995474176529775,
    "order": [
        0,
        1,
        2,
        3,
        4,
        5,
        6,
        7,
        8,
        9
    ],
    "groupby": false
}