{
    "timestamp": "2022-07-27 18:54:09.042542",
    "dataset": "dmv.csv",
    "model": "dmv.csv-2.6MB-model16.669*",
    "query": "'SELECT Weight_100 FROM dmv.csv WHERE State>=LA<=VA AND Registration Class>=PHS<=SPC'",
    "avg_est": 71.7651596069336,
    "avg_real": 74.99552893008301,
    "avg_err": 0.04307415880966762,
    "count_est": 376106.48055482656,
    "count_real": 361362,
    "count_err": 0.040802520892696405,
    "sum_est": 26991341.606219195,
    "sum_real": 17914107.0,
    "sum_err": 0.5067087411177791,
    "query_dur_ms_est": 10.027170181274414,
    "query_dur_ms_real": 2188.521385192871,
    "query_dur_ms_err": 0.9954182900614468,
    "order": [
        0,
        1,
        2,
        3,
        4,
        5,
        6,
        7,
        8,
        9
    ],
    "groupby": false
}