{
    "timestamp": "2022-07-27 18:52:46.213319",
    "dataset": "dmv.csv",
    "model": "dmv.csv-2.6MB-model16.669*",
    "query": "'SELECT Model Year FROM dmv.csv WHERE Revocation Indicator=N'",
    "avg_est": 2012.051513671875,
    "avg_real": 2012.1336450903414,
    "avg_err": 4.0818073226280685e-05,
    "count_est": 12641018.439972878,
    "count_real": 12640636,
    "count_err": 3.0254804653618887e-05,
    "sum_est": 25434380286.50151,
    "sum_real": 25434604724.0,
    "sum_err": 8.824100115760851e-06,
    "query_dur_ms_est": 10.064125061035156,
    "query_dur_ms_real": 2188.521385192871,
    "query_dur_ms_err": 0.9954014042864159,
    "order": [
        0,
        1,
        2,
        3,
        4,
        5,
        6,
        7,
        9,
        8
    ],
    "groupby": false
}