{
    "timestamp": "2022-07-27 17:50:19.431374",
    "dataset": "dmv.csv",
    "model": "dmv.csv-2.6MB-model16.669*",
    "query": "'SELECT Weight_100 FROM dmv.csv WHERE Scofflaw Indicator=N AND Revocation Indicator=Y'",
    "avg_est": 45.62346649169922,
    "avg_real": 54.645161290322584,
    "avg_err": 0.16509594967964836,
    "count_est": 5226.504930333584,
    "count_real": 5670,
    "count_err": 0.0782178253379923,
    "sum_est": 238451.27255777502,
    "sum_real": 1694.0,
    "sum_err": 139.7622624307999,
    "query_dur_ms_est": 10.024309158325195,
    "query_dur_ms_real": 2188.521385192871,
    "query_dur_ms_err": 0.9954195973472556,
    "order": [
        0,
        1,
        2,
        3,
        4,
        5,
        6,
        7,
        8,
        9
    ],
    "groupby": false
}