{
    "timestamp": "2022-07-27 17:54:56.102053",
    "dataset": "dmv.csv",
    "model": "dmv.csv-2.6MB-model16.669*",
    "query": "'SELECT Weight_100 FROM dmv.csv WHERE Registration Class<=USC'",
    "avg_est": 47.10779571533203,
    "avg_real": 49.4620944722922,
    "avg_err": 0.0475980401169426,
    "count_est": 12644378.033746481,
    "count_real": 12644708,
    "count_err": 2.609520548193428e-05,
    "sum_est": 595648777.3611609,
    "sum_real": 479898948.0,
    "sum_err": 0.24119625567747832,
    "query_dur_ms_est": 10.027408599853516,
    "query_dur_ms_real": 2188.521385192871,
    "query_dur_ms_err": 0.9954181811209627,
    "order": [
        0,
        1,
        2,
        3,
        4,
        5,
        6,
        7,
        8,
        9
    ],
    "groupby": false
}