{
    "timestamp": "2022-07-27 17:38:45.359085",
    "dataset": "dmv.csv",
    "model": "dmv.csv-2.6MB-model16.669*",
    "query": "'SELECT Model Year FROM dmv.csv WHERE Revocation Indicator=N AND Registration Class>=BOT<=VPL'",
    "avg_est": 2012.087646484375,
    "avg_real": 2012.1474675345557,
    "avg_err": 2.972995326930083e-05,
    "count_est": 12488982.68835783,
    "count_real": 12501160,
    "count_err": 0.000974094535400711,
    "sum_est": 25128927784.402008,
    "sum_real": 25154133168.0,
    "sum_err": 0.0010020374556201023,
    "query_dur_ms_est": 10.066509246826172,
    "query_dur_ms_real": 2188.521385192871,
    "query_dur_ms_err": 0.9954003148815752,
    "order": [
        0,
        1,
        2,
        3,
        4,
        5,
        6,
        7,
        9,
        8
    ],
    "groupby": false
}