{
    "timestamp": "2022-07-27 19:02:03.591383",
    "dataset": "dmv.csv",
    "model": "dmv.csv-2.6MB-model16.669*",
    "query": "'SELECT Model Year FROM dmv.csv WHERE Record Type=BOAT'",
    "avg_est": 2000.1513671875,
    "avg_real": 2000.1510189457447,
    "avg_err": 1.7410773087635245e-07,
    "count_est": 364348.39701479673,
    "count_real": 365645,
    "count_err": 0.003546070601822167,
    "sum_est": 728751944.4217198,
    "sum_real": 731301216.0,
    "sum_err": 0.003485939203306631,
    "query_dur_ms_est": 9.988546371459961,
    "query_dur_ms_real": 2188.521385192871,
    "query_dur_ms_err": 0.9954359384198662,
    "order": [
        0,
        1,
        2,
        3,
        4,
        5,
        6,
        7,
        9,
        8
    ],
    "groupby": false
}