{
    "timestamp": "2022-07-27 18:32:05.001793",
    "dataset": "dmv.csv",
    "model": "dmv.csv-2.6MB-model16.669*",
    "query": "'SELECT Weight_100 FROM dmv.csv WHERE Revocation Indicator=Y AND Registration Class<=SNO'",
    "avg_est": 46.27384567260742,
    "avg_real": 54.3,
    "avg_err": 0.14781131357997376,
    "count_est": 5058.267896732665,
    "count_real": 5679,
    "count_err": 0.10930306449504056,
    "sum_est": 234065.50802411186,
    "sum_real": 1629.0,
    "sum_err": 142.68662248257326,
    "query_dur_ms_est": 9.937286376953125,
    "query_dur_ms_real": 2188.521385192871,
    "query_dur_ms_err": 0.9954593606239414,
    "order": [
        0,
        1,
        2,
        3,
        4,
        5,
        6,
        7,
        8,
        9
    ],
    "groupby": false
}