{
    "timestamp": "2022-07-27 19:04:57.380983",
    "dataset": "dmv.csv",
    "model": "dmv.csv-2.6MB-model16.669*",
    "query": "'SELECT Weight_100 FROM dmv.csv WHERE Scofflaw Indicator=N'",
    "avg_est": 47.28215408325195,
    "avg_real": 49.465669830858246,
    "avg_err": 0.04414204346312414,
    "count_est": 12628283.340846777,
    "count_real": 12625910,
    "count_err": 0.00018797384479827295,
    "sum_est": 597092438.728881,
    "sum_real": 479113645.0,
    "sum_err": 0.2462438608461694,
    "query_dur_ms_est": 9.971141815185547,
    "query_dur_ms_real": 2188.521385192871,
    "query_dur_ms_err": 0.9954438910752034,
    "order": [
        0,
        1,
        2,
        3,
        4,
        5,
        6,
        7,
        8,
        9
    ],
    "groupby": false
}