{
    "timestamp": "2022-07-27 18:18:32.573913",
    "dataset": "dmv.csv",
    "model": "dmv.csv-2.6MB-model16.669*",
    "query": "'SELECT Weight_100 FROM dmv.csv WHERE Scofflaw Indicator=N'",
    "avg_est": 46.815757751464844,
    "avg_real": 49.465669830858246,
    "avg_err": 0.053570730740217405,
    "count_est": 12627340.363101482,
    "count_real": 12625910,
    "count_err": 0.00011328792154247823,
    "sum_est": 591158507.4842532,
    "sum_real": 479113645.0,
    "sum_err": 0.233858633861812,
    "query_dur_ms_est": 9.948015213012695,
    "query_dur_ms_real": 2188.521385192871,
    "query_dur_ms_err": 0.9954544583021582,
    "order": [
        0,
        1,
        2,
        3,
        4,
        5,
        6,
        7,
        8,
        9
    ],
    "groupby": false
}