{
    "timestamp": "2022-07-27 18:23:28.583286",
    "dataset": "dmv.csv",
    "model": "dmv.csv-2.6MB-model16.669*",
    "query": "'SELECT Weight_100 FROM dmv.csv WHERE County>=ERIE<=YATES AND Scofflaw Indicator=N AND Revocation Indicator=Y'",
    "avg_est": 45.699119567871094,
    "avg_real": 55.666666666666664,
    "avg_err": 0.1790577323136929,
    "count_est": 4270.465973364888,
    "count_real": 4740,
    "count_err": 0.09905781152639499,
    "sum_est": 195156.53512732702,
    "sum_real": 1670.0,
    "sum_err": 115.86020067504612,
    "query_dur_ms_est": 10.034322738647461,
    "query_dur_ms_real": 2188.521385192871,
    "query_dur_ms_err": 0.9954150218469247,
    "order": [
        0,
        1,
        2,
        3,
        4,
        5,
        6,
        7,
        8,
        9
    ],
    "groupby": false
}