{
    "timestamp": "2022-07-27 18:55:16.680279",
    "dataset": "dmv.csv",
    "model": "dmv.csv-2.6MB-model16.669*",
    "query": "'SELECT Weight_100 FROM dmv.csv WHERE Record Type=BOAT AND Fuel Type=ELECTRIC'",
    "avg_est": 34.899330139160156,
    "avg_real": NaN,
    "avg_err": NaN,
    "count_est": 7732.382325239247,
    "count_real": 8857,
    "count_err": 0.12697501126349253,
    "sum_est": 269854.96353073133,
    "sum_real": 0.0,
    "sum_err": "result=0!",
    "query_dur_ms_est": 10.033369064331055,
    "query_dur_ms_real": 2188.521385192871,
    "query_dur_ms_err": 0.995415457608861,
    "order": [
        0,
        1,
        2,
        3,
        4,
        5,
        6,
        7,
        8,
        9
    ],
    "groupby": false
}