{
    "timestamp": "2022-07-27 18:54:29.945916",
    "dataset": "dmv.csv",
    "model": "dmv.csv-2.6MB-model16.669*",
    "query": "'SELECT Weight_100 FROM dmv.csv WHERE Record Type=BOAT AND State>=RK<=WY AND Fuel Type=OTHER AND Scofflaw Indicator=N AND Suspension Indicator=Y AND Revocation Indicator=Y'",
    "avg_est": 28.204288482666016,
    "avg_real": NaN,
    "avg_err": NaN,
    "count_est": 9.066733676896396e-09,
    "count_real": 0,
    "count_err": "result=0!",
    "sum_est": 2.557207722186891e-07,
    "sum_real": 0.0,
    "sum_err": "result=0!",
    "query_dur_ms_est": 10.266304016113281,
    "query_dur_ms_real": 2188.521385192871,
    "query_dur_ms_err": 0.995309022755924,
    "order": [
        0,
        1,
        2,
        3,
        4,
        5,
        6,
        7,
        8,
        9
    ],
    "groupby": false
}