{
    "timestamp": "2022-07-27 18:48:49.915714",
    "dataset": "dmv.csv",
    "model": "dmv.csv-2.6MB-model16.669*",
    "query": "'SELECT Weight_100 FROM dmv.csv WHERE Record Type=TRL AND State>=MI AND Scofflaw Indicator=Y AND Suspension Indicator=Y AND Revocation Indicator=N AND Registration Class<=COM AND Model Year>=1908.0<=1909.0'",
    "avg_est": 62.58387756347656,
    "avg_real": NaN,
    "avg_err": NaN,
    "count_est": 4.804856394341281e-12,
    "count_real": 0,
    "count_err": "result=0!",
    "sum_est": 3.007065442935422e-10,
    "sum_real": 0.0,
    "sum_err": "result=0!",
    "query_dur_ms_est": 10.255813598632812,
    "query_dur_ms_real": 2188.521385192871,
    "query_dur_ms_err": 0.9953138161372231,
    "order": [
        0,
        1,
        2,
        3,
        4,
        5,
        6,
        7,
        8,
        9
    ],
    "groupby": false
}