{
    "timestamp": "2022-07-27 17:34:12.746950",
    "dataset": "dmv.csv",
    "model": "dmv.csv-2.6MB-model16.669*",
    "query": "'SELECT Weight_100 FROM dmv.csv WHERE County<=WAYNE'",
    "avg_est": 46.626651763916016,
    "avg_real": 49.29686132710524,
    "avg_err": 0.05416591424495102,
    "count_est": 11877804.213168383,
    "count_real": 11869151,
    "count_err": 0.0007290507272493748,
    "sum_est": 553822240.7673767,
    "sum_real": 445554054.0,
    "sum_err": 0.2429967493178205,
    "query_dur_ms_est": 9.967803955078125,
    "query_dur_ms_real": 2188.521385192871,
    "query_dur_ms_err": 0.9954454162419804,
    "order": [
        0,
        1,
        2,
        3,
        4,
        5,
        6,
        7,
        8,
        9
    ],
    "groupby": false
}