{
    "timestamp": "2022-07-27 18:35:54.665535",
    "dataset": "dmv.csv",
    "model": "dmv.csv-2.6MB-model16.669*",
    "query": "'SELECT Weight_100 FROM dmv.csv WHERE State>=NM<=SK AND County<=CHEMUNG AND Fuel Type=FLEX AND Scofflaw Indicator=Y AND Suspension Indicator=Y AND Revocation Indicator=N AND Model Year>=nan'",
    "avg_est": 47.12641906738281,
    "avg_real": NaN,
    "avg_err": NaN,
    "count_est": 0.0,
    "count_real": 0,
    "count_err": "result=0!",
    "sum_est": 0.0,
    "sum_real": 0.0,
    "sum_err": "result=0!",
    "query_dur_ms_est": 10.228633880615234,
    "query_dur_ms_real": 2188.521385192871,
    "query_dur_ms_err": 0.9953262353524072,
    "order": [
        0,
        1,
        2,
        3,
        4,
        5,
        6,
        7,
        8,
        9
    ],
    "groupby": false
}