{
    "timestamp": "2022-07-27 17:51:07.991705",
    "dataset": "dmv.csv",
    "model": "dmv.csv-2.6MB-model16.669*",
    "query": "'SELECT Model Year FROM dmv.csv WHERE Weight_100<=48.0'",
    "avg_est": 2011.869873046875,
    "avg_real": 2011.5779099493438,
    "avg_err": 0.0001451413321289178,
    "count_est": 4681306.733651519,
    "count_real": 4760143,
    "count_err": 0.016561743281342845,
    "sum_est": 9418179983.924963,
    "sum_real": 9575398507.0,
    "sum_err": 0.016419005742696134,
    "query_dur_ms_est": 9.997129440307617,
    "query_dur_ms_real": 2188.521385192871,
    "query_dur_ms_err": 0.9954320165624396,
    "order": [
        0,
        1,
        2,
        3,
        4,
        5,
        6,
        7,
        9,
        8
    ],
    "groupby": false
}