{
    "timestamp": "2022-07-26 12:24:56.975853",
    "dataset": "dmv.csv",
    "model": "dmv.csv-37.9MB*",
    "query": "'SELECT Unladen Weight FROM dmv.csv WHERE Record Type=VEH AND State<=US AND Suspension Indicator=Y AND Model Year<=1951.0'",
    "avg_est": 3309.7158203125,
    "avg_real": 3358.214285714286,
    "avg_err": 0.014441742329575687,
    "count_est": 117.6525230937441,
    "count_real": 46,
    "count_err": 1.557663545516176,
    "sum_est": 389396.41698304657,
    "sum_real": 141045.0,
    "sum_err": 1.7607956112095187,
    "query_dur_ms_est": 127.24494934082031,
    "query_dur_ms_real": 1886.7831230163574,
    "query_dur_ms_err": 0.932559843371189,
    "order": [
        0,
        1,
        2,
        3,
        4,
        5,
        6,
        7,
        8,
        9,
        10,
        11
    ],
    "groupby": false
}