{
    "timestamp": "2022-07-27 18:31:42.899010",
    "dataset": "dmv.csv",
    "model": "dmv.csv-2.6MB-model16.669*",
    "query": "'SELECT Weight_100 FROM dmv.csv WHERE State>=AY AND County>=COLUMBIA<=NEW YORK'",
    "avg_est": 47.43128204345703,
    "avg_real": 49.950763807718204,
    "avg_err": 0.050439304070699145,
    "count_est": 4457489.722070217,
    "count_real": 4473488,
    "count_err": 0.003576242504681552,
    "sum_est": 211424452.21332335,
    "sum_real": 176366007.0,
    "sum_err": 0.19878232664939427,
    "query_dur_ms_est": 9.931325912475586,
    "query_dur_ms_real": 2188.521385192871,
    "query_dur_ms_err": 0.9954620841360431,
    "order": [
        0,
        1,
        2,
        3,
        4,
        5,
        6,
        7,
        8,
        9
    ],
    "groupby": false
}