{
    "timestamp": "2022-07-27 19:03:17.440590",
    "dataset": "dmv.csv",
    "model": "dmv.csv-2.6MB-model16.669*",
    "query": "'SELECT Weight_100 FROM dmv.csv WHERE Record Type=BOAT AND State=GA AND County>=KINGS AND Fuel Type=COMP N/G AND Scofflaw Indicator=Y AND Suspension Indicator=N AND Revocation Indicator=N AND Registration Class<=GSM AND Model Year>=1937.0<=1998.0'",
    "avg_est": 30.931352615356445,
    "avg_real": NaN,
    "avg_err": NaN,
    "count_est": 2.4128583786757593e-07,
    "count_real": 0,
    "count_err": "result=0!",
    "sum_est": 7.463297332173716e-06,
    "sum_real": 0.0,
    "sum_err": "result=0!",
    "query_dur_ms_est": 10.338306427001953,
    "query_dur_ms_real": 2188.521385192871,
    "query_dur_ms_err": 0.9952761227297348,
    "order": [
        0,
        1,
        2,
        3,
        4,
        5,
        6,
        7,
        8,
        9
    ],
    "groupby": false
}