{
    "timestamp": "2022-07-27 18:02:37.931566",
    "dataset": "dmv.csv",
    "model": "dmv.csv-2.6MB-model16.669*",
    "query": "'SELECT Model Year FROM dmv.csv WHERE Weight_100>=54.0<=64.0'",
    "avg_est": 2012.12451171875,
    "avg_real": 2013.9572813406573,
    "avg_err": 0.0009100340105959458,
    "count_est": 1076226.2105819285,
    "count_real": 1067894,
    "count_err": 0.007802469703854962,
    "sum_est": 2165501138.4660835,
    "sum_real": 2150692897.0,
    "sum_err": 0.006885335180461856,
    "query_dur_ms_est": 10.081052780151367,
    "query_dur_ms_real": 2188.521385192871,
    "query_dur_ms_err": 0.9953936695120469,
    "order": [
        0,
        1,
        2,
        3,
        4,
        5,
        6,
        7,
        9,
        8
    ],
    "groupby": false
}