{
    "timestamp": "2022-07-27 19:09:00.420749",
    "dataset": "dmv.csv",
    "model": "dmv.csv-2.6MB-model16.669*",
    "query": "'SELECT Model Year FROM dmv.csv WHERE Suspension Indicator=N'",
    "avg_est": 2012.20166015625,
    "avg_real": 2012.1374203480796,
    "avg_err": 3.192615351258094e-05,
    "count_est": 12503291.67839694,
    "count_real": 12505841,
    "count_err": 0.00020385047299576004,
    "sum_est": 25159144272.68815,
    "sum_real": 25163426382.0,
    "sum_err": 0.0001701719490361057,
    "query_dur_ms_est": 9.915351867675781,
    "query_dur_ms_real": 2188.521385192871,
    "query_dur_ms_err": 0.9954693831484759,
    "order": [
        0,
        1,
        2,
        3,
        4,
        5,
        6,
        7,
        9,
        8
    ],
    "groupby": false
}