{
    "timestamp": "2022-07-27 18:54:35.349576",
    "dataset": "dmv.csv",
    "model": "dmv.csv-2.6MB-model16.669*",
    "query": "'SELECT Model Year FROM dmv.csv WHERE Record Type=VEH AND State>=CO<=MY AND County>=CAYUGA<=TOMPKINS AND Fuel Type=ELECTRIC AND Scofflaw Indicator=N AND Suspension Indicator=N AND Revocation Indicator=Y AND Registration Class<=CBS AND Weight_100>=30.0<=69.0'",
    "avg_est": 2015.5496826171875,
    "avg_real": NaN,
    "avg_err": NaN,
    "count_est": 1.6778055717118264e-06,
    "count_real": 0,
    "count_err": "result=0!",
    "sum_est": 0.0033817004875571206,
    "sum_real": 0.0,
    "sum_err": "result=0!",
    "query_dur_ms_est": 10.288000106811523,
    "query_dur_ms_real": 2188.521385192871,
    "query_dur_ms_err": 0.9952991091718737,
    "order": [
        0,
        1,
        2,
        3,
        4,
        5,
        6,
        7,
        9,
        8
    ],
    "groupby": false
}