{
    "timestamp": "2022-07-27 18:59:02.537190",
    "dataset": "dmv.csv",
    "model": "dmv.csv-2.6MB-model16.669*",
    "query": "'SELECT Model Year FROM dmv.csv WHERE County>=ORANGE AND Scofflaw Indicator=Y AND Suspension Indicator=N'",
    "avg_est": 2013.236328125,
    "avg_real": 2013.7470351043644,
    "avg_err": 0.0002536102948689968,
    "count_est": 7217.317802496254,
    "count_real": 8432,
    "count_err": 0.1440562378443721,
    "sum_est": 14530166.391608754,
    "sum_real": 16979915.0,
    "sum_err": 0.1442733139942836,
    "query_dur_ms_est": 10.050058364868164,
    "query_dur_ms_real": 2188.521385192871,
    "query_dur_ms_err": 0.995407831774976,
    "order": [
        0,
        1,
        2,
        3,
        4,
        5,
        6,
        7,
        9,
        8
    ],
    "groupby": false
}