{
    "timestamp": "2022-07-27 18:30:53.791698",
    "dataset": "dmv.csv",
    "model": "dmv.csv-2.6MB-model16.669*",
    "query": "'SELECT Model Year FROM dmv.csv WHERE State>=PR AND Revocation Indicator=Y'",
    "avg_est": 2013.931640625,
    "avg_real": 2019.0,
    "avg_err": 0.0025103315378900448,
    "count_est": 1.9056979681827784,
    "count_real": 2,
    "count_err": 0.047151015908610816,
    "sum_est": 3837.945435598072,
    "sum_real": 4038.0,
    "sum_err": 0.04954298276422189,
    "query_dur_ms_est": 9.962081909179688,
    "query_dur_ms_real": 2188.521385192871,
    "query_dur_ms_err": 0.995448030813598,
    "order": [
        0,
        1,
        2,
        3,
        4,
        5,
        6,
        7,
        9,
        8
    ],
    "groupby": false
}