{
    "timestamp": "2022-07-27 18:16:37.638332",
    "dataset": "dmv.csv",
    "model": "dmv.csv-2.6MB-model16.669*",
    "query": "'SELECT Model Year FROM dmv.csv WHERE Scofflaw Indicator=N AND Registration Class>=SOS'",
    "avg_est": 2010.3748779296875,
    "avg_real": 2010.614948460847,
    "avg_err": 0.00011940154495682762,
    "count_est": 550880.6640326977,
    "count_real": 569664,
    "count_err": 0.03297265750916737,
    "sum_est": 1107476647.7085598,
    "sum_real": 1145374954.0,
    "sum_err": 0.03308812206787634,
    "query_dur_ms_est": 9.943962097167969,
    "query_dur_ms_real": 2188.521385192871,
    "query_dur_ms_err": 0.9954563102903874,
    "order": [
        0,
        1,
        2,
        3,
        4,
        5,
        6,
        7,
        9,
        8
    ],
    "groupby": false
}