{
    "timestamp": "2022-07-27 18:04:30.660592",
    "dataset": "dmv.csv",
    "model": "dmv.csv-2.6MB-model16.669*",
    "query": "'SELECT Weight_100 FROM dmv.csv WHERE Record Type=VEH'",
    "avg_est": 48.105533599853516,
    "avg_real": 49.030691093498355,
    "avg_err": 0.01886894663345911,
    "count_est": 11388790.728530407,
    "count_real": 11392466,
    "count_err": 0.0003226054367503092,
    "sum_est": 547863855.0530196,
    "sum_real": 470118720.0,
    "sum_err": 0.16537340834464034,
    "query_dur_ms_est": 9.999752044677734,
    "query_dur_ms_real": 2188.521385192871,
    "query_dur_ms_err": 0.9954308182171149,
    "order": [
        0,
        1,
        2,
        3,
        4,
        5,
        6,
        7,
        8,
        9
    ],
    "groupby": false
}