{
    "timestamp": "2022-07-27 18:05:49.995484",
    "dataset": "dmv.csv",
    "model": "dmv.csv-2.6MB-model16.669*",
    "query": "'SELECT Weight_100 FROM dmv.csv WHERE State>=NB AND Registration Class>=TRL<=VPL'",
    "avg_est": 65.19046783447266,
    "avg_real": 73.97383177570093,
    "avg_err": 0.11873609532436645,
    "count_est": 264615.56842596084,
    "count_real": 265940,
    "count_err": 0.00498018941881312,
    "sum_est": 17250412.701973297,
    "sum_real": 118728.0,
    "sum_err": 144.29355082182212,
    "query_dur_ms_est": 10.104179382324219,
    "query_dur_ms_real": 2188.521385192871,
    "query_dur_ms_err": 0.995383102285092,
    "order": [
        0,
        1,
        2,
        3,
        4,
        5,
        6,
        7,
        8,
        9
    ],
    "groupby": false
}