{
    "timestamp": "2022-07-27 17:43:59.734755",
    "dataset": "dmv.csv",
    "model": "dmv.csv-2.6MB-model16.669*",
    "query": "'SELECT Model Year FROM dmv.csv WHERE State>=GA<=NE AND Suspension Indicator=N'",
    "avg_est": 2016.869140625,
    "avg_real": 2016.7938604612884,
    "avg_err": 3.732665255850677e-05,
    "count_est": 53649.384629398584,
    "count_real": 48603,
    "count_err": 0.10382866550210038,
    "sum_est": 108203788.2725552,
    "sum_real": 98022232.0,
    "sum_err": 0.10386986773118166,
    "query_dur_ms_est": 10.00833511352539,
    "query_dur_ms_real": 2188.521385192871,
    "query_dur_ms_err": 0.9954268963596884,
    "order": [
        0,
        1,
        2,
        3,
        4,
        5,
        6,
        7,
        9,
        8
    ],
    "groupby": false
}