{
    "timestamp": "2022-07-27 18:11:01.294318",
    "dataset": "dmv.csv",
    "model": "dmv.csv-2.6MB-model16.669*",
    "query": "'SELECT Weight_100 FROM dmv.csv WHERE Record Type=VEH'",
    "avg_est": 47.889076232910156,
    "avg_real": 49.030691093498355,
    "avg_err": 0.023283678755643338,
    "count_est": 11388790.728530407,
    "count_real": 11392466,
    "count_err": 0.0003226054367503092,
    "sum_est": 545398667.399253,
    "sum_real": 470118720.0,
    "sum_err": 0.16012965278058489,
    "query_dur_ms_est": 10.065555572509766,
    "query_dur_ms_real": 2188.521385192871,
    "query_dur_ms_err": 0.9954007506435114,
    "order": [
        0,
        1,
        2,
        3,
        4,
        5,
        6,
        7,
        8,
        9
    ],
    "groupby": false
}