{
    "timestamp": "2022-07-26 19:19:04.876385",
    "dataset": "dmv.csv",
    "model": "dmv.csv-32.5MB*",
    "query": "'SELECT Model Year FROM dmv.csv WHERE Revocation Indicator=N'",
    "avg_est": 2012.0074462890625,
    "avg_real": 2012.1336450903414,
    "avg_err": 6.271889622579942e-05,
    "count_est": 12639372.18625927,
    "count_real": 12640636,
    "count_err": 9.998023364728528e-05,
    "sum_est": 25430510955.17252,
    "sum_real": 25434604724.0,
    "sum_err": 0.00016095272059083547,
    "query_dur_ms_est": 91.10021591186523,
    "query_dur_ms_real": 1141.6544914245605,
    "query_dur_ms_err": 0.9202033394550132,
    "order": [
        0,
        1,
        2,
        3,
        4,
        5,
        6,
        7,
        9,
        8
    ],
    "groupby": false
}