{
    "timestamp": "2022-07-27 17:43:47.820886",
    "dataset": "dmv.csv",
    "model": "dmv.csv-2.6MB-model16.669*",
    "query": "'SELECT Weight_100 FROM dmv.csv WHERE Registration Class>=ITP'",
    "avg_est": 48.483619689941406,
    "avg_real": 49.61601042285209,
    "avg_err": 0.022823091241312914,
    "count_est": 11205532.689794779,
    "count_real": 11250168,
    "count_err": 0.00396752388099637,
    "sum_est": 543284785.3552163,
    "sum_real": 467081649.0,
    "sum_err": 0.16314735660962837,
    "query_dur_ms_est": 10.033369064331055,
    "query_dur_ms_real": 2188.521385192871,
    "query_dur_ms_err": 0.995415457608861,
    "order": [
        0,
        1,
        2,
        3,
        4,
        5,
        6,
        7,
        8,
        9
    ],
    "groupby": false
}