{
    "timestamp": "2022-07-26 19:19:29.866920",
    "dataset": "dmv.csv",
    "model": "dmv.csv-32.5MB*",
    "query": "'SELECT Unladen Weight FROM dmv.csv WHERE Record Type=BOAT AND State=AZ AND County=QUEENS AND Scofflaw Indicator=N AND Revocation Indicator=N AND Registration Class>=LOC<=ORG AND Model Year<=2020.0'",
    "avg_est": 4328.25390625,
    "avg_real": NaN,
    "avg_err": NaN,
    "count_est": 4.9920531187654836e-09,
    "count_real": 0,
    "count_err": "result=0!",
    "sum_est": 2.16068734115042e-05,
    "sum_real": 0.0,
    "sum_err": "result=0!",
    "query_dur_ms_est": 93.58382225036621,
    "query_dur_ms_real": 1141.6544914245605,
    "query_dur_ms_err": 0.9180278946447344,
    "order": [
        0,
        1,
        2,
        3,
        4,
        5,
        6,
        7,
        8,
        9
    ],
    "groupby": false
}