{
    "timestamp": "2022-07-27 18:15:43.435003",
    "dataset": "dmv.csv",
    "model": "dmv.csv-2.6MB-model16.669*",
    "query": "'SELECT Model Year FROM dmv.csv WHERE Fuel Type=NONE AND Weight_100>=55.0<=94.0'",
    "avg_est": 2008.0556640625,
    "avg_real": 2012.7280438311689,
    "avg_err": 0.0023214163398722876,
    "count_est": 23636.55680288095,
    "count_real": 24640,
    "count_err": 0.04072415572723416,
    "sum_est": 47463521.76696011,
    "sum_real": 49593619.0,
    "sum_err": 0.04295103434657376,
    "query_dur_ms_est": 10.03265380859375,
    "query_dur_ms_real": 2188.521385192871,
    "query_dur_ms_err": 0.9954157844303132,
    "order": [
        0,
        1,
        2,
        3,
        4,
        5,
        6,
        7,
        9,
        8
    ],
    "groupby": false
}