{
    "timestamp": "2022-07-27 18:24:32.036027",
    "dataset": "dmv.csv",
    "model": "dmv.csv-2.6MB-model16.669*",
    "query": "'SELECT Model Year FROM dmv.csv WHERE Record Type=VEH AND State=AB AND Weight_100<=20.0'",
    "avg_est": 2009.131103515625,
    "avg_real": 2022.0,
    "avg_err": 0.006364439408691889,
    "count_est": 0.1203623867382646,
    "count_real": 1,
    "count_err": 0.8796376132617354,
    "sum_est": 241.823814889224,
    "sum_real": 2022.0,
    "sum_err": 0.8804036523792166,
    "query_dur_ms_est": 10.070323944091797,
    "query_dur_ms_real": 2188.521385192871,
    "query_dur_ms_err": 0.9953985718338301,
    "order": [
        0,
        1,
        2,
        3,
        4,
        5,
        6,
        7,
        9,
        8
    ],
    "groupby": false
}