{
    "timestamp": "2022-07-27 18:50:04.981280",
    "dataset": "dmv.csv",
    "model": "dmv.csv-2.6MB-model16.669*",
    "query": "'SELECT Model Year FROM dmv.csv WHERE County<=QUEENS'",
    "avg_est": 2012.17041015625,
    "avg_real": 2012.2608632052265,
    "avg_err": 4.4950955728704105e-05,
    "count_est": 8396899.480816364,
    "count_real": 8415394,
    "count_err": 0.002197700925665003,
    "sum_est": 16895992672.355066,
    "sum_real": 16933939823.0,
    "sum_err": 0.0022408932027379214,
    "query_dur_ms_est": 10.066986083984375,
    "query_dur_ms_real": 2188.521385192871,
    "query_dur_ms_err": 0.995400097000607,
    "order": [
        0,
        1,
        2,
        3,
        4,
        5,
        6,
        7,
        9,
        8
    ],
    "groupby": false
}