{
    "timestamp": "2022-07-27 18:44:17.772471",
    "dataset": "dmv.csv",
    "model": "dmv.csv-2.6MB-model16.669*",
    "query": "'SELECT Weight_100 FROM dmv.csv WHERE State>=IN<=UT'",
    "avg_est": 47.333641052246094,
    "avg_real": 49.457875607781716,
    "avg_err": 0.042950380084691604,
    "count_est": 12582899.804404974,
    "count_real": 12589243,
    "count_err": 0.0005038583809229845,
    "sum_est": 595594462.7380826,
    "sum_real": 478573050.0,
    "sum_err": 0.24452152652156792,
    "query_dur_ms_est": 9.944915771484375,
    "query_dur_ms_real": 2188.521385192871,
    "query_dur_ms_err": 0.9954558745284511,
    "order": [
        0,
        1,
        2,
        3,
        4,
        5,
        6,
        7,
        8,
        9
    ],
    "groupby": false
}