{
    "timestamp": "2022-07-27 17:39:57.225858",
    "dataset": "dmv.csv",
    "model": "dmv.csv-2.6MB-model16.669*",
    "query": "'SELECT Weight_100 FROM dmv.csv WHERE Record Type=BOAT AND State<=AA AND County<=SUFFOLK AND Fuel Type=FLEX AND Scofflaw Indicator=N AND Suspension Indicator=Y AND Revocation Indicator=Y AND Registration Class>=BOT<=GSM AND Model Year>=1993.0'",
    "avg_est": 30.602294921875,
    "avg_real": NaN,
    "avg_err": NaN,
    "count_est": 3.990521347530083e-10,
    "count_real": 0,
    "count_err": "result=0!",
    "sum_est": 1.2211911116915364e-08,
    "sum_real": 0.0,
    "sum_err": "result=0!",
    "query_dur_ms_est": 10.347366333007812,
    "query_dur_ms_real": 2188.521385192871,
    "query_dur_ms_err": 0.9952719829913401,
    "order": [
        0,
        1,
        2,
        3,
        4,
        5,
        6,
        7,
        8,
        9
    ],
    "groupby": false
}