{
    "timestamp": "2022-07-26 12:24:39.229732",
    "dataset": "dmv.csv",
    "model": "dmv.csv-37.9MB*",
    "query": "'SELECT Model Year FROM dmv.csv WHERE Revocation Indicator=Y AND Unladen Weight>=1170.0<=13053.0'",
    "avg_est": 2012.650390625,
    "avg_real": 2009.4333333333334,
    "avg_err": 0.001600977369241713,
    "count_est": 67.88474087771101,
    "count_real": 30,
    "count_err": 1.2628246959237004,
    "sum_est": 136628.25024500198,
    "sum_real": 60283.0,
    "sum_err": 1.2664474270524357,
    "query_dur_ms_est": 129.32181358337402,
    "query_dur_ms_real": 1886.7831230163574,
    "query_dur_ms_err": 0.9314590998796777,
    "order": [
        0,
        1,
        2,
        3,
        4,
        5,
        6,
        7,
        8,
        9,
        11,
        10
    ],
    "groupby": false
}