{
    "timestamp": "2022-07-27 18:55:20.494009",
    "dataset": "dmv.csv",
    "model": "dmv.csv-2.6MB-model16.669*",
    "query": "'SELECT Model Year FROM dmv.csv WHERE Suspension Indicator=N AND Registration Class<=GSM'",
    "avg_est": 2011.139892578125,
    "avg_real": 2008.0089489009013,
    "avg_err": 0.0015592279501231735,
    "count_est": 1258570.2920704186,
    "count_real": 1235034,
    "count_err": 0.01905720172110128,
    "sum_est": 2531160921.996521,
    "sum_real": 2479915148.0,
    "sum_err": 0.020664325566884675,
    "query_dur_ms_est": 10.016918182373047,
    "query_dur_ms_real": 2188.521385192871,
    "query_dur_ms_err": 0.9954229745022618,
    "order": [
        0,
        1,
        2,
        3,
        4,
        5,
        6,
        7,
        9,
        8
    ],
    "groupby": false
}