{
    "timestamp": "2022-07-27 18:36:16.590981",
    "dataset": "dmv.csv",
    "model": "dmv.csv-2.6MB-model16.669*",
    "query": "'SELECT Weight_100 FROM dmv.csv WHERE Revocation Indicator=N'",
    "avg_est": 46.971092224121094,
    "avg_real": 49.466124927671096,
    "avg_err": 0.05043921890380974,
    "count_est": 12641060.65160656,
    "count_real": 12640636,
    "count_err": 3.3594164610052325e-05,
    "sum_est": 593764425.67732,
    "sum_real": 480016061.0,
    "sum_err": 0.23696783070206479,
    "query_dur_ms_est": 9.941816329956055,
    "query_dur_ms_real": 2188.521385192871,
    "query_dur_ms_err": 0.995457290754744,
    "order": [
        0,
        1,
        2,
        3,
        4,
        5,
        6,
        7,
        8,
        9
    ],
    "groupby": false
}