{
    "timestamp": "2022-07-27 18:33:36.243069",
    "dataset": "dmv.csv",
    "model": "dmv.csv-2.6MB-model16.669*",
    "query": "'SELECT Weight_100 FROM dmv.csv WHERE Fuel Type=COMP N/G AND Scofflaw Indicator=N'",
    "avg_est": 37.17987823486328,
    "avg_real": 25.609389243391067,
    "avg_err": 0.4518065183635011,
    "count_est": 3782.0358401954873,
    "count_real": 3386,
    "count_err": 0.11696274075472157,
    "sum_est": 140615.63201835705,
    "sum_real": 56187.0,
    "sum_err": 1.5026364108843158,
    "query_dur_ms_est": 9.976387023925781,
    "query_dur_ms_real": 2188.521385192871,
    "query_dur_ms_err": 0.9954414943845538,
    "order": [
        0,
        1,
        2,
        3,
        4,
        5,
        6,
        7,
        8,
        9
    ],
    "groupby": false
}