{
    "timestamp": "2022-07-27 18:45:15.755088",
    "dataset": "dmv.csv",
    "model": "dmv.csv-2.6MB-model16.669*",
    "query": "'SELECT Weight_100 FROM dmv.csv WHERE Record Type=VEH AND Scofflaw Indicator=Y'",
    "avg_est": 50.539283752441406,
    "avg_real": 49.61292989417989,
    "avg_err": 0.018671621696951725,
    "count_est": 18373.504256292712,
    "count_real": 20324,
    "count_err": 0.09597007201866208,
    "sum_est": 928583.7451354673,
    "sum_real": 900177.0,
    "sum_err": 0.03155684397120485,
    "query_dur_ms_est": 10.012626647949219,
    "query_dur_ms_real": 2188.521385192871,
    "query_dur_ms_err": 0.9954249354309751,
    "order": [
        0,
        1,
        2,
        3,
        4,
        5,
        6,
        7,
        8,
        9
    ],
    "groupby": false
}