{
    "timestamp": "2022-07-27 18:40:02.839516",
    "dataset": "dmv.csv",
    "model": "dmv.csv-2.6MB-model16.669*",
    "query": "'SELECT Weight_100 FROM dmv.csv WHERE Model Year<=1966.0'",
    "avg_est": 29.715831756591797,
    "avg_real": 29.102530488330775,
    "avg_err": 0.021073812413217374,
    "count_est": 85107.18651921116,
    "count_real": 75456,
    "count_err": 0.12790482558326915,
    "sum_est": 2529030.835881756,
    "sum_real": 1687161.0,
    "sum_err": 0.49898606942772866,
    "query_dur_ms_est": 9.951591491699219,
    "query_dur_ms_real": 2188.521385192871,
    "query_dur_ms_err": 0.9954528241948971,
    "order": [
        0,
        1,
        2,
        3,
        4,
        5,
        6,
        7,
        8,
        9
    ],
    "groupby": false
}