{
    "timestamp": "2022-07-27 18:56:56.017388",
    "dataset": "dmv.csv",
    "model": "dmv.csv-2.6MB-model16.669*",
    "query": "'SELECT Model Year FROM dmv.csv WHERE Revocation Indicator=N'",
    "avg_est": 2012.0726318359375,
    "avg_real": 2012.1336450903414,
    "avg_err": 3.0322664974433762e-05,
    "count_est": 12641280.755125046,
    "count_real": 12640636,
    "count_err": 5.100654152574098e-05,
    "sum_est": 25435175038.74144,
    "sum_real": 25434604724.0,
    "sum_err": 2.242278767956132e-05,
    "query_dur_ms_est": 10.056257247924805,
    "query_dur_ms_real": 2188.521385192871,
    "query_dur_ms_err": 0.9954049993223902,
    "order": [
        0,
        1,
        2,
        3,
        4,
        5,
        6,
        7,
        9,
        8
    ],
    "groupby": false
}