{
    "timestamp": "2022-07-27 17:34:09.070540",
    "dataset": "dmv.csv",
    "model": "dmv.csv-2.6MB-model16.669*",
    "query": "'SELECT Weight_100 FROM dmv.csv WHERE Record Type=SNOW AND State>=MI<=SS AND Fuel Type=COMP N/G AND Scofflaw Indicator=Y AND Suspension Indicator=N AND Revocation Indicator=Y AND Registration Class>=RGC<=SRF AND Model Year>=1915.0'",
    "avg_est": 29.399208068847656,
    "avg_real": NaN,
    "avg_err": NaN,
    "count_est": 5.648862315731893e-16,
    "count_real": 0,
    "count_err": "result=0!",
    "sum_est": 1.6607207857247452e-14,
    "sum_real": 0.0,
    "sum_err": "result=0!",
    "query_dur_ms_est": 10.35928726196289,
    "query_dur_ms_real": 2188.521385192871,
    "query_dur_ms_err": 0.9952665359671365,
    "order": [
        0,
        1,
        2,
        3,
        4,
        5,
        6,
        7,
        8,
        9
    ],
    "groupby": false
}