{
    "timestamp": "2022-07-27 18:45:53.822262",
    "dataset": "dmv.csv",
    "model": "dmv.csv-2.6MB-model16.669*",
    "query": "'SELECT Weight_100 FROM dmv.csv WHERE Revocation Indicator=Y'",
    "avg_est": 45.954463958740234,
    "avg_real": 54.645161290322584,
    "avg_err": 0.15903873511160144,
    "count_est": 5020.472569835372,
    "count_real": 5680,
    "count_err": 0.11611398418391333,
    "sum_est": 230713.12576634358,
    "sum_real": 1694.0,
    "sum_err": 135.19428911826657,
    "query_dur_ms_est": 9.957313537597656,
    "query_dur_ms_real": 2188.521385192871,
    "query_dur_ms_err": 0.9954502096232795,
    "order": [
        0,
        1,
        2,
        3,
        4,
        5,
        6,
        7,
        8,
        9
    ],
    "groupby": false
}