{
    "timestamp": "2022-07-27 18:59:31.567720",
    "dataset": "dmv.csv",
    "model": "dmv.csv-2.6MB-model16.669*",
    "query": "'SELECT Weight_100 FROM dmv.csv WHERE County>=MADISON<=MONTGOMERY'",
    "avg_est": 44.22909927368164,
    "avg_real": 46.07431625077946,
    "avg_err": 0.040048711022740435,
    "count_est": 772369.9113056958,
    "count_real": 760202,
    "count_err": 0.0160061553451527,
    "sum_est": 34161225.483144306,
    "sum_real": 26451910.0,
    "sum_err": 0.29144645823852816,
    "query_dur_ms_est": 10.020732879638672,
    "query_dur_ms_real": 2188.521385192871,
    "query_dur_ms_err": 0.9954212314545167,
    "order": [
        0,
        1,
        2,
        3,
        4,
        5,
        6,
        7,
        8,
        9
    ],
    "groupby": false
}