{
    "timestamp": "2022-07-27 18:23:01.122165",
    "dataset": "dmv.csv",
    "model": "dmv.csv-2.6MB-model16.669*",
    "query": "'SELECT Model Year FROM dmv.csv WHERE Fuel Type=COMP N/G'",
    "avg_est": 2013.574462890625,
    "avg_real": 2014.000295159386,
    "avg_err": 0.0002114360508211056,
    "count_est": 3939.1612560084322,
    "count_real": 3388,
    "count_err": 0.16268041794817953,
    "sum_est": 7931794.510306738,
    "sum_real": 6823433.0,
    "sum_err": 0.16243458539224145,
    "query_dur_ms_est": 9.878158569335938,
    "query_dur_ms_real": 2188.521385192871,
    "query_dur_ms_err": 0.9954863778639909,
    "order": [
        0,
        1,
        2,
        3,
        4,
        5,
        6,
        7,
        9,
        8
    ],
    "groupby": false
}