{
    "timestamp": "2022-07-27 18:28:29.929279",
    "dataset": "dmv.csv",
    "model": "dmv.csv-2.6MB-model16.669*",
    "query": "'SELECT Model Year FROM dmv.csv WHERE State>=NE<=NU AND County>=BROOME<=TOMPKINS AND Fuel Type=COMP N/G AND Revocation Indicator=Y AND Weight_100>=63.0'",
    "avg_est": 2016.364990234375,
    "avg_real": NaN,
    "avg_err": NaN,
    "count_est": 1.569070048258465e-06,
    "count_real": 0,
    "count_err": "result=0!",
    "sum_est": 0.00316381791253373,
    "sum_real": 0.0,
    "sum_err": "result=0!",
    "query_dur_ms_est": 10.07390022277832,
    "query_dur_ms_real": 2188.521385192871,
    "query_dur_ms_err": 0.995396937726569,
    "order": [
        0,
        1,
        2,
        3,
        4,
        5,
        6,
        7,
        9,
        8
    ],
    "groupby": false
}