{
    "timestamp": "2022-07-26 19:19:10.867362",
    "dataset": "dmv.csv",
    "model": "dmv.csv-32.5MB*",
    "query": "'SELECT Unladen Weight FROM dmv.csv WHERE Record Type=SNOW AND Fuel Type=OTHER'",
    "avg_est": 3668.71484375,
    "avg_real": NaN,
    "avg_err": NaN,
    "count_est": 0.004061968056253917,
    "count_real": 0,
    "count_err": "result=0!",
    "sum_est": 14.902202502817081,
    "sum_real": 0.0,
    "sum_err": "result=0!",
    "query_dur_ms_est": 91.16840362548828,
    "query_dur_ms_real": 1141.6544914245605,
    "query_dur_ms_err": 0.9201436123535695,
    "order": [
        0,
        1,
        2,
        3,
        4,
        5,
        6,
        7,
        8,
        9
    ],
    "groupby": false
}