{
    "timestamp": "2022-07-27 17:44:07.009786",
    "dataset": "dmv.csv",
    "model": "dmv.csv-2.6MB-model16.669*",
    "query": "'SELECT Weight_100 FROM dmv.csv WHERE County=BROOME'",
    "avg_est": 44.59991455078125,
    "avg_real": 46.094030681827356,
    "avg_err": 0.032414525459045246,
    "count_est": 175625.011719279,
    "count_real": 169657,
    "count_err": 0.03517692591097916,
    "sum_est": 7832860.515659799,
    "sum_real": 5711834.0,
    "sum_err": 0.3713389632226355,
    "query_dur_ms_est": 10.004520416259766,
    "query_dur_ms_real": 2188.521385192871,
    "query_dur_ms_err": 0.9954286394074335,
    "order": [
        0,
        1,
        2,
        3,
        4,
        5,
        6,
        7,
        8,
        9
    ],
    "groupby": false
}