{
    "timestamp": "2022-07-27 18:20:36.283837",
    "dataset": "dmv.csv",
    "model": "dmv.csv-2.6MB-model16.669*",
    "query": "'SELECT Model Year FROM dmv.csv WHERE County<=DELAWARE'",
    "avg_est": 2011.4268798828125,
    "avg_real": 2011.3237936575679,
    "avg_err": 5.125292385526998e-05,
    "count_est": 1433926.0868469775,
    "count_real": 1457425,
    "count_err": 0.016123583136712027,
    "sum_est": 2884237474.849187,
    "sum_real": 2931347546.0,
    "sum_err": 0.016071131249891412,
    "query_dur_ms_est": 9.847402572631836,
    "query_dur_ms_real": 2188.521385192871,
    "query_dur_ms_err": 0.9955004311864359,
    "order": [
        0,
        1,
        2,
        3,
        4,
        5,
        6,
        7,
        9,
        8
    ],
    "groupby": false
}