{
    "timestamp": "2022-07-27 17:44:18.993113",
    "dataset": "dmv.csv",
    "model": "dmv.csv-2.6MB-model16.669*",
    "query": "'SELECT Model Year FROM dmv.csv WHERE Weight_100>=51.0'",
    "avg_est": 2012.207763671875,
    "avg_real": 2013.9521221358455,
    "avg_err": 0.0008661370073289141,
    "count_est": 4837610.759833097,
    "count_real": 4739706,
    "count_err": 0.02065629383617833,
    "sum_est": 9734277928.558758,
    "sum_real": 9545540957.0,
    "sum_err": 0.019772265648323673,
    "query_dur_ms_est": 9.894132614135742,
    "query_dur_ms_real": 2188.521385192871,
    "query_dur_ms_err": 0.9954790788515582,
    "order": [
        0,
        1,
        2,
        3,
        4,
        5,
        6,
        7,
        9,
        8
    ],
    "groupby": false
}