{
    "timestamp": "2022-07-27 18:22:32.658951",
    "dataset": "dmv.csv",
    "model": "dmv.csv-2.6MB-model16.669*",
    "query": "'SELECT Model Year FROM dmv.csv WHERE County<=PUTNAM'",
    "avg_est": 2012.1102294921875,
    "avg_real": 2012.1297474144033,
    "avg_err": 9.700131038187525e-06,
    "count_est": 7561348.835684776,
    "count_real": 7548465,
    "count_err": 0.0017068153173892052,
    "sum_est": 15214267341.04018,
    "sum_real": 15188462804.0,
    "sum_err": 0.0016989564627556898,
    "query_dur_ms_est": 9.966135025024414,
    "query_dur_ms_real": 2188.521385192871,
    "query_dur_ms_err": 0.9954461788253688,
    "order": [
        0,
        1,
        2,
        3,
        4,
        5,
        6,
        7,
        9,
        8
    ],
    "groupby": false
}