{
    "timestamp": "2022-07-27 17:48:00.335136",
    "dataset": "dmv.csv",
    "model": "dmv.csv-2.6MB-model16.669*",
    "query": "'SELECT Weight_100 FROM dmv.csv WHERE Record Type=SNOW AND Revocation Indicator=N'",
    "avg_est": 28.785409927368164,
    "avg_real": NaN,
    "avg_err": NaN,
    "count_est": 111333.24272593483,
    "count_real": 113019,
    "count_err": 0.014915698015954545,
    "sum_est": 3204773.030409214,
    "sum_real": 0.0,
    "sum_err": "result=0!",
    "query_dur_ms_est": 10.104179382324219,
    "query_dur_ms_real": 2188.521385192871,
    "query_dur_ms_err": 0.995383102285092,
    "order": [
        0,
        1,
        2,
        3,
        4,
        5,
        6,
        7,
        8,
        9
    ],
    "groupby": false
}