{
    "timestamp": "2022-07-27 17:45:39.857669",
    "dataset": "dmv.csv",
    "model": "dmv.csv-2.6MB-model16.669*",
    "query": "'SELECT Model Year FROM dmv.csv WHERE Fuel Type=DIESEL'",
    "avg_est": 2009.380126953125,
    "avg_real": 2009.7925748547764,
    "avg_err": 0.00020521913893585693,
    "count_est": 466438.5521888733,
    "count_real": 481499,
    "count_err": 0.031278253560499,
    "sum_est": 937252357.2131101,
    "sum_real": 967713115.0,
    "sum_err": 0.03147705380317173,
    "query_dur_ms_est": 9.978532791137695,
    "query_dur_ms_real": 2188.521385192871,
    "query_dur_ms_err": 0.9954405139201972,
    "order": [
        0,
        1,
        2,
        3,
        4,
        5,
        6,
        7,
        9,
        8
    ],
    "groupby": false
}