{
    "timestamp": "2022-07-27 17:56:28.949184",
    "dataset": "dmv.csv",
    "model": "dmv.csv-2.6MB-model16.669*",
    "query": "'SELECT Model Year FROM dmv.csv WHERE Record Type=SNOW AND State=UT AND County<=LEWIS AND Scofflaw Indicator=Y AND Suspension Indicator=N AND Revocation Indicator=Y AND Registration Class<=LMA AND Weight_100<=15.0'",
    "avg_est": 2013.4169921875,
    "avg_real": NaN,
    "avg_err": NaN,
    "count_est": 2.7784671634629576e-27,
    "count_real": 0,
    "count_err": "result=0!",
    "sum_est": 5.594212999151323e-24,
    "sum_real": 0.0,
    "sum_err": "result=0!",
    "query_dur_ms_est": 10.278701782226562,
    "query_dur_ms_real": 2188.521385192871,
    "query_dur_ms_err": 0.9953033578507524,
    "order": [
        0,
        1,
        2,
        3,
        4,
        5,
        6,
        7,
        9,
        8
    ],
    "groupby": false
}