{
    "timestamp": "2022-07-27 18:46:25.751116",
    "dataset": "dmv.csv",
    "model": "dmv.csv-2.6MB-model16.669*",
    "query": "'SELECT Weight_100 FROM dmv.csv WHERE Registration Class=OMF'",
    "avg_est": 73.93453979492188,
    "avg_real": 0.0,
    "avg_err": "result=0!",
    "count_est": 14.905015271159755,
    "count_real": 10,
    "count_err": 0.4905015271159755,
    "sum_est": 1101.9954447094792,
    "sum_real": 0.0,
    "sum_err": "result=0!",
    "query_dur_ms_est": 9.9639892578125,
    "query_dur_ms_real": 2188.521385192871,
    "query_dur_ms_err": 0.9954471592897255,
    "order": [
        0,
        1,
        2,
        3,
        4,
        5,
        6,
        7,
        8,
        9
    ],
    "groupby": false
}