{
    "timestamp": "2022-07-27 17:54:18.505634",
    "dataset": "dmv.csv",
    "model": "dmv.csv-2.6MB-model16.669*",
    "query": "'SELECT Weight_100 FROM dmv.csv WHERE State>=AK'",
    "avg_est": 46.8088493347168,
    "avg_real": 49.46616465808618,
    "avg_err": 0.05371985763879095,
    "count_est": 12646291.125287294,
    "count_real": 12646294,
    "count_err": 2.273166119348627e-07,
    "sum_est": 591958335.9265391,
    "sum_real": 480017238.0,
    "sum_err": 0.23320224580463725,
    "query_dur_ms_est": 10.072469711303711,
    "query_dur_ms_real": 2188.521385192871,
    "query_dur_ms_err": 0.9953975913694734,
    "order": [
        0,
        1,
        2,
        3,
        4,
        5,
        6,
        7,
        8,
        9
    ],
    "groupby": false
}