{
    "timestamp": "2022-07-27 17:46:58.785340",
    "dataset": "dmv.csv",
    "model": "dmv.csv-2.6MB-model16.669*",
    "query": "'SELECT Model Year FROM dmv.csv WHERE Record Type=TRL AND Fuel Type=DIESEL AND Scofflaw Indicator=Y AND Registration Class=ORC'",
    "avg_est": 2012.977783203125,
    "avg_real": NaN,
    "avg_err": NaN,
    "count_est": 1.0767940235590066e-08,
    "count_real": 0,
    "count_err": "result=0!",
    "sum_est": 2.1675624465101826e-05,
    "sum_real": 0.0,
    "sum_err": "result=0!",
    "query_dur_ms_est": 10.167837142944336,
    "query_dur_ms_real": 2188.521385192871,
    "query_dur_ms_err": 0.9953540151758452,
    "order": [
        0,
        1,
        2,
        3,
        4,
        5,
        6,
        7,
        9,
        8
    ],
    "groupby": false
}