{
    "timestamp": "2022-07-26 19:18:52.656178",
    "dataset": "dmv.csv",
    "model": "dmv.csv-32.5MB*",
    "query": "'SELECT Model Year FROM dmv.csv WHERE County>=GENESEE<=OTSEGO AND Registration Class>=SPC'",
    "avg_est": 2010.957763671875,
    "avg_real": 2010.8059408358688,
    "avg_err": 7.550347496143409e-05,
    "count_est": 202738.1894568056,
    "count_real": 196538,
    "count_err": 0.03154702630944442,
    "sum_est": 407697936.0809427,
    "sum_real": 395199778.0,
    "sum_err": 0.03162491169451692,
    "query_dur_ms_est": 91.17960929870605,
    "query_dur_ms_real": 1141.6544914245605,
    "query_dur_ms_err": 0.9201337970606748,
    "order": [
        0,
        1,
        2,
        3,
        4,
        5,
        6,
        7,
        9,
        8
    ],
    "groupby": false
}