{
    "timestamp": "2022-07-27 18:39:50.652418",
    "dataset": "dmv.csv",
    "model": "dmv.csv-2.6MB-model16.669*",
    "query": "'SELECT Weight_100 FROM dmv.csv WHERE State>=MI'",
    "avg_est": 46.79143142700195,
    "avg_real": 49.450934829582,
    "avg_err": 0.053780649683271724,
    "count_est": 12567780.501755,
    "count_real": 12574805,
    "count_err": 0.0005586168727865632,
    "sum_est": 588064439.5374812,
    "sum_real": 478060830.0,
    "sum_err": 0.230103791472481,
    "query_dur_ms_est": 9.977102279663086,
    "query_dur_ms_real": 2188.521385192871,
    "query_dur_ms_err": 0.9954411675631016,
    "order": [
        0,
        1,
        2,
        3,
        4,
        5,
        6,
        7,
        8,
        9
    ],
    "groupby": false
}