{
    "timestamp": "2022-07-27 18:02:34.186544",
    "dataset": "dmv.csv",
    "model": "dmv.csv-2.6MB-model16.669*",
    "query": "'SELECT Weight_100 FROM dmv.csv WHERE Record Type=VEH AND Registration Class<=LUA'",
    "avg_est": 32.20042419433594,
    "avg_real": 31.821610680783152,
    "avg_err": 0.011904284712450086,
    "count_est": 1019546.7278998792,
    "count_real": 971686,
    "count_err": 0.04925534370144184,
    "sum_est": 32829837.12432331,
    "sum_real": 7357761.0,
    "sum_err": 3.461933069628561,
    "query_dur_ms_est": 10.010719299316406,
    "query_dur_ms_real": 2188.521385192871,
    "query_dur_ms_err": 0.9954258069548476,
    "order": [
        0,
        1,
        2,
        3,
        4,
        5,
        6,
        7,
        8,
        9
    ],
    "groupby": false
}