{
    "timestamp": "2022-07-27 18:44:02.198703",
    "dataset": "dmv.csv",
    "model": "dmv.csv-2.6MB-model16.669*",
    "query": "'SELECT Weight_100 FROM dmv.csv WHERE Scofflaw Indicator=Y'",
    "avg_est": 51.246665954589844,
    "avg_real": 49.717349463843824,
    "avg_err": 0.030760217655170684,
    "count_est": 18136.56142886216,
    "count_real": 20406,
    "count_err": 0.11121427869929637,
    "sum_est": 929438.3051097977,
    "sum_real": 904110.0,
    "sum_err": 0.028014627766309128,
    "query_dur_ms_est": 9.940147399902344,
    "query_dur_ms_real": 2188.521385192871,
    "query_dur_ms_err": 0.9954580533381325,
    "order": [
        0,
        1,
        2,
        3,
        4,
        5,
        6,
        7,
        8,
        9
    ],
    "groupby": false
}