{
    "timestamp": "2022-07-26 12:24:58.981971",
    "dataset": "dmv.csv",
    "model": "dmv.csv-37.9MB*",
    "query": "'SELECT Unladen Weight FROM dmv.csv WHERE Revocation Indicator=Y'",
    "avg_est": 1256.936767578125,
    "avg_real": 3795.2580645161293,
    "avg_err": 0.6688138866418887,
    "count_est": 6126.622526856721,
    "count_real": 5680,
    "count_err": 0.07863072655928194,
    "sum_est": 7700777.115078611,
    "sum_real": 117653.0,
    "sum_err": 64.45330008651382,
    "query_dur_ms_est": 126.18112564086914,
    "query_dur_ms_real": 1886.7831230163574,
    "query_dur_ms_err": 0.9331236727201873,
    "order": [
        0,
        1,
        2,
        3,
        4,
        5,
        6,
        7,
        8,
        9,
        10,
        11
    ],
    "groupby": false
}