{
    "timestamp": "2022-07-27 18:03:30.883322",
    "dataset": "dmv.csv",
    "model": "dmv.csv-2.6MB-model16.669*",
    "query": "'SELECT Model Year FROM dmv.csv WHERE Scofflaw Indicator=Y'",
    "avg_est": 2013.2222900390625,
    "avg_real": 2013.6647554640792,
    "avg_err": 0.00021973142441715043,
    "count_est": 18046.752762641292,
    "count_real": 20406,
    "count_err": 0.11561536985978182,
    "sum_est": 36332124.92457348,
    "sum_real": 41090843.0,
    "sum_err": 0.11580969695429512,
    "query_dur_ms_est": 9.889364242553711,
    "query_dur_ms_real": 2188.521385192871,
    "query_dur_ms_err": 0.9954812576612395,
    "order": [
        0,
        1,
        2,
        3,
        4,
        5,
        6,
        7,
        9,
        8
    ],
    "groupby": false
}