{
    "timestamp": "2022-07-26 19:19:33.609542",
    "dataset": "dmv.csv",
    "model": "dmv.csv-32.5MB*",
    "query": "'SELECT Model Year FROM dmv.csv WHERE Record Type=VEH AND Fuel Type=NONE AND Suspension Indicator=N AND Registration Class>=HOU AND Unladen Weight>=21110.0'",
    "avg_est": 2009.2093505859375,
    "avg_real": 2006.7847809377402,
    "avg_err": 0.0012081861848007357,
    "count_est": 2188.349390547606,
    "count_real": 2602,
    "count_err": 0.15897410048131969,
    "sum_est": 4396852.057837288,
    "sum_real": 5221654.0,
    "sum_err": 0.15795798460846164,
    "query_dur_ms_est": 99.87115859985352,
    "query_dur_ms_real": 1141.6544914245605,
    "query_dur_ms_err": 0.9125206799867849,
    "order": [
        0,
        1,
        2,
        3,
        4,
        5,
        6,
        7,
        9,
        8
    ],
    "groupby": false
}