{
    "timestamp": "2022-07-27 18:07:36.796470",
    "dataset": "dmv.csv",
    "model": "dmv.csv-2.6MB-model16.669*",
    "query": "'SELECT Weight_100 FROM dmv.csv WHERE County>=SCHOHARIE AND Fuel Type=NONE AND Scofflaw Indicator=Y AND Revocation Indicator=N AND Model Year<=1971.0'",
    "avg_est": 48.91889190673828,
    "avg_real": NaN,
    "avg_err": NaN,
    "count_est": 0.0811106402854378,
    "count_real": 0,
    "count_err": "result=0!",
    "sum_est": 3.967842644609663,
    "sum_real": 0.0,
    "sum_err": "result=0!",
    "query_dur_ms_est": 10.145425796508789,
    "query_dur_ms_real": 2188.521385192871,
    "query_dur_ms_err": 0.9953642555813478,
    "order": [
        0,
        1,
        2,
        3,
        4,
        5,
        6,
        7,
        8,
        9
    ],
    "groupby": false
}