{
    "timestamp": "2022-07-27 18:42:53.599678",
    "dataset": "dmv.csv",
    "model": "dmv.csv-2.6MB-model16.669*",
    "query": "'SELECT Model Year FROM dmv.csv WHERE State<=NB AND County<=RICHMOND AND Fuel Type=NONE AND Scofflaw Indicator=N AND Revocation Indicator=Y AND Registration Class>=AGR<=OMR'",
    "avg_est": 2016.1116943359375,
    "avg_real": NaN,
    "avg_err": NaN,
    "count_est": 0.05494845536185977,
    "count_real": 0,
    "count_err": "result=0!",
    "sum_est": 110.78222344074173,
    "sum_real": 0.0,
    "sum_err": "result=0!",
    "query_dur_ms_est": 10.141372680664062,
    "query_dur_ms_real": 2188.521385192871,
    "query_dur_ms_err": 0.995366107569577,
    "order": [
        0,
        1,
        2,
        3,
        4,
        5,
        6,
        7,
        9,
        8
    ],
    "groupby": false
}