{
    "timestamp": "2022-07-27 18:10:51.794569",
    "dataset": "dmv.csv",
    "model": "dmv.csv-2.6MB-model16.669*",
    "query": "'SELECT Weight_100 FROM dmv.csv WHERE Registration Class>=HAC<=PAS'",
    "avg_est": 48.66442108154297,
    "avg_real": 49.001685788658,
    "avg_err": 0.0068827164144849955,
    "count_est": 10481550.407602072,
    "count_real": 10481284,
    "count_err": 2.5417458593027543e-05,
    "sum_est": 510078582.6229656,
    "sum_real": 443570267.0,
    "sum_err": 0.1499386243193924,
    "query_dur_ms_est": 9.977340698242188,
    "query_dur_ms_real": 2188.521385192871,
    "query_dur_ms_err": 0.9954410586226176,
    "order": [
        0,
        1,
        2,
        3,
        4,
        5,
        6,
        7,
        8,
        9
    ],
    "groupby": false
}