{
    "timestamp": "2022-07-27 19:01:42.060300",
    "dataset": "dmv.csv",
    "model": "dmv.csv-2.6MB-model16.669*",
    "query": "'SELECT Model Year FROM dmv.csv WHERE Scofflaw Indicator=N AND Suspension Indicator=N'",
    "avg_est": 2011.9876708984375,
    "avg_real": 2012.1350356014545,
    "avg_err": 7.323797876865532e-05,
    "count_est": 12489363.346840143,
    "count_real": 12487714,
    "count_err": 0.00013207756360717452,
    "sum_est": 25128445071.213215,
    "sum_real": 25126922587.0,
    "sum_err": 6.059175006184669e-05,
    "query_dur_ms_est": 9.954214096069336,
    "query_dur_ms_real": 2188.521385192871,
    "query_dur_ms_err": 0.9954516258495724,
    "order": [
        0,
        1,
        2,
        3,
        4,
        5,
        6,
        7,
        9,
        8
    ],
    "groupby": false
}