{
    "timestamp": "2022-07-27 18:36:20.521505",
    "dataset": "dmv.csv",
    "model": "dmv.csv-2.6MB-model16.669*",
    "query": "'SELECT Model Year FROM dmv.csv WHERE Revocation Indicator=Y AND Registration Class>=AMB<=RGC'",
    "avg_est": 2014.098876953125,
    "avg_real": 2016.071556993887,
    "avg_err": 0.0009784771943826519,
    "count_est": 5377.824259011541,
    "count_real": 5562,
    "count_err": 0.03311322204035588,
    "sum_est": 10831469.800526416,
    "sum_real": 11213390.0,
    "sum_err": 0.0340592987021395,
    "query_dur_ms_est": 9.995222091674805,
    "query_dur_ms_real": 2188.521385192871,
    "query_dur_ms_err": 0.9954328880863123,
    "order": [
        0,
        1,
        2,
        3,
        4,
        5,
        6,
        7,
        9,
        8
    ],
    "groupby": false
}