{
    "timestamp": "2022-07-27 18:40:19.335722",
    "dataset": "dmv.csv",
    "model": "dmv.csv-2.6MB-model16.669*",
    "query": "'SELECT Model Year FROM dmv.csv WHERE State>=OK AND County<=WESTCHESTER AND Scofflaw Indicator=Y AND Weight_100>=85.0'",
    "avg_est": 2017.004150390625,
    "avg_real": 2018.5,
    "avg_err": 0.0007410699080381472,
    "count_est": 4.1057701180845925,
    "count_real": 2,
    "count_err": 1.0528850590422962,
    "sum_est": 8281.35536872643,
    "sum_real": 4037.0,
    "sum_err": 1.0513637277003791,
    "query_dur_ms_est": 10.061025619506836,
    "query_dur_ms_real": 2188.521385192871,
    "query_dur_ms_err": 0.9954028205127088,
    "order": [
        0,
        1,
        2,
        3,
        4,
        5,
        6,
        7,
        9,
        8
    ],
    "groupby": false
}