{
    "timestamp": "2022-07-27 18:25:43.369497",
    "dataset": "dmv.csv",
    "model": "dmv.csv-2.6MB-model16.669*",
    "query": "'SELECT Model Year FROM dmv.csv WHERE Scofflaw Indicator=N'",
    "avg_est": 2012.08154296875,
    "avg_real": 2012.132893623007,
    "avg_err": 2.552050832217163e-05,
    "count_est": 12627821.27421379,
    "count_real": 12625910,
    "count_err": 0.00015137714539315532,
    "sum_est": 25408206113.753693,
    "sum_real": 25404964556.0,
    "sum_err": 0.00012759544484099877,
    "query_dur_ms_est": 9.988784790039062,
    "query_dur_ms_real": 2188.521385192871,
    "query_dur_ms_err": 0.9954358294793821,
    "order": [
        0,
        1,
        2,
        3,
        4,
        5,
        6,
        7,
        9,
        8
    ],
    "groupby": false
}