{
    "timestamp": "2022-07-27 18:02:50.236958",
    "dataset": "dmv.csv",
    "model": "dmv.csv-2.6MB-model16.669*",
    "query": "'SELECT Model Year FROM dmv.csv WHERE State=PK AND Weight_100>=80.0<=96.0'",
    "avg_est": 2013.0167236328125,
    "avg_real": NaN,
    "avg_err": NaN,
    "count_est": 0.08824358879939531,
    "count_real": 0,
    "count_err": "result=0!",
    "sum_est": 177.6358200065599,
    "sum_real": 0.0,
    "sum_err": "result=0!",
    "query_dur_ms_est": 9.998559951782227,
    "query_dur_ms_real": 2188.521385192871,
    "query_dur_ms_err": 0.9954313629195353,
    "order": [
        0,
        1,
        2,
        3,
        4,
        5,
        6,
        7,
        9,
        8
    ],
    "groupby": false
}