{
    "timestamp": "2022-07-27 19:09:26.658006",
    "dataset": "dmv.csv",
    "model": "dmv.csv-2.6MB-model16.669*",
    "query": "'SELECT Weight_100 FROM dmv.csv WHERE Record Type=SNOW AND County>=SENECA<=WESTCHESTER AND Fuel Type=PROPANE AND Scofflaw Indicator=N AND Model Year>=1937.0<=1993.0'",
    "avg_est": 33.75885009765625,
    "avg_real": NaN,
    "avg_err": NaN,
    "count_est": 1.191576785950513e-07,
    "count_real": 0,
    "count_err": "result=0!",
    "sum_est": 4.0226262096750394e-06,
    "sum_real": 0.0,
    "sum_err": "result=0!",
    "query_dur_ms_est": 10.073184967041016,
    "query_dur_ms_real": 2188.521385192871,
    "query_dur_ms_err": 0.9953972645480211,
    "order": [
        0,
        1,
        2,
        3,
        4,
        5,
        6,
        7,
        8,
        9
    ],
    "groupby": false
}