{
    "timestamp": "2022-07-27 18:17:32.303021",
    "dataset": "dmv.csv",
    "model": "dmv.csv-2.6MB-model16.669*",
    "query": "'SELECT Model Year FROM dmv.csv WHERE Fuel Type=GAS AND Scofflaw Indicator=Y AND Revocation Indicator=Y'",
    "avg_est": 2014.172607421875,
    "avg_real": 2015.4,
    "avg_err": 0.000609006935657979,
    "count_est": 7.176098839488077,
    "count_real": 10,
    "count_err": 0.2823901160511923,
    "sum_est": 14453.901710648792,
    "sum_real": 20154.0,
    "sum_err": 0.2828271454476138,
    "query_dur_ms_est": 9.98830795288086,
    "query_dur_ms_real": 2188.521385192871,
    "query_dur_ms_err": 0.9954360473603503,
    "order": [
        0,
        1,
        2,
        3,
        4,
        5,
        6,
        7,
        9,
        8
    ],
    "groupby": false
}