{
    "timestamp": "2022-07-27 18:48:33.267356",
    "dataset": "dmv.csv",
    "model": "dmv.csv-2.6MB-model16.669*",
    "query": "'SELECT Weight_100 FROM dmv.csv WHERE Revocation Indicator=N'",
    "avg_est": 47.61429214477539,
    "avg_real": 49.466124927671096,
    "avg_err": 0.037436382688222254,
    "count_est": 12641044.822243929,
    "count_real": 12640636,
    "count_err": 3.234190462638979e-05,
    "sum_est": 601894401.1815227,
    "sum_real": 480016061.0,
    "sum_err": 0.2539047129540166,
    "query_dur_ms_est": 9.88459587097168,
    "query_dur_ms_real": 2188.521385192871,
    "query_dur_ms_err": 0.995483436470921,
    "order": [
        0,
        1,
        2,
        3,
        4,
        5,
        6,
        7,
        8,
        9
    ],
    "groupby": false
}