{
    "timestamp": "2022-07-27 17:37:27.692232",
    "dataset": "dmv.csv",
    "model": "dmv.csv-2.6MB-model16.669*",
    "query": "'SELECT Model Year FROM dmv.csv WHERE Revocation Indicator=N AND Weight_100>=8.0<=22.0'",
    "avg_est": 2011.8902587890625,
    "avg_real": 2011.8135639169625,
    "avg_err": 3.812225619489452e-05,
    "count_est": 1468460.3854308724,
    "count_real": 1464400,
    "count_err": 0.0027727297397380775,
    "sum_est": 2954381144.8660045,
    "sum_real": 2946099783.0,
    "sum_err": 0.0028109576986464434,
    "query_dur_ms_est": 10.071516036987305,
    "query_dur_ms_real": 2188.521385192871,
    "query_dur_ms_err": 0.9953980271314097,
    "order": [
        0,
        1,
        2,
        3,
        4,
        5,
        6,
        7,
        9,
        8
    ],
    "groupby": false
}