{
    "timestamp": "2022-07-27 18:01:41.252768",
    "dataset": "dmv.csv",
    "model": "dmv.csv-2.6MB-model16.669*",
    "query": "'SELECT Model Year FROM dmv.csv WHERE Record Type=BOAT AND State>=FL<=IL AND County>=LIVINGSTON AND Fuel Type=FLEX AND Scofflaw Indicator=N AND Suspension Indicator=Y AND Revocation Indicator=N AND Registration Class>=IRP<=SRN AND Weight_100>=42.0<=48.0'",
    "avg_est": 2007.060546875,
    "avg_real": NaN,
    "avg_err": NaN,
    "count_est": 1.8038449424808064e-12,
    "count_real": 0,
    "count_err": "result=0!",
    "sum_est": 3.6204260167332302e-09,
    "sum_real": 0.0,
    "sum_err": "result=0!",
    "query_dur_ms_est": 10.274171829223633,
    "query_dur_ms_real": 2188.521385192871,
    "query_dur_ms_err": 0.9953054277199498,
    "order": [
        0,
        1,
        2,
        3,
        4,
        5,
        6,
        7,
        9,
        8
    ],
    "groupby": false
}