{
    "timestamp": "2022-07-27 19:06:36.648928",
    "dataset": "dmv.csv",
    "model": "dmv.csv-2.6MB-model16.669*",
    "query": "'SELECT Model Year FROM dmv.csv WHERE Weight_100>=41.0'",
    "avg_est": 2011.91015625,
    "avg_real": 2014.0141325931454,
    "avg_err": 0.0010446681128480607,
    "count_est": 5681202.721181154,
    "count_real": 5718908,
    "count_err": 0.0065930906422774676,
    "sum_est": 11430069454.459501,
    "sum_real": 11517961535.0,
    "sum_err": 0.007630871163566421,
    "query_dur_ms_est": 9.976863861083984,
    "query_dur_ms_real": 2188.521385192871,
    "query_dur_ms_err": 0.9954412765035857,
    "order": [
        0,
        1,
        2,
        3,
        4,
        5,
        6,
        7,
        9,
        8
    ],
    "groupby": false
}