{
    "timestamp": "2022-07-26 19:18:48.037478",
    "dataset": "dmv.csv",
    "model": "dmv.csv-32.5MB*",
    "query": "'SELECT Model Year FROM dmv.csv WHERE Scofflaw Indicator=Y AND Revocation Indicator=Y'",
    "avg_est": 2014.43896484375,
    "avg_real": 2015.4,
    "avg_err": 0.00047684586496481634,
    "count_est": 17.67502807485789,
    "count_real": 10,
    "count_err": 0.7675028074857891,
    "sum_est": 35605.26525870095,
    "sum_real": 20154.0,
    "sum_err": 0.766659981080726,
    "query_dur_ms_est": 92.3147201538086,
    "query_dur_ms_real": 1141.6544914245605,
    "query_dur_ms_err": 0.9191395287740532,
    "order": [
        0,
        1,
        2,
        3,
        4,
        5,
        6,
        7,
        9,
        8
    ],
    "groupby": false
}