{
    "timestamp": "2022-07-27 17:40:35.632813",
    "dataset": "dmv.csv",
    "model": "dmv.csv-2.6MB-model16.669*",
    "query": "'SELECT Weight_100 FROM dmv.csv WHERE Record Type=VEH AND State>=YY AND County<=CAYUGA AND Fuel Type=DIESEL AND Scofflaw Indicator=N AND Suspension Indicator=Y AND Revocation Indicator=N AND Registration Class<=NYA AND Model Year>=1938.0<=1951.0'",
    "avg_est": 29.54784393310547,
    "avg_real": NaN,
    "avg_err": NaN,
    "count_est": 1.3822559225626173e-12,
    "count_real": 0,
    "count_err": "result=0!",
    "sum_est": 4.0842682275490934e-11,
    "sum_real": 0.0,
    "sum_err": "result=0!",
    "query_dur_ms_est": 10.329484939575195,
    "query_dur_ms_real": 2188.521385192871,
    "query_dur_ms_err": 0.9952801535276454,
    "order": [
        0,
        1,
        2,
        3,
        4,
        5,
        6,
        7,
        8,
        9
    ],
    "groupby": false
}