{
    "timestamp": "2022-07-27 17:34:42.340453",
    "dataset": "dmv.csv",
    "model": "dmv.csv-2.6MB-model16.669*",
    "query": "'SELECT Model Year FROM dmv.csv WHERE Weight_100=59.0'",
    "avg_est": 2012.1661376953125,
    "avg_real": 2015.635251244675,
    "avg_err": 0.0017211018448006436,
    "count_est": 97965.01620579883,
    "count_real": 97415,
    "count_err": 0.005646114107671658,
    "sum_est": 197121888.28808093,
    "sum_real": 196353108.0,
    "sum_err": 0.003915294725464344,
    "query_dur_ms_est": 10.028600692749023,
    "query_dur_ms_real": 2188.521385192871,
    "query_dur_ms_err": 0.9954176364185424,
    "order": [
        0,
        1,
        2,
        3,
        4,
        5,
        6,
        7,
        9,
        8
    ],
    "groupby": false
}