{
    "timestamp": "2022-07-27 17:45:01.638166",
    "dataset": "dmv.csv",
    "model": "dmv.csv-2.6MB-model16.669*",
    "query": "'SELECT Weight_100 FROM dmv.csv WHERE County>=GREENE AND Revocation Indicator=Y'",
    "avg_est": 45.270389556884766,
    "avg_real": 56.82142857142857,
    "avg_err": 0.2032866702748124,
    "count_est": 4345.163354672841,
    "count_real": 4606,
    "count_err": 0.056629753653312895,
    "sum_est": 196707.23775433976,
    "sum_real": 1591.0,
    "sum_err": 122.63748444647376,
    "query_dur_ms_est": 10.001420974731445,
    "query_dur_ms_real": 2188.521385192871,
    "query_dur_ms_err": 0.9954300556337264,
    "order": [
        0,
        1,
        2,
        3,
        4,
        5,
        6,
        7,
        8,
        9
    ],
    "groupby": false
}