{
    "timestamp": "2022-07-27 18:53:06.862587",
    "dataset": "dmv.csv",
    "model": "dmv.csv-2.6MB-model16.669*",
    "query": "'SELECT Weight_100 FROM dmv.csv WHERE Record Type=VEH'",
    "avg_est": 47.79719161987305,
    "avg_real": 49.030691093498355,
    "avg_err": 0.025157701148309418,
    "count_est": 11388790.728530407,
    "count_real": 11392466,
    "count_err": 0.0003226054367503092,
    "sum_est": 544352212.7702014,
    "sum_real": 470118720.0,
    "sum_err": 0.15790371583203802,
    "query_dur_ms_est": 9.958505630493164,
    "query_dur_ms_real": 2188.521385192871,
    "query_dur_ms_err": 0.9954496649208591,
    "order": [
        0,
        1,
        2,
        3,
        4,
        5,
        6,
        7,
        8,
        9
    ],
    "groupby": false
}