{
    "timestamp": "2022-07-27 17:40:41.806042",
    "dataset": "dmv.csv",
    "model": "dmv.csv-2.6MB-model16.669*",
    "query": "'SELECT Model Year FROM dmv.csv WHERE Record Type=VEH'",
    "avg_est": 2012.6871337890625,
    "avg_real": 2012.8061048415682,
    "avg_err": 5.9107060645093644e-05,
    "count_est": 11388790.728530407,
    "count_real": 11392466,
    "count_err": 0.0003226054367503092,
    "sum_est": 22922072568.729313,
    "sum_real": 22930825114.0,
    "sum_err": 0.000381693429136285,
    "query_dur_ms_est": 9.952783584594727,
    "query_dur_ms_real": 2188.521385192871,
    "query_dur_ms_err": 0.9954522794924768,
    "order": [
        0,
        1,
        2,
        3,
        4,
        5,
        6,
        7,
        9,
        8
    ],
    "groupby": false
}