{
    "timestamp": "2022-07-27 17:58:09.627658",
    "dataset": "dmv.csv",
    "model": "dmv.csv-2.6MB-model16.669*",
    "query": "'SELECT Weight_100 FROM dmv.csv WHERE Scofflaw Indicator=Y AND Suspension Indicator=Y'",
    "avg_est": 50.50792694091797,
    "avg_real": 47.276253547776726,
    "avg_err": 0.06835722272018359,
    "count_est": 2562.4084405074245,
    "count_real": 2279,
    "count_err": 0.12435648991111212,
    "sum_est": 129421.93830594055,
    "sum_real": 99942.0,
    "sum_err": 0.2949704659296447,
    "query_dur_ms_est": 10.01119613647461,
    "query_dur_ms_real": 2188.521385192871,
    "query_dur_ms_err": 0.9954255890738796,
    "order": [
        0,
        1,
        2,
        3,
        4,
        5,
        6,
        7,
        8,
        9
    ],
    "groupby": false
}