{
    "timestamp": "2022-07-27 18:00:40.419800",
    "dataset": "dmv.csv",
    "model": "dmv.csv-2.6MB-model16.669*",
    "query": "'SELECT Model Year FROM dmv.csv WHERE Fuel Type=DIESEL'",
    "avg_est": 2009.475830078125,
    "avg_real": 2009.7925748547764,
    "avg_err": 0.00015760072985355884,
    "count_est": 471444.63523207605,
    "count_real": 481499,
    "count_err": 0.020881382449234476,
    "sum_est": 947356599.7188549,
    "sum_real": 967713115.0,
    "sum_err": 0.021035692257973682,
    "query_dur_ms_est": 9.948492050170898,
    "query_dur_ms_real": 2188.521385192871,
    "query_dur_ms_err": 0.99545424042119,
    "order": [
        0,
        1,
        2,
        3,
        4,
        5,
        6,
        7,
        9,
        8
    ],
    "groupby": false
}