{
    "timestamp": "2022-07-27 18:05:01.189353",
    "dataset": "dmv.csv",
    "model": "dmv.csv-2.6MB-model16.669*",
    "query": "'SELECT Weight_100 FROM dmv.csv WHERE County>=MADISON'",
    "avg_est": 47.28349304199219,
    "avg_real": 49.80364101514561,
    "avg_err": 0.05060168135873896,
    "count_est": 8980381.094076872,
    "count_real": 8985816,
    "count_err": 0.0006048316505844465,
    "sum_est": 424623786.976222,
    "sum_real": 348230096.0,
    "sum_err": 0.21937704940994526,
    "query_dur_ms_est": 10.042905807495117,
    "query_dur_ms_real": 2188.521385192871,
    "query_dur_ms_err": 0.9954110999894982,
    "order": [
        0,
        1,
        2,
        3,
        4,
        5,
        6,
        7,
        8,
        9
    ],
    "groupby": false
}