{
    "timestamp": "2022-07-27 18:38:27.577530",
    "dataset": "dmv.csv",
    "model": "dmv.csv-2.6MB-model16.669*",
    "query": "'SELECT Model Year FROM dmv.csv WHERE Weight_100>=1.0<=69.0'",
    "avg_est": 2011.9593505859375,
    "avg_real": 2012.3771667666451,
    "avg_err": 0.00020762319688756537,
    "count_est": 6672537.661754608,
    "count_real": 6698114,
    "count_err": 0.0038184387792432085,
    "sum_est": 13424874540.704012,
    "sum_real": 13479131674.0,
    "sum_err": 0.004025269179664228,
    "query_dur_ms_est": 10.007143020629883,
    "query_dur_ms_real": 2188.521385192871,
    "query_dur_ms_err": 0.9954274410621087,
    "order": [
        0,
        1,
        2,
        3,
        4,
        5,
        6,
        7,
        9,
        8
    ],
    "groupby": false
}