{
    "timestamp": "2022-07-27 18:29:20.257976",
    "dataset": "dmv.csv",
    "model": "dmv.csv-2.6MB-model16.669*",
    "query": "'SELECT Model Year FROM dmv.csv WHERE Fuel Type=NONE'",
    "avg_est": 2008.054931640625,
    "avg_real": 2008.1864413518886,
    "avg_err": 6.548680369290333e-05,
    "count_est": 731048.5850490332,
    "count_real": 804800,
    "count_err": 0.09163943209613175,
    "sum_est": 1467985716.4766119,
    "sum_real": 1616188448.0,
    "sum_err": 0.09169891772632455,
    "query_dur_ms_est": 9.93490219116211,
    "query_dur_ms_real": 2188.521385192871,
    "query_dur_ms_err": 0.995460450028782,
    "order": [
        0,
        1,
        2,
        3,
        4,
        5,
        6,
        7,
        9,
        8
    ],
    "groupby": false
}