{
    "timestamp": "2022-07-27 18:40:01.477942",
    "dataset": "dmv.csv",
    "model": "dmv.csv-2.6MB-model16.669*",
    "query": "'SELECT Weight_100 FROM dmv.csv WHERE State>=CO'",
    "avg_est": 47.206565856933594,
    "avg_real": 49.465307625764254,
    "avg_err": 0.045663150139880725,
    "count_est": 12639020.171385527,
    "count_real": 12639966,
    "count_err": 7.482841444932232e-05,
    "sum_est": 596644738.087623,
    "sum_real": 479863345.0,
    "sum_err": 0.24336385411480638,
    "query_dur_ms_est": 9.982109069824219,
    "query_dur_ms_real": 2188.521385192871,
    "query_dur_ms_err": 0.9954388798129361,
    "order": [
        0,
        1,
        2,
        3,
        4,
        5,
        6,
        7,
        8,
        9
    ],
    "groupby": false
}