{
    "timestamp": "2022-07-27 18:30:04.235685",
    "dataset": "dmv.csv",
    "model": "dmv.csv-2.6MB-model16.669*",
    "query": "'SELECT Model Year FROM dmv.csv WHERE State>=FL<=NJ'",
    "avg_est": 2016.286376953125,
    "avg_real": 2015.6503952105181,
    "avg_err": 0.00031552185047469504,
    "count_est": 108244.79745418206,
    "count_real": 102224,
    "count_err": 0.05889808121558596,
    "sum_est": 218252510.48291758,
    "sum_real": 206047846.0,
    "sum_err": 0.05923218669763516,
    "query_dur_ms_est": 9.907007217407227,
    "query_dur_ms_real": 2188.521385192871,
    "query_dur_ms_err": 0.9954731960654183,
    "order": [
        0,
        1,
        2,
        3,
        4,
        5,
        6,
        7,
        9,
        8
    ],
    "groupby": false
}