{
    "timestamp": "2022-07-27 17:46:01.606200",
    "dataset": "dmv.csv",
    "model": "dmv.csv-2.6MB-model16.669*",
    "query": "'SELECT Model Year FROM dmv.csv WHERE Record Type=VEH AND Registration Class>=TOW'",
    "avg_est": 2011.2685546875,
    "avg_real": 2010.0235961934443,
    "avg_err": 0.0006193750642596408,
    "count_est": 22972.546546130907,
    "count_real": 17969,
    "count_err": 0.27845436841955074,
    "sum_est": 46203960.48932803,
    "sum_real": 36118114.0,
    "sum_err": 0.27924621117614357,
    "query_dur_ms_est": 10.041475296020508,
    "query_dur_ms_real": 2188.521385192871,
    "query_dur_ms_err": 0.9954117536324025,
    "order": [
        0,
        1,
        2,
        3,
        4,
        5,
        6,
        7,
        9,
        8
    ],
    "groupby": false
}