{
    "timestamp": "2022-07-27 19:06:20.560273",
    "dataset": "dmv.csv",
    "model": "dmv.csv-2.6MB-model16.669*",
    "query": "'SELECT Model Year FROM dmv.csv WHERE Fuel Type=GAS'",
    "avg_est": 2012.3173828125,
    "avg_real": 2012.500269744886,
    "avg_err": 9.087548217284863e-05,
    "count_est": 11059674.912280798,
    "count_real": 11147590,
    "count_err": 0.00788646583873304,
    "sum_est": 22255576074.23796,
    "sum_real": 22434487632.0,
    "sum_err": 0.007974844832508862,
    "query_dur_ms_est": 9.953975677490234,
    "query_dur_ms_real": 2188.521385192871,
    "query_dur_ms_err": 0.9954517347900564,
    "order": [
        0,
        1,
        2,
        3,
        4,
        5,
        6,
        7,
        9,
        8
    ],
    "groupby": false
}