{
    "timestamp": "2022-07-27 18:18:55.875983",
    "dataset": "dmv.csv",
    "model": "dmv.csv-2.6MB-model16.669*",
    "query": "'SELECT Weight_100 FROM dmv.csv WHERE Fuel Type=NONE AND Revocation Indicator=N'",
    "avg_est": 63.66841125488281,
    "avg_real": 81.99741362862251,
    "avg_err": 0.2235314696235939,
    "count_est": 892383.3334305286,
    "count_real": 804800,
    "count_err": 0.10882620953097495,
    "sum_est": 56816629.06985811,
    "sum_real": 11603536.0,
    "sum_err": 3.8964926785988436,
    "query_dur_ms_est": 10.06627082824707,
    "query_dur_ms_real": 2188.521385192871,
    "query_dur_ms_err": 0.9954004238220592,
    "order": [
        0,
        1,
        2,
        3,
        4,
        5,
        6,
        7,
        8,
        9
    ],
    "groupby": false
}