{
    "timestamp": "2022-07-27 17:51:16.917703",
    "dataset": "dmv.csv",
    "model": "dmv.csv-2.6MB-model16.669*",
    "query": "'SELECT Weight_100 FROM dmv.csv WHERE Registration Class>=CLG<=CME'",
    "avg_est": 69.73432159423828,
    "avg_real": 69.55384615384615,
    "avg_err": 0.0025947585988693673,
    "count_est": 104.12078602618567,
    "count_real": 65,
    "count_err": 0.6018582465567026,
    "sum_est": 7260.792377394902,
    "sum_real": 4521.0,
    "sum_err": 0.6060146820161253,
    "query_dur_ms_est": 10.311126708984375,
    "query_dur_ms_real": 2188.521385192871,
    "query_dur_ms_err": 0.9952885419449188,
    "order": [
        0,
        1,
        2,
        3,
        4,
        5,
        6,
        7,
        8,
        9
    ],
    "groupby": false
}