{
    "timestamp": "2022-07-27 18:49:19.521670",
    "dataset": "dmv.csv",
    "model": "dmv.csv-2.6MB-model16.669*",
    "query": "'SELECT Weight_100 FROM dmv.csv WHERE Registration Class<=VAS'",
    "avg_est": 46.95503234863281,
    "avg_real": 49.466113194683324,
    "avg_err": 0.05076365786346854,
    "count_est": 12646301.678195715,
    "count_real": 12646304,
    "count_err": 1.8359548252591733e-07,
    "sum_est": 593807504.3902493,
    "sum_real": 480016887.0,
    "sum_err": 0.237055446322765,
    "query_dur_ms_est": 10.147333145141602,
    "query_dur_ms_real": 2188.521385192871,
    "query_dur_ms_err": 0.9953633840574753,
    "order": [
        0,
        1,
        2,
        3,
        4,
        5,
        6,
        7,
        8,
        9
    ],
    "groupby": false
}