{
    "timestamp": "2022-07-27 18:57:30.281297",
    "dataset": "dmv.csv",
    "model": "dmv.csv-2.6MB-model16.669*",
    "query": "'SELECT Weight_100 FROM dmv.csv WHERE State>=MT<=NU AND Scofflaw Indicator=Y'",
    "avg_est": 48.870460510253906,
    "avg_real": 46.46153846153846,
    "avg_err": 0.05184765998890861,
    "count_est": 29.8663517728628,
    "count_real": 20,
    "count_err": 0.49331758864313996,
    "sum_est": 1459.582364901043,
    "sum_real": 604.0,
    "sum_err": 1.416527094207025,
    "query_dur_ms_est": 10.092735290527344,
    "query_dur_ms_real": 2188.521385192871,
    "query_dur_ms_err": 0.9953883314283274,
    "order": [
        0,
        1,
        2,
        3,
        4,
        5,
        6,
        7,
        8,
        9
    ],
    "groupby": false
}