{
    "timestamp": "2022-07-27 18:29:34.747159",
    "dataset": "dmv.csv",
    "model": "dmv.csv-2.6MB-model16.669*",
    "query": "'SELECT Model Year FROM dmv.csv WHERE Scofflaw Indicator=N'",
    "avg_est": 2012.0552978515625,
    "avg_real": 2012.132893623007,
    "avg_err": 3.856393963363116e-05,
    "count_est": 12628067.760003328,
    "count_real": 12625910,
    "count_err": 0.00017089936514107286,
    "sum_est": 25408370638.14321,
    "sum_real": 25404964556.0,
    "sum_err": 0.0001340715172305539,
    "query_dur_ms_est": 9.95779037475586,
    "query_dur_ms_real": 2188.521385192871,
    "query_dur_ms_err": 0.9954499917423113,
    "order": [
        0,
        1,
        2,
        3,
        4,
        5,
        6,
        7,
        9,
        8
    ],
    "groupby": false
}