{
    "timestamp": "2022-07-27 18:42:09.520947",
    "dataset": "dmv.csv",
    "model": "dmv.csv-2.6MB-model16.669*",
    "query": "'SELECT Model Year FROM dmv.csv WHERE Record Type=SNOW AND State>=AL AND County>=CHENANGO AND Fuel Type=DIESEL AND Scofflaw Indicator=N AND Suspension Indicator=N AND Registration Class<=SUP'",
    "avg_est": 2007.4737548828125,
    "avg_real": NaN,
    "avg_err": NaN,
    "count_est": 0.0027956244964287835,
    "count_real": 0,
    "count_err": "result=0!",
    "sum_est": 5.612142805088262,
    "sum_real": 0.0,
    "sum_err": "result=0!",
    "query_dur_ms_est": 10.277032852172852,
    "query_dur_ms_real": 2188.521385192871,
    "query_dur_ms_err": 0.9953041204341408,
    "order": [
        0,
        1,
        2,
        3,
        4,
        5,
        6,
        7,
        9,
        8
    ],
    "groupby": false
}