{
    "timestamp": "2022-07-26 12:24:43.832243",
    "dataset": "dmv.csv",
    "model": "dmv.csv-37.9MB*",
    "query": "'SELECT Unladen Weight FROM dmv.csv WHERE Reg Valid Date>=02/27/1974<=06/07/2022'",
    "avg_est": 2995.359130859375,
    "avg_real": 3927.0209635217598,
    "avg_err": 0.23724391627053315,
    "count_est": 4452188.39314723,
    "count_real": 4422979,
    "count_err": 0.0066040090055209735,
    "sum_est": 13335903155.719685,
    "sum_real": 13485252543.0,
    "sum_err": 0.011075015970527041,
    "query_dur_ms_est": 126.39641761779785,
    "query_dur_ms_real": 1886.7831230163574,
    "query_dur_ms_err": 0.933009567408187,
    "order": [
        0,
        1,
        2,
        3,
        4,
        5,
        6,
        7,
        8,
        9,
        10,
        11
    ],
    "groupby": false
}