{
    "timestamp": "2022-07-27 18:06:46.895976",
    "dataset": "dmv.csv",
    "model": "dmv.csv-2.6MB-model16.669*",
    "query": "'SELECT Weight_100 FROM dmv.csv WHERE Fuel Type=GAS'",
    "avg_est": 46.45178985595703,
    "avg_real": 48.24550738205188,
    "avg_err": 0.03717895454784137,
    "count_est": 11160730.31709528,
    "count_real": 11147590,
    "count_err": 0.0011787585563587909,
    "sum_est": 518435899.3287186,
    "sum_real": 448875477.0,
    "sum_err": 0.15496596693946504,
    "query_dur_ms_est": 10.218620300292969,
    "query_dur_ms_real": 2188.521385192871,
    "query_dur_ms_err": 0.9953308108527382,
    "order": [
        0,
        1,
        2,
        3,
        4,
        5,
        6,
        7,
        8,
        9
    ],
    "groupby": false
}