{
    "timestamp": "2022-07-27 18:11:45.850257",
    "dataset": "dmv.csv",
    "model": "dmv.csv-2.6MB-model16.669*",
    "query": "'SELECT Model Year FROM dmv.csv WHERE Revocation Indicator=N'",
    "avg_est": 2012.025146484375,
    "avg_real": 2012.1336450903414,
    "avg_err": 5.392216676615893e-05,
    "count_est": 12641549.100510597,
    "count_real": 12640636,
    "count_err": 7.223532982021071e-05,
    "sum_est": 25435114680.744255,
    "sum_real": 25434604724.0,
    "sum_err": 2.004972162094867e-05,
    "query_dur_ms_est": 10.073661804199219,
    "query_dur_ms_real": 2188.521385192871,
    "query_dur_ms_err": 0.9953970466670531,
    "order": [
        0,
        1,
        2,
        3,
        4,
        5,
        6,
        7,
        9,
        8
    ],
    "groupby": false
}