{
    "timestamp": "2022-07-27 18:54:46.026205",
    "dataset": "dmv.csv",
    "model": "dmv.csv-2.6MB-model16.669*",
    "query": "'SELECT Weight_100 FROM dmv.csv WHERE Fuel Type=ELECTRIC'",
    "avg_est": 62.55895233154297,
    "avg_real": 65.4045284637539,
    "avg_err": 0.0435073258541709,
    "count_est": 82298.26965370774,
    "count_real": 77113,
    "count_err": 0.06724248380568441,
    "sum_est": 5148493.528234772,
    "sum_real": 4269346.0,
    "sum_err": 0.20592089004610364,
    "query_dur_ms_est": 9.935617446899414,
    "query_dur_ms_real": 2188.521385192871,
    "query_dur_ms_err": 0.9954601232073299,
    "order": [
        0,
        1,
        2,
        3,
        4,
        5,
        6,
        7,
        8,
        9
    ],
    "groupby": false
}