{
    "timestamp": "2022-07-27 18:54:44.011035",
    "dataset": "dmv.csv",
    "model": "dmv.csv-2.6MB-model16.669*",
    "query": "'SELECT Weight_100 FROM dmv.csv WHERE Registration Class>=FPW<=VAS'",
    "avg_est": 48.736419677734375,
    "avg_real": 49.9618015737696,
    "avg_err": 0.024526375299455977,
    "count_est": 11386792.459943056,
    "count_real": 11405140,
    "count_err": 0.001608708008577176,
    "sum_est": 554951496.1110462,
    "sum_real": 478071739.0,
    "sum_err": 0.1608121770005865,
    "query_dur_ms_est": 9.95635986328125,
    "query_dur_ms_real": 2188.521385192871,
    "query_dur_ms_err": 0.9954506453852158,
    "order": [
        0,
        1,
        2,
        3,
        4,
        5,
        6,
        7,
        8,
        9
    ],
    "groupby": false
}