{
    "timestamp": "2022-07-27 18:39:37.377241",
    "dataset": "dmv.csv",
    "model": "dmv.csv-2.6MB-model16.669*",
    "query": "'SELECT Model Year FROM dmv.csv WHERE State<=RI AND Fuel Type=OTHER'",
    "avg_est": 2014.65283203125,
    "avg_real": 2004.8063462435837,
    "avg_err": 0.004911439853587723,
    "count_est": 2398.4044216855546,
    "count_real": 2144,
    "count_err": 0.11865877877124746,
    "sum_est": 4831952.260505075,
    "sum_real": 4296300.0,
    "sum_err": 0.12467757384378993,
    "query_dur_ms_est": 10.123252868652344,
    "query_dur_ms_real": 2188.521385192871,
    "query_dur_ms_err": 0.9953743870463664,
    "order": [
        0,
        1,
        2,
        3,
        4,
        5,
        6,
        7,
        9,
        8
    ],
    "groupby": false
}