{
    "timestamp": "2022-07-27 17:46:45.451066",
    "dataset": "dmv.csv",
    "model": "dmv.csv-2.6MB-model16.669*",
    "query": "'SELECT Weight_100 FROM dmv.csv WHERE Fuel Type=FLEX AND Scofflaw Indicator=Y AND Suspension Indicator=N AND Revocation Indicator=N AND Registration Class>=OMV<=THC'",
    "avg_est": 78.28758239746094,
    "avg_real": 80.66666666666667,
    "avg_err": 0.029492780196765295,
    "count_est": 31.948790956971607,
    "count_real": 24,
    "count_err": 0.3311996232071503,
    "sum_est": 2501.1936045431694,
    "sum_real": 1452.0,
    "sum_err": 0.7225851270958467,
    "query_dur_ms_est": 10.106801986694336,
    "query_dur_ms_real": 2188.521385192871,
    "query_dur_ms_err": 0.9953819039397672,
    "order": [
        0,
        1,
        2,
        3,
        4,
        5,
        6,
        7,
        8,
        9
    ],
    "groupby": false
}