{
    "timestamp": "2022-07-27 17:44:55.901759",
    "dataset": "dmv.csv",
    "model": "dmv.csv-2.6MB-model16.669*",
    "query": "'SELECT Weight_100 FROM dmv.csv WHERE Record Type=VEH AND Fuel Type=COMP N/G'",
    "avg_est": 39.41763687133789,
    "avg_real": 25.596994535519126,
    "avg_err": 0.539932229803028,
    "count_est": 3607.5970590050565,
    "count_real": 3365,
    "count_err": 0.07209422258694101,
    "sum_est": 142202.95084996786,
    "sum_real": 56211.0,
    "sum_err": 1.5298064586996827,
    "query_dur_ms_est": 10.092020034790039,
    "query_dur_ms_real": 2188.521385192871,
    "query_dur_ms_err": 0.9953886582497796,
    "order": [
        0,
        1,
        2,
        3,
        4,
        5,
        6,
        7,
        8,
        9
    ],
    "groupby": false
}