{
    "timestamp": "2022-07-27 19:02:47.463463",
    "dataset": "dmv.csv",
    "model": "dmv.csv-2.6MB-model16.669*",
    "query": "'SELECT Weight_100 FROM dmv.csv WHERE Revocation Indicator=N'",
    "avg_est": 47.433128356933594,
    "avg_real": 49.466124927671096,
    "avg_err": 0.041098763521705634,
    "count_est": 12641158.642899036,
    "count_real": 12640636,
    "count_err": 4.1346250223201385e-05,
    "sum_est": 599609700.4889904,
    "sum_real": 480016061.0,
    "sum_err": 0.24914507910390613,
    "query_dur_ms_est": 9.915590286254883,
    "query_dur_ms_real": 2188.521385192871,
    "query_dur_ms_err": 0.9954692742079918,
    "order": [
        0,
        1,
        2,
        3,
        4,
        5,
        6,
        7,
        8,
        9
    ],
    "groupby": false
}