{
    "timestamp": "2022-07-27 17:45:35.920845",
    "dataset": "dmv.csv",
    "model": "dmv.csv-2.6MB-model16.669*",
    "query": "'SELECT Weight_100 FROM dmv.csv WHERE Fuel Type=ELECTRIC'",
    "avg_est": 62.10894012451172,
    "avg_real": 65.4045284637539,
    "avg_err": 0.050387770031375526,
    "count_est": 77493.16887137853,
    "count_real": 77113,
    "count_err": 0.004930023100884755,
    "sum_est": 4813018.585491125,
    "sum_real": 4269346.0,
    "sum_err": 0.1273432946149421,
    "query_dur_ms_est": 9.98687744140625,
    "query_dur_ms_real": 2188.521385192871,
    "query_dur_ms_err": 0.9954367010032547,
    "order": [
        0,
        1,
        2,
        3,
        4,
        5,
        6,
        7,
        8,
        9
    ],
    "groupby": false
}