{
    "timestamp": "2022-07-27 17:39:44.665630",
    "dataset": "dmv.csv",
    "model": "dmv.csv-2.6MB-model16.669*",
    "query": "'SELECT Model Year FROM dmv.csv WHERE State>=AB<=MA'",
    "avg_est": 2015.166259765625,
    "avg_real": 2013.5958629583158,
    "avg_err": 0.000779896719196671,
    "count_est": 63988.1608758606,
    "count_real": 57384,
    "count_err": 0.11508714756483691,
    "sum_est": 128946782.82148911,
    "sum_real": 115548185.0,
    "sum_err": 0.11595680037284109,
    "query_dur_ms_est": 10.088682174682617,
    "query_dur_ms_real": 2188.521385192871,
    "query_dur_ms_err": 0.9953901834165566,
    "order": [
        0,
        1,
        2,
        3,
        4,
        5,
        6,
        7,
        9,
        8
    ],
    "groupby": false
}