{
    "timestamp": "2022-07-27 18:37:16.616409",
    "dataset": "dmv.csv",
    "model": "dmv.csv-2.6MB-model16.669*",
    "query": "'SELECT Weight_100 FROM dmv.csv WHERE Record Type=SNOW AND State>=HI<=SS AND County>=CORTLAND<=SCHOHARIE AND Suspension Indicator=N AND Revocation Indicator=N AND Model Year>=2004.0'",
    "avg_est": 28.783357620239258,
    "avg_real": NaN,
    "avg_err": NaN,
    "count_est": 60028.446991534904,
    "count_real": 62754,
    "count_err": 0.04343233910930134,
    "sum_est": 1727820.2571449245,
    "sum_real": 0.0,
    "sum_err": "result=0!",
    "query_dur_ms_est": 10.154008865356445,
    "query_dur_ms_real": 2188.521385192871,
    "query_dur_ms_err": 0.9953603337239213,
    "order": [
        0,
        1,
        2,
        3,
        4,
        5,
        6,
        7,
        8,
        9
    ],
    "groupby": false
}