{
    "timestamp": "2022-07-27 18:03:48.913151",
    "dataset": "dmv.csv",
    "model": "dmv.csv-2.6MB-model16.669*",
    "query": "'SELECT Weight_100 FROM dmv.csv WHERE Record Type=BOAT AND Suspension Indicator=Y AND Revocation Indicator=Y'",
    "avg_est": 28.59813690185547,
    "avg_real": NaN,
    "avg_err": NaN,
    "count_est": 0.0006772101497155153,
    "count_real": 0,
    "count_err": "result=0!",
    "sum_est": 0.019366948572890345,
    "sum_real": 0.0,
    "sum_err": "result=0!",
    "query_dur_ms_est": 10.036230087280273,
    "query_dur_ms_real": 2188.521385192871,
    "query_dur_ms_err": 0.9954141503230521,
    "order": [
        0,
        1,
        2,
        3,
        4,
        5,
        6,
        7,
        8,
        9
    ],
    "groupby": false
}