{
    "timestamp": "2022-07-27 17:53:54.876037",
    "dataset": "dmv.csv",
    "model": "dmv.csv-2.6MB-model16.669*",
    "query": "'SELECT Weight_100 FROM dmv.csv WHERE Fuel Type=COMP N/G AND Revocation Indicator=N'",
    "avg_est": 37.32746887207031,
    "avg_real": 25.596994535519126,
    "avg_err": 0.4582754557482771,
    "count_est": 3834.269645204884,
    "count_real": 3388,
    "count_err": 0.1317206744996706,
    "sum_est": 143123.58082850938,
    "sum_real": 56211.0,
    "sum_err": 1.5461845693638145,
    "query_dur_ms_est": 10.023117065429688,
    "query_dur_ms_real": 2188.521385192871,
    "query_dur_ms_err": 0.995420142049676,
    "order": [
        0,
        1,
        2,
        3,
        4,
        5,
        6,
        7,
        8,
        9
    ],
    "groupby": false
}