{
    "timestamp": "2022-07-27 17:47:12.103044",
    "dataset": "dmv.csv",
    "model": "dmv.csv-2.6MB-model16.669*",
    "query": "'SELECT Model Year FROM dmv.csv WHERE State=MD AND County>=YATES'",
    "avg_est": 2015.16455078125,
    "avg_real": 1989.0,
    "avg_err": 0.013154625832704877,
    "count_est": 7.228715785289069,
    "count_real": 1,
    "count_err": 6.228715785289069,
    "sum_est": 14567.051798187376,
    "sum_real": 1989.0,
    "sum_err": 6.323806836695513,
    "query_dur_ms_est": 9.980201721191406,
    "query_dur_ms_real": 2188.521385192871,
    "query_dur_ms_err": 0.9954397513368087,
    "order": [
        0,
        1,
        2,
        3,
        4,
        5,
        6,
        7,
        9,
        8
    ],
    "groupby": false
}