{
    "timestamp": "2022-07-27 17:34:21.417565",
    "dataset": "dmv.csv",
    "model": "dmv.csv-2.6MB-model16.669*",
    "query": "'SELECT Model Year FROM dmv.csv WHERE Registration Class>=MOT<=VPL'",
    "avg_est": 2012.5283203125,
    "avg_real": 2012.9929231247047,
    "avg_err": 0.00023080200971770665,
    "count_est": 10751940.796049595,
    "count_real": 10831334,
    "count_err": 0.00732995621318714,
    "sum_est": 21638585350.373135,
    "sum_real": 21803398690.0,
    "sum_err": 0.0075590664542797194,
    "query_dur_ms_est": 10.126352310180664,
    "query_dur_ms_real": 2188.521385192871,
    "query_dur_ms_err": 0.9953729708200735,
    "order": [
        0,
        1,
        2,
        3,
        4,
        5,
        6,
        7,
        9,
        8
    ],
    "groupby": false
}