{
    "timestamp": "2022-07-27 17:37:21.200201",
    "dataset": "dmv.csv",
    "model": "dmv.csv-2.6MB-model16.669*",
    "query": "'SELECT Model Year FROM dmv.csv WHERE Revocation Indicator=Y AND Registration Class<=HAC'",
    "avg_est": 2012.660400390625,
    "avg_real": 2003.0,
    "avg_err": 0.004822965746692462,
    "count_est": 10.452202627076758,
    "count_real": 1,
    "count_err": 9.452202627076758,
    "sum_est": 21036.73432437625,
    "sum_real": 2003.0,
    "sum_err": 9.502613242324639,
    "query_dur_ms_est": 10.052919387817383,
    "query_dur_ms_real": 2188.521385192871,
    "query_dur_ms_err": 0.9954065244891672,
    "order": [
        0,
        1,
        2,
        3,
        4,
        5,
        6,
        7,
        9,
        8
    ],
    "groupby": false
}