{
    "timestamp": "2022-07-27 18:16:24.581554",
    "dataset": "dmv.csv",
    "model": "dmv.csv-2.6MB-model16.669*",
    "query": "'SELECT Weight_100 FROM dmv.csv WHERE Suspension Indicator=N'",
    "avg_est": 46.29927062988281,
    "avg_real": 49.46856710920306,
    "avg_err": 0.06406687447250992,
    "count_est": 12509442.516447783,
    "count_real": 12505841,
    "count_err": 0.0002879867453762219,
    "sum_est": 579178064.4979782,
    "sum_real": 473815872.0,
    "sum_err": 0.22236948722979505,
    "query_dur_ms_est": 10.064125061035156,
    "query_dur_ms_real": 2188.521385192871,
    "query_dur_ms_err": 0.9954014042864159,
    "order": [
        0,
        1,
        2,
        3,
        4,
        5,
        6,
        7,
        8,
        9
    ],
    "groupby": false
}