{
    "timestamp": "2022-07-27 18:18:23.688309",
    "dataset": "dmv.csv",
    "model": "dmv.csv-2.6MB-model16.669*",
    "query": "'SELECT Model Year FROM dmv.csv WHERE County<=WAYNE AND Scofflaw Indicator=Y AND Revocation Indicator=N AND Registration Class>=OMT<=VPL'",
    "avg_est": 2013.32275390625,
    "avg_real": 2013.717754088296,
    "avg_err": 0.00019615469012183783,
    "count_est": 15760.693642638158,
    "count_real": 17917,
    "count_err": 0.12034974367147636,
    "sum_est": 31731363.128068984,
    "sum_real": 36079781.0,
    "sum_err": 0.12052229119492207,
    "query_dur_ms_est": 10.095596313476562,
    "query_dur_ms_real": 2188.521385192871,
    "query_dur_ms_err": 0.9953870241425186,
    "order": [
        0,
        1,
        2,
        3,
        4,
        5,
        6,
        7,
        9,
        8
    ],
    "groupby": false
}