{
    "timestamp": "2022-07-27 17:59:31.304238",
    "dataset": "dmv.csv",
    "model": "dmv.csv-2.6MB-model16.669*",
    "query": "'SELECT Weight_100 FROM dmv.csv WHERE County<=GENESEE AND Scofflaw Indicator=N AND Suspension Indicator=N'",
    "avg_est": 45.37555694580078,
    "avg_real": 47.80327279595913,
    "avg_err": 0.05078555730944781,
    "count_est": 2702136.8376491666,
    "count_real": 2702658,
    "count_err": 0.00019283325927047225,
    "sum_est": 122610963.95209579,
    "sum_real": 93891890.0,
    "sum_err": 0.30587385078834595,
    "query_dur_ms_est": 10.085582733154297,
    "query_dur_ms_real": 2188.521385192871,
    "query_dur_ms_err": 0.9953915996428495,
    "order": [
        0,
        1,
        2,
        3,
        4,
        5,
        6,
        7,
        8,
        9
    ],
    "groupby": false
}