{
    "timestamp": "2022-07-27 18:53:44.931310",
    "dataset": "dmv.csv",
    "model": "dmv.csv-2.6MB-model16.669*",
    "query": "'SELECT Model Year FROM dmv.csv WHERE Scofflaw Indicator=N'",
    "avg_est": 2012.05859375,
    "avg_real": 2012.132893623007,
    "avg_err": 3.692592732940136e-05,
    "count_est": 12628088.86582017,
    "count_real": 12625910,
    "count_err": 0.00017257099252009946,
    "sum_est": 25408454725.112164,
    "sum_real": 25404964556.0,
    "sum_err": 0.00013738138088995112,
    "query_dur_ms_est": 9.88912582397461,
    "query_dur_ms_real": 2188.521385192871,
    "query_dur_ms_err": 0.9954813666017236,
    "order": [
        0,
        1,
        2,
        3,
        4,
        5,
        6,
        7,
        9,
        8
    ],
    "groupby": false
}