{
    "timestamp": "2022-07-27 17:34:16.318240",
    "dataset": "dmv.csv",
    "model": "dmv.csv-2.6MB-model16.669*",
    "query": "'SELECT Weight_100 FROM dmv.csv WHERE Revocation Indicator=N'",
    "avg_est": 47.10044860839844,
    "avg_real": 49.466124927671096,
    "avg_err": 0.04782416901933856,
    "count_est": 12641157.13534069,
    "count_real": 12640636,
    "count_err": 4.1226987367614476e-05,
    "sum_est": 595404172.0038034,
    "sum_real": 480016061.0,
    "sum_err": 0.24038385458065614,
    "query_dur_ms_est": 9.931325912475586,
    "query_dur_ms_real": 2188.521385192871,
    "query_dur_ms_err": 0.9954620841360431,
    "order": [
        0,
        1,
        2,
        3,
        4,
        5,
        6,
        7,
        8,
        9
    ],
    "groupby": false
}