{
    "timestamp": "2022-07-27 18:22:29.718943",
    "dataset": "dmv.csv",
    "model": "dmv.csv-2.6MB-model16.669*",
    "query": "'SELECT Model Year FROM dmv.csv WHERE County>=OSWEGO AND Suspension Indicator=N AND Revocation Indicator=Y AND Registration Class<=STA AND Weight_100>=79.0'",
    "avg_est": 2014.296630859375,
    "avg_real": 2012.25,
    "avg_err": 0.0010170857792893527,
    "count_est": 6.311894169242805,
    "count_real": 4,
    "count_err": 0.5779735423107013,
    "sum_est": 12714.027159446716,
    "sum_real": 8049.0,
    "sum_err": 0.5795784767606803,
    "query_dur_ms_est": 10.158300399780273,
    "query_dur_ms_real": 2188.521385192871,
    "query_dur_ms_err": 0.995358372795208,
    "order": [
        0,
        1,
        2,
        3,
        4,
        5,
        6,
        7,
        9,
        8
    ],
    "groupby": false
}