{
    "timestamp": "2022-07-27 17:58:13.073265",
    "dataset": "dmv.csv",
    "model": "dmv.csv-2.6MB-model16.669*",
    "query": "'SELECT Model Year FROM dmv.csv WHERE County<=SULLIVAN'",
    "avg_est": 2011.9915771484375,
    "avg_real": 2012.1657081245105,
    "avg_err": 8.653908342136742e-05,
    "count_est": 11295171.355256557,
    "count_real": 11304862,
    "count_err": 0.0008572103528059463,
    "sum_est": 22725789629.224495,
    "sum_real": 22747213396.0,
    "sum_err": 0.0009418193957450781,
    "query_dur_ms_est": 10.064125061035156,
    "query_dur_ms_real": 2188.521385192871,
    "query_dur_ms_err": 0.9954014042864159,
    "order": [
        0,
        1,
        2,
        3,
        4,
        5,
        6,
        7,
        9,
        8
    ],
    "groupby": false
}