{
    "timestamp": "2022-07-27 19:02:33.904984",
    "dataset": "dmv.csv",
    "model": "dmv.csv-2.6MB-model16.669*",
    "query": "'SELECT Weight_100 FROM dmv.csv WHERE Registration Class<=LMA AND Model Year>=1945.0'",
    "avg_est": 35.904296875,
    "avg_real": 44.888991543135546,
    "avg_err": 0.20015363141989523,
    "count_est": 1493377.027102977,
    "count_real": 1394510,
    "count_err": 0.07089732386499704,
    "sum_est": 53618652.12741021,
    "sum_real": 12972739.0,
    "sum_err": 3.1331789784262374,
    "query_dur_ms_est": 9.952068328857422,
    "query_dur_ms_real": 2188.521385192871,
    "query_dur_ms_err": 0.995452606313929,
    "order": [
        0,
        1,
        2,
        3,
        4,
        5,
        6,
        7,
        8,
        9
    ],
    "groupby": false
}