{
    "timestamp": "2022-07-27 18:28:11.100123",
    "dataset": "dmv.csv",
    "model": "dmv.csv-2.6MB-model16.669*",
    "query": "'SELECT Model Year FROM dmv.csv WHERE Scofflaw Indicator=N'",
    "avg_est": 2011.9454345703125,
    "avg_real": 2012.132893623007,
    "avg_err": 9.316434977462455e-05,
    "count_est": 12628277.310613394,
    "count_real": 12625910,
    "count_err": 0.00018749623697569392,
    "sum_est": 25407404881.57648,
    "sum_real": 25404964556.0,
    "sum_err": 9.605703527362424e-05,
    "query_dur_ms_est": 9.858846664428711,
    "query_dur_ms_real": 2188.521385192871,
    "query_dur_ms_err": 0.9954952020432005,
    "order": [
        0,
        1,
        2,
        3,
        4,
        5,
        6,
        7,
        9,
        8
    ],
    "groupby": false
}