{
    "timestamp": "2022-07-27 18:47:28.492717",
    "dataset": "dmv.csv",
    "model": "dmv.csv-2.6MB-model16.669*",
    "query": "'SELECT Model Year FROM dmv.csv WHERE County>=COLUMBIA<=NEW YORK AND Suspension Indicator=Y'",
    "avg_est": 2011.40380859375,
    "avg_real": 2012.0936139614428,
    "avg_err": 0.000342829659070718,
    "count_est": 49693.262973943725,
    "count_real": 51456,
    "count_err": 0.03425717168175285,
    "sum_est": 99953218.4072412,
    "sum_real": 103534289.0,
    "sum_err": 0.03458825696633513,
    "query_dur_ms_est": 9.984970092773438,
    "query_dur_ms_real": 2188.521385192871,
    "query_dur_ms_err": 0.9954375725271273,
    "order": [
        0,
        1,
        2,
        3,
        4,
        5,
        6,
        7,
        9,
        8
    ],
    "groupby": false
}