{
    "timestamp": "2022-07-27 18:33:10.834891",
    "dataset": "dmv.csv",
    "model": "dmv.csv-2.6MB-model16.669*",
    "query": "'SELECT Weight_100 FROM dmv.csv WHERE Scofflaw Indicator=N AND Suspension Indicator=Y'",
    "avg_est": 48.66429901123047,
    "avg_real": 49.31578734684641,
    "avg_err": 0.013210543127577279,
    "count_est": 134834.86422351748,
    "count_real": 138196,
    "count_err": 0.024321512753498815,
    "sum_est": 6561644.149711916,
    "sum_real": 6101941.0,
    "sum_err": 0.07533720003387713,
    "query_dur_ms_est": 9.956836700439453,
    "query_dur_ms_real": 2188.521385192871,
    "query_dur_ms_err": 0.9954504275042476,
    "order": [
        0,
        1,
        2,
        3,
        4,
        5,
        6,
        7,
        8,
        9
    ],
    "groupby": false
}