{
    "timestamp": "2022-07-27 18:10:26.257530",
    "dataset": "dmv.csv",
    "model": "dmv.csv-2.6MB-model16.669*",
    "query": "'SELECT Model Year FROM dmv.csv WHERE Fuel Type=OTHER AND Scofflaw Indicator=Y'",
    "avg_est": 2016.303466796875,
    "avg_real": NaN,
    "avg_err": NaN,
    "count_est": 0.9917517914862515,
    "count_real": 0,
    "count_err": "result=0!",
    "sum_est": 1999.6725753757403,
    "sum_real": 0.0,
    "sum_err": "result=0!",
    "query_dur_ms_est": 10.072946548461914,
    "query_dur_ms_real": 2188.521385192871,
    "query_dur_ms_err": 0.9953973734885052,
    "order": [
        0,
        1,
        2,
        3,
        4,
        5,
        6,
        7,
        9,
        8
    ],
    "groupby": false
}