{
    "timestamp": "2022-07-27 17:45:48.472189",
    "dataset": "dmv.csv",
    "model": "dmv.csv-2.6MB-model16.669*",
    "query": "'SELECT Model Year FROM dmv.csv WHERE State>=AB'",
    "avg_est": 2011.913330078125,
    "avg_real": 2012.1353671956126,
    "avg_err": 0.00011034899595104164,
    "count_est": 12646304.693312407,
    "count_real": 12646306,
    "count_err": 1.0332563465252882e-07,
    "sum_est": 25443268988.704784,
    "sum_real": 25446035300.0,
    "sum_err": 0.00010871286086817645,
    "query_dur_ms_est": 9.947061538696289,
    "query_dur_ms_real": 2188.521385192871,
    "query_dur_ms_err": 0.9954548940640945,
    "order": [
        0,
        1,
        2,
        3,
        4,
        5,
        6,
        7,
        9,
        8
    ],
    "groupby": false
}