{
    "timestamp": "2022-07-27 18:49:09.992602",
    "dataset": "dmv.csv",
    "model": "dmv.csv-2.6MB-model16.669*",
    "query": "'SELECT Model Year FROM dmv.csv WHERE Suspension Indicator=Y AND Registration Class=FAR'",
    "avg_est": 2004.050048828125,
    "avg_real": 1999.8372093023256,
    "avg_err": 0.0021065912296276837,
    "count_est": 31.781845823765252,
    "count_real": 43,
    "count_err": 0.2608873064240639,
    "sum_est": 63692.40967496469,
    "sum_real": 85993.0,
    "sum_err": 0.25933029810607033,
    "query_dur_ms_est": 9.940385818481445,
    "query_dur_ms_real": 2188.521385192871,
    "query_dur_ms_err": 0.9954579443976485,
    "order": [
        0,
        1,
        2,
        3,
        4,
        5,
        6,
        7,
        9,
        8
    ],
    "groupby": false
}