{
    "timestamp": "2022-07-27 18:05:22.733098",
    "dataset": "dmv.csv",
    "model": "dmv.csv-2.6MB-model16.669*",
    "query": "'SELECT Weight_100 FROM dmv.csv WHERE Model Year<=1999.0'",
    "avg_est": 37.09968948364258,
    "avg_real": 37.0373173878034,
    "avg_err": 0.0016840338404130616,
    "count_est": 918571.8832345009,
    "count_real": 911036,
    "count_err": 0.008271773271858506,
    "sum_est": 34078731.63640477,
    "sum_real": 18030655.0,
    "sum_err": 0.8900440187228233,
    "query_dur_ms_est": 10.02359390258789,
    "query_dur_ms_real": 2188.521385192871,
    "query_dur_ms_err": 0.9954199241687078,
    "order": [
        0,
        1,
        2,
        3,
        4,
        5,
        6,
        7,
        8,
        9
    ],
    "groupby": false
}