{
    "timestamp": "2022-07-27 18:47:16.081326",
    "dataset": "dmv.csv",
    "model": "dmv.csv-2.6MB-model16.669*",
    "query": "'SELECT Weight_100 FROM dmv.csv WHERE Record Type=TRL AND State>=GU<=NJ AND County>=WESTCHESTER AND Scofflaw Indicator=N AND Suspension Indicator=N AND Revocation Indicator=N'",
    "avg_est": 45.14091873168945,
    "avg_real": 97.0,
    "avg_err": 0.5346297037970159,
    "count_est": 52.334249856761744,
    "count_real": 20,
    "count_err": 1.6167124928380872,
    "sum_est": 2362.4161196680125,
    "sum_real": 97.0,
    "sum_err": 23.354805357402192,
    "query_dur_ms_est": 10.176897048950195,
    "query_dur_ms_real": 2188.521385192871,
    "query_dur_ms_err": 0.9953498754374505,
    "order": [
        0,
        1,
        2,
        3,
        4,
        5,
        6,
        7,
        8,
        9
    ],
    "groupby": false
}