{
    "timestamp": "2022-07-27 19:04:14.370170",
    "dataset": "dmv.csv",
    "model": "dmv.csv-2.6MB-model16.669*",
    "query": "'SELECT Weight_100 FROM dmv.csv WHERE State>=AN<=US AND Registration Class<=PHS'",
    "avg_est": 46.722381591796875,
    "avg_real": 48.48998895621418,
    "avg_err": 0.0364530370591222,
    "count_est": 11766292.383667469,
    "count_real": 11715686,
    "count_err": 0.004319540799187433,
    "sum_est": 549749202.6703647,
    "sum_real": 445392962.0,
    "sum_err": 0.2343015035571324,
    "query_dur_ms_est": 10.106086730957031,
    "query_dur_ms_real": 2188.521385192871,
    "query_dur_ms_err": 0.9953822307612195,
    "order": [
        0,
        1,
        2,
        3,
        4,
        5,
        6,
        7,
        8,
        9
    ],
    "groupby": false
}