{
    "timestamp": "2022-07-27 18:39:52.546123",
    "dataset": "dmv.csv",
    "model": "dmv.csv-2.6MB-model16.669*",
    "query": "'SELECT Model Year FROM dmv.csv WHERE Registration Class<=ATV'",
    "avg_est": 2010.9249267578125,
    "avg_real": 2010.876602587214,
    "avg_err": 2.403139533096542e-05,
    "count_est": 151153.45309317112,
    "count_real": 138682,
    "count_err": 0.08992841964473486,
    "sum_est": 303958246.5905756,
    "sum_real": 278872389.0,
    "sum_err": 0.08995461214546979,
    "query_dur_ms_est": 9.95182991027832,
    "query_dur_ms_real": 2188.521385192871,
    "query_dur_ms_err": 0.995452715254413,
    "order": [
        0,
        1,
        2,
        3,
        4,
        5,
        6,
        7,
        9,
        8
    ],
    "groupby": false
}