{
    "timestamp": "2022-07-26 12:24:26.675486",
    "dataset": "dmv.csv",
    "model": "dmv.csv-37.9MB*",
    "query": "'SELECT Model Year FROM dmv.csv WHERE Scofflaw Indicator=N AND Suspension Indicator=Y'",
    "avg_est": 2010.877197265625,
    "avg_real": 2011.939339778286,
    "avg_err": 0.0005279197496968567,
    "count_est": 144024.72789908946,
    "count_real": 138196,
    "count_err": 0.04217725476200075,
    "sum_est": 289616041.1746653,
    "sum_real": 278041969.0,
    "sum_err": 0.04162706880652709,
    "query_dur_ms_est": 126.8157958984375,
    "query_dur_ms_real": 1886.7831230163574,
    "query_dur_ms_err": 0.932787295820359,
    "order": [
        0,
        1,
        2,
        3,
        4,
        5,
        6,
        7,
        8,
        9,
        11,
        10
    ],
    "groupby": false
}