{
    "timestamp": "2022-07-27 17:37:48.599070",
    "dataset": "dmv.csv",
    "model": "dmv.csv-2.6MB-model16.669*",
    "query": "'SELECT Weight_100 FROM dmv.csv WHERE Record Type=VEH AND Revocation Indicator=N'",
    "avg_est": 48.31806564331055,
    "avg_real": 49.0306729411696,
    "avg_err": 0.014533908166304123,
    "count_est": 11383553.470837116,
    "count_real": 11386786,
    "count_err": 0.00028388424643123694,
    "sum_est": 550031283.8580434,
    "sum_real": 470117026.0,
    "sum_err": 0.1699880103003192,
    "query_dur_ms_est": 10.04648208618164,
    "query_dur_ms_real": 2188.521385192871,
    "query_dur_ms_err": 0.9954094658822371,
    "order": [
        0,
        1,
        2,
        3,
        4,
        5,
        6,
        7,
        8,
        9
    ],
    "groupby": false
}