{
    "timestamp": "2022-07-26 19:19:35.007944",
    "dataset": "dmv.csv",
    "model": "dmv.csv-32.5MB*",
    "query": "'SELECT Model Year FROM dmv.csv WHERE Fuel Type=nan'",
    "avg_est": 2012.6497802734375,
    "avg_real": NaN,
    "avg_err": NaN,
    "count_est": 0.0,
    "count_real": 0,
    "count_err": "result=0!",
    "sum_est": 0.0,
    "sum_real": 0.0,
    "sum_err": "result=0!",
    "query_dur_ms_est": 91.49312973022461,
    "query_dur_ms_real": 1141.6544914245605,
    "query_dur_ms_err": 0.9198591776956448,
    "order": [
        0,
        1,
        2,
        3,
        4,
        5,
        6,
        7,
        9,
        8
    ],
    "groupby": false
}