{
    "timestamp": "2022-07-27 18:46:21.899326",
    "dataset": "dmv.csv",
    "model": "dmv.csv-2.6MB-model16.669*",
    "query": "'SELECT Weight_100 FROM dmv.csv WHERE State=TN AND County>=CHAUTAUQUA<=MONTGOMERY AND Fuel Type=DIESEL AND Model Year>=1921.0'",
    "avg_est": 53.325584411621094,
    "avg_real": NaN,
    "avg_err": NaN,
    "count_est": 16.25292922425706,
    "count_real": 7,
    "count_err": 1.3218470320367228,
    "sum_est": 866.6969492842231,
    "sum_real": 0.0,
    "sum_err": "result=0!",
    "query_dur_ms_est": 10.083436965942383,
    "query_dur_ms_real": 2188.521385192871,
    "query_dur_ms_err": 0.9953925801072061,
    "order": [
        0,
        1,
        2,
        3,
        4,
        5,
        6,
        7,
        8,
        9
    ],
    "groupby": false
}