{
    "timestamp": "2022-07-26 19:18:46.030611",
    "dataset": "dmv.csv",
    "model": "dmv.csv-32.5MB*",
    "query": "'SELECT Model Year FROM dmv.csv WHERE County>=BRONX<=BROOME AND Registration Class>=CME'",
    "avg_est": 2012.13720703125,
    "avg_real": 2012.5111816470476,
    "avg_err": 0.00018582486358734979,
    "count_est": 466244.50116305053,
    "count_real": 463751,
    "count_err": 0.00537681032073361,
    "sum_est": 938147908.3638989,
    "sum_real": 933304073.0,
    "sum_err": 0.0051899863121018155,
    "query_dur_ms_est": 96.02665901184082,
    "query_dur_ms_real": 1141.6544914245605,
    "query_dur_ms_err": 0.9158881607937105,
    "order": [
        0,
        1,
        2,
        3,
        4,
        5,
        6,
        7,
        9,
        8
    ],
    "groupby": false
}