{
    "timestamp": "2022-07-27 18:59:52.012407",
    "dataset": "dmv.csv",
    "model": "dmv.csv-2.6MB-model16.669*",
    "query": "'SELECT Weight_100 FROM dmv.csv WHERE Fuel Type=DIESEL'",
    "avg_est": 54.303382873535156,
    "avg_real": 80.10316626565907,
    "avg_err": 0.32208194251098543,
    "count_est": 473463.0674123019,
    "count_real": 481499,
    "count_err": 0.016689406598348288,
    "sum_est": 25710646.226168618,
    "sum_real": 14182586.0,
    "sum_err": 0.8128320340288165,
    "query_dur_ms_est": 9.997367858886719,
    "query_dur_ms_real": 2188.521385192871,
    "query_dur_ms_err": 0.9954319076219557,
    "order": [
        0,
        1,
        2,
        3,
        4,
        5,
        6,
        7,
        8,
        9
    ],
    "groupby": false
}