{
    "timestamp": "2022-07-27 17:54:48.813856",
    "dataset": "dmv.csv",
    "model": "dmv.csv-2.6MB-model16.669*",
    "query": "'SELECT Model Year FROM dmv.csv WHERE Record Type=VEH AND Weight_100>=77.0'",
    "avg_est": 2012.8779296875,
    "avg_real": 2013.882101819006,
    "avg_err": 0.0004986250836625623,
    "count_est": 2192335.442536235,
    "count_real": 2135122,
    "count_err": 0.026796334137456714,
    "sum_est": 4412903626.752866,
    "sum_real": 4299883981.0,
    "sum_err": 0.026284347729443026,
    "query_dur_ms_est": 9.989738464355469,
    "query_dur_ms_real": 2188.521385192871,
    "query_dur_ms_err": 0.9954353937174458,
    "order": [
        0,
        1,
        2,
        3,
        4,
        5,
        6,
        7,
        9,
        8
    ],
    "groupby": false
}