{
    "timestamp": "2022-07-27 18:52:20.716367",
    "dataset": "dmv.csv",
    "model": "dmv.csv-2.6MB-model16.669*",
    "query": "'SELECT Weight_100 FROM dmv.csv WHERE Record Type=VEH AND State<=NT AND County>=MONTGOMERY AND Fuel Type=NONE AND Scofflaw Indicator=N AND Suspension Indicator=N AND Revocation Indicator=Y AND Registration Class=ITP AND Model Year>=1955.0<=1976.0'",
    "avg_est": 42.43401336669922,
    "avg_real": NaN,
    "avg_err": NaN,
    "count_est": 4.447365810363469e-05,
    "count_real": 0,
    "count_err": "result=0!",
    "sum_est": 0.0018871958024356454,
    "sum_real": 0.0,
    "sum_err": "result=0!",
    "query_dur_ms_est": 10.220527648925781,
    "query_dur_ms_real": 2188.521385192871,
    "query_dur_ms_err": 0.9953299393288656,
    "order": [
        0,
        1,
        2,
        3,
        4,
        5,
        6,
        7,
        8,
        9
    ],
    "groupby": false
}