{
    "timestamp": "2022-07-27 19:04:20.177973",
    "dataset": "dmv.csv",
    "model": "dmv.csv-2.6MB-model16.669*",
    "query": "'SELECT Model Year FROM dmv.csv WHERE Revocation Indicator=Y'",
    "avg_est": 2013.937744140625,
    "avg_real": 2015.9639084507041,
    "avg_err": 0.0010050598136135652,
    "count_est": 5399.330521038268,
    "count_real": 5680,
    "count_err": 0.049413640662276805,
    "sum_est": 10873915.529409435,
    "sum_real": 11450675.0,
    "sum_err": 0.05036903681141639,
    "query_dur_ms_est": 9.889602661132812,
    "query_dur_ms_real": 2188.521385192871,
    "query_dur_ms_err": 0.9954811487207554,
    "order": [
        0,
        1,
        2,
        3,
        4,
        5,
        6,
        7,
        9,
        8
    ],
    "groupby": false
}