{
    "timestamp": "2022-07-27 17:51:45.632197",
    "dataset": "dmv.csv",
    "model": "dmv.csv-2.6MB-model16.669*",
    "query": "'SELECT Model Year FROM dmv.csv WHERE Record Type=VEH AND State>=AZ AND County>=ALBANY<=SARATOGA AND Fuel Type=PROPANE AND Scofflaw Indicator=N AND Suspension Indicator=Y AND Revocation Indicator=Y AND Registration Class<=HIR AND Weight_100>=53.0<=74.0'",
    "avg_est": 2013.05859375,
    "avg_real": NaN,
    "avg_err": NaN,
    "count_est": 3.234876117005613e-10,
    "count_real": 0,
    "count_err": "result=0!",
    "sum_est": 6.51199516705478e-07,
    "sum_real": 0.0,
    "sum_err": "result=0!",
    "query_dur_ms_est": 10.352849960327148,
    "query_dur_ms_real": 2188.521385192871,
    "query_dur_ms_err": 0.9952694773602064,
    "order": [
        0,
        1,
        2,
        3,
        4,
        5,
        6,
        7,
        9,
        8
    ],
    "groupby": false
}