{
    "timestamp": "2022-07-27 17:34:31.573409",
    "dataset": "dmv.csv",
    "model": "dmv.csv-2.6MB-model16.669*",
    "query": "'SELECT Weight_100 FROM dmv.csv WHERE Record Type=SNOW AND Fuel Type=ELECTRIC'",
    "avg_est": 38.74823760986328,
    "avg_real": NaN,
    "avg_err": NaN,
    "count_est": 0.00134713043588916,
    "count_real": 0,
    "count_err": "result=0!",
    "sum_est": 0.05219893022131187,
    "sum_real": 0.0,
    "sum_err": "result=0!",
    "query_dur_ms_est": 10.058403015136719,
    "query_dur_ms_real": 2188.521385192871,
    "query_dur_ms_err": 0.9954040188580335,
    "order": [
        0,
        1,
        2,
        3,
        4,
        5,
        6,
        7,
        8,
        9
    ],
    "groupby": false
}