{
    "timestamp": "2022-07-27 17:51:53.720351",
    "dataset": "dmv.csv",
    "model": "dmv.csv-2.6MB-model16.669*",
    "query": "'SELECT Model Year FROM dmv.csv WHERE State>=VT<=VT AND Suspension Indicator=N'",
    "avg_est": 2012.81494140625,
    "avg_real": 2007.190410958904,
    "avg_err": 0.002802190772054805,
    "count_est": 724.402350296572,
    "count_real": 730,
    "count_err": 0.007668013292367168,
    "sum_est": 1458087.8742667444,
    "sum_real": 1465249.0,
    "sum_err": 0.004887309756400203,
    "query_dur_ms_est": 10.027408599853516,
    "query_dur_ms_real": 2188.521385192871,
    "query_dur_ms_err": 0.9954181811209627,
    "order": [
        0,
        1,
        2,
        3,
        4,
        5,
        6,
        7,
        9,
        8
    ],
    "groupby": false
}