{
    "timestamp": "2022-07-27 18:25:38.057396",
    "dataset": "dmv.csv",
    "model": "dmv.csv-2.6MB-model16.669*",
    "query": "'SELECT Model Year FROM dmv.csv WHERE Record Type=BOAT AND Revocation Indicator=Y'",
    "avg_est": 2007.329833984375,
    "avg_real": NaN,
    "avg_err": NaN,
    "count_est": 3.121380709338382,
    "count_real": 0,
    "count_err": "result=0!",
    "sum_est": 6265.640621078245,
    "sum_real": 0.0,
    "sum_err": "result=0!",
    "query_dur_ms_est": 10.03575325012207,
    "query_dur_ms_real": 2188.521385192871,
    "query_dur_ms_err": 0.9954143682040203,
    "order": [
        0,
        1,
        2,
        3,
        4,
        5,
        6,
        7,
        9,
        8
    ],
    "groupby": false
}