{
    "timestamp": "2022-07-26 19:18:41.769666",
    "dataset": "dmv.csv",
    "model": "dmv.csv-32.5MB*",
    "query": "'SELECT Unladen Weight FROM dmv.csv WHERE County<=LEWIS'",
    "avg_est": 4060.542236328125,
    "avg_real": 4298.146631135072,
    "avg_err": 0.055280662852630454,
    "count_est": 3609627.601707697,
    "count_real": 3592205,
    "count_err": 0.004850113428297359,
    "sum_est": 14657045334.149899,
    "sum_real": 11474113041.0,
    "sum_err": 0.27740116223157735,
    "query_dur_ms_est": 91.95828437805176,
    "query_dur_ms_real": 1141.6544914245605,
    "query_dur_ms_err": 0.9194517386225093,
    "order": [
        0,
        1,
        2,
        3,
        4,
        5,
        6,
        7,
        8,
        9
    ],
    "groupby": false
}