{
    "timestamp": "2022-07-27 18:54:03.100108",
    "dataset": "dmv.csv",
    "model": "dmv.csv-2.6MB-model16.669*",
    "query": "'SELECT Model Year FROM dmv.csv WHERE Revocation Indicator=N'",
    "avg_est": 2012.141845703125,
    "avg_real": 2012.1336450903414,
    "avg_err": 4.075580567746621e-06,
    "count_est": 12641858.149971485,
    "count_real": 12640636,
    "count_err": 9.668421521552697e-05,
    "sum_est": 25437211791.000717,
    "sum_real": 25434604724.0,
    "sum_err": 0.00010250078697928984,
    "query_dur_ms_est": 9.915351867675781,
    "query_dur_ms_real": 2188.521385192871,
    "query_dur_ms_err": 0.9954693831484759,
    "order": [
        0,
        1,
        2,
        3,
        4,
        5,
        6,
        7,
        9,
        8
    ],
    "groupby": false
}