{
    "timestamp": "2022-07-27 17:57:39.790256",
    "dataset": "dmv.csv",
    "model": "dmv.csv-2.6MB-model16.669*",
    "query": "'SELECT Weight_100 FROM dmv.csv WHERE Suspension Indicator=N'",
    "avg_est": 47.01665115356445,
    "avg_real": 49.46856710920306,
    "avg_err": 0.049565129918275996,
    "count_est": 12509735.73654604,
    "count_real": 12505841,
    "count_err": 0.0003114333970853765,
    "sum_est": 588165881.1484638,
    "sum_real": 473815872.0,
    "sum_err": 0.24133849435179716,
    "query_dur_ms_est": 9.918689727783203,
    "query_dur_ms_real": 2188.521385192871,
    "query_dur_ms_err": 0.9954678579816989,
    "order": [
        0,
        1,
        2,
        3,
        4,
        5,
        6,
        7,
        8,
        9
    ],
    "groupby": false
}