{
    "timestamp": "2022-07-27 18:03:58.857392",
    "dataset": "dmv.csv",
    "model": "dmv.csv-2.6MB-model16.669*",
    "query": "'SELECT Model Year FROM dmv.csv WHERE County<=ORANGE AND Scofflaw Indicator=N AND Suspension Indicator=N AND Revocation Indicator=N'",
    "avg_est": 2012.198486328125,
    "avg_real": 2012.1217919742278,
    "avg_err": 3.8116158874239935e-05,
    "count_est": 6974627.479539156,
    "count_real": 6953237,
    "count_err": 0.003076334020997121,
    "sum_est": 14034334857.031235,
    "sum_real": 13990735547.0,
    "sum_err": 0.0031162986309596595,
    "query_dur_ms_est": 10.29515266418457,
    "query_dur_ms_real": 2188.521385192871,
    "query_dur_ms_err": 0.9952958409573516,
    "order": [
        0,
        1,
        2,
        3,
        4,
        5,
        6,
        7,
        9,
        8
    ],
    "groupby": false
}