{
    "timestamp": "2022-07-27 19:03:09.545109",
    "dataset": "dmv.csv",
    "model": "dmv.csv-2.6MB-model16.669*",
    "query": "'SELECT Weight_100 FROM dmv.csv WHERE Registration Class>=LUA'",
    "avg_est": 48.77098083496094,
    "avg_real": 49.670039904640745,
    "avg_err": 0.018100631112958045,
    "count_est": 10782588.703440428,
    "count_real": 10843758,
    "count_err": 0.0056409684317532925,
    "sum_est": 525877427.0067594,
    "sum_real": 466931207.0,
    "sum_err": 0.12624176564570336,
    "query_dur_ms_est": 9.956121444702148,
    "query_dur_ms_real": 2188.521385192871,
    "query_dur_ms_err": 0.9954507543256998,
    "order": [
        0,
        1,
        2,
        3,
        4,
        5,
        6,
        7,
        8,
        9
    ],
    "groupby": false
}