{
    "timestamp": "2022-07-27 18:42:20.271713",
    "dataset": "dmv.csv",
    "model": "dmv.csv-2.6MB-model16.669*",
    "query": "'SELECT Model Year FROM dmv.csv WHERE Scofflaw Indicator=Y AND Suspension Indicator=N'",
    "avg_est": 2013.4293212890625,
    "avg_real": 2013.7802725216527,
    "avg_err": 0.00017427483890819156,
    "count_est": 15966.501856888179,
    "count_real": 18127,
    "count_err": 0.11918674591006903,
    "sum_est": 32147422.99707492,
    "sum_real": 36503795.0,
    "sum_err": 0.11934024949803382,
    "query_dur_ms_est": 9.950637817382812,
    "query_dur_ms_real": 2188.521385192871,
    "query_dur_ms_err": 0.9954532599568334,
    "order": [
        0,
        1,
        2,
        3,
        4,
        5,
        6,
        7,
        9,
        8
    ],
    "groupby": false
}