{
    "timestamp": "2022-07-27 18:52:26.456264",
    "dataset": "dmv.csv",
    "model": "dmv.csv-2.6MB-model16.669*",
    "query": "'SELECT Model Year FROM dmv.csv WHERE Scofflaw Indicator=Y'",
    "avg_est": 2013.389404296875,
    "avg_real": 2013.6647554640792,
    "avg_err": 0.00013674131528451777,
    "count_est": 17980.46288994979,
    "count_real": 20406,
    "count_err": 0.11886391796776481,
    "sum_est": 36201673.46697808,
    "sum_real": 41090843.0,
    "sum_err": 0.11898440567456646,
    "query_dur_ms_est": 9.945154190063477,
    "query_dur_ms_real": 2188.521385192871,
    "query_dur_ms_err": 0.995455765587967,
    "order": [
        0,
        1,
        2,
        3,
        4,
        5,
        6,
        7,
        9,
        8
    ],
    "groupby": false
}