{
    "timestamp": "2022-07-27 18:09:13.884786",
    "dataset": "dmv.csv",
    "model": "dmv.csv-2.6MB-model16.669*",
    "query": "'SELECT Weight_100 FROM dmv.csv WHERE Record Type=TRL AND County>=KINGS<=ULSTER'",
    "avg_est": 40.879737854003906,
    "avg_real": 85.48644121034447,
    "avg_err": 0.5217985767659121,
    "count_est": 463546.67839205265,
    "count_real": 458226,
    "count_err": 0.011611472051024278,
    "sum_est": 18949666.695761368,
    "sum_real": 5715367.0,
    "sum_err": 2.3155642841065793,
    "query_dur_ms_est": 10.034799575805664,
    "query_dur_ms_real": 2188.521385192871,
    "query_dur_ms_err": 0.9954148039659565,
    "order": [
        0,
        1,
        2,
        3,
        4,
        5,
        6,
        7,
        8,
        9
    ],
    "groupby": false
}