{
    "timestamp": "2022-07-27 17:34:23.414776",
    "dataset": "dmv.csv",
    "model": "dmv.csv-2.6MB-model16.669*",
    "query": "'SELECT Model Year FROM dmv.csv WHERE Record Type=SNOW AND County<=WAYNE AND Fuel Type=COMP N/G AND Scofflaw Indicator=N AND Weight_100>=81.0'",
    "avg_est": 2011.4617919921875,
    "avg_real": NaN,
    "avg_err": NaN,
    "count_est": 1.3094339682191937e-13,
    "count_real": 0,
    "count_err": "result=0!",
    "sum_est": 2.6338763962096205e-10,
    "sum_real": 0.0,
    "sum_err": "result=0!",
    "query_dur_ms_est": 10.216712951660156,
    "query_dur_ms_real": 2188.521385192871,
    "query_dur_ms_err": 0.9953316823766107,
    "order": [
        0,
        1,
        2,
        3,
        4,
        5,
        6,
        7,
        9,
        8
    ],
    "groupby": false
}