{
    "timestamp": "2022-07-26 12:24:18.237129",
    "dataset": "dmv.csv",
    "model": "dmv.csv-37.9MB*",
    "query": "'SELECT Unladen Weight FROM dmv.csv WHERE Fuel Type=NONE'",
    "avg_est": 3484.3203125,
    "avg_real": 10235.44443188162,
    "avg_err": 0.6595828998253411,
    "count_est": 771232.1287554055,
    "count_real": 804800,
    "count_err": 0.041709581566345,
    "sum_est": 2687219771.875075,
    "sum_real": 1448427977.0,
    "sum_err": 0.8552664092010113,
    "query_dur_ms_est": 126.83582305908203,
    "query_dur_ms_real": 1886.7831230163574,
    "query_dur_ms_err": 0.9327766813727312,
    "order": [
        0,
        1,
        2,
        3,
        4,
        5,
        6,
        7,
        8,
        9,
        10,
        11
    ],
    "groupby": false
}