{
    "timestamp": "2022-07-27 17:44:17.085689",
    "dataset": "dmv.csv",
    "model": "dmv.csv-2.6MB-model16.669*",
    "query": "'SELECT Model Year FROM dmv.csv WHERE Fuel Type=NONE AND Registration Class<=CSP'",
    "avg_est": 2010.28173828125,
    "avg_real": 1998.3334232533045,
    "avg_err": 0.005979139861702103,
    "count_est": 4634.718348924187,
    "count_real": 3707,
    "count_err": 0.2502612217221977,
    "sum_est": 9317089.65891932,
    "sum_real": 7407822.0,
    "sum_err": 0.25773670843053725,
    "query_dur_ms_est": 10.035991668701172,
    "query_dur_ms_real": 2188.521385192871,
    "query_dur_ms_err": 0.9954142592635362,
    "order": [
        0,
        1,
        2,
        3,
        4,
        5,
        6,
        7,
        9,
        8
    ],
    "groupby": false
}