{
    "timestamp": "2022-07-27 18:52:14.941158",
    "dataset": "dmv.csv",
    "model": "dmv.csv-2.6MB-model16.669*",
    "query": "'SELECT Model Year FROM dmv.csv WHERE County<=WARREN AND Revocation Indicator=Y'",
    "avg_est": 2013.977783203125,
    "avg_real": 2015.9875160638883,
    "avg_err": 0.0009968974731982363,
    "count_est": 5178.873300508712,
    "count_real": 5447,
    "count_err": 0.04922465568042732,
    "sum_est": 10430135.769248389,
    "sum_real": 10981084.0,
    "sum_err": 0.05017248121875867,
    "query_dur_ms_est": 10.263204574584961,
    "query_dur_ms_real": 2188.521385192871,
    "query_dur_ms_err": 0.9953104389822169,
    "order": [
        0,
        1,
        2,
        3,
        4,
        5,
        6,
        7,
        9,
        8
    ],
    "groupby": false
}