{
    "timestamp": "2022-07-27 18:53:49.080773",
    "dataset": "dmv.csv",
    "model": "dmv.csv-2.6MB-model16.669*",
    "query": "'SELECT Weight_100 FROM dmv.csv WHERE Record Type=TRL AND Revocation Indicator=Y'",
    "avg_est": 54.696922302246094,
    "avg_real": NaN,
    "avg_err": NaN,
    "count_est": 5.098774343122614,
    "count_real": 0,
    "count_err": "result=0!",
    "sum_est": 278.88726408246345,
    "sum_real": 0.0,
    "sum_err": "result=0!",
    "query_dur_ms_est": 9.929656982421875,
    "query_dur_ms_real": 2188.521385192871,
    "query_dur_ms_err": 0.9954628467194316,
    "order": [
        0,
        1,
        2,
        3,
        4,
        5,
        6,
        7,
        8,
        9
    ],
    "groupby": false
}