{
    "timestamp": "2022-07-27 17:46:51.353048",
    "dataset": "dmv.csv",
    "model": "dmv.csv-2.6MB-model16.669*",
    "query": "'SELECT Model Year FROM dmv.csv WHERE County>=KINGS<=NASSAU AND Fuel Type=DIESEL'",
    "avg_est": 2009.580810546875,
    "avg_real": 2010.1325333989867,
    "avg_err": 0.00027447088335948145,
    "count_est": 72277.82966309972,
    "count_real": 77173,
    "count_err": 0.0634311266492203,
    "sum_est": 145248139.5189409,
    "sum_real": 155127958.0,
    "sum_err": 0.06368818753521595,
    "query_dur_ms_est": 9.994745254516602,
    "query_dur_ms_real": 2188.521385192871,
    "query_dur_ms_err": 0.9954331059672804,
    "order": [
        0,
        1,
        2,
        3,
        4,
        5,
        6,
        7,
        9,
        8
    ],
    "groupby": false
}