{
    "timestamp": "2022-07-27 18:11:25.271747",
    "dataset": "dmv.csv",
    "model": "dmv.csv-2.6MB-model16.669*",
    "query": "'SELECT Weight_100 FROM dmv.csv WHERE Record Type=VEH AND Scofflaw Indicator=N'",
    "avg_est": 48.4498405456543,
    "avg_real": 49.02958722522521,
    "avg_err": 0.011824425053952653,
    "count_est": 11370917.116782665,
    "count_real": 11372142,
    "count_err": 0.00010770910329247976,
    "sum_est": 550919121.1659713,
    "sum_real": 469218543.0,
    "sum_err": 0.1741205231225725,
    "query_dur_ms_est": 10.036468505859375,
    "query_dur_ms_real": 2188.521385192871,
    "query_dur_ms_err": 0.9954140413825681,
    "order": [
        0,
        1,
        2,
        3,
        4,
        5,
        6,
        7,
        8,
        9
    ],
    "groupby": false
}