{
    "timestamp": "2022-07-27 18:37:55.464259",
    "dataset": "dmv.csv",
    "model": "dmv.csv-2.6MB-model16.669*",
    "query": "'SELECT Weight_100 FROM dmv.csv WHERE Record Type=SNOW AND State>=MA AND County>=ONEIDA<=WYOMING AND Fuel Type=COMP N/G AND Scofflaw Indicator=N AND Suspension Indicator=Y AND Revocation Indicator=Y AND Registration Class>=NYA AND Model Year>=1990.0'",
    "avg_est": 28.16154670715332,
    "avg_real": NaN,
    "avg_err": NaN,
    "count_est": 1.8176023566420224e-15,
    "count_real": 0,
    "count_err": "result=0!",
    "sum_est": 5.1186493661606264e-14,
    "sum_real": 0.0,
    "sum_err": "result=0!",
    "query_dur_ms_est": 10.418176651000977,
    "query_dur_ms_real": 2188.521385192871,
    "query_dur_ms_err": 0.9952396276675711,
    "order": [
        0,
        1,
        2,
        3,
        4,
        5,
        6,
        7,
        8,
        9
    ],
    "groupby": false
}