{
    "timestamp": "2022-07-27 18:16:58.780850",
    "dataset": "dmv.csv",
    "model": "dmv.csv-2.6MB-model16.669*",
    "query": "'SELECT Weight_100 FROM dmv.csv WHERE Record Type=SNOW AND State<=UT AND County>=CORTLAND AND Fuel Type=ELECTRIC AND Scofflaw Indicator=Y AND Suspension Indicator=N AND Revocation Indicator=N'",
    "avg_est": 46.670894622802734,
    "avg_real": NaN,
    "avg_err": NaN,
    "count_est": 3.937681131909663e-08,
    "count_real": 0,
    "count_err": "result=0!",
    "sum_est": 1.837751011655545e-06,
    "sum_real": 0.0,
    "sum_err": "result=0!",
    "query_dur_ms_est": 10.221242904663086,
    "query_dur_ms_real": 2188.521385192871,
    "query_dur_ms_err": 0.9953296125074134,
    "order": [
        0,
        1,
        2,
        3,
        4,
        5,
        6,
        7,
        8,
        9
    ],
    "groupby": false
}