{
    "timestamp": "2022-07-27 18:14:38.286859",
    "dataset": "dmv.csv",
    "model": "dmv.csv-2.6MB-model16.669*",
    "query": "'SELECT Weight_100 FROM dmv.csv WHERE State<=ME AND Model Year>=1945.0<=1999.0'",
    "avg_est": 40.994468688964844,
    "avg_real": 40.484944532488115,
    "avg_err": 0.012585521910937765,
    "count_est": 5932.994765706244,
    "count_real": 5572,
    "count_err": 0.0647872874562534,
    "sum_est": 243219.96815453694,
    "sum_real": 51092.0,
    "sum_err": 3.760431538294389,
    "query_dur_ms_est": 9.972572326660156,
    "query_dur_ms_real": 2188.521385192871,
    "query_dur_ms_err": 0.9954432374322989,
    "order": [
        0,
        1,
        2,
        3,
        4,
        5,
        6,
        7,
        8,
        9
    ],
    "groupby": false
}