{
    "timestamp": "2022-07-27 18:08:11.791121",
    "dataset": "dmv.csv",
    "model": "dmv.csv-2.6MB-model16.669*",
    "query": "'SELECT Model Year FROM dmv.csv WHERE Record Type=TRL AND Weight_100<=2.0'",
    "avg_est": 2007.7086181640625,
    "avg_real": 1995.1521739130435,
    "avg_err": 0.006293476966417229,
    "count_est": 80.52364827629754,
    "count_real": 46,
    "count_err": 0.7505140929629899,
    "sum_est": 161668.02261033433,
    "sum_real": 91777.0,
    "sum_err": 0.7615309130864414,
    "query_dur_ms_est": 9.953975677490234,
    "query_dur_ms_real": 2188.521385192871,
    "query_dur_ms_err": 0.9954517347900564,
    "order": [
        0,
        1,
        2,
        3,
        4,
        5,
        6,
        7,
        9,
        8
    ],
    "groupby": false
}