{
    "timestamp": "2022-07-27 19:01:56.075642",
    "dataset": "dmv.csv",
    "model": "dmv.csv-2.6MB-model16.669*",
    "query": "'SELECT Model Year FROM dmv.csv WHERE Record Type=VEH'",
    "avg_est": 2012.810302734375,
    "avg_real": 2012.8061048415682,
    "avg_err": 2.0855922469219314e-06,
    "count_est": 11388790.728530407,
    "count_real": 11392466,
    "count_err": 0.0003226054367503092,
    "sum_est": 22923475314.07173,
    "sum_real": 22930825114.0,
    "sum_err": 0.0003205205173267466,
    "query_dur_ms_est": 9.897232055664062,
    "query_dur_ms_real": 2188.521385192871,
    "query_dur_ms_err": 0.9954776626252653,
    "order": [
        0,
        1,
        2,
        3,
        4,
        5,
        6,
        7,
        9,
        8
    ],
    "groupby": false
}