{
    "timestamp": "2022-07-27 19:04:50.598147",
    "dataset": "dmv.csv",
    "model": "dmv.csv-2.6MB-model16.669*",
    "query": "'SELECT Model Year FROM dmv.csv WHERE Record Type=VEH AND Fuel Type=ELECTRIC'",
    "avg_est": 2019.2186279296875,
    "avg_real": 2019.726031411158,
    "avg_err": 0.00025122391531286176,
    "count_est": 71259.8803346008,
    "count_real": 68256,
    "count_err": 0.0440090297497774,
    "sum_est": 143889277.79566637,
    "sum_real": 137858420.0,
    "sum_err": 0.04374674971370169,
    "query_dur_ms_est": 10.003328323364258,
    "query_dur_ms_real": 2188.521385192871,
    "query_dur_ms_err": 0.9954291841098538,
    "order": [
        0,
        1,
        2,
        3,
        4,
        5,
        6,
        7,
        9,
        8
    ],
    "groupby": false
}