{
    "timestamp": "2022-07-27 18:41:26.662295",
    "dataset": "dmv.csv",
    "model": "dmv.csv-2.6MB-model16.669*",
    "query": "'SELECT Model Year FROM dmv.csv WHERE Scofflaw Indicator=N AND Registration Class<=CME'",
    "avg_est": 2010.8480224609375,
    "avg_real": 2003.1202934295068,
    "avg_err": 0.0038578457104042506,
    "count_est": 593447.7045949697,
    "count_real": 505220,
    "count_err": 0.17463224851543832,
    "sum_est": 1193333143.2187774,
    "sum_real": 1011972366.0,
    "sum_err": 0.17921514787566584,
    "query_dur_ms_est": 10.006904602050781,
    "query_dur_ms_real": 2188.521385192871,
    "query_dur_ms_err": 0.9954275500025928,
    "order": [
        0,
        1,
        2,
        3,
        4,
        5,
        6,
        7,
        9,
        8
    ],
    "groupby": false
}