{
    "timestamp": "2022-07-27 17:49:28.063186",
    "dataset": "dmv.csv",
    "model": "dmv.csv-2.6MB-model16.669*",
    "query": "'SELECT Weight_100 FROM dmv.csv WHERE State<=WY'",
    "avg_est": 47.6577033996582,
    "avg_real": 49.46614448106067,
    "avg_err": 0.036559167899064174,
    "count_est": 12646304.693312407,
    "count_real": 12646307,
    "count_err": 1.8240009462525962e-07,
    "sum_est": 602693838.1755881,
    "sum_real": 480017339.0,
    "sum_err": 0.2555668081306291,
    "query_dur_ms_est": 9.985923767089844,
    "query_dur_ms_real": 2188.521385192871,
    "query_dur_ms_err": 0.995437136765191,
    "order": [
        0,
        1,
        2,
        3,
        4,
        5,
        6,
        7,
        8,
        9
    ],
    "groupby": false
}