{
    "timestamp": "2022-07-27 18:18:37.348435",
    "dataset": "dmv.csv",
    "model": "dmv.csv-2.6MB-model16.669*",
    "query": "'SELECT Model Year FROM dmv.csv WHERE County>=NIAGARA AND Weight_100=60.0'",
    "avg_est": 2012.0045166015625,
    "avg_real": 2013.9599413031465,
    "avg_err": 0.0009709352512337997,
    "count_est": 46975.6476107575,
    "count_real": 52473,
    "count_err": 0.10476535340541802,
    "sum_est": 94515215.16312748,
    "sum_real": 105678520.0,
    "sum_err": 0.10563456828192255,
    "query_dur_ms_est": 9.97471809387207,
    "query_dur_ms_real": 2188.521385192871,
    "query_dur_ms_err": 0.9954422569679423,
    "order": [
        0,
        1,
        2,
        3,
        4,
        5,
        6,
        7,
        9,
        8
    ],
    "groupby": false
}