{
    "timestamp": "2022-07-26 12:24:20.495822",
    "dataset": "dmv.csv",
    "model": "dmv.csv-37.9MB*",
    "query": "'SELECT Unladen Weight FROM dmv.csv WHERE Reg Valid Date>=11/29/2019 AND Model Year<=1942.0'",
    "avg_est": 3313.95263671875,
    "avg_real": 2811.4591836734694,
    "avg_err": 0.1787304812971603,
    "count_est": 488.60969860591285,
    "count_real": 441,
    "count_err": 0.1079585002401652,
    "sum_est": 1619229.3990214185,
    "sum_real": 1102092.0,
    "sum_err": 0.469232513276041,
    "query_dur_ms_est": 126.82056427001953,
    "query_dur_ms_real": 1886.7831230163574,
    "query_dur_ms_err": 0.9327847685709239,
    "order": [
        0,
        1,
        2,
        3,
        4,
        5,
        6,
        7,
        8,
        9,
        10,
        11
    ],
    "groupby": false
}