{
    "timestamp": "2022-07-27 17:40:51.676459",
    "dataset": "dmv.csv",
    "model": "dmv.csv-2.6MB-model16.669*",
    "query": "'SELECT Weight_100 FROM dmv.csv WHERE Fuel Type=DIESEL'",
    "avg_est": 54.0143928527832,
    "avg_real": 80.10316626565907,
    "avg_err": 0.3256896653292512,
    "count_est": 484288.46700386703,
    "count_real": 481499,
    "count_err": 0.005793297605741715,
    "sum_est": 26158547.51081901,
    "sum_real": 14182586.0,
    "sum_err": 0.8444131070891451,
    "query_dur_ms_est": 9.987592697143555,
    "query_dur_ms_real": 2188.521385192871,
    "query_dur_ms_err": 0.9954363741818025,
    "order": [
        0,
        1,
        2,
        3,
        4,
        5,
        6,
        7,
        8,
        9
    ],
    "groupby": false
}