{
    "timestamp": "2022-07-27 18:52:37.743737",
    "dataset": "dmv.csv",
    "model": "dmv.csv-2.6MB-model16.669*",
    "query": "'SELECT Weight_100 FROM dmv.csv WHERE Record Type=BOAT AND State=OT AND County>=YATES AND Fuel Type=FLEX AND Scofflaw Indicator=N AND Suspension Indicator=Y AND Revocation Indicator=N AND Registration Class=VPL AND Model Year>=1962.0'",
    "avg_est": 28.528182983398438,
    "avg_real": NaN,
    "avg_err": NaN,
    "count_est": 5.251481310524939e-21,
    "count_real": 0,
    "count_err": "result=0!",
    "sum_est": 1.4981521976055249e-19,
    "sum_real": 0.0,
    "sum_err": "result=0!",
    "query_dur_ms_est": 10.271072387695312,
    "query_dur_ms_real": 2188.521385192871,
    "query_dur_ms_err": 0.9953068439462427,
    "order": [
        0,
        1,
        2,
        3,
        4,
        5,
        6,
        7,
        8,
        9
    ],
    "groupby": false
}