{
    "timestamp": "2022-07-27 18:22:59.256130",
    "dataset": "dmv.csv",
    "model": "dmv.csv-2.6MB-model16.669*",
    "query": "'SELECT Model Year FROM dmv.csv WHERE Record Type=SNOW AND State<=IL AND County<=WARREN AND Fuel Type=COMP N/G AND Scofflaw Indicator=N AND Suspension Indicator=N AND Revocation Indicator=Y AND Registration Class>=LMA AND Weight_100>=11.0<=84.0'",
    "avg_est": 2012.2117919921875,
    "avg_real": NaN,
    "avg_err": NaN,
    "count_est": 1.529276318407169e-21,
    "count_real": 0,
    "count_err": "result=0!",
    "sum_est": 3.0772278411133044e-18,
    "sum_real": 0.0,
    "sum_err": "result=0!",
    "query_dur_ms_est": 10.216951370239258,
    "query_dur_ms_real": 2188.521385192871,
    "query_dur_ms_err": 0.9953315734361267,
    "order": [
        0,
        1,
        2,
        3,
        4,
        5,
        6,
        7,
        9,
        8
    ],
    "groupby": false
}