{
    "timestamp": "2022-07-27 17:49:12.749267",
    "dataset": "dmv.csv",
    "model": "dmv.csv-2.6MB-model16.669*",
    "query": "'SELECT Weight_100 FROM dmv.csv WHERE Suspension Indicator=Y'",
    "avg_est": 48.994895935058594,
    "avg_real": 49.281526627783165,
    "avg_err": 0.005816189398706238,
    "count_est": 144451.47291114554,
    "count_real": 140475,
    "count_err": 0.028307335192351225,
    "sum_est": 7077384.882947511,
    "sum_real": 6201883.0,
    "sum_err": 0.1411671073039448,
    "query_dur_ms_est": 10.024309158325195,
    "query_dur_ms_real": 2188.521385192871,
    "query_dur_ms_err": 0.9954195973472556,
    "order": [
        0,
        1,
        2,
        3,
        4,
        5,
        6,
        7,
        8,
        9
    ],
    "groupby": false
}