{
    "timestamp": "2022-07-27 18:25:53.305567",
    "dataset": "dmv.csv",
    "model": "dmv.csv-2.6MB-model16.669*",
    "query": "'SELECT Weight_100 FROM dmv.csv WHERE Fuel Type=OTHER'",
    "avg_est": 51.800941467285156,
    "avg_real": 52.904761904761905,
    "avg_err": 0.020864292697580313,
    "count_est": 2269.06651563599,
    "count_real": 2149,
    "count_err": 0.055870877448110784,
    "sum_est": 117539.7817618366,
    "sum_real": 56661.0,
    "sum_err": 1.0744388867446144,
    "query_dur_ms_est": 9.945392608642578,
    "query_dur_ms_real": 2188.521385192871,
    "query_dur_ms_err": 0.9954556566474829,
    "order": [
        0,
        1,
        2,
        3,
        4,
        5,
        6,
        7,
        8,
        9
    ],
    "groupby": false
}