{
    "timestamp": "2022-07-27 17:48:12.831756",
    "dataset": "dmv.csv",
    "model": "dmv.csv-2.6MB-model16.669*",
    "query": "'SELECT Weight_100 FROM dmv.csv WHERE Scofflaw Indicator=N'",
    "avg_est": 46.4620361328125,
    "avg_real": 49.465669830858246,
    "avg_err": 0.060721581418310945,
    "count_est": 12628108.464078665,
    "count_real": 12625910,
    "count_err": 0.00017412321794348128,
    "sum_est": 586727631.7470983,
    "sum_real": 479113645.0,
    "sum_err": 0.22461056551018982,
    "query_dur_ms_est": 10.179519653320312,
    "query_dur_ms_real": 2188.521385192871,
    "query_dur_ms_err": 0.9953486770921257,
    "order": [
        0,
        1,
        2,
        3,
        4,
        5,
        6,
        7,
        8,
        9
    ],
    "groupby": false
}