{
    "timestamp": "2022-07-27 19:07:35.683792",
    "dataset": "dmv.csv",
    "model": "dmv.csv-2.6MB-model16.669*",
    "query": "'SELECT Weight_100 FROM dmv.csv WHERE County<=SARATOGA AND Registration Class>=BOT<=HSM'",
    "avg_est": 39.9089469909668,
    "avg_real": 66.48050381033023,
    "avg_err": 0.3996894622696068,
    "count_est": 924842.3837290406,
    "count_real": 876765,
    "count_err": 0.0548349714336688,
    "sum_est": 36909485.667241655,
    "sum_real": 6281078.0,
    "sum_err": 4.876297932813707,
    "query_dur_ms_est": 9.97018814086914,
    "query_dur_ms_real": 2188.521385192871,
    "query_dur_ms_err": 0.9954443268371397,
    "order": [
        0,
        1,
        2,
        3,
        4,
        5,
        6,
        7,
        8,
        9
    ],
    "groupby": false
}