{
    "timestamp": "2022-07-27 18:58:08.217563",
    "dataset": "dmv.csv",
    "model": "dmv.csv-2.6MB-model16.669*",
    "query": "'SELECT Weight_100 FROM dmv.csv WHERE State<=ND'",
    "avg_est": 45.81468200683594,
    "avg_real": 53.29226167251918,
    "avg_err": 0.14031267262840058,
    "count_est": 83365.49729563482,
    "count_real": 75256,
    "count_err": 0.10775881385716515,
    "sum_est": 3819363.7489412506,
    "sum_real": 2048821.0,
    "sum_err": 0.8641763965428169,
    "query_dur_ms_est": 9.918928146362305,
    "query_dur_ms_real": 2188.521385192871,
    "query_dur_ms_err": 0.9954677490412148,
    "order": [
        0,
        1,
        2,
        3,
        4,
        5,
        6,
        7,
        8,
        9
    ],
    "groupby": false
}