{
    "timestamp": "2022-07-27 17:59:08.071309",
    "dataset": "dmv.csv",
    "model": "dmv.csv-2.6MB-model16.669*",
    "query": "'SELECT Model Year FROM dmv.csv WHERE Registration Class<=AGR'",
    "avg_est": 2006.61962890625,
    "avg_real": 2005.2832902391726,
    "avg_err": 0.0006664089176736639,
    "count_est": 20034.17546880711,
    "count_real": 18564,
    "count_err": 0.07919497246321422,
    "sum_est": 40200969.744660415,
    "sum_real": 37226079.0,
    "sum_err": 0.07991415761677223,
    "query_dur_ms_est": 9.974956512451172,
    "query_dur_ms_real": 2188.521385192871,
    "query_dur_ms_err": 0.9954421480274582,
    "order": [
        0,
        1,
        2,
        3,
        4,
        5,
        6,
        7,
        9,
        8
    ],
    "groupby": false
}