{
    "timestamp": "2022-07-27 18:24:34.123466",
    "dataset": "dmv.csv",
    "model": "dmv.csv-2.6MB-model16.669*",
    "query": "'SELECT Model Year FROM dmv.csv WHERE Registration Class<=LUA'",
    "avg_est": 2008.3638916015625,
    "avg_real": 2006.9581597243402,
    "avg_err": 0.000700429089869682,
    "count_est": 1760477.6405727863,
    "count_real": 1803404,
    "count_err": 0.023802963410979275,
    "sum_est": 3535679725.298298,
    "sum_real": 3619312220.0,
    "sum_err": 0.02310728934617918,
    "query_dur_ms_est": 9.93800163269043,
    "query_dur_ms_real": 2188.521385192871,
    "query_dur_ms_err": 0.9954590338024891,
    "order": [
        0,
        1,
        2,
        3,
        4,
        5,
        6,
        7,
        9,
        8
    ],
    "groupby": false
}