{
    "timestamp": "2022-07-27 19:05:09.805546",
    "dataset": "dmv.csv",
    "model": "dmv.csv-2.6MB-model16.669*",
    "query": "'SELECT Weight_100 FROM dmv.csv WHERE Revocation Indicator=Y'",
    "avg_est": 45.93492126464844,
    "avg_real": 54.645161290322584,
    "avg_err": 0.15939636410619748,
    "count_est": 5307.009134888998,
    "count_real": 5680,
    "count_err": 0.06566740582940173,
    "sum_est": 243777.04676189614,
    "sum_real": 1694.0,
    "sum_err": 142.90616691965533,
    "query_dur_ms_est": 9.952783584594727,
    "query_dur_ms_real": 2188.521385192871,
    "query_dur_ms_err": 0.9954522794924768,
    "order": [
        0,
        1,
        2,
        3,
        4,
        5,
        6,
        7,
        8,
        9
    ],
    "groupby": false
}