{
    "timestamp": "2022-07-27 18:25:10.149315",
    "dataset": "dmv.csv",
    "model": "dmv.csv-2.6MB-model16.669*",
    "query": "'SELECT Model Year FROM dmv.csv WHERE State>=AL<=U AND County<=COLUMBIA'",
    "avg_est": 2011.598388671875,
    "avg_real": 2011.410558617078,
    "avg_err": 9.338225554808915e-05,
    "count_est": 1338737.4395575523,
    "count_real": 1361526,
    "count_err": 0.01673751396774477,
    "sum_est": 2693002076.268684,
    "sum_real": 2738581738.0,
    "sum_err": 0.016643527961521843,
    "query_dur_ms_est": 10.105133056640625,
    "query_dur_ms_real": 2188.521385192871,
    "query_dur_ms_err": 0.9953826665231558,
    "order": [
        0,
        1,
        2,
        3,
        4,
        5,
        6,
        7,
        9,
        8
    ],
    "groupby": false
}