{
    "timestamp": "2022-07-27 19:04:44.554853",
    "dataset": "dmv.csv",
    "model": "dmv.csv-2.6MB-model16.669*",
    "query": "'SELECT Model Year FROM dmv.csv WHERE Record Type=BOAT'",
    "avg_est": 2000.1558837890625,
    "avg_real": 2000.1510189457447,
    "avg_err": 2.4322380018999105e-06,
    "count_est": 364348.39701479673,
    "count_real": 365645,
    "count_err": 0.003546070601822167,
    "sum_est": 728753590.038259,
    "sum_real": 731301216.0,
    "sum_err": 0.0034836889451322485,
    "query_dur_ms_est": 9.969234466552734,
    "query_dur_ms_real": 2188.521385192871,
    "query_dur_ms_err": 0.9954447625990759,
    "order": [
        0,
        1,
        2,
        3,
        4,
        5,
        6,
        7,
        9,
        8
    ],
    "groupby": false
}