{
    "timestamp": "2022-07-27 18:29:38.145138",
    "dataset": "dmv.csv",
    "model": "dmv.csv-2.6MB-model16.669*",
    "query": "'SELECT Weight_100 FROM dmv.csv WHERE Suspension Indicator=N'",
    "avg_est": 46.94788360595703,
    "avg_real": 49.46856710920306,
    "avg_err": 0.0509552560453501,
    "count_est": 12501640.148229122,
    "count_real": 12505841,
    "count_err": 0.0003359111770953939,
    "sum_est": 586925546.5626203,
    "sum_real": 473815872.0,
    "sum_err": 0.23872073783678627,
    "query_dur_ms_est": 9.97471809387207,
    "query_dur_ms_real": 2188.521385192871,
    "query_dur_ms_err": 0.9954422569679423,
    "order": [
        0,
        1,
        2,
        3,
        4,
        5,
        6,
        7,
        8,
        9
    ],
    "groupby": false
}