{
    "timestamp": "2022-07-27 17:47:40.365244",
    "dataset": "dmv.csv",
    "model": "dmv.csv-2.6MB-model16.669*",
    "query": "'SELECT Weight_100 FROM dmv.csv WHERE Registration Class<=FPW'",
    "avg_est": 32.68012619018555,
    "avg_real": 14.394981220240735,
    "avg_err": 1.2702444477130772,
    "count_est": 1198012.8982110023,
    "count_real": 1241207,
    "count_err": 0.03480007910767314,
    "sum_est": 39151212.69100547,
    "sum_real": 1946950.0,
    "sum_err": 19.10899750430441,
    "query_dur_ms_est": 9.999275207519531,
    "query_dur_ms_real": 2188.521385192871,
    "query_dur_ms_err": 0.995431036098083,
    "order": [
        0,
        1,
        2,
        3,
        4,
        5,
        6,
        7,
        8,
        9
    ],
    "groupby": false
}