{
    "timestamp": "2022-07-27 18:26:31.237918",
    "dataset": "dmv.csv",
    "model": "dmv.csv-2.6MB-model16.669*",
    "query": "'SELECT Model Year FROM dmv.csv WHERE Record Type=BOAT'",
    "avg_est": 2000.2147216796875,
    "avg_real": 2000.1510189457447,
    "avg_err": 3.1848962073071664e-05,
    "count_est": 364348.39701479673,
    "count_real": 365645,
    "count_err": 0.003546070601822167,
    "sum_est": 728775027.5293919,
    "sum_real": 731301216.0,
    "sum_err": 0.003454374771076704,
    "query_dur_ms_est": 10.013341903686523,
    "query_dur_ms_real": 2188.521385192871,
    "query_dur_ms_err": 0.9954246086095229,
    "order": [
        0,
        1,
        2,
        3,
        4,
        5,
        6,
        7,
        9,
        8
    ],
    "groupby": false
}