{
    "timestamp": "2022-07-27 17:51:06.088945",
    "dataset": "dmv.csv",
    "model": "dmv.csv-2.6MB-model16.669*",
    "query": "'SELECT Model Year FROM dmv.csv WHERE Registration Class>=CSP<=SNO'",
    "avg_est": 2012.163330078125,
    "avg_real": 2012.662156930986,
    "avg_err": 0.00024784430469024536,
    "count_est": 10817670.339926243,
    "count_real": 10849712,
    "count_err": 0.0029532267836931683,
    "sum_est": 21766919574.873352,
    "sum_real": 21836804756.0,
    "sum_err": 0.003200339147944523,
    "query_dur_ms_est": 10.001897811889648,
    "query_dur_ms_real": 2188.521385192871,
    "query_dur_ms_err": 0.9954298377527583,
    "order": [
        0,
        1,
        2,
        3,
        4,
        5,
        6,
        7,
        9,
        8
    ],
    "groupby": false
}