{
    "timestamp": "2022-07-27 17:34:49.027818",
    "dataset": "dmv.csv",
    "model": "dmv.csv-2.6MB-model16.669*",
    "query": "'SELECT Model Year FROM dmv.csv WHERE Revocation Indicator=N AND Registration Class>=OMS<=RGL'",
    "avg_est": 2012.75830078125,
    "avg_real": 2013.3847019194095,
    "avg_err": 0.00031111845518759756,
    "count_est": 9678359.502362967,
    "count_real": 9755969,
    "count_err": 0.0079550783358407,
    "sum_est": 19480198426.32615,
    "sum_real": 19642518737.0,
    "sum_err": 0.008263721819345567,
    "query_dur_ms_est": 10.297775268554688,
    "query_dur_ms_real": 2188.521385192871,
    "query_dur_ms_err": 0.9952946426120267,
    "order": [
        0,
        1,
        2,
        3,
        4,
        5,
        6,
        7,
        9,
        8
    ],
    "groupby": false
}