{
    "timestamp": "2022-07-27 18:45:46.565776",
    "dataset": "dmv.csv",
    "model": "dmv.csv-2.6MB-model16.669*",
    "query": "'SELECT Model Year FROM dmv.csv WHERE Weight_100>=27.0<=44.0'",
    "avg_est": 2011.986083984375,
    "avg_real": 2013.2907770396123,
    "avg_err": 0.0006480400497119169,
    "count_est": 1802065.8988790512,
    "count_real": 1726051,
    "count_err": 0.044039775695533454,
    "sum_est": 3625731510.967445,
    "sum_real": 3475042559.0,
    "sum_err": 0.043363196107390437,
    "query_dur_ms_est": 9.942293167114258,
    "query_dur_ms_real": 2188.521385192871,
    "query_dur_ms_err": 0.9954570728737759,
    "order": [
        0,
        1,
        2,
        3,
        4,
        5,
        6,
        7,
        9,
        8
    ],
    "groupby": false
}