{
    "timestamp": "2022-07-27 19:00:29.953925",
    "dataset": "dmv.csv",
    "model": "dmv.csv-2.6MB-model16.669*",
    "query": "'SELECT Weight_100 FROM dmv.csv WHERE State<=MA AND Registration Class>=HAM<=JCA'",
    "avg_est": 61.111366271972656,
    "avg_real": 86.90693691121895,
    "avg_err": 0.29681831573005657,
    "count_est": 3923.8004289669916,
    "count_real": 3503,
    "count_err": 0.12012572907992909,
    "sum_est": 239788.80519272524,
    "sum_real": 304435.0,
    "sum_err": 0.2123481032314772,
    "query_dur_ms_est": 9.95016098022461,
    "query_dur_ms_real": 2188.521385192871,
    "query_dur_ms_err": 0.9954534778378016,
    "order": [
        0,
        1,
        2,
        3,
        4,
        5,
        6,
        7,
        8,
        9
    ],
    "groupby": false
}