{
    "timestamp": "2022-07-27 18:30:37.677417",
    "dataset": "dmv.csv",
    "model": "dmv.csv-2.6MB-model16.669*",
    "query": "'SELECT Weight_100 FROM dmv.csv WHERE Registration Class>=FAR'",
    "avg_est": 48.5362434387207,
    "avg_real": 50.022821004344166,
    "avg_err": 0.02971798742606626,
    "count_est": 11266498.349298716,
    "count_real": 11419365,
    "count_err": 0.013386615691965744,
    "sum_est": 546833506.5835074,
    "sum_real": 479367193.0,
    "sum_err": 0.14074036473227616,
    "query_dur_ms_est": 10.043144226074219,
    "query_dur_ms_real": 2188.521385192871,
    "query_dur_ms_err": 0.9954109910490141,
    "order": [
        0,
        1,
        2,
        3,
        4,
        5,
        6,
        7,
        8,
        9
    ],
    "groupby": false
}