{
    "timestamp": "2022-07-27 17:55:33.391355",
    "dataset": "dmv.csv",
    "model": "dmv.csv-2.6MB-model16.669*",
    "query": "'SELECT Weight_100 FROM dmv.csv WHERE Scofflaw Indicator=Y'",
    "avg_est": 50.92560958862305,
    "avg_real": 49.717349463843824,
    "avg_err": 0.024302585270719452,
    "count_est": 19051.27245517308,
    "count_real": 20406,
    "count_err": 0.06638868689733025,
    "sum_est": 970197.6632186323,
    "sum_real": 904110.0,
    "sum_err": 0.07309692760685353,
    "query_dur_ms_est": 9.936094284057617,
    "query_dur_ms_real": 2188.521385192871,
    "query_dur_ms_err": 0.9954599053263617,
    "order": [
        0,
        1,
        2,
        3,
        4,
        5,
        6,
        7,
        8,
        9
    ],
    "groupby": false
}