{
    "timestamp": "2022-07-27 18:41:20.929447",
    "dataset": "dmv.csv",
    "model": "dmv.csv-2.6MB-model16.669*",
    "query": "'SELECT Model Year FROM dmv.csv WHERE County>=CHEMUNG AND Fuel Type=DIESEL AND Scofflaw Indicator=N AND Suspension Indicator=N AND Weight_100<=40.0'",
    "avg_est": 2009.188720703125,
    "avg_real": 2010.586900234647,
    "avg_err": 0.0006954086547359596,
    "count_est": 25453.417832254432,
    "count_real": 24718,
    "count_err": 0.029752319453614052,
    "sum_est": 51140720.01190939,
    "sum_real": 49697687.0,
    "sum_err": 0.02903622077843156,
    "query_dur_ms_est": 10.131597518920898,
    "query_dur_ms_real": 2188.521385192871,
    "query_dur_ms_err": 0.9953705741294239,
    "order": [
        0,
        1,
        2,
        3,
        4,
        5,
        6,
        7,
        9,
        8
    ],
    "groupby": false
}