{
    "timestamp": "2022-07-27 18:17:51.080618",
    "dataset": "dmv.csv",
    "model": "dmv.csv-2.6MB-model16.669*",
    "query": "'SELECT Model Year FROM dmv.csv WHERE Scofflaw Indicator=Y'",
    "avg_est": 2013.238037109375,
    "avg_real": 2013.6647554640792,
    "avg_err": 0.0002119113191738271,
    "count_est": 18933.622542978264,
    "count_real": 20406,
    "count_err": 0.07215414373330077,
    "sum_est": 38117889.083795376,
    "sum_real": 41090843.0,
    "sum_err": 0.07235076477269216,
    "query_dur_ms_est": 9.913921356201172,
    "query_dur_ms_real": 2188.521385192871,
    "query_dur_ms_err": 0.9954700367913802,
    "order": [
        0,
        1,
        2,
        3,
        4,
        5,
        6,
        7,
        9,
        8
    ],
    "groupby": false
}