{
    "timestamp": "2022-07-27 18:58:29.917611",
    "dataset": "dmv.csv",
    "model": "dmv.csv-2.6MB-model16.669*",
    "query": "'SELECT Model Year FROM dmv.csv WHERE Record Type=VEH AND Fuel Type=ELECTRIC'",
    "avg_est": 2019.26220703125,
    "avg_real": 2019.726031411158,
    "avg_err": 0.0002296471762478848,
    "count_est": 71050.24727993831,
    "count_real": 68256,
    "count_err": 0.04093775316365317,
    "sum_est": 143469079.1326043,
    "sum_real": 137858420.0,
    "sum_err": 0.040698704747989284,
    "query_dur_ms_est": 10.079145431518555,
    "query_dur_ms_real": 2188.521385192871,
    "query_dur_ms_err": 0.9953945410359194,
    "order": [
        0,
        1,
        2,
        3,
        4,
        5,
        6,
        7,
        9,
        8
    ],
    "groupby": false
}