{
    "timestamp": "2022-07-27 17:48:51.221763",
    "dataset": "dmv.csv",
    "model": "dmv.csv-2.6MB-model16.669*",
    "query": "'SELECT Weight_100 FROM dmv.csv WHERE Record Type=VEH'",
    "avg_est": 48.480712890625,
    "avg_real": 49.030691093498355,
    "avg_err": 0.011217019189563983,
    "count_est": 11388790.728530407,
    "count_real": 11392466,
    "count_err": 0.0003226054367503092,
    "sum_est": 552136693.4812946,
    "sum_real": 470118720.0,
    "sum_err": 0.1744622581319345,
    "query_dur_ms_est": 10.156631469726562,
    "query_dur_ms_real": 2188.521385192871,
    "query_dur_ms_err": 0.9953591353785965,
    "order": [
        0,
        1,
        2,
        3,
        4,
        5,
        6,
        7,
        8,
        9
    ],
    "groupby": false
}