{
    "timestamp": "2022-07-27 18:00:21.176484",
    "dataset": "dmv.csv",
    "model": "dmv.csv-2.6MB-model16.669*",
    "query": "'SELECT Weight_100 FROM dmv.csv WHERE Record Type=SNOW AND State<=RI AND County<=CAYUGA AND Fuel Type=nan AND Scofflaw Indicator=Y AND Suspension Indicator=N AND Revocation Indicator=N AND Registration Class=TRC AND Model Year>=1911.0'",
    "avg_est": 28.18520736694336,
    "avg_real": NaN,
    "avg_err": NaN,
    "count_est": 0.0,
    "count_real": 0,
    "count_err": "result=0!",
    "sum_est": 0.0,
    "sum_real": 0.0,
    "sum_err": "result=0!",
    "query_dur_ms_est": 10.216236114501953,
    "query_dur_ms_real": 2188.521385192871,
    "query_dur_ms_err": 0.9953319002575789,
    "order": [
        0,
        1,
        2,
        3,
        4,
        5,
        6,
        7,
        8,
        9
    ],
    "groupby": false
}