{
    "timestamp": "2022-07-27 19:00:46.540097",
    "dataset": "dmv.csv",
    "model": "dmv.csv-2.6MB-model16.669*",
    "query": "'SELECT Model Year FROM dmv.csv WHERE State>=AL'",
    "avg_est": 2011.997802734375,
    "avg_real": 2012.1353969399051,
    "avg_err": 6.838218031421012e-05,
    "count_est": 12646224.038940907,
    "count_real": 12646231,
    "count_err": 5.504453535187948e-07,
    "sum_est": 25444174979.235737,
    "sum_real": 25445884766.0,
    "sum_err": 6.719305616551864e-05,
    "query_dur_ms_est": 9.95492935180664,
    "query_dur_ms_real": 2188.521385192871,
    "query_dur_ms_err": 0.9954512990281201,
    "order": [
        0,
        1,
        2,
        3,
        4,
        5,
        6,
        7,
        9,
        8
    ],
    "groupby": false
}