{
    "timestamp": "2022-07-27 18:48:27.898067",
    "dataset": "dmv.csv",
    "model": "dmv.csv-2.6MB-model16.669*",
    "query": "'SELECT Model Year FROM dmv.csv WHERE Registration Class>=HAC<=MOT'",
    "avg_est": 2003.5701904296875,
    "avg_real": 2005.419329320919,
    "avg_err": 0.000922070942568189,
    "count_est": 901597.3415952325,
    "count_real": 874785,
    "count_err": 0.030650207302631488,
    "sum_est": 1806413557.39086,
    "sum_real": 1754310748.0,
    "sum_err": 0.029699874694525945,
    "query_dur_ms_est": 9.977340698242188,
    "query_dur_ms_real": 2188.521385192871,
    "query_dur_ms_err": 0.9954410586226176,
    "order": [
        0,
        1,
        2,
        3,
        4,
        5,
        6,
        7,
        9,
        8
    ],
    "groupby": false
}