{
    "timestamp": "2022-07-27 18:49:32.186417",
    "dataset": "dmv.csv",
    "model": "dmv.csv-2.6MB-model16.669*",
    "query": "'SELECT Weight_100 FROM dmv.csv WHERE Record Type=BOAT AND State>=ME AND Fuel Type=NONE AND Scofflaw Indicator=Y AND Suspension Indicator=Y AND Revocation Indicator=Y AND Registration Class<=PAS AND Model Year>=2008.0'",
    "avg_est": 31.36117172241211,
    "avg_real": NaN,
    "avg_err": NaN,
    "count_est": 5.0861904978935345e-09,
    "count_real": 0,
    "count_err": "result=0!",
    "sum_est": 1.5950889361733988e-07,
    "sum_real": 0.0,
    "sum_err": "result=0!",
    "query_dur_ms_est": 10.241270065307617,
    "query_dur_ms_real": 2188.521385192871,
    "query_dur_ms_err": 0.9953204615067515,
    "order": [
        0,
        1,
        2,
        3,
        4,
        5,
        6,
        7,
        8,
        9
    ],
    "groupby": false
}