{
    "timestamp": "2022-07-27 17:59:39.533312",
    "dataset": "dmv.csv",
    "model": "dmv.csv-2.6MB-model16.669*",
    "query": "'SELECT Weight_100 FROM dmv.csv WHERE Suspension Indicator=N AND Model Year>=1939.0'",
    "avg_est": 47.01176071166992,
    "avg_real": 49.50330656643817,
    "avg_err": 0.050330897622451846,
    "count_est": 12500304.451534748,
    "count_real": 12495177,
    "count_err": 0.0004103544539423553,
    "sum_est": 587661321.698574,
    "sum_real": 473674171.0,
    "sum_err": 0.240644640719863,
    "query_dur_ms_est": 10.038375854492188,
    "query_dur_ms_real": 2188.521385192871,
    "query_dur_ms_err": 0.9954131698586954,
    "order": [
        0,
        1,
        2,
        3,
        4,
        5,
        6,
        7,
        8,
        9
    ],
    "groupby": false
}