{
    "timestamp": "2022-07-27 18:23:45.071230",
    "dataset": "dmv.csv",
    "model": "dmv.csv-2.6MB-model16.669*",
    "query": "'SELECT Weight_100 FROM dmv.csv WHERE Suspension Indicator=Y AND Model Year>=1918.0'",
    "avg_est": 48.59762191772461,
    "avg_real": 49.281526627783165,
    "avg_err": 0.013877506580183637,
    "count_est": 139932.3665470332,
    "count_real": 140475,
    "count_err": 0.0038628471469429383,
    "sum_est": 6800380.243505174,
    "sum_real": 6201883.0,
    "sum_err": 0.09650250472399662,
    "query_dur_ms_est": 10.00213623046875,
    "query_dur_ms_real": 2188.521385192871,
    "query_dur_ms_err": 0.9954297288122742,
    "order": [
        0,
        1,
        2,
        3,
        4,
        5,
        6,
        7,
        8,
        9
    ],
    "groupby": false
}