{
    "timestamp": "2022-07-26 12:24:35.216857",
    "dataset": "dmv.csv",
    "model": "dmv.csv-37.9MB*",
    "query": "'SELECT Unladen Weight FROM dmv.csv WHERE Record Type=TRL AND Suspension Indicator=Y'",
    "avg_est": 1208.1959228515625,
    "avg_real": 15825.556603773584,
    "avg_err": 0.9236553915226293,
    "count_est": 335.08410282369005,
    "count_real": 238,
    "count_err": 0.40791639841886573,
    "sum_est": 404847.24684395606,
    "sum_real": 3355018.0,
    "sum_err": 0.8793308271836526,
    "query_dur_ms_est": 126.33395195007324,
    "query_dur_ms_real": 1886.7831230163574,
    "query_dur_ms_err": 0.9330426743757884,
    "order": [
        0,
        1,
        2,
        3,
        4,
        5,
        6,
        7,
        8,
        9,
        10,
        11
    ],
    "groupby": false
}