{
    "timestamp": "2022-07-27 18:56:37.964147",
    "dataset": "dmv.csv",
    "model": "dmv.csv-2.6MB-model16.669*",
    "query": "'SELECT Model Year FROM dmv.csv WHERE Suspension Indicator=N'",
    "avg_est": 2012.010986328125,
    "avg_real": 2012.1374203480796,
    "avg_err": 6.283567845613984e-05,
    "count_est": 12507132.937062025,
    "count_real": 12505841,
    "count_err": 0.00010330669181105614,
    "sum_est": 25164488876.835144,
    "sum_real": 25163426382.0,
    "sum_err": 4.2223774259298445e-05,
    "query_dur_ms_est": 10.187149047851562,
    "query_dur_ms_real": 2188.521385192871,
    "query_dur_ms_err": 0.9953451909966354,
    "order": [
        0,
        1,
        2,
        3,
        4,
        5,
        6,
        7,
        9,
        8
    ],
    "groupby": false
}