{
    "timestamp": "2022-07-27 18:57:06.947287",
    "dataset": "dmv.csv",
    "model": "dmv.csv-2.6MB-model16.669*",
    "query": "'SELECT Model Year FROM dmv.csv WHERE State>=ND'",
    "avg_est": 2012.08642578125,
    "avg_real": 2012.1231243323452,
    "avg_err": 1.823872041002409e-05,
    "count_est": 12563716.124454737,
    "count_real": 12571079,
    "count_err": 0.000585699568450989,
    "sum_est": 25279282671.384388,
    "sum_real": 25294514487.0,
    "sum_err": 0.0006021786116290294,
    "query_dur_ms_est": 10.173559188842773,
    "query_dur_ms_real": 2188.521385192871,
    "query_dur_ms_err": 0.9953514006042276,
    "order": [
        0,
        1,
        2,
        3,
        4,
        5,
        6,
        7,
        9,
        8
    ],
    "groupby": false
}