{
    "timestamp": "2022-07-27 17:45:57.922221",
    "dataset": "dmv.csv",
    "model": "dmv.csv-2.6MB-model16.669*",
    "query": "'SELECT Weight_100 FROM dmv.csv WHERE Record Type=VEH AND State=KS AND County>=CHAUTAUQUA AND Suspension Indicator=N AND Revocation Indicator=N AND Registration Class<=FAR AND Model Year>=1979.0'",
    "avg_est": 26.938095092773438,
    "avg_real": NaN,
    "avg_err": NaN,
    "count_est": 39.641137550993335,
    "count_real": 29,
    "count_err": 0.3669357776204598,
    "sum_est": 1067.8567329343705,
    "sum_real": 0.0,
    "sum_err": "result=0!",
    "query_dur_ms_est": 10.240793228149414,
    "query_dur_ms_real": 2188.521385192871,
    "query_dur_ms_err": 0.9953206793877196,
    "order": [
        0,
        1,
        2,
        3,
        4,
        5,
        6,
        7,
        8,
        9
    ],
    "groupby": false
}