{
    "timestamp": "2022-07-27 17:51:26.898937",
    "dataset": "dmv.csv",
    "model": "dmv.csv-2.6MB-model16.669*",
    "query": "'SELECT Weight_100 FROM dmv.csv WHERE Scofflaw Indicator=Y'",
    "avg_est": 50.72776412963867,
    "avg_real": 49.717349463843824,
    "avg_err": 0.020323180473039017,
    "count_est": 18367.41071723681,
    "count_real": 20406,
    "count_err": 0.09990146441062386,
    "sum_est": 931737.6785361863,
    "sum_real": 904110.0,
    "sum_err": 0.030557872975839603,
    "query_dur_ms_est": 9.98997688293457,
    "query_dur_ms_real": 2188.521385192871,
    "query_dur_ms_err": 0.9954352847769617,
    "order": [
        0,
        1,
        2,
        3,
        4,
        5,
        6,
        7,
        8,
        9
    ],
    "groupby": false
}