{
    "timestamp": "2022-07-27 17:43:20.420304",
    "dataset": "dmv.csv",
    "model": "dmv.csv-2.6MB-model16.669*",
    "query": "'SELECT Weight_100 FROM dmv.csv WHERE Suspension Indicator=N'",
    "avg_est": 47.083045959472656,
    "avg_real": 49.46856710920306,
    "avg_err": 0.04822296842486473,
    "count_est": 12500497.41900301,
    "count_real": 12505841,
    "count_err": 0.0004272868171752866,
    "sum_est": 588561494.495188,
    "sum_real": 473815872.0,
    "sum_err": 0.24217344600728782,
    "query_dur_ms_est": 9.936332702636719,
    "query_dur_ms_real": 2188.521385192871,
    "query_dur_ms_err": 0.9954597963858777,
    "order": [
        0,
        1,
        2,
        3,
        4,
        5,
        6,
        7,
        8,
        9
    ],
    "groupby": false
}