{
    "timestamp": "2022-07-26 19:19:00.091569",
    "dataset": "dmv.csv",
    "model": "dmv.csv-32.5MB*",
    "query": "'SELECT Unladen Weight FROM dmv.csv WHERE County=YATES'",
    "avg_est": 4290.10009765625,
    "avg_real": 4440.920870558205,
    "avg_err": 0.03396159879853871,
    "count_est": 26839.09950803127,
    "count_real": 26879,
    "count_err": 0.0014844485274276796,
    "sum_est": 115142423.42041077,
    "sum_real": 66111989.0,
    "sum_err": 0.7416269751075069,
    "query_dur_ms_est": 93.33300590515137,
    "query_dur_ms_real": 1141.6544914245605,
    "query_dur_ms_err": 0.9182475901367584,
    "order": [
        0,
        1,
        2,
        3,
        4,
        5,
        6,
        7,
        8,
        9
    ],
    "groupby": false
}