{
    "timestamp": "2022-07-27 17:47:14.186619",
    "dataset": "dmv.csv",
    "model": "dmv.csv-2.6MB-model16.669*",
    "query": "'SELECT Weight_100 FROM dmv.csv WHERE Registration Class<=CBS'",
    "avg_est": 15.188529968261719,
    "avg_real": 5.334028036223794,
    "avg_err": 1.8474784656389591,
    "count_est": 544788.0083117634,
    "count_real": 505124,
    "count_err": 0.07852330974525741,
    "sum_est": 8274528.990592833,
    "sum_real": 644964.0,
    "sum_err": 11.829443179143073,
    "query_dur_ms_est": 10.203361511230469,
    "query_dur_ms_real": 2188.521385192871,
    "query_dur_ms_err": 0.9953377830437187,
    "order": [
        0,
        1,
        2,
        3,
        4,
        5,
        6,
        7,
        8,
        9
    ],
    "groupby": false
}