{
    "timestamp": "2022-07-27 18:44:37.205363",
    "dataset": "dmv.csv",
    "model": "dmv.csv-2.6MB-model16.669*",
    "query": "'SELECT Weight_100 FROM dmv.csv WHERE State>=AB AND Fuel Type=NONE'",
    "avg_est": 63.25312042236328,
    "avg_real": 81.99741362862251,
    "avg_err": 0.22859615171711017,
    "count_est": 894030.906257689,
    "count_real": 804800,
    "count_err": 0.1108733924673074,
    "sum_est": 56550244.57483218,
    "sum_real": 11603536.0,
    "sum_err": 3.873535495975725,
    "query_dur_ms_est": 10.007143020629883,
    "query_dur_ms_real": 2188.521385192871,
    "query_dur_ms_err": 0.9954274410621087,
    "order": [
        0,
        1,
        2,
        3,
        4,
        5,
        6,
        7,
        8,
        9
    ],
    "groupby": false
}