{
    "timestamp": "2022-07-27 18:26:43.847165",
    "dataset": "dmv.csv",
    "model": "dmv.csv-2.6MB-model16.669*",
    "query": "'SELECT Weight_100 FROM dmv.csv WHERE Revocation Indicator=Y'",
    "avg_est": 45.59015655517578,
    "avg_real": 54.645161290322584,
    "avg_err": 0.16570551758533109,
    "count_est": 4940.258761650766,
    "count_real": 5680,
    "count_err": 0.13023613351218905,
    "sum_est": 225227.17036673726,
    "sum_real": 1694.0,
    "sum_err": 131.9558266627729,
    "query_dur_ms_est": 9.93204116821289,
    "query_dur_ms_real": 2188.521385192871,
    "query_dur_ms_err": 0.995461757314591,
    "order": [
        0,
        1,
        2,
        3,
        4,
        5,
        6,
        7,
        8,
        9
    ],
    "groupby": false
}