{
    "timestamp": "2022-07-26 12:24:10.907113",
    "dataset": "dmv.csv",
    "model": "dmv.csv-37.9MB*",
    "query": "'SELECT Unladen Weight FROM dmv.csv WHERE Revocation Indicator=N'",
    "avg_est": 3188.65283203125,
    "avg_real": 4181.194656394545,
    "avg_err": 0.23738235263582927,
    "count_est": 12640417.677972078,
    "count_real": 12640636,
    "count_err": 1.7271443297764183e-05,
    "sum_est": 40305903626.923546,
    "sum_real": 40574041168.0,
    "sum_err": 0.006608598339174785,
    "query_dur_ms_est": 127.12740898132324,
    "query_dur_ms_real": 1886.7831230163574,
    "query_dur_ms_err": 0.9326221400697673,
    "order": [
        0,
        1,
        2,
        3,
        4,
        5,
        6,
        7,
        8,
        9,
        10,
        11
    ],
    "groupby": false
}