{
    "timestamp": "2022-07-27 17:41:03.993698",
    "dataset": "dmv.csv",
    "model": "dmv.csv-2.6MB-model16.669*",
    "query": "'SELECT Weight_100 FROM dmv.csv WHERE Record Type=SNOW AND Model Year<=1986.0'",
    "avg_est": 29.02143096923828,
    "avg_real": NaN,
    "avg_err": NaN,
    "count_est": 968.0860816964705,
    "count_real": 685,
    "count_err": 0.41326435284156277,
    "sum_est": 28095.24339223449,
    "sum_real": 0.0,
    "sum_err": "result=0!",
    "query_dur_ms_est": 9.985208511352539,
    "query_dur_ms_real": 2188.521385192871,
    "query_dur_ms_err": 0.9954374635866432,
    "order": [
        0,
        1,
        2,
        3,
        4,
        5,
        6,
        7,
        8,
        9
    ],
    "groupby": false
}