{
    "timestamp": "2022-07-27 17:34:56.870496",
    "dataset": "dmv.csv",
    "model": "dmv.csv-2.6MB-model16.669*",
    "query": "'SELECT Weight_100 FROM dmv.csv WHERE State<=WA'",
    "avg_est": 47.023651123046875,
    "avg_real": 49.46330962373583,
    "avg_err": 0.04932258919282352,
    "count_est": 12640275.2137084,
    "count_real": 12641768,
    "count_err": 0.00011808366453167577,
    "sum_est": 594391891.7487206,
    "sum_real": 479947588.0,
    "sum_err": 0.2384516697450736,
    "query_dur_ms_est": 10.201454162597656,
    "query_dur_ms_real": 2188.521385192871,
    "query_dur_ms_err": 0.9953386545675913,
    "order": [
        0,
        1,
        2,
        3,
        4,
        5,
        6,
        7,
        8,
        9
    ],
    "groupby": false
}