{
    "timestamp": "2022-07-27 18:20:22.246171",
    "dataset": "dmv.csv",
    "model": "dmv.csv-2.6MB-model16.669*",
    "query": "'SELECT Weight_100 FROM dmv.csv WHERE State>=AP'",
    "avg_est": 47.044227600097656,
    "avg_real": 49.46477774032294,
    "avg_err": 0.04893482293466538,
    "count_est": 12645360.96178794,
    "count_real": 12645395,
    "count_err": 2.691747633105043e-06,
    "sum_est": 594891239.1717416,
    "sum_real": 479983301.0,
    "sum_err": 0.2393998664793999,
    "query_dur_ms_est": 9.90152359008789,
    "query_dur_ms_real": 2188.521385192871,
    "query_dur_ms_err": 0.995475701696552,
    "order": [
        0,
        1,
        2,
        3,
        4,
        5,
        6,
        7,
        8,
        9
    ],
    "groupby": false
}