{
    "timestamp": "2022-07-27 18:29:18.343507",
    "dataset": "dmv.csv",
    "model": "dmv.csv-2.6MB-model16.669*",
    "query": "'SELECT Model Year FROM dmv.csv WHERE County<=ROCKLAND'",
    "avg_est": 2012.0760498046875,
    "avg_real": 2012.3312345557733,
    "avg_err": 0.00012681051046855503,
    "count_est": 9081761.377714872,
    "count_real": 9090385,
    "count_err": 0.0009486531412176316,
    "sum_est": 18273194558.141315,
    "sum_real": 18292837497.0,
    "sum_err": 0.001073804917465973,
    "query_dur_ms_est": 9.885549545288086,
    "query_dur_ms_real": 2188.521385192871,
    "query_dur_ms_err": 0.9954830007089847,
    "order": [
        0,
        1,
        2,
        3,
        4,
        5,
        6,
        7,
        9,
        8
    ],
    "groupby": false
}