{
    "timestamp": "2022-07-27 18:42:51.645256",
    "dataset": "dmv.csv",
    "model": "dmv.csv-2.6MB-model16.669*",
    "query": "'SELECT Model Year FROM dmv.csv WHERE County>=CHEMUNG AND Revocation Indicator=N'",
    "avg_est": 2011.9407958984375,
    "avg_real": 2012.1797329330632,
    "avg_err": 0.00011874537384261922,
    "count_est": 11580704.413508415,
    "count_real": 11568207,
    "count_err": 0.0010803241598646377,
    "sum_est": 23299691654.778667,
    "sum_real": 23277269416.0,
    "sum_err": 0.0009632675713782463,
    "query_dur_ms_est": 10.082006454467773,
    "query_dur_ms_real": 2188.521385192871,
    "query_dur_ms_err": 0.9953932337501106,
    "order": [
        0,
        1,
        2,
        3,
        4,
        5,
        6,
        7,
        9,
        8
    ],
    "groupby": false
}