{
    "timestamp": "2022-07-26 12:24:48.918117",
    "dataset": "dmv.csv",
    "model": "dmv.csv-37.9MB*",
    "query": "'SELECT Model Year FROM dmv.csv WHERE Record Type=SNOW AND State>=US AND County>=MADISON<=ORANGE AND Body Type>=TRAC AND Fuel Type=DIESEL AND Reg Valid Date>=03/09/2018<=10/29/2019 AND Scofflaw Indicator=Y AND Revocation Indicator=Y AND Registration Class>=MOT AND Unladen Weight<=7199.0'",
    "avg_est": 2008.599853515625,
    "avg_real": NaN,
    "avg_err": NaN,
    "count_est": 4.746480854117349e-33,
    "count_real": 0,
    "count_err": "result=0!",
    "sum_est": 9.533780748294826e-30,
    "sum_real": 0.0,
    "sum_err": "result=0!",
    "query_dur_ms_est": 129.4384002685547,
    "query_dur_ms_real": 1886.7831230163574,
    "query_dur_ms_err": 0.9313973086309865,
    "order": [
        0,
        1,
        2,
        3,
        4,
        5,
        6,
        7,
        8,
        9,
        11,
        10
    ],
    "groupby": false
}