{
    "timestamp": "2022-07-27 17:34:40.982645",
    "dataset": "dmv.csv",
    "model": "dmv.csv-2.6MB-model16.669*",
    "query": "'SELECT Weight_100 FROM dmv.csv WHERE Fuel Type=ELECTRIC AND Suspension Indicator=Y'",
    "avg_est": 64.43321990966797,
    "avg_real": 69.82968369829683,
    "avg_err": 0.07728036993471997,
    "count_est": 441.1251532546594,
    "count_real": 419,
    "count_err": 0.05280466170563098,
    "sum_est": 28423.114007343454,
    "sum_real": 28700.0,
    "sum_err": 0.00964759556294584,
    "query_dur_ms_est": 10.324954986572266,
    "query_dur_ms_real": 2188.521385192871,
    "query_dur_ms_err": 0.9952822233968427,
    "order": [
        0,
        1,
        2,
        3,
        4,
        5,
        6,
        7,
        8,
        9
    ],
    "groupby": false
}