{
    "timestamp": "2022-07-27 17:37:01.884226",
    "dataset": "dmv.csv",
    "model": "dmv.csv-2.6MB-model16.669*",
    "query": "'SELECT Model Year FROM dmv.csv WHERE Revocation Indicator=Y'",
    "avg_est": 2013.954833984375,
    "avg_real": 2015.9639084507041,
    "avg_err": 0.0009965825568142934,
    "count_est": 5464.209634174244,
    "count_real": 5680,
    "count_err": 0.037991261589041626,
    "sum_est": 11004671.406649211,
    "sum_real": 11450675.0,
    "sum_err": 0.03894998271724493,
    "query_dur_ms_est": 9.967803955078125,
    "query_dur_ms_real": 2188.521385192871,
    "query_dur_ms_err": 0.9954454162419804,
    "order": [
        0,
        1,
        2,
        3,
        4,
        5,
        6,
        7,
        9,
        8
    ],
    "groupby": false
}