{
    "timestamp": "2022-07-27 18:20:34.047971",
    "dataset": "dmv.csv",
    "model": "dmv.csv-2.6MB-model16.669*",
    "query": "'SELECT Weight_100 FROM dmv.csv WHERE Scofflaw Indicator=Y'",
    "avg_est": 51.27165985107422,
    "avg_real": 49.717349463843824,
    "avg_err": 0.031262937465335774,
    "count_est": 18805.259249843657,
    "count_real": 20406,
    "count_err": 0.07844461188652077,
    "sum_est": 964176.8556692511,
    "sum_real": 904110.0,
    "sum_err": 0.06643755258679925,
    "query_dur_ms_est": 9.892702102661133,
    "query_dur_ms_real": 2188.521385192871,
    "query_dur_ms_err": 0.9954797324944625,
    "order": [
        0,
        1,
        2,
        3,
        4,
        5,
        6,
        7,
        8,
        9
    ],
    "groupby": false
}