{
    "timestamp": "2022-07-27 18:58:39.630873",
    "dataset": "dmv.csv",
    "model": "dmv.csv-2.6MB-model16.669*",
    "query": "'SELECT Weight_100 FROM dmv.csv WHERE County>=ONONDAGA<=WAYNE AND Scofflaw Indicator=Y'",
    "avg_est": 50.60129165649414,
    "avg_real": 49.3140594059406,
    "avg_err": 0.026102743640659964,
    "count_est": 7430.996531313285,
    "count_real": 8648,
    "count_err": 0.14072658056044343,
    "sum_est": 376018.02277937985,
    "sum_real": 373554.0,
    "sum_err": 0.006596162213173611,
    "query_dur_ms_est": 9.983062744140625,
    "query_dur_ms_real": 2188.521385192871,
    "query_dur_ms_err": 0.9954384440509998,
    "order": [
        0,
        1,
        2,
        3,
        4,
        5,
        6,
        7,
        8,
        9
    ],
    "groupby": false
}