{
    "timestamp": "2022-07-27 18:19:07.176397",
    "dataset": "dmv.csv",
    "model": "dmv.csv-2.6MB-model16.669*",
    "query": "'SELECT Model Year FROM dmv.csv WHERE Registration Class>=HIR<=WUG'",
    "avg_est": 2012.19384765625,
    "avg_real": 2012.5833952774876,
    "avg_err": 0.00019355601469817145,
    "count_est": 11395849.116705418,
    "count_real": 11402744,
    "count_err": 0.0006046687792501846,
    "sum_est": 22930657481.453552,
    "sum_real": 22948973235.0,
    "sum_err": 0.000798107756669217,
    "query_dur_ms_est": 10.009765625,
    "query_dur_ms_real": 2188.521385192871,
    "query_dur_ms_err": 0.9954262427167839,
    "order": [
        0,
        1,
        2,
        3,
        4,
        5,
        6,
        7,
        9,
        8
    ],
    "groupby": false
}