{
    "timestamp": "2022-07-27 18:09:01.072318",
    "dataset": "dmv.csv",
    "model": "dmv.csv-2.6MB-model16.669*",
    "query": "'SELECT Model Year FROM dmv.csv WHERE County<=SCHOHARIE AND Revocation Indicator=Y'",
    "avg_est": 2013.94970703125,
    "avg_real": 2016.0514900037722,
    "avg_err": 0.001042524450860258,
    "count_est": 4875.915906451759,
    "count_real": 5302,
    "count_err": 0.08036289957530009,
    "sum_est": 9819849.411307532,
    "sum_real": 10689105.0,
    "sum_err": 0.081321643738411,
    "query_dur_ms_est": 10.045766830444336,
    "query_dur_ms_real": 2188.521385192871,
    "query_dur_ms_err": 0.9954097927036893,
    "order": [
        0,
        1,
        2,
        3,
        4,
        5,
        6,
        7,
        9,
        8
    ],
    "groupby": false
}