{
    "timestamp": "2022-07-27 18:48:12.339560",
    "dataset": "dmv.csv",
    "model": "dmv.csv-2.6MB-model16.669*",
    "query": "'SELECT Weight_100 FROM dmv.csv WHERE Fuel Type=COMP N/G'",
    "avg_est": 37.007991790771484,
    "avg_real": 25.596994535519126,
    "avg_err": 0.4457944169741541,
    "count_est": 4145.798332903651,
    "count_real": 3388,
    "count_err": 0.22367129070355685,
    "sum_est": 153427.6706702924,
    "sum_real": 56211.0,
    "sum_err": 1.729495484341008,
    "query_dur_ms_est": 9.870290756225586,
    "query_dur_ms_real": 2188.521385192871,
    "query_dur_ms_err": 0.9954899728999652,
    "order": [
        0,
        1,
        2,
        3,
        4,
        5,
        6,
        7,
        8,
        9
    ],
    "groupby": false
}