{
    "timestamp": "2022-07-27 18:53:56.112099",
    "dataset": "dmv.csv",
    "model": "dmv.csv-2.6MB-model16.669*",
    "query": "'SELECT Model Year FROM dmv.csv WHERE State<=IA AND County>=ALBANY<=ST LAWRENCE AND Revocation Indicator=N'",
    "avg_est": 2013.5576171875,
    "avg_real": 2011.509462994307,
    "avg_err": 0.0010182175281165506,
    "count_est": 34595.920031279325,
    "count_real": 32495,
    "count_err": 0.06465363998397677,
    "sum_est": 69660878.3025921,
    "sum_real": 65364000.0,
    "sum_err": 0.06573768898158158,
    "query_dur_ms_est": 10.039567947387695,
    "query_dur_ms_real": 2188.521385192871,
    "query_dur_ms_err": 0.9954126251562752,
    "order": [
        0,
        1,
        2,
        3,
        4,
        5,
        6,
        7,
        9,
        8
    ],
    "groupby": false
}