{
    "timestamp": "2022-07-27 18:47:54.167170",
    "dataset": "dmv.csv",
    "model": "dmv.csv-2.6MB-model16.669*",
    "query": "'SELECT Weight_100 FROM dmv.csv WHERE State<=NS AND Model Year>=1901.0<=1918.0'",
    "avg_est": 24.868114471435547,
    "avg_real": 5.5,
    "avg_err": 3.5214753584428267,
    "count_est": 3.6647754867728963,
    "count_real": 8,
    "count_err": 0.541903064153388,
    "sum_est": 91.13605631717931,
    "sum_real": 22.0,
    "sum_err": 3.1425480144172413,
    "query_dur_ms_est": 9.974002838134766,
    "query_dur_ms_real": 2188.521385192871,
    "query_dur_ms_err": 0.9954425837893945,
    "order": [
        0,
        1,
        2,
        3,
        4,
        5,
        6,
        7,
        8,
        9
    ],
    "groupby": false
}