{
    "timestamp": "2022-07-27 17:45:54.012804",
    "dataset": "dmv.csv",
    "model": "dmv.csv-2.6MB-model16.669*",
    "query": "'SELECT Weight_100 FROM dmv.csv WHERE Registration Class>=OML'",
    "avg_est": 49.8837890625,
    "avg_real": 51.234762111967065,
    "avg_err": 0.02636828968805759,
    "count_est": 10488744.476028204,
    "count_real": 10530019,
    "count_err": 0.003919700806978225,
    "sum_est": 523218316.97265303,
    "sum_real": 465566287.0,
    "sum_err": 0.1238320548168322,
    "query_dur_ms_est": 10.000228881835938,
    "query_dur_ms_real": 2188.521385192871,
    "query_dur_ms_err": 0.9954306003361467,
    "order": [
        0,
        1,
        2,
        3,
        4,
        5,
        6,
        7,
        8,
        9
    ],
    "groupby": false
}