{
    "timestamp": "2022-07-27 17:44:25.745444",
    "dataset": "dmv.csv",
    "model": "dmv.csv-2.6MB-model16.669*",
    "query": "'SELECT Weight_100 FROM dmv.csv WHERE Record Type=SNOW'",
    "avg_est": 28.77107810974121,
    "avg_real": NaN,
    "avg_err": NaN,
    "count_est": 111333.63139332086,
    "count_real": 113019,
    "count_err": 0.014912259059796509,
    "sum_est": 3203188.6050583706,
    "sum_real": 0.0,
    "sum_err": "result=0!",
    "query_dur_ms_est": 9.939193725585938,
    "query_dur_ms_real": 2188.521385192871,
    "query_dur_ms_err": 0.9954584891000688,
    "order": [
        0,
        1,
        2,
        3,
        4,
        5,
        6,
        7,
        8,
        9
    ],
    "groupby": false
}