{
    "timestamp": "2022-07-27 17:34:36.991004",
    "dataset": "dmv.csv",
    "model": "dmv.csv-2.6MB-model16.669*",
    "query": "'SELECT Weight_100 FROM dmv.csv WHERE County>=MONTGOMERY'",
    "avg_est": 47.82932662963867,
    "avg_real": 50.110421882567174,
    "avg_err": 0.04552137394241472,
    "count_est": 8241231.267367125,
    "count_real": 8278291,
    "count_err": 0.004476737122779985,
    "sum_est": 394172542.1172933,
    "sum_real": 323343761.0,
    "sum_err": 0.21905102142141936,
    "query_dur_ms_est": 9.98234748840332,
    "query_dur_ms_real": 2188.521385192871,
    "query_dur_ms_err": 0.995438770872452,
    "order": [
        0,
        1,
        2,
        3,
        4,
        5,
        6,
        7,
        8,
        9
    ],
    "groupby": false
}