{
    "timestamp": "2022-07-27 17:57:31.159663",
    "dataset": "dmv.csv",
    "model": "dmv.csv-2.6MB-model16.669*",
    "query": "'SELECT Model Year FROM dmv.csv WHERE Record Type=BOAT AND Fuel Type=PROPANE AND Suspension Indicator=N AND Weight_100>=32.0'",
    "avg_est": 1999.4228515625,
    "avg_real": NaN,
    "avg_err": NaN,
    "count_est": 0.09926123341047699,
    "count_real": 0,
    "count_err": "result=0!",
    "sum_est": 198.4651783551868,
    "sum_real": 0.0,
    "sum_err": "result=0!",
    "query_dur_ms_est": 9.9945068359375,
    "query_dur_ms_real": 2188.521385192871,
    "query_dur_ms_err": 0.9954332149077645,
    "order": [
        0,
        1,
        2,
        3,
        4,
        5,
        6,
        7,
        9,
        8
    ],
    "groupby": false
}