{
    "timestamp": "2022-07-27 18:24:44.824998",
    "dataset": "dmv.csv",
    "model": "dmv.csv-2.6MB-model16.669*",
    "query": "'SELECT Model Year FROM dmv.csv WHERE Revocation Indicator=N'",
    "avg_est": 2012.1226806640625,
    "avg_real": 2012.1336450903414,
    "avg_err": 5.449154088553767e-06,
    "count_est": 12641091.556552649,
    "count_real": 12640636,
    "count_err": 3.6039053149583955e-05,
    "sum_est": 25435427029.29056,
    "sum_real": 25434604724.0,
    "sum_err": 3.233017770414776e-05,
    "query_dur_ms_est": 10.19287109375,
    "query_dur_ms_real": 2188.521385192871,
    "query_dur_ms_err": 0.9953425764250178,
    "order": [
        0,
        1,
        2,
        3,
        4,
        5,
        6,
        7,
        9,
        8
    ],
    "groupby": false
}