{
    "timestamp": "2022-07-27 18:41:30.511872",
    "dataset": "dmv.csv",
    "model": "dmv.csv-2.6MB-model16.669*",
    "query": "'SELECT Model Year FROM dmv.csv WHERE State>=NE AND Suspension Indicator=Y AND Revocation Indicator=Y'",
    "avg_est": 2013.658935546875,
    "avg_real": 2015.3783783783783,
    "avg_err": 0.0008531612971291446,
    "count_est": 49.02859877327501,
    "count_real": 74,
    "count_err": 0.3374513679287161,
    "sum_est": 98726.87601714778,
    "sum_real": 149138.0,
    "sum_err": 0.3380166287790652,
    "query_dur_ms_est": 9.990930557250977,
    "query_dur_ms_real": 2188.521385192871,
    "query_dur_ms_err": 0.9954348490150255,
    "order": [
        0,
        1,
        2,
        3,
        4,
        5,
        6,
        7,
        9,
        8
    ],
    "groupby": false
}