{
    "timestamp": "2022-07-27 17:45:05.659813",
    "dataset": "dmv.csv",
    "model": "dmv.csv-2.6MB-model16.669*",
    "query": "'SELECT Model Year FROM dmv.csv WHERE Record Type=TRL'",
    "avg_est": 2007.99560546875,
    "avg_real": 2008.260302688645,
    "avg_err": 0.00013180423849467866,
    "count_est": 781843.5492842644,
    "count_real": 775186,
    "count_err": 0.008588324975250385,
    "sum_est": 1569938411.126893,
    "sum_real": 1556775271.0,
    "sum_err": 0.008455388759122346,
    "query_dur_ms_est": 10.039567947387695,
    "query_dur_ms_real": 2188.521385192871,
    "query_dur_ms_err": 0.9954126251562752,
    "order": [
        0,
        1,
        2,
        3,
        4,
        5,
        6,
        7,
        9,
        8
    ],
    "groupby": false
}