{
    "timestamp": "2022-07-27 18:04:13.109738",
    "dataset": "dmv.csv",
    "model": "dmv.csv-2.6MB-model16.669*",
    "query": "'SELECT Weight_100 FROM dmv.csv WHERE Record Type=SNOW AND State<=YY AND County>=GREENE<=RENSSELAER AND Fuel Type=DIESEL AND Scofflaw Indicator=Y AND Suspension Indicator=Y AND Revocation Indicator=N AND Registration Class<=JCA AND Model Year>=1908.0<=1959.0'",
    "avg_est": 28.543170928955078,
    "avg_real": NaN,
    "avg_err": NaN,
    "count_est": 1.888849595843118e-21,
    "count_real": 0,
    "count_err": "result=0!",
    "sum_est": 5.3913756873237835e-20,
    "sum_real": 0.0,
    "sum_err": "result=0!",
    "query_dur_ms_est": 10.302066802978516,
    "query_dur_ms_real": 2188.521385192871,
    "query_dur_ms_err": 0.9952926816833135,
    "order": [
        0,
        1,
        2,
        3,
        4,
        5,
        6,
        7,
        8,
        9
    ],
    "groupby": false
}