{
    "timestamp": "2022-07-27 18:01:54.409509",
    "dataset": "dmv.csv",
    "model": "dmv.csv-2.6MB-model16.669*",
    "query": "'SELECT Weight_100 FROM dmv.csv WHERE Record Type=SNOW AND State>=PA<=YH AND County<=COLUMBIA AND Fuel Type=OTHER AND Scofflaw Indicator=N AND Model Year=1949.0'",
    "avg_est": 28.87004280090332,
    "avg_real": NaN,
    "avg_err": NaN,
    "count_est": 8.440849410703541e-13,
    "count_real": 0,
    "count_err": "result=0!",
    "sum_est": 2.4368768376299077e-11,
    "sum_real": 0.0,
    "sum_err": "result=0!",
    "query_dur_ms_est": 10.161399841308594,
    "query_dur_ms_real": 2188.521385192871,
    "query_dur_ms_err": 0.9953569565689151,
    "order": [
        0,
        1,
        2,
        3,
        4,
        5,
        6,
        7,
        8,
        9
    ],
    "groupby": false
}