{
    "timestamp": "2022-07-27 18:07:45.627859",
    "dataset": "dmv.csv",
    "model": "dmv.csv-2.6MB-model16.669*",
    "query": "'SELECT Weight_100 FROM dmv.csv WHERE County<=ALLEGANY AND Scofflaw Indicator=Y AND Suspension Indicator=N AND Registration Class>=LOC AND Model Year>=1917.0<=1987.0'",
    "avg_est": 38.098838806152344,
    "avg_real": 36.666666666666664,
    "avg_err": 0.03905924016779126,
    "count_est": 5.057109945804768,
    "count_real": 4,
    "count_err": 0.2642774864511921,
    "sum_est": 192.6700166502057,
    "sum_real": 110.0,
    "sum_err": 0.7515456059109609,
    "query_dur_ms_est": 10.200262069702148,
    "query_dur_ms_real": 2188.521385192871,
    "query_dur_ms_err": 0.9953391992700116,
    "order": [
        0,
        1,
        2,
        3,
        4,
        5,
        6,
        7,
        8,
        9
    ],
    "groupby": false
}