{
    "timestamp": "2022-07-27 17:34:51.111091",
    "dataset": "dmv.csv",
    "model": "dmv.csv-2.6MB-model16.669*",
    "query": "'SELECT Model Year FROM dmv.csv WHERE Suspension Indicator=Y AND Revocation Indicator=N'",
    "avg_est": 2011.09423828125,
    "avg_real": 2011.9505982905982,
    "avg_err": 0.00042563669807589734,
    "count_est": 140126.95935163647,
    "count_real": 140400,
    "count_err": 0.0019447339627032096,
    "sum_est": 281808520.57994705,
    "sum_real": 282477864.0,
    "sum_err": 0.002369542910636515,
    "query_dur_ms_est": 10.007619857788086,
    "query_dur_ms_real": 2188.521385192871,
    "query_dur_ms_err": 0.9954272231811405,
    "order": [
        0,
        1,
        2,
        3,
        4,
        5,
        6,
        7,
        9,
        8
    ],
    "groupby": false
}