{
    "timestamp": "2022-07-27 19:01:22.881622",
    "dataset": "dmv.csv",
    "model": "dmv.csv-2.6MB-model16.669*",
    "query": "'SELECT Model Year FROM dmv.csv WHERE Record Type=SNOW AND State<=MT AND County=NASSAU AND Fuel Type=PROPANE AND Scofflaw Indicator=N AND Suspension Indicator=Y AND Revocation Indicator=Y AND Registration Class>=ARG<=LMA AND Weight_100>=25.0<=93.0'",
    "avg_est": 2013.535888671875,
    "avg_real": NaN,
    "avg_err": NaN,
    "count_est": 7.037020753395946e-31,
    "count_real": 0,
    "count_err": "result=0!",
    "sum_est": 1.4169293836291535e-27,
    "sum_real": 0.0,
    "sum_err": "result=0!",
    "query_dur_ms_est": 10.358810424804688,
    "query_dur_ms_real": 2188.521385192871,
    "query_dur_ms_err": 0.9952667538481047,
    "order": [
        0,
        1,
        2,
        3,
        4,
        5,
        6,
        7,
        9,
        8
    ],
    "groupby": false
}