{
    "timestamp": "2022-07-27 17:42:28.932556",
    "dataset": "dmv.csv",
    "model": "dmv.csv-2.6MB-model16.669*",
    "query": "'SELECT Model Year FROM dmv.csv WHERE Suspension Indicator=Y'",
    "avg_est": 2011.23291015625,
    "avg_real": 2011.9524256985228,
    "avg_err": 0.0003576205545829425,
    "count_est": 138500.89278650284,
    "count_real": 140475,
    "count_err": 0.014053085698502665,
    "sum_est": 278557553.65823686,
    "sum_real": 282629017.0,
    "sum_err": 0.014405680580784593,
    "query_dur_ms_est": 9.96255874633789,
    "query_dur_ms_real": 2188.521385192871,
    "query_dur_ms_err": 0.9954478129326298,
    "order": [
        0,
        1,
        2,
        3,
        4,
        5,
        6,
        7,
        9,
        8
    ],
    "groupby": false
}