{
    "timestamp": "2022-07-27 17:59:24.736665",
    "dataset": "dmv.csv",
    "model": "dmv.csv-2.6MB-model16.669*",
    "query": "'SELECT Weight_100 FROM dmv.csv WHERE Fuel Type=PROPANE'",
    "avg_est": 41.63609313964844,
    "avg_real": 15.403314917127071,
    "avg_err": 1.703060566096258,
    "count_est": 895.5364005441079,
    "count_real": 957,
    "count_err": 0.06422528678776605,
    "sum_est": 37286.63698299999,
    "sum_real": 11152.0,
    "sum_err": 2.343493273224533,
    "query_dur_ms_est": 9.89985466003418,
    "query_dur_ms_real": 2188.521385192871,
    "query_dur_ms_err": 0.9954764642799404,
    "order": [
        0,
        1,
        2,
        3,
        4,
        5,
        6,
        7,
        8,
        9
    ],
    "groupby": false
}