{
    "timestamp": "2022-07-27 17:56:53.180322",
    "dataset": "dmv.csv",
    "model": "dmv.csv-2.6MB-model16.669*",
    "query": "'SELECT Weight_100 FROM dmv.csv WHERE State=ID'",
    "avg_est": 48.29954528808594,
    "avg_real": 40.875,
    "avg_err": 0.18164025169629205,
    "count_est": 50.7641334524742,
    "count_real": 34,
    "count_err": 0.4930627486021823,
    "sum_est": 2451.8845626982156,
    "sum_real": 654.0,
    "sum_err": 2.7490589643703602,
    "query_dur_ms_est": 9.949922561645508,
    "query_dur_ms_real": 2188.521385192871,
    "query_dur_ms_err": 0.9954535867782857,
    "order": [
        0,
        1,
        2,
        3,
        4,
        5,
        6,
        7,
        8,
        9
    ],
    "groupby": false
}