{
    "timestamp": "2022-07-27 18:07:41.231354",
    "dataset": "dmv.csv",
    "model": "dmv.csv-2.6MB-model16.669*",
    "query": "'SELECT Weight_100 FROM dmv.csv WHERE County<=BROOME AND Revocation Indicator=N'",
    "avg_est": 46.73759460449219,
    "avg_real": 48.98029770732055,
    "avg_err": 0.045787861809855286,
    "count_est": 768862.4354806095,
    "count_real": 787251,
    "count_err": 0.02335794367919566,
    "sum_est": 35934780.81611526,
    "sum_real": 30881343.0,
    "sum_err": 0.16364048079499846,
    "query_dur_ms_est": 10.322332382202148,
    "query_dur_ms_real": 2188.521385192871,
    "query_dur_ms_err": 0.9952834217421676,
    "order": [
        0,
        1,
        2,
        3,
        4,
        5,
        6,
        7,
        8,
        9
    ],
    "groupby": false
}