{
    "timestamp": "2022-07-27 18:29:54.919952",
    "dataset": "dmv.csv",
    "model": "dmv.csv-2.6MB-model16.669*",
    "query": "'SELECT Weight_100 FROM dmv.csv WHERE Record Type=VEH AND State>=UT AND County>=SCHENECTADY AND Fuel Type=PROPANE AND Scofflaw Indicator=N AND Revocation Indicator=Y AND Registration Class>=CME AND Model Year<=1934.0'",
    "avg_est": 58.714599609375,
    "avg_real": NaN,
    "avg_err": NaN,
    "count_est": 3.8988681125111465e-10,
    "count_real": 0,
    "count_err": "result=0!",
    "sum_est": 2.289204801558516e-08,
    "sum_real": 0.0,
    "sum_err": "result=0!",
    "query_dur_ms_est": 10.271310806274414,
    "query_dur_ms_real": 2188.521385192871,
    "query_dur_ms_err": 0.9953067350057586,
    "order": [
        0,
        1,
        2,
        3,
        4,
        5,
        6,
        7,
        8,
        9
    ],
    "groupby": false
}