{
    "timestamp": "2022-07-27 18:25:12.167936",
    "dataset": "dmv.csv",
    "model": "dmv.csv-2.6MB-model16.669*",
    "query": "'SELECT Model Year FROM dmv.csv WHERE Fuel Type=NONE'",
    "avg_est": 2008.0799560546875,
    "avg_real": 2008.1864413518886,
    "avg_err": 5.30256031055446e-05,
    "count_est": 772870.5148988962,
    "count_real": 804800,
    "count_err": 0.03967381349540729,
    "sum_est": 1551985789.594139,
    "sum_real": 1616188448.0,
    "sum_err": 0.03972473537062486,
    "query_dur_ms_est": 9.989738464355469,
    "query_dur_ms_real": 2188.521385192871,
    "query_dur_ms_err": 0.9954353937174458,
    "order": [
        0,
        1,
        2,
        3,
        4,
        5,
        6,
        7,
        9,
        8
    ],
    "groupby": false
}