{
    "timestamp": "2022-07-27 18:14:29.158793",
    "dataset": "dmv.csv",
    "model": "dmv.csv-2.6MB-model16.669*",
    "query": "'SELECT Model Year FROM dmv.csv WHERE County>=SUFFOLK AND Scofflaw Indicator=N'",
    "avg_est": 2012.004150390625,
    "avg_real": 2011.7698643421074,
    "avg_err": 0.00011645767871872227,
    "count_est": 2854022.964098394,
    "count_real": 2844069,
    "count_err": 0.003499902463123756,
    "sum_est": 5742306049.076122,
    "sum_real": 5721606271.0,
    "sum_err": 0.0036178263752679467,
    "query_dur_ms_est": 10.036945343017578,
    "query_dur_ms_real": 2188.521385192871,
    "query_dur_ms_err": 0.9954138235015999,
    "order": [
        0,
        1,
        2,
        3,
        4,
        5,
        6,
        7,
        9,
        8
    ],
    "groupby": false
}