{
    "timestamp": "2022-07-27 17:44:21.799361",
    "dataset": "dmv.csv",
    "model": "dmv.csv-2.6MB-model16.669*",
    "query": "'SELECT Model Year FROM dmv.csv WHERE County<=ONTARIO'",
    "avg_est": 2012.0098876953125,
    "avg_real": 2012.1216827428477,
    "avg_err": 5.55607787014301e-05,
    "count_est": 6720364.196495771,
    "count_real": 6715952,
    "count_err": 0.0006569726072746512,
    "sum_est": 13521439212.263056,
    "sum_real": 13513288494.0,
    "sum_err": 0.0006031631950042937,
    "query_dur_ms_est": 9.966373443603516,
    "query_dur_ms_real": 2188.521385192871,
    "query_dur_ms_err": 0.9954460698848848,
    "order": [
        0,
        1,
        2,
        3,
        4,
        5,
        6,
        7,
        9,
        8
    ],
    "groupby": false
}