{
    "timestamp": "2022-07-27 17:34:04.829926",
    "dataset": "dmv.csv",
    "model": "dmv.csv-2.6MB-model16.669*",
    "query": "'SELECT Model Year FROM dmv.csv WHERE Registration Class=PHS'",
    "avg_est": 2013.1614990234375,
    "avg_real": 2003.6,
    "avg_err": 0.0047721596243948845,
    "count_est": 3.406694022236479,
    "count_real": 5,
    "count_err": 0.31866119555270417,
    "sum_est": 6858.225244519775,
    "sum_real": 10018.0,
    "sum_err": 0.31540973801958727,
    "query_dur_ms_est": 10.030269622802734,
    "query_dur_ms_real": 2188.521385192871,
    "query_dur_ms_err": 0.9954168738351539,
    "order": [
        0,
        1,
        2,
        3,
        4,
        5,
        6,
        7,
        9,
        8
    ],
    "groupby": false
}