{
    "timestamp": "2022-07-27 18:26:23.027285",
    "dataset": "dmv.csv",
    "model": "dmv.csv-2.6MB-model16.669*",
    "query": "'SELECT Model Year FROM dmv.csv WHERE Fuel Type=PROPANE AND Weight_100>=11.0<=23.0'",
    "avg_est": 2012.401123046875,
    "avg_real": 1992.5,
    "avg_err": 0.009988016585633626,
    "count_est": 4.317178529385842,
    "count_real": 2,
    "count_err": 1.158589264692921,
    "sum_est": 8687.894920929924,
    "sum_real": 3985.0,
    "sum_err": 1.1801492900702446,
    "query_dur_ms_est": 9.957313537597656,
    "query_dur_ms_real": 2188.521385192871,
    "query_dur_ms_err": 0.9954502096232795,
    "order": [
        0,
        1,
        2,
        3,
        4,
        5,
        6,
        7,
        9,
        8
    ],
    "groupby": false
}