{
    "timestamp": "2022-07-27 18:21:15.312744",
    "dataset": "dmv.csv",
    "model": "dmv.csv-2.6MB-model16.669*",
    "query": "'SELECT Weight_100 FROM dmv.csv WHERE Revocation Indicator=N'",
    "avg_est": 46.741573333740234,
    "avg_real": 49.466124927671096,
    "avg_err": 0.055079139469984266,
    "count_est": 12640878.990825891,
    "count_real": 12640636,
    "count_err": 1.9222990511829845e-05,
    "sum_est": 590854572.3526247,
    "sum_real": 480016061.0,
    "sum_err": 0.23090583911238055,
    "query_dur_ms_est": 10.111808776855469,
    "query_dur_ms_real": 2188.521385192871,
    "query_dur_ms_err": 0.9953796161896018,
    "order": [
        0,
        1,
        2,
        3,
        4,
        5,
        6,
        7,
        8,
        9
    ],
    "groupby": false
}