{
    "timestamp": "2022-07-27 17:39:19.788729",
    "dataset": "dmv.csv",
    "model": "dmv.csv-2.6MB-model16.669*",
    "query": "'SELECT Weight_100 FROM dmv.csv WHERE County>=MONTGOMERY AND Scofflaw Indicator=Y'",
    "avg_est": 51.2606315612793,
    "avg_real": 50.27325214253496,
    "avg_err": 0.019640253547650283,
    "count_est": 11145.02625258523,
    "count_real": 12462,
    "count_err": 0.10567916445311905,
    "sum_est": 571301.0844745568,
    "sum_real": 557279.0,
    "sum_err": 0.025161695442600288,
    "query_dur_ms_est": 10.01739501953125,
    "query_dur_ms_real": 2188.521385192871,
    "query_dur_ms_err": 0.9954227566212936,
    "order": [
        0,
        1,
        2,
        3,
        4,
        5,
        6,
        7,
        8,
        9
    ],
    "groupby": false
}