{
    "timestamp": "2022-07-27 18:12:16.112236",
    "dataset": "dmv.csv",
    "model": "dmv.csv-2.6MB-model16.669*",
    "query": "'SELECT Model Year FROM dmv.csv WHERE Revocation Indicator=Y'",
    "avg_est": 2014.0482177734375,
    "avg_real": 2015.9639084507041,
    "avg_err": 0.0009502604035897019,
    "count_est": 4755.874364830437,
    "count_real": 5680,
    "count_err": 0.16269817520590896,
    "sum_est": 9578560.288441122,
    "sum_real": 11450675.0,
    "sum_err": 0.16349382997586417,
    "query_dur_ms_est": 10.015487670898438,
    "query_dur_ms_real": 2188.521385192871,
    "query_dur_ms_err": 0.9954236281451663,
    "order": [
        0,
        1,
        2,
        3,
        4,
        5,
        6,
        7,
        9,
        8
    ],
    "groupby": false
}