{
    "timestamp": "2022-07-27 18:47:37.837381",
    "dataset": "dmv.csv",
    "model": "dmv.csv-2.6MB-model16.669*",
    "query": "'SELECT Weight_100 FROM dmv.csv WHERE Record Type=BOAT AND State<=MS AND County>=MONTGOMERY<=ROCKLAND AND Fuel Type=FLEX AND Scofflaw Indicator=N AND Suspension Indicator=Y AND Revocation Indicator=N AND Registration Class>=COM AND Model Year>=1971.0<=2006.0'",
    "avg_est": 33.04863739013672,
    "avg_real": NaN,
    "avg_err": NaN,
    "count_est": 3.112137989386268e-07,
    "count_real": 0,
    "count_err": "result=0!",
    "sum_est": 1.0285191991929593e-05,
    "sum_real": 0.0,
    "sum_err": "result=0!",
    "query_dur_ms_est": 10.35761833190918,
    "query_dur_ms_real": 2188.521385192871,
    "query_dur_ms_err": 0.9952672985505251,
    "order": [
        0,
        1,
        2,
        3,
        4,
        5,
        6,
        7,
        8,
        9
    ],
    "groupby": false
}