{
    "timestamp": "2022-07-27 17:39:35.585736",
    "dataset": "dmv.csv",
    "model": "dmv.csv-2.6MB-model16.669*",
    "query": "'SELECT Model Year FROM dmv.csv WHERE County>=HAMILTON'",
    "avg_est": 2012.2047119140625,
    "avg_real": 2012.2883972002483,
    "avg_err": 4.158712354659935e-05,
    "count_est": 9849819.389484406,
    "count_real": 9850606,
    "count_err": 7.985402274687288e-05,
    "sum_est": 19819852987.023014,
    "sum_real": 19822223938.0,
    "sum_err": 0.00011961074521213148,
    "query_dur_ms_est": 9.988546371459961,
    "query_dur_ms_real": 2188.521385192871,
    "query_dur_ms_err": 0.9954359384198662,
    "order": [
        0,
        1,
        2,
        3,
        4,
        5,
        6,
        7,
        9,
        8
    ],
    "groupby": false
}