{
    "timestamp": "2022-07-27 18:39:39.343266",
    "dataset": "dmv.csv",
    "model": "dmv.csv-2.6MB-model16.669*",
    "query": "'SELECT Weight_100 FROM dmv.csv WHERE Fuel Type=ELECTRIC'",
    "avg_est": 61.52461624145508,
    "avg_real": 65.4045284637539,
    "avg_err": 0.05932176736736218,
    "count_est": 75566.5740833506,
    "count_real": 77113,
    "count_err": 0.020054023532340867,
    "sum_est": 4649204.47115963,
    "sum_real": 4269346.0,
    "sum_err": 0.08897345662769672,
    "query_dur_ms_est": 9.961366653442383,
    "query_dur_ms_real": 2188.521385192871,
    "query_dur_ms_err": 0.9954483576350502,
    "order": [
        0,
        1,
        2,
        3,
        4,
        5,
        6,
        7,
        8,
        9
    ],
    "groupby": false
}