{
    "timestamp": "2022-07-27 18:55:24.209269",
    "dataset": "dmv.csv",
    "model": "dmv.csv-2.6MB-model16.669*",
    "query": "'SELECT Model Year FROM dmv.csv WHERE Scofflaw Indicator=N AND Registration Class>=VPL'",
    "avg_est": 2012.47998046875,
    "avg_real": 2009.0833333333333,
    "avg_err": 0.00169064522066452,
    "count_est": 13.502263814223625,
    "count_real": 12,
    "count_err": 0.12518865118530206,
    "sum_est": 27173.03561713267,
    "sum_real": 24109.0,
    "sum_err": 0.12709094600077445,
    "query_dur_ms_est": 10.269641876220703,
    "query_dur_ms_real": 2188.521385192871,
    "query_dur_ms_err": 0.995307497589147,
    "order": [
        0,
        1,
        2,
        3,
        4,
        5,
        6,
        7,
        9,
        8
    ],
    "groupby": false
}