{
    "timestamp": "2022-07-27 17:47:33.916035",
    "dataset": "dmv.csv",
    "model": "dmv.csv-2.6MB-model16.669*",
    "query": "'SELECT Model Year FROM dmv.csv WHERE Record Type=BOAT AND State>=GU AND County<=WAYNE AND Fuel Type=DIESEL AND Scofflaw Indicator=N AND Suspension Indicator=N AND Revocation Indicator=Y AND Registration Class<=LTR AND Weight_100>=87.0'",
    "avg_est": 2002.940673828125,
    "avg_real": NaN,
    "avg_err": NaN,
    "count_est": 3.0881821598852727e-20,
    "count_real": 0,
    "count_err": "result=0!",
    "sum_est": 6.185445656224602e-17,
    "sum_real": 0.0,
    "sum_err": "result=0!",
    "query_dur_ms_est": 10.544776916503906,
    "query_dur_ms_real": 2188.521385192871,
    "query_dur_ms_err": 0.9951817802705297,
    "order": [
        0,
        1,
        2,
        3,
        4,
        5,
        6,
        7,
        9,
        8
    ],
    "groupby": false
}