{
    "timestamp": "2022-07-27 17:54:58.107270",
    "dataset": "dmv.csv",
    "model": "dmv.csv-2.6MB-model16.669*",
    "query": "'SELECT Weight_100 FROM dmv.csv WHERE Fuel Type=OTHER'",
    "avg_est": 52.00691223144531,
    "avg_real": 52.904761904761905,
    "avg_err": 0.016971055931276728,
    "count_est": 2252.3339430001215,
    "count_real": 2149,
    "count_err": 0.04808466402983783,
    "sum_est": 117136.93368951247,
    "sum_real": 56661.0,
    "sum_err": 1.0673290921359042,
    "query_dur_ms_est": 9.990215301513672,
    "query_dur_ms_real": 2188.521385192871,
    "query_dur_ms_err": 0.9954351758364777,
    "order": [
        0,
        1,
        2,
        3,
        4,
        5,
        6,
        7,
        8,
        9
    ],
    "groupby": false
}