{
    "timestamp": "2022-07-27 18:37:03.436916",
    "dataset": "dmv.csv",
    "model": "dmv.csv-2.6MB-model16.669*",
    "query": "'SELECT Weight_100 FROM dmv.csv WHERE Record Type=TRL AND State>=PR AND Fuel Type=PROPANE AND Scofflaw Indicator=Y AND Suspension Indicator=N AND Model Year>=1928.0<=1971.0'",
    "avg_est": 66.83210754394531,
    "avg_real": NaN,
    "avg_err": NaN,
    "count_est": 1.3874516322220526e-11,
    "count_real": 0,
    "count_err": "result=0!",
    "sum_est": 9.272631669668667e-10,
    "sum_real": 0.0,
    "sum_err": "result=0!",
    "query_dur_ms_est": 10.171651840209961,
    "query_dur_ms_real": 2188.521385192871,
    "query_dur_ms_err": 0.9953522721281001,
    "order": [
        0,
        1,
        2,
        3,
        4,
        5,
        6,
        7,
        8,
        9
    ],
    "groupby": false
}