{
    "timestamp": "2022-07-27 18:05:36.657216",
    "dataset": "dmv.csv",
    "model": "dmv.csv-2.6MB-model16.669*",
    "query": "'SELECT Model Year FROM dmv.csv WHERE Record Type=SNOW AND Weight_100>=53.0<=54.0'",
    "avg_est": 2009.3961181640625,
    "avg_real": NaN,
    "avg_err": NaN,
    "count_est": 6.51283255171032e-08,
    "count_real": 0,
    "count_err": "result=0!",
    "sum_est": 0.00013086860447659264,
    "sum_real": 0.0,
    "sum_err": "result=0!",
    "query_dur_ms_est": 10.104894638061523,
    "query_dur_ms_real": 2188.521385192871,
    "query_dur_ms_err": 0.9953827754636398,
    "order": [
        0,
        1,
        2,
        3,
        4,
        5,
        6,
        7,
        9,
        8
    ],
    "groupby": false
}