{
    "timestamp": "2022-07-27 17:40:30.034513",
    "dataset": "dmv.csv",
    "model": "dmv.csv-2.6MB-model16.669*",
    "query": "'SELECT Model Year FROM dmv.csv WHERE County>=SCHUYLER<=TIOGA'",
    "avg_est": 2011.5328369140625,
    "avg_real": 2011.3746048449095,
    "avg_err": 7.866862233013716e-05,
    "count_est": 1847410.0503590703,
    "count_real": 1834096,
    "count_err": 0.007259189463948616,
    "sum_est": 3716125979.5423317,
    "sum_real": 3689042049.0,
    "sum_err": 0.007341724540568308,
    "query_dur_ms_est": 9.984016418457031,
    "query_dur_ms_real": 2188.521385192871,
    "query_dur_ms_err": 0.9954380082890636,
    "order": [
        0,
        1,
        2,
        3,
        4,
        5,
        6,
        7,
        9,
        8
    ],
    "groupby": false
}