{
    "timestamp": "2022-07-27 18:20:43.662922",
    "dataset": "dmv.csv",
    "model": "dmv.csv-2.6MB-model16.669*",
    "query": "'SELECT Model Year FROM dmv.csv WHERE Registration Class>=FAR'",
    "avg_est": 2012.3726806640625,
    "avg_real": 2012.5600221203192,
    "avg_err": 9.30861461012951e-05,
    "count_est": 11415116.466143847,
    "count_real": 11419365,
    "count_err": 0.0003720464190568817,
    "sum_est": 22971468523.066372,
    "sum_real": 22982157477.0,
    "sum_err": 0.00046509793279091985,
    "query_dur_ms_est": 10.007143020629883,
    "query_dur_ms_real": 2188.521385192871,
    "query_dur_ms_err": 0.9954274410621087,
    "order": [
        0,
        1,
        2,
        3,
        4,
        5,
        6,
        7,
        9,
        8
    ],
    "groupby": false
}