{
    "timestamp": "2022-07-27 19:04:40.631185",
    "dataset": "dmv.csv",
    "model": "dmv.csv-2.6MB-model16.669*",
    "query": "'SELECT Weight_100 FROM dmv.csv WHERE County>=HERKIMER<=SUFFOLK'",
    "avg_est": 47.89490509033203,
    "avg_real": 50.04319021581857,
    "avg_err": 0.04292862058197618,
    "count_est": 8417519.863870144,
    "count_real": 8421527,
    "count_err": 0.00047582061185057174,
    "sum_est": 403156314.97604513,
    "sum_real": 328568574.0,
    "sum_err": 0.22700814039520753,
    "query_dur_ms_est": 9.97304916381836,
    "query_dur_ms_real": 2188.521385192871,
    "query_dur_ms_err": 0.9954430195513307,
    "order": [
        0,
        1,
        2,
        3,
        4,
        5,
        6,
        7,
        8,
        9
    ],
    "groupby": false
}