{
    "timestamp": "2022-07-27 18:35:01.247968",
    "dataset": "dmv.csv",
    "model": "dmv.csv-2.6MB-model16.669*",
    "query": "'SELECT Weight_100 FROM dmv.csv WHERE Registration Class>=LOC'",
    "avg_est": 48.615882873535156,
    "avg_real": 49.670049548632896,
    "avg_err": 0.021223386823191814,
    "count_est": 11209980.740694046,
    "count_real": 11236901,
    "count_err": 0.002395701386525874,
    "sum_est": 544983110.7041667,
    "sum_real": 466931397.0,
    "sum_err": 0.16715884647218668,
    "query_dur_ms_est": 9.989023208618164,
    "query_dur_ms_real": 2188.521385192871,
    "query_dur_ms_err": 0.9954357205388981,
    "order": [
        0,
        1,
        2,
        3,
        4,
        5,
        6,
        7,
        8,
        9
    ],
    "groupby": false
}