{
    "timestamp": "2022-07-26 19:19:16.400653",
    "dataset": "dmv.csv",
    "model": "dmv.csv-32.5MB*",
    "query": "'SELECT Unladen Weight FROM dmv.csv WHERE Registration Class>=AYG'",
    "avg_est": 4154.59423828125,
    "avg_real": 4222.955910819955,
    "avg_err": 0.016188109462272626,
    "count_est": 12507603.295265913,
    "count_real": 12507634,
    "count_err": 2.454879482961394e-06,
    "sum_est": 51964016585.21934,
    "sum_real": 40472167560.0,
    "sum_err": 0.28394449119095655,
    "query_dur_ms_est": 92.00906753540039,
    "query_dur_ms_real": 1141.6544914245605,
    "query_dur_ms_err": 0.919407256550455,
    "order": [
        0,
        1,
        2,
        3,
        4,
        5,
        6,
        7,
        8,
        9
    ],
    "groupby": false
}