{
    "timestamp": "2022-07-27 17:41:23.644293",
    "dataset": "dmv.csv",
    "model": "dmv.csv-2.6MB-model16.669*",
    "query": "'SELECT Model Year FROM dmv.csv WHERE Record Type=VEH AND State<=AP AND County<=GREENE AND Fuel Type=COMP N/G AND Revocation Indicator=Y AND Registration Class>=OMF'",
    "avg_est": 2013.9786376953125,
    "avg_real": NaN,
    "avg_err": NaN,
    "count_est": 2.658598159393057e-06,
    "count_real": 0,
    "count_err": "result=0!",
    "sum_est": 0.005354359899233695,
    "sum_real": 0.0,
    "sum_err": "result=0!",
    "query_dur_ms_est": 10.186910629272461,
    "query_dur_ms_real": 2188.521385192871,
    "query_dur_ms_err": 0.9953452999371195,
    "order": [
        0,
        1,
        2,
        3,
        4,
        5,
        6,
        7,
        9,
        8
    ],
    "groupby": false
}