{
    "timestamp": "2022-07-27 18:09:02.571889",
    "dataset": "dmv.csv",
    "model": "dmv.csv-2.6MB-model16.669*",
    "query": "'SELECT Weight_100 FROM dmv.csv WHERE Model Year<=1942.0'",
    "avg_est": 21.287595748901367,
    "avg_real": 17.161617007030465,
    "avg_err": 0.2404189966586858,
    "count_est": 16031.680199744646,
    "count_real": 13426,
    "count_err": 0.19407717858965035,
    "sum_est": 341275.92726783035,
    "sum_real": 205047.0,
    "sum_err": 0.6643790314797601,
    "query_dur_ms_est": 9.96708869934082,
    "query_dur_ms_real": 2188.521385192871,
    "query_dur_ms_err": 0.9954457430634326,
    "order": [
        0,
        1,
        2,
        3,
        4,
        5,
        6,
        7,
        8,
        9
    ],
    "groupby": false
}