{
    "timestamp": "2022-07-27 17:53:04.004805",
    "dataset": "dmv.csv",
    "model": "dmv.csv-2.6MB-model16.669*",
    "query": "'SELECT Model Year FROM dmv.csv WHERE Scofflaw Indicator=N'",
    "avg_est": 2012.2337646484375,
    "avg_real": 2012.132893623007,
    "avg_err": 5.013139328429365e-05,
    "count_est": 12628410.729526997,
    "count_real": 12625910,
    "count_err": 0.0001980633100502548,
    "sum_est": 25411314463.80283,
    "sum_real": 25404964556.0,
    "sum_err": 0.0002499475167081096,
    "query_dur_ms_est": 10.025501251220703,
    "query_dur_ms_real": 2188.521385192871,
    "query_dur_ms_err": 0.9954190526448353,
    "order": [
        0,
        1,
        2,
        3,
        4,
        5,
        6,
        7,
        9,
        8
    ],
    "groupby": false
}