{
    "timestamp": "2022-07-27 18:07:08.528621",
    "dataset": "dmv.csv",
    "model": "dmv.csv-2.6MB-model16.669*",
    "query": "'SELECT Weight_100 FROM dmv.csv WHERE Record Type=SNOW AND State<=NU AND County<=GENESEE AND Fuel Type=NONE AND Scofflaw Indicator=N AND Suspension Indicator=Y AND Revocation Indicator=N AND Registration Class>=OML AND Model Year>=1901.0<=1948.0'",
    "avg_est": 30.587928771972656,
    "avg_real": NaN,
    "avg_err": NaN,
    "count_est": 4.011639238650748e-13,
    "count_real": 0,
    "count_err": "result=0!",
    "sum_est": 1.2270773529069969e-11,
    "sum_real": 0.0,
    "sum_err": "result=0!",
    "query_dur_ms_est": 10.232686996459961,
    "query_dur_ms_real": 2188.521385192871,
    "query_dur_ms_err": 0.9953243833641781,
    "order": [
        0,
        1,
        2,
        3,
        4,
        5,
        6,
        7,
        8,
        9
    ],
    "groupby": false
}