{
    "timestamp": "2022-07-26 19:19:06.957485",
    "dataset": "dmv.csv",
    "model": "dmv.csv-32.5MB*",
    "query": "'SELECT Unladen Weight FROM dmv.csv WHERE Record Type=BOAT AND Scofflaw Indicator=N AND Revocation Indicator=N AND Model Year>=1911.0<=1997.0'",
    "avg_est": 3506.602783203125,
    "avg_real": NaN,
    "avg_err": NaN,
    "count_est": 143953.03643306717,
    "count_real": 145088,
    "count_err": 0.007822587443019597,
    "sum_est": 504786118.2067342,
    "sum_real": 0.0,
    "sum_err": "result=0!",
    "query_dur_ms_est": 92.61512756347656,
    "query_dur_ms_real": 1141.6544914245605,
    "query_dur_ms_err": 0.9188763953900702,
    "order": [
        0,
        1,
        2,
        3,
        4,
        5,
        6,
        7,
        8,
        9
    ],
    "groupby": false
}