{
    "timestamp": "2022-07-27 17:58:56.307774",
    "dataset": "dmv.csv",
    "model": "dmv.csv-2.6MB-model16.669*",
    "query": "'SELECT Model Year FROM dmv.csv WHERE Record Type=SNOW'",
    "avg_est": 2009.372314453125,
    "avg_real": 2009.872658579531,
    "avg_err": 0.00024894319760514124,
    "count_est": 111333.63139332086,
    "count_real": 113019,
    "count_err": 0.014912259059796509,
    "sum_est": 223710716.58926824,
    "sum_real": 227153798.0,
    "sum_err": 0.015157489951947722,
    "query_dur_ms_est": 9.88316535949707,
    "query_dur_ms_real": 2188.521385192871,
    "query_dur_ms_err": 0.9954840901138253,
    "order": [
        0,
        1,
        2,
        3,
        4,
        5,
        6,
        7,
        9,
        8
    ],
    "groupby": false
}