{
    "timestamp": "2022-07-27 18:23:14.369398",
    "dataset": "dmv.csv",
    "model": "dmv.csv-2.6MB-model16.669*",
    "query": "'SELECT Weight_100 FROM dmv.csv WHERE Scofflaw Indicator=Y'",
    "avg_est": 50.5118408203125,
    "avg_real": 49.717349463843824,
    "avg_err": 0.015980163163091737,
    "count_est": 18486.257548313588,
    "count_real": 20406,
    "count_err": 0.09407735233198138,
    "sum_est": 933774.8986437164,
    "sum_real": 904110.0,
    "sum_err": 0.03281116085843134,
    "query_dur_ms_est": 9.937047958374023,
    "query_dur_ms_real": 2188.521385192871,
    "query_dur_ms_err": 0.9954594695644254,
    "order": [
        0,
        1,
        2,
        3,
        4,
        5,
        6,
        7,
        8,
        9
    ],
    "groupby": false
}