{
    "timestamp": "2022-07-27 18:32:23.357875",
    "dataset": "dmv.csv",
    "model": "dmv.csv-2.6MB-model16.669*",
    "query": "'SELECT Weight_100 FROM dmv.csv WHERE State>=IL<=VT AND County<=WARREN'",
    "avg_est": 47.79582214355469,
    "avg_real": 49.34275152949069,
    "avg_err": 0.03135069160080078,
    "count_est": 11655545.640027046,
    "count_real": 11654082,
    "count_err": 0.00012559033195803872,
    "sum_est": 557086386.396817,
    "sum_real": 439837093.0,
    "sum_err": 0.26657436415172236,
    "query_dur_ms_est": 10.169744491577148,
    "query_dur_ms_real": 2188.521385192871,
    "query_dur_ms_err": 0.9953531436519726,
    "order": [
        0,
        1,
        2,
        3,
        4,
        5,
        6,
        7,
        8,
        9
    ],
    "groupby": false
}