{
    "timestamp": "2022-07-27 18:06:10.069287",
    "dataset": "dmv.csv",
    "model": "dmv.csv-2.6MB-model16.669*",
    "query": "'SELECT Weight_100 FROM dmv.csv WHERE Registration Class>=CHC<=SUP AND Model Year<=1955.0'",
    "avg_est": 27.628883361816406,
    "avg_real": 25.5510964536577,
    "avg_err": 0.08131889415889497,
    "count_est": 30457.239537938498,
    "count_real": 27526,
    "count_err": 0.10648984734209467,
    "sum_est": 841499.5187166057,
    "sum_real": 596567.0,
    "sum_err": 0.41057000926401516,
    "query_dur_ms_est": 10.17308235168457,
    "query_dur_ms_real": 2188.521385192871,
    "query_dur_ms_err": 0.9953516184851956,
    "order": [
        0,
        1,
        2,
        3,
        4,
        5,
        6,
        7,
        8,
        9
    ],
    "groupby": false
}