{
    "timestamp": "2022-07-27 19:00:43.025942",
    "dataset": "dmv.csv",
    "model": "dmv.csv-2.6MB-model16.669*",
    "query": "'SELECT Weight_100 FROM dmv.csv WHERE State<=GU AND Suspension Indicator=Y AND Revocation Indicator=N AND Model Year<=1981.0'",
    "avg_est": 38.11677551269531,
    "avg_real": 26.4,
    "avg_err": 0.4438172542687619,
    "count_est": 5.6006585592444935,
    "count_real": 5,
    "count_err": 0.1201317118488987,
    "sum_est": 213.4790450259779,
    "sum_real": 132.0,
    "sum_err": 0.6172654926210448,
    "query_dur_ms_est": 10.162115097045898,
    "query_dur_ms_real": 2188.521385192871,
    "query_dur_ms_err": 0.9953566297474629,
    "order": [
        0,
        1,
        2,
        3,
        4,
        5,
        6,
        7,
        8,
        9
    ],
    "groupby": false
}