{
    "timestamp": "2022-07-27 18:09:31.352964",
    "dataset": "dmv.csv",
    "model": "dmv.csv-2.6MB-model16.669*",
    "query": "'SELECT Weight_100 FROM dmv.csv WHERE Record Type=VEH AND Scofflaw Indicator=Y'",
    "avg_est": 50.48616027832031,
    "avg_real": 49.61292989417989,
    "avg_err": 0.017600863041206102,
    "count_est": 17692.997719010804,
    "count_real": 20324,
    "count_err": 0.12945297584083823,
    "sum_est": 893251.5186459351,
    "sum_real": 900177.0,
    "sum_err": 0.007693466233934982,
    "query_dur_ms_est": 9.976387023925781,
    "query_dur_ms_real": 2188.521385192871,
    "query_dur_ms_err": 0.9954414943845538,
    "order": [
        0,
        1,
        2,
        3,
        4,
        5,
        6,
        7,
        8,
        9
    ],
    "groupby": false
}