{
    "timestamp": "2022-07-27 18:01:43.131031",
    "dataset": "dmv.csv",
    "model": "dmv.csv-2.6MB-model16.669*",
    "query": "'SELECT Model Year FROM dmv.csv WHERE Record Type=SNOW AND Fuel Type=COMP N/G AND Suspension Indicator=Y AND Registration Class>=NYA<=VPL AND Weight_100=41.0'",
    "avg_est": 2010.9510498046875,
    "avg_real": NaN,
    "avg_err": NaN,
    "count_est": 2.5554340542470554e-18,
    "count_real": 0,
    "count_err": "result=0!",
    "sum_est": 5.1388527940947645e-15,
    "sum_real": 0.0,
    "sum_err": "result=0!",
    "query_dur_ms_est": 10.16998291015625,
    "query_dur_ms_real": 2188.521385192871,
    "query_dur_ms_err": 0.9953530347114885,
    "order": [
        0,
        1,
        2,
        3,
        4,
        5,
        6,
        7,
        9,
        8
    ],
    "groupby": false
}