{
    "timestamp": "2022-07-27 17:57:15.522818",
    "dataset": "dmv.csv",
    "model": "dmv.csv-2.6MB-model16.669*",
    "query": "'SELECT Weight_100 FROM dmv.csv WHERE Model Year=1902.0'",
    "avg_est": 14.75032901763916,
    "avg_real": NaN,
    "avg_err": NaN,
    "count_est": 0.2195768605627535,
    "count_real": 1,
    "count_err": 0.7804231394372465,
    "sum_est": 3.238830937960891,
    "sum_real": 0.0,
    "sum_err": "result=0!",
    "query_dur_ms_est": 9.977579116821289,
    "query_dur_ms_real": 2188.521385192871,
    "query_dur_ms_err": 0.9954409496821335,
    "order": [
        0,
        1,
        2,
        3,
        4,
        5,
        6,
        7,
        8,
        9
    ],
    "groupby": false
}