{
    "timestamp": "2022-07-27 17:44:15.158965",
    "dataset": "dmv.csv",
    "model": "dmv.csv-2.6MB-model16.669*",
    "query": "'SELECT Weight_100 FROM dmv.csv WHERE State>=TX'",
    "avg_est": 41.91368103027344,
    "avg_real": 51.87207159778889,
    "avg_err": 0.19197981227223515,
    "count_est": 20082.704419737216,
    "count_real": 16309,
    "count_err": 0.23138784841113594,
    "sum_est": 841740.0672741283,
    "sum_real": 197062.0,
    "sum_err": 3.271447906111418,
    "query_dur_ms_est": 9.91678237915039,
    "query_dur_ms_real": 2188.521385192871,
    "query_dur_ms_err": 0.9954687295055714,
    "order": [
        0,
        1,
        2,
        3,
        4,
        5,
        6,
        7,
        8,
        9
    ],
    "groupby": false
}