{
    "timestamp": "2022-07-27 17:49:49.093443",
    "dataset": "dmv.csv",
    "model": "dmv.csv-2.6MB-model16.669*",
    "query": "'SELECT Weight_100 FROM dmv.csv WHERE State>=AY AND County>=HAMILTON AND Scofflaw Indicator=N AND Suspension Indicator=Y AND Revocation Indicator=N AND Registration Class>=CCK AND Model Year>=1937.0'",
    "avg_est": 49.62814712524414,
    "avg_real": 49.55203572586465,
    "avg_err": 0.0015359893547171536,
    "count_est": 107267.0516445376,
    "count_real": 106608,
    "count_err": 0.006182009272639932,
    "sum_est": 5323465.020706274,
    "sum_real": 4738017.0,
    "sum_err": 0.12356393417462909,
    "query_dur_ms_est": 10.234355926513672,
    "query_dur_ms_real": 2188.521385192871,
    "query_dur_ms_err": 0.9953236207807895,
    "order": [
        0,
        1,
        2,
        3,
        4,
        5,
        6,
        7,
        8,
        9
    ],
    "groupby": false
}