{
    "timestamp": "2022-07-26 12:24:29.250199",
    "dataset": "dmv.csv",
    "model": "dmv.csv-37.9MB*",
    "query": "'SELECT Model Year FROM dmv.csv WHERE Body Type<=H/TR'",
    "avg_est": 2009.597900390625,
    "avg_real": 2009.6133938916546,
    "avg_err": 7.709692360077443e-06,
    "count_est": 4473643.209745407,
    "count_real": 4367162,
    "count_err": 0.02438224406271329,
    "sum_est": 8990224001.401146,
    "sum_real": 8776263037.0,
    "sum_err": 0.024379506801369123,
    "query_dur_ms_est": 126.08027458190918,
    "query_dur_ms_real": 1886.7831230163574,
    "query_dur_ms_err": 0.9331771240457422,
    "order": [
        0,
        1,
        2,
        3,
        4,
        5,
        6,
        7,
        8,
        9,
        11,
        10
    ],
    "groupby": false
}