{
    "timestamp": "2022-07-27 18:00:36.607846",
    "dataset": "dmv.csv",
    "model": "dmv.csv-2.6MB-model16.669*",
    "query": "'SELECT Weight_100 FROM dmv.csv WHERE Record Type=SNOW AND State=Y AND County>=RICHMOND AND Fuel Type=NONE AND Scofflaw Indicator=N AND Suspension Indicator=N AND Revocation Indicator=Y AND Registration Class>=HIR AND Model Year>=1915.0<=1955.0'",
    "avg_est": 37.97337341308594,
    "avg_real": NaN,
    "avg_err": NaN,
    "count_est": 1.549029023249829e-19,
    "count_real": 0,
    "count_err": "result=0!",
    "sum_est": 5.882185752757354e-18,
    "sum_real": 0.0,
    "sum_err": "result=0!",
    "query_dur_ms_est": 10.244607925415039,
    "query_dur_ms_real": 2188.521385192871,
    "query_dur_ms_err": 0.9953189363399745,
    "order": [
        0,
        1,
        2,
        3,
        4,
        5,
        6,
        7,
        8,
        9
    ],
    "groupby": false
}