{
    "timestamp": "2022-07-27 17:37:50.634270",
    "dataset": "dmv.csv",
    "model": "dmv.csv-2.6MB-model16.669*",
    "query": "'SELECT Model Year FROM dmv.csv WHERE Registration Class<=BOB'",
    "avg_est": 2010.864013671875,
    "avg_real": 2010.8948160894815,
    "avg_err": 1.5317766677840343e-05,
    "count_est": 159275.52968133613,
    "count_real": 139470,
    "count_err": 0.1420056620157463,
    "sum_est": 320281430.89472544,
    "sum_real": 280459500.0,
    "sum_err": 0.14198816903947073,
    "query_dur_ms_est": 10.025978088378906,
    "query_dur_ms_real": 2188.521385192871,
    "query_dur_ms_err": 0.9954188347638672,
    "order": [
        0,
        1,
        2,
        3,
        4,
        5,
        6,
        7,
        9,
        8
    ],
    "groupby": false
}