{
    "timestamp": "2022-07-27 17:34:38.982887",
    "dataset": "dmv.csv",
    "model": "dmv.csv-2.6MB-model16.669*",
    "query": "'SELECT Weight_100 FROM dmv.csv WHERE Fuel Type=PROPANE'",
    "avg_est": 43.08949279785156,
    "avg_real": 15.403314917127071,
    "avg_err": 1.7974168566754425,
    "count_est": 767.4448709333228,
    "count_real": 957,
    "count_err": 0.198072235179391,
    "sum_est": 33068.81023882954,
    "sum_real": 11152.0,
    "sum_err": 1.9652806885607548,
    "query_dur_ms_est": 10.003089904785156,
    "query_dur_ms_real": 2188.521385192871,
    "query_dur_ms_err": 0.9954292930503379,
    "order": [
        0,
        1,
        2,
        3,
        4,
        5,
        6,
        7,
        8,
        9
    ],
    "groupby": false
}