{
    "timestamp": "2022-07-27 17:56:47.920053",
    "dataset": "dmv.csv",
    "model": "dmv.csv-2.6MB-model16.669*",
    "query": "'SELECT Model Year FROM dmv.csv WHERE State<=IO AND County>=CATTARAUGUS<=OTSEGO AND Fuel Type=GAS AND Suspension Indicator=N AND Revocation Indicator=Y AND Weight_100>=68.0<=83.0'",
    "avg_est": 2015.9547119140625,
    "avg_real": NaN,
    "avg_err": NaN,
    "count_est": 0.013946775208949713,
    "count_real": 0,
    "count_err": "result=0!",
    "sum_est": 28.11606719848841,
    "sum_real": 0.0,
    "sum_err": "result=0!",
    "query_dur_ms_est": 10.126113891601562,
    "query_dur_ms_real": 2188.521385192871,
    "query_dur_ms_err": 0.9953730797605576,
    "order": [
        0,
        1,
        2,
        3,
        4,
        5,
        6,
        7,
        9,
        8
    ],
    "groupby": false
}