{
    "timestamp": "2022-07-27 17:35:40.665685",
    "dataset": "dmv.csv",
    "model": "dmv.csv-2.6MB-model16.669*",
    "query": "'SELECT Model Year FROM dmv.csv WHERE Record Type=BOAT'",
    "avg_est": 2000.1396484375,
    "avg_real": 2000.1510189457447,
    "avg_err": 5.684824864211798e-06,
    "count_est": 364348.39701479673,
    "count_real": 365645,
    "count_err": 0.003546070601822167,
    "sum_est": 728747674.7139422,
    "sum_real": 731301216.0,
    "sum_err": 0.003491777711002507,
    "query_dur_ms_est": 9.990930557250977,
    "query_dur_ms_real": 2188.521385192871,
    "query_dur_ms_err": 0.9954348490150255,
    "order": [
        0,
        1,
        2,
        3,
        4,
        5,
        6,
        7,
        9,
        8
    ],
    "groupby": false
}