{
    "timestamp": "2022-07-27 17:49:02.792680",
    "dataset": "dmv.csv",
    "model": "dmv.csv-2.6MB-model16.669*",
    "query": "'SELECT Weight_100 FROM dmv.csv WHERE Scofflaw Indicator=Y'",
    "avg_est": 51.068153381347656,
    "avg_real": 49.717349463843824,
    "avg_err": 0.0271696687790282,
    "count_est": 18946.289566422813,
    "count_real": 20406,
    "count_err": 0.0715333937850234,
    "sum_est": 967552.021585507,
    "sum_real": 904110.0,
    "sum_err": 0.07017068894880818,
    "query_dur_ms_est": 9.910106658935547,
    "query_dur_ms_real": 2188.521385192871,
    "query_dur_ms_err": 0.9954717798391254,
    "order": [
        0,
        1,
        2,
        3,
        4,
        5,
        6,
        7,
        8,
        9
    ],
    "groupby": false
}