{
    "timestamp": "2022-07-27 19:04:25.166936",
    "dataset": "dmv.csv",
    "model": "dmv.csv-2.6MB-model16.669*",
    "query": "'SELECT Model Year FROM dmv.csv WHERE Registration Class>=LMC<=TOW'",
    "avg_est": 2012.394287109375,
    "avg_real": 2012.8202448482825,
    "avg_err": 0.00021162234431899523,
    "count_est": 10984713.834873676,
    "count_real": 10960665,
    "count_err": 0.002194103630908918,
    "sum_est": 22105575366.8311,
    "sum_real": 22061848409.0,
    "sum_err": 0.0019820169652358917,
    "query_dur_ms_est": 10.024309158325195,
    "query_dur_ms_real": 2188.521385192871,
    "query_dur_ms_err": 0.9954195973472556,
    "order": [
        0,
        1,
        2,
        3,
        4,
        5,
        6,
        7,
        9,
        8
    ],
    "groupby": false
}