{
    "timestamp": "2022-07-27 18:40:40.451642",
    "dataset": "dmv.csv",
    "model": "dmv.csv-2.6MB-model16.669*",
    "query": "'SELECT Model Year FROM dmv.csv WHERE State=PA AND Fuel Type=FLEX AND Scofflaw Indicator=N AND Revocation Indicator=N AND Registration Class<=OML AND Weight_100<=98.0'",
    "avg_est": 2016.178955078125,
    "avg_real": NaN,
    "avg_err": NaN,
    "count_est": 0.23772620691526214,
    "count_real": 0,
    "count_err": "result=0!",
    "sum_est": 479.2985754530994,
    "sum_real": 0.0,
    "sum_err": "result=0!",
    "query_dur_ms_est": 10.090351104736328,
    "query_dur_ms_real": 2188.521385192871,
    "query_dur_ms_err": 0.9953894208331681,
    "order": [
        0,
        1,
        2,
        3,
        4,
        5,
        6,
        7,
        9,
        8
    ],
    "groupby": false
}