{
    "timestamp": "2022-07-27 19:06:57.797368",
    "dataset": "dmv.csv",
    "model": "dmv.csv-2.6MB-model16.669*",
    "query": "'SELECT Weight_100 FROM dmv.csv WHERE Fuel Type=GAS'",
    "avg_est": 46.35321044921875,
    "avg_real": 48.24550738205188,
    "avg_err": 0.03922224131354247,
    "count_est": 11129894.718690395,
    "count_real": 11147590,
    "count_err": 0.0015873638436293984,
    "sum_est": 515906352.1731042,
    "sum_real": 448875477.0,
    "sum_err": 0.14933066876608236,
    "query_dur_ms_est": 10.01739501953125,
    "query_dur_ms_real": 2188.521385192871,
    "query_dur_ms_err": 0.9954227566212936,
    "order": [
        0,
        1,
        2,
        3,
        4,
        5,
        6,
        7,
        8,
        9
    ],
    "groupby": false
}