{
    "timestamp": "2022-07-27 18:56:17.533093",
    "dataset": "dmv.csv",
    "model": "dmv.csv-2.6MB-model16.669*",
    "query": "'SELECT Model Year FROM dmv.csv WHERE Record Type=VEH AND State>=GA AND County>=CLINTON<=MONROE AND Scofflaw Indicator=N AND Suspension Indicator=N AND Revocation Indicator=Y AND Registration Class>=OMV AND Weight_100>=19.0'",
    "avg_est": 2011.893798828125,
    "avg_real": 2015.6,
    "avg_err": 0.0018387582714203758,
    "count_est": 13.747294378411425,
    "count_real": 5,
    "count_err": 1.749458875682285,
    "sum_est": 27658.09631059069,
    "sum_real": 10078.0,
    "sum_err": 1.7444032854326939,
    "query_dur_ms_est": 10.24627685546875,
    "query_dur_ms_real": 2188.521385192871,
    "query_dur_ms_err": 0.995318173756586,
    "order": [
        0,
        1,
        2,
        3,
        4,
        5,
        6,
        7,
        9,
        8
    ],
    "groupby": false
}