{
    "timestamp": "2022-07-27 18:32:08.867923",
    "dataset": "dmv.csv",
    "model": "dmv.csv-2.6MB-model16.669*",
    "query": "'SELECT Weight_100 FROM dmv.csv WHERE State>=VI AND Scofflaw Indicator=Y'",
    "avg_est": 48.40023422241211,
    "avg_real": 59.5,
    "avg_err": 0.1865506853376116,
    "count_est": 11.014384087502776,
    "count_real": 9,
    "count_err": 0.22382045416697516,
    "sum_est": 533.0987696507433,
    "sum_real": 238.0,
    "sum_err": 1.2399107968518626,
    "query_dur_ms_est": 9.970903396606445,
    "query_dur_ms_real": 2188.521385192871,
    "query_dur_ms_err": 0.9954440000156874,
    "order": [
        0,
        1,
        2,
        3,
        4,
        5,
        6,
        7,
        8,
        9
    ],
    "groupby": false
}