{
    "timestamp": "2022-07-27 18:22:23.723903",
    "dataset": "dmv.csv",
    "model": "dmv.csv-2.6MB-model16.669*",
    "query": "'SELECT Model Year FROM dmv.csv WHERE Scofflaw Indicator=Y'",
    "avg_est": 2013.260498046875,
    "avg_real": 2013.6647554640792,
    "avg_err": 0.00020075706053218766,
    "count_est": 17510.82313183602,
    "count_real": 20406,
    "count_err": 0.14187870568283742,
    "sum_est": 35253848.49961092,
    "sum_real": 41090843.0,
    "sum_err": 0.14205097959146462,
    "query_dur_ms_est": 9.934663772583008,
    "query_dur_ms_real": 2188.521385192871,
    "query_dur_ms_err": 0.9954605589692661,
    "order": [
        0,
        1,
        2,
        3,
        4,
        5,
        6,
        7,
        9,
        8
    ],
    "groupby": false
}