{
    "timestamp": "2022-07-27 17:40:23.366143",
    "dataset": "dmv.csv",
    "model": "dmv.csv-2.6MB-model16.669*",
    "query": "'SELECT Model Year FROM dmv.csv WHERE Record Type=VEH AND Scofflaw Indicator=N AND Weight_100>=29.0<=86.0'",
    "avg_est": 2012.8917236328125,
    "avg_real": 2014.0120918518276,
    "avg_err": 0.0005562867390656607,
    "count_est": 5575608.435077071,
    "count_real": 5604766,
    "count_err": 0.005202280509646399,
    "sum_est": 11223096073.183933,
    "sum_real": 11288066496.0,
    "sum_err": 0.005755673289051711,
    "query_dur_ms_est": 10.207176208496094,
    "query_dur_ms_real": 2188.521385192871,
    "query_dur_ms_err": 0.9953360399959735,
    "order": [
        0,
        1,
        2,
        3,
        4,
        5,
        6,
        7,
        9,
        8
    ],
    "groupby": false
}