{
    "timestamp": "2022-07-27 19:00:33.696718",
    "dataset": "dmv.csv",
    "model": "dmv.csv-2.6MB-model16.669*",
    "query": "'SELECT Weight_100 FROM dmv.csv WHERE State<=NV'",
    "avg_est": 43.546119689941406,
    "avg_real": 53.114150324723404,
    "avg_err": 0.18014089609428058,
    "count_est": 124443.33521275222,
    "count_real": 117242,
    "count_err": 0.06142282810556134,
    "sum_est": 5419024.369790008,
    "sum_real": 2510759.0,
    "sum_err": 1.1583211968133973,
    "query_dur_ms_est": 9.952783584594727,
    "query_dur_ms_real": 2188.521385192871,
    "query_dur_ms_err": 0.9954522794924768,
    "order": [
        0,
        1,
        2,
        3,
        4,
        5,
        6,
        7,
        8,
        9
    ],
    "groupby": false
}