{
    "timestamp": "2022-07-27 18:51:02.517030",
    "dataset": "dmv.csv",
    "model": "dmv.csv-2.6MB-model16.669*",
    "query": "'SELECT Weight_100 FROM dmv.csv WHERE State>=PA AND Suspension Indicator=N'",
    "avg_est": 42.38029479980469,
    "avg_real": 55.54975483126623,
    "avg_err": 0.2370750342906842,
    "count_est": 38975.57135950588,
    "count_real": 34340,
    "count_err": 0.1349904298050634,
    "sum_est": 1651796.2042066834,
    "sum_real": 385182.0,
    "sum_err": 3.2883525299901954,
    "query_dur_ms_est": 9.991884231567383,
    "query_dur_ms_real": 2188.521385192871,
    "query_dur_ms_err": 0.9954344132530892,
    "order": [
        0,
        1,
        2,
        3,
        4,
        5,
        6,
        7,
        8,
        9
    ],
    "groupby": false
}