{
    "timestamp": "2022-07-27 18:39:19.752677",
    "dataset": "dmv.csv",
    "model": "dmv.csv-2.6MB-model16.669*",
    "query": "'SELECT Weight_100 FROM dmv.csv WHERE County<=CHEMUNG'",
    "avg_est": 45.79988479614258,
    "avg_real": 48.809166443935716,
    "avg_err": 0.061654026631446916,
    "count_est": 1132001.4409236908,
    "count_real": 1150393,
    "count_err": 0.015987196615686296,
    "sum_est": 51845535.58337244,
    "sum_real": 42001752.0,
    "sum_err": 0.23436602319285244,
    "query_dur_ms_est": 9.987354278564453,
    "query_dur_ms_real": 2188.521385192871,
    "query_dur_ms_err": 0.9954364831222866,
    "order": [
        0,
        1,
        2,
        3,
        4,
        5,
        6,
        7,
        8,
        9
    ],
    "groupby": false
}