{
    "timestamp": "2022-07-27 19:05:46.163494",
    "dataset": "dmv.csv",
    "model": "dmv.csv-2.6MB-model16.669*",
    "query": "'SELECT Weight_100 FROM dmv.csv WHERE Suspension Indicator=Y'",
    "avg_est": 48.794761657714844,
    "avg_real": 49.281526627783165,
    "avg_err": 0.009877229935362858,
    "count_est": 143815.4246228151,
    "count_real": 140475,
    "count_err": 0.02377949544627231,
    "sum_est": 7017439.367173318,
    "sum_real": 6201883.0,
    "sum_err": 0.13150141129287957,
    "query_dur_ms_est": 9.95182991027832,
    "query_dur_ms_real": 2188.521385192871,
    "query_dur_ms_err": 0.995452715254413,
    "order": [
        0,
        1,
        2,
        3,
        4,
        5,
        6,
        7,
        8,
        9
    ],
    "groupby": false
}