{
    "timestamp": "2022-07-27 18:34:16.210685",
    "dataset": "dmv.csv",
    "model": "dmv.csv-2.6MB-model16.669*",
    "query": "'SELECT Weight_100 FROM dmv.csv WHERE Record Type=BOAT AND County=OUT-OF-STATE AND Fuel Type=ELECTRIC AND Revocation Indicator=Y AND Registration Class<=JCL'",
    "avg_est": 28.40212631225586,
    "avg_real": NaN,
    "avg_err": NaN,
    "count_est": 0.002498399646539917,
    "count_real": 0,
    "count_err": "result=0!",
    "sum_est": 0.07095986233952212,
    "sum_real": 0.0,
    "sum_err": "result=0!",
    "query_dur_ms_est": 10.122537612915039,
    "query_dur_ms_real": 2188.521385192871,
    "query_dur_ms_err": 0.9953747138678186,
    "order": [
        0,
        1,
        2,
        3,
        4,
        5,
        6,
        7,
        8,
        9
    ],
    "groupby": false
}