{
    "timestamp": "2022-07-27 18:04:17.381498",
    "dataset": "dmv.csv",
    "model": "dmv.csv-2.6MB-model16.669*",
    "query": "'SELECT Model Year FROM dmv.csv WHERE Record Type=TRL AND State>=AB AND County>=HERKIMER AND Fuel Type=NONE AND Scofflaw Indicator=N AND Revocation Indicator=Y AND Registration Class<=ORG'",
    "avg_est": 2009.564697265625,
    "avg_real": NaN,
    "avg_err": NaN,
    "count_est": 1.6036767352280776,
    "count_real": 0,
    "count_err": "result=0!",
    "sum_est": 3222.6921529405377,
    "sum_real": 0.0,
    "sum_err": "result=0!",
    "query_dur_ms_est": 10.256052017211914,
    "query_dur_ms_real": 2188.521385192871,
    "query_dur_ms_err": 0.9953137071967391,
    "order": [
        0,
        1,
        2,
        3,
        4,
        5,
        6,
        7,
        9,
        8
    ],
    "groupby": false
}