{
    "timestamp": "2022-07-27 18:58:44.959186",
    "dataset": "dmv.csv",
    "model": "dmv.csv-2.6MB-model16.669*",
    "query": "'SELECT Weight_100 FROM dmv.csv WHERE County>=HAMILTON'",
    "avg_est": 47.14573287963867,
    "avg_real": 49.917082316212145,
    "avg_err": 0.055519058966981935,
    "count_est": 9858791.622979403,
    "count_real": 9850606,
    "count_err": 0.0008309765896029688,
    "sum_est": 464799956.37300634,
    "sum_real": 382840161.0,
    "sum_err": 0.21408358819754636,
    "query_dur_ms_est": 9.951353073120117,
    "query_dur_ms_real": 2188.521385192871,
    "query_dur_ms_err": 0.9954529331353812,
    "order": [
        0,
        1,
        2,
        3,
        4,
        5,
        6,
        7,
        8,
        9
    ],
    "groupby": false
}