{
    "timestamp": "2022-07-27 19:09:43.980200",
    "dataset": "dmv.csv",
    "model": "dmv.csv-2.6MB-model16.669*",
    "query": "'SELECT Weight_100 FROM dmv.csv WHERE Scofflaw Indicator=N AND Suspension Indicator=Y AND Revocation Indicator=Y AND Model Year>=1972.0'",
    "avg_est": 47.09209442138672,
    "avg_real": 48.4,
    "avg_err": 0.027022842533332227,
    "count_est": 54.34469954131055,
    "count_real": 73,
    "count_err": 0.2555520610779377,
    "sum_est": 2559.205722101288,
    "sum_real": 242.0,
    "sum_err": 9.575230256616893,
    "query_dur_ms_est": 10.057926177978516,
    "query_dur_ms_real": 2188.521385192871,
    "query_dur_ms_err": 0.9954042367390017,
    "order": [
        0,
        1,
        2,
        3,
        4,
        5,
        6,
        7,
        8,
        9
    ],
    "groupby": false
}