{
    "timestamp": "2022-07-27 18:49:30.176171",
    "dataset": "dmv.csv",
    "model": "dmv.csv-2.6MB-model16.669*",
    "query": "'SELECT Weight_100 FROM dmv.csv WHERE State>=AY<=IL AND Revocation Indicator=N'",
    "avg_est": 44.630699157714844,
    "avg_real": 51.11130288191379,
    "avg_err": 0.12679394495521978,
    "count_est": 54805.52288032882,
    "count_real": 48600,
    "count_err": 0.12768565597384401,
    "sum_est": 2446008.803853213,
    "sum_real": 1273387.0,
    "sum_err": 0.920868364333241,
    "query_dur_ms_est": 9.9639892578125,
    "query_dur_ms_real": 2188.521385192871,
    "query_dur_ms_err": 0.9954471592897255,
    "order": [
        0,
        1,
        2,
        3,
        4,
        5,
        6,
        7,
        8,
        9
    ],
    "groupby": false
}