{
    "timestamp": "2022-07-26 12:24:37.209201",
    "dataset": "dmv.csv",
    "model": "dmv.csv-37.9MB*",
    "query": "'SELECT Model Year FROM dmv.csv WHERE Record Type=SNOW AND Scofflaw Indicator=N'",
    "avg_est": 2009.890625,
    "avg_real": 2009.872658579531,
    "avg_err": 8.939083972495532e-06,
    "count_est": 110301.67237222567,
    "count_real": 113019,
    "count_err": 0.02404310450255557,
    "sum_est": 221694297.22275788,
    "sum_real": 227153798.0,
    "sum_err": 0.02403438034191321,
    "query_dur_ms_est": 126.50465965270996,
    "query_dur_ms_real": 1886.7831230163574,
    "query_dur_ms_err": 0.9329521988460073,
    "order": [
        0,
        1,
        2,
        3,
        4,
        5,
        6,
        7,
        8,
        9,
        11,
        10
    ],
    "groupby": false
}