{
    "timestamp": "2022-07-27 18:54:25.889035",
    "dataset": "dmv.csv",
    "model": "dmv.csv-2.6MB-model16.669*",
    "query": "'SELECT Model Year FROM dmv.csv WHERE County>=ERIE<=MONTGOMERY AND Registration Class<=OMT'",
    "avg_est": 2010.0589599609375,
    "avg_real": 2008.149827945051,
    "avg_err": 0.0009506920197484577,
    "count_est": 595648.3157790452,
    "count_real": 553030,
    "count_err": 0.07706329815569721,
    "sum_est": 1197288234.1173117,
    "sum_real": 1110549026.0,
    "sum_err": 0.07810479869558835,
    "query_dur_ms_est": 9.927034378051758,
    "query_dur_ms_real": 2188.521385192871,
    "query_dur_ms_err": 0.9954640450647564,
    "order": [
        0,
        1,
        2,
        3,
        4,
        5,
        6,
        7,
        9,
        8
    ],
    "groupby": false
}