{
    "timestamp": "2022-07-27 18:08:04.337409",
    "dataset": "dmv.csv",
    "model": "dmv.csv-2.6MB-model16.669*",
    "query": "'SELECT Weight_100 FROM dmv.csv WHERE Fuel Type=GAS'",
    "avg_est": 46.326473236083984,
    "avg_real": 48.24550738205188,
    "avg_err": 0.03977643204726273,
    "count_est": 11035229.853703737,
    "count_real": 11147590,
    "count_err": 0.010079321745441188,
    "sum_est": 511223280.4716412,
    "sum_real": 448875477.0,
    "sum_err": 0.13889777157873381,
    "query_dur_ms_est": 10.015249252319336,
    "query_dur_ms_real": 2188.521385192871,
    "query_dur_ms_err": 0.9954237370856504,
    "order": [
        0,
        1,
        2,
        3,
        4,
        5,
        6,
        7,
        8,
        9
    ],
    "groupby": false
}