{
    "timestamp": "2022-07-27 17:43:52.025278",
    "dataset": "dmv.csv",
    "model": "dmv.csv-2.6MB-model16.669*",
    "query": "'SELECT Weight_100 FROM dmv.csv WHERE County>=ALBANY<=ALLEGANY'",
    "avg_est": 46.086509704589844,
    "avg_real": 49.105424521396515,
    "avg_err": 0.061478234761848986,
    "count_est": 305273.3570100814,
    "count_real": 315075,
    "count_err": 0.031108920066392414,
    "sum_est": 14068983.530397836,
    "sum_real": 11740174.0,
    "sum_err": 0.1983624374219527,
    "query_dur_ms_est": 10.009765625,
    "query_dur_ms_real": 2188.521385192871,
    "query_dur_ms_err": 0.9954262427167839,
    "order": [
        0,
        1,
        2,
        3,
        4,
        5,
        6,
        7,
        8,
        9
    ],
    "groupby": false
}