{
    "timestamp": "2022-07-27 17:43:09.741193",
    "dataset": "dmv.csv",
    "model": "dmv.csv-2.6MB-model16.669*",
    "query": "'SELECT Weight_100 FROM dmv.csv WHERE Revocation Indicator=Y'",
    "avg_est": 45.962032318115234,
    "avg_real": 54.645161290322584,
    "avg_err": 0.15890023502858786,
    "count_est": 5332.1010007743025,
    "count_real": 5680,
    "count_err": 0.061249823807341106,
    "sum_est": 245074.1985210431,
    "sum_real": 1694.0,
    "sum_err": 143.67189995339024,
    "query_dur_ms_est": 9.932994842529297,
    "query_dur_ms_real": 2188.521385192871,
    "query_dur_ms_err": 0.9954613215526547,
    "order": [
        0,
        1,
        2,
        3,
        4,
        5,
        6,
        7,
        8,
        9
    ],
    "groupby": false
}