{
    "timestamp": "2022-07-27 18:44:43.023973",
    "dataset": "dmv.csv",
    "model": "dmv.csv-2.6MB-model16.669*",
    "query": "'SELECT Weight_100 FROM dmv.csv WHERE Fuel Type=COMP N/G AND Revocation Indicator=N'",
    "avg_est": 36.984710693359375,
    "avg_real": 25.596994535519126,
    "avg_err": 0.44488489232743034,
    "count_est": 3777.8797491699224,
    "count_real": 3388,
    "count_err": 0.1150766674055261,
    "sum_est": 139723.78955735065,
    "sum_real": 56211.0,
    "sum_err": 1.4857019010042636,
    "query_dur_ms_est": 9.928703308105469,
    "query_dur_ms_real": 2188.521385192871,
    "query_dur_ms_err": 0.995463282481368,
    "order": [
        0,
        1,
        2,
        3,
        4,
        5,
        6,
        7,
        8,
        9
    ],
    "groupby": false
}