{
    "timestamp": "2022-07-27 18:43:54.470095",
    "dataset": "dmv.csv",
    "model": "dmv.csv-2.6MB-model16.669*",
    "query": "'SELECT Model Year FROM dmv.csv WHERE Weight_100=5.0'",
    "avg_est": 2012.177490234375,
    "avg_real": 2001.1037064730867,
    "avg_err": 0.005533838014225477,
    "count_est": 86944.25236375816,
    "count_real": 96291,
    "count_err": 0.09706771802392579,
    "sum_est": 174947267.511611,
    "sum_real": 192688277.0,
    "sum_err": 0.0920710370376553,
    "query_dur_ms_est": 9.898185729980469,
    "query_dur_ms_real": 2188.521385192871,
    "query_dur_ms_err": 0.995477226863329,
    "order": [
        0,
        1,
        2,
        3,
        4,
        5,
        6,
        7,
        9,
        8
    ],
    "groupby": false
}