{
    "timestamp": "2022-07-27 18:15:37.721437",
    "dataset": "dmv.csv",
    "model": "dmv.csv-2.6MB-model16.669*",
    "query": "'SELECT Model Year FROM dmv.csv WHERE State>=NC AND County>=TOMPKINS AND Fuel Type=NONE AND Suspension Indicator=N AND Registration Class>=FPW AND Weight_100>=17.0<=82.0'",
    "avg_est": 2008.5986328125,
    "avg_real": 2012.3572139303483,
    "avg_err": 0.0018677504629048289,
    "count_est": 1634.1672988767386,
    "count_real": 2010,
    "count_err": 0.18698144334490616,
    "sum_est": 3282386.2023107135,
    "sum_real": 4044838.0,
    "sum_err": 0.18849995913044887,
    "query_dur_ms_est": 10.274410247802734,
    "query_dur_ms_real": 2188.521385192871,
    "query_dur_ms_err": 0.9953053187794657,
    "order": [
        0,
        1,
        2,
        3,
        4,
        5,
        6,
        7,
        9,
        8
    ],
    "groupby": false
}