{
    "timestamp": "2022-07-27 18:25:57.421418",
    "dataset": "dmv.csv",
    "model": "dmv.csv-2.6MB-model16.669*",
    "query": "'SELECT Weight_100 FROM dmv.csv WHERE Registration Class<=HIS AND Model Year>=1942.0'",
    "avg_est": 33.213138580322266,
    "avg_real": 20.01042925717443,
    "avg_err": 0.6597914094428639,
    "count_est": 1303473.671179086,
    "count_real": 1279294,
    "count_err": 0.018900793077342635,
    "sum_est": 43292451.6766724,
    "sum_real": 3476652.0,
    "sum_err": 11.452339686765429,
    "query_dur_ms_est": 10.089397430419922,
    "query_dur_ms_real": 2188.521385192871,
    "query_dur_ms_err": 0.9953898565951044,
    "order": [
        0,
        1,
        2,
        3,
        4,
        5,
        6,
        7,
        8,
        9
    ],
    "groupby": false
}