{
    "timestamp": "2022-07-27 19:00:01.235307",
    "dataset": "dmv.csv",
    "model": "dmv.csv-2.6MB-model16.669*",
    "query": "'SELECT Model Year FROM dmv.csv WHERE State>=MN'",
    "avg_est": 2012.11474609375,
    "avg_real": 2012.1228881657116,
    "avg_err": 4.046508297041159e-06,
    "count_est": 12567210.644700289,
    "count_real": 12574162,
    "count_err": 0.0005528285145134306,
    "sum_est": 25286669855.467793,
    "sum_real": 25300714893.0,
    "sum_err": 0.0005551241374643275,
    "query_dur_ms_est": 9.954690933227539,
    "query_dur_ms_real": 2188.521385192871,
    "query_dur_ms_err": 0.9954514079686042,
    "order": [
        0,
        1,
        2,
        3,
        4,
        5,
        6,
        7,
        9,
        8
    ],
    "groupby": false
}