{
    "timestamp": "2022-07-27 17:37:09.185885",
    "dataset": "dmv.csv",
    "model": "dmv.csv-2.6MB-model16.669*",
    "query": "'SELECT Model Year FROM dmv.csv WHERE Record Type=TRL AND State>=NE<=SD AND County<=RENSSELAER AND Fuel Type=nan AND Scofflaw Indicator=N AND Suspension Indicator=Y AND Revocation Indicator=Y AND Registration Class<=RGL AND Weight_100>=73.0'",
    "avg_est": 2011.2532958984375,
    "avg_real": NaN,
    "avg_err": NaN,
    "count_est": 0.0,
    "count_real": 0,
    "count_err": "result=0!",
    "sum_est": 0.0,
    "sum_real": 0.0,
    "sum_err": "result=0!",
    "query_dur_ms_est": 10.390758514404297,
    "query_dur_ms_real": 2188.521385192871,
    "query_dur_ms_err": 0.9952521558232392,
    "order": [
        0,
        1,
        2,
        3,
        4,
        5,
        6,
        7,
        9,
        8
    ],
    "groupby": false
}