{
    "timestamp": "2022-07-27 19:01:24.976846",
    "dataset": "dmv.csv",
    "model": "dmv.csv-2.6MB-model16.669*",
    "query": "'SELECT Weight_100 FROM dmv.csv WHERE Record Type=TRL AND State<=BY'",
    "avg_est": 31.926708221435547,
    "avg_real": 95.51515151515152,
    "avg_err": 0.6657419507273563,
    "count_est": 2364.4238136542263,
    "count_real": 1688,
    "count_err": 0.4007250080889966,
    "sum_est": 75488.26921035237,
    "sum_real": 6304.0,
    "sum_err": 10.974661994027977,
    "query_dur_ms_est": 10.007858276367188,
    "query_dur_ms_real": 2188.521385192871,
    "query_dur_ms_err": 0.9954271142406566,
    "order": [
        0,
        1,
        2,
        3,
        4,
        5,
        6,
        7,
        8,
        9
    ],
    "groupby": false
}