{
    "timestamp": "2022-07-26 19:19:20.616053",
    "dataset": "dmv.csv",
    "model": "dmv.csv-32.5MB*",
    "query": "'SELECT Unladen Weight FROM dmv.csv WHERE Suspension Indicator=N AND Model Year>=2012.0'",
    "avg_est": 4042.16650390625,
    "avg_real": 4200.444608722592,
    "avg_err": 0.03768127414123353,
    "count_est": 7945833.501079559,
    "count_real": 8026939,
    "count_err": 0.010104162859645585,
    "sum_est": 32118382023.67992,
    "sum_real": 26912899677.0,
    "sum_err": 0.19341960209247058,
    "query_dur_ms_est": 91.11499786376953,
    "query_dur_ms_real": 1141.6544914245605,
    "query_dur_ms_err": 0.920190391621833,
    "order": [
        0,
        1,
        2,
        3,
        4,
        5,
        6,
        7,
        8,
        9
    ],
    "groupby": false
}