{
    "timestamp": "2022-07-27 18:20:28.725798",
    "dataset": "dmv.csv",
    "model": "dmv.csv-2.6MB-model16.669*",
    "query": "'SELECT Model Year FROM dmv.csv WHERE Registration Class>=TRL'",
    "avg_est": 2013.9449462890625,
    "avg_real": 2010.1250233259436,
    "avg_err": 0.0019003409831685211,
    "count_est": 265947.0251124874,
    "count_real": 267942,
    "count_err": 0.007445547497266663,
    "sum_est": 535602667.20590436,
    "sum_real": 538596919.0,
    "sum_err": 0.005559355593149309,
    "query_dur_ms_est": 9.94873046875,
    "query_dur_ms_real": 2188.521385192871,
    "query_dur_ms_err": 0.9954541314807059,
    "order": [
        0,
        1,
        2,
        3,
        4,
        5,
        6,
        7,
        9,
        8
    ],
    "groupby": false
}