{
    "timestamp": "2022-07-27 18:14:49.387701",
    "dataset": "dmv.csv",
    "model": "dmv.csv-2.6MB-model16.669*",
    "query": "'SELECT Model Year FROM dmv.csv WHERE Record Type=VEH'",
    "avg_est": 2012.791259765625,
    "avg_real": 2012.8061048415682,
    "avg_err": 7.3753134529337975e-06,
    "count_est": 11388790.728530407,
    "count_real": 11392466,
    "count_err": 0.0003226054367503092,
    "sum_est": 22923258437.685787,
    "sum_real": 22930825114.0,
    "sum_err": 0.0003299783708870163,
    "query_dur_ms_est": 9.951353073120117,
    "query_dur_ms_real": 2188.521385192871,
    "query_dur_ms_err": 0.9954529331353812,
    "order": [
        0,
        1,
        2,
        3,
        4,
        5,
        6,
        7,
        9,
        8
    ],
    "groupby": false
}