{
    "timestamp": "2022-07-27 18:15:27.119938",
    "dataset": "dmv.csv",
    "model": "dmv.csv-2.6MB-model16.669*",
    "query": "'SELECT Model Year FROM dmv.csv WHERE State>=DE AND Fuel Type=ELECTRIC'",
    "avg_est": 2018.54736328125,
    "avg_real": 2017.6900612891498,
    "avg_err": 0.00042489280615898783,
    "count_est": 75134.02850500308,
    "count_real": 77012,
    "count_err": 0.024385439866474318,
    "sum_est": 151661595.13147223,
    "sum_real": 155386347.0,
    "sum_err": 0.023970908258289708,
    "query_dur_ms_est": 10.062694549560547,
    "query_dur_ms_real": 2188.521385192871,
    "query_dur_ms_err": 0.9954020579293202,
    "order": [
        0,
        1,
        2,
        3,
        4,
        5,
        6,
        7,
        9,
        8
    ],
    "groupby": false
}