{
    "timestamp": "2022-07-27 18:25:34.046336",
    "dataset": "dmv.csv",
    "model": "dmv.csv-2.6MB-model16.669*",
    "query": "'SELECT Weight_100 FROM dmv.csv WHERE State<=GS AND Model Year>=1903.0<=2015.0'",
    "avg_est": 40.37705993652344,
    "avg_real": 46.41226862475141,
    "avg_err": 0.13003477026782162,
    "count_est": 18223.460978587624,
    "count_real": 15829,
    "count_err": 0.15127051478852888,
    "sum_est": 735809.7761833286,
    "sum_real": 303397.0,
    "sum_err": 1.4252374815285866,
    "query_dur_ms_est": 9.964942932128906,
    "query_dur_ms_real": 2188.521385192871,
    "query_dur_ms_err": 0.9954467235277892,
    "order": [
        0,
        1,
        2,
        3,
        4,
        5,
        6,
        7,
        8,
        9
    ],
    "groupby": false
}