{
    "timestamp": "2022-07-27 17:49:53.180105",
    "dataset": "dmv.csv",
    "model": "dmv.csv-2.6MB-model16.669*",
    "query": "'SELECT Weight_100 FROM dmv.csv WHERE Record Type=BOAT AND State>=AY AND Fuel Type=DIESEL AND Scofflaw Indicator=N AND Suspension Indicator=Y AND Revocation Indicator=N AND Registration Class>=PAS<=TRC'",
    "avg_est": 73.53684997558594,
    "avg_real": NaN,
    "avg_err": NaN,
    "count_est": 6.56440520710737e-06,
    "count_real": 0,
    "count_err": "result=0!",
    "sum_est": 0.00048272568089400983,
    "sum_real": 0.0,
    "sum_err": "result=0!",
    "query_dur_ms_est": 10.280370712280273,
    "query_dur_ms_real": 2188.521385192871,
    "query_dur_ms_err": 0.9953025952673639,
    "order": [
        0,
        1,
        2,
        3,
        4,
        5,
        6,
        7,
        8,
        9
    ],
    "groupby": false
}