{
    "timestamp": "2022-07-27 19:07:24.818903",
    "dataset": "dmv.csv",
    "model": "dmv.csv-2.6MB-model16.669*",
    "query": "'SELECT Model Year FROM dmv.csv WHERE Fuel Type=DIESEL'",
    "avg_est": 2009.2802734375,
    "avg_real": 2009.7925748547764,
    "avg_err": 0.0002549026320854996,
    "count_est": 478287.6781196296,
    "count_real": 481499,
    "count_err": 0.006669425856274631,
    "sum_est": 961013996.6739964,
    "sum_real": 967713115.0,
    "sum_err": 0.006922628434154839,
    "query_dur_ms_est": 9.888410568237305,
    "query_dur_ms_real": 2188.521385192871,
    "query_dur_ms_err": 0.9954816934231758,
    "order": [
        0,
        1,
        2,
        3,
        4,
        5,
        6,
        7,
        9,
        8
    ],
    "groupby": false
}