{
    "timestamp": "2022-07-26 12:24:51.033941",
    "dataset": "dmv.csv",
    "model": "dmv.csv-37.9MB*",
    "query": "'SELECT Unladen Weight FROM dmv.csv WHERE Suspension Indicator=Y'",
    "avg_est": 3144.33984375,
    "avg_real": 3805.9894315274223,
    "avg_err": 0.17384430505680323,
    "count_est": 137827.14376172796,
    "count_real": 140475,
    "count_err": 0.018849305842833536,
    "sum_est": 433375379.6802605,
    "sum_real": 478968546.0,
    "sum_err": 0.09519031406237587,
    "query_dur_ms_est": 126.49059295654297,
    "query_dur_ms_real": 1886.7831230163574,
    "query_dur_ms_err": 0.9329596542318412,
    "order": [
        0,
        1,
        2,
        3,
        4,
        5,
        6,
        7,
        8,
        9,
        10,
        11
    ],
    "groupby": false
}