{
    "timestamp": "2022-07-27 18:27:11.954234",
    "dataset": "dmv.csv",
    "model": "dmv.csv-2.6MB-model16.669*",
    "query": "'SELECT Weight_100 FROM dmv.csv WHERE County<=ONTARIO'",
    "avg_est": 46.83819580078125,
    "avg_real": 49.3490211503354,
    "avg_err": 0.05087892912617758,
    "count_est": 6688106.21679163,
    "count_real": 6715952,
    "count_err": 0.004146215340486384,
    "sum_est": 313258828.5185087,
    "sum_real": 253936936.0,
    "sum_err": 0.23360875913895673,
    "query_dur_ms_est": 10.06937026977539,
    "query_dur_ms_real": 2188.521385192871,
    "query_dur_ms_err": 0.9953990075957663,
    "order": [
        0,
        1,
        2,
        3,
        4,
        5,
        6,
        7,
        8,
        9
    ],
    "groupby": false
}