{
    "timestamp": "2022-07-27 18:20:15.202588",
    "dataset": "dmv.csv",
    "model": "dmv.csv-2.6MB-model16.669*",
    "query": "'SELECT Weight_100 FROM dmv.csv WHERE Fuel Type=OTHER'",
    "avg_est": 51.651153564453125,
    "avg_real": 52.904761904761905,
    "avg_err": 0.023695567188554797,
    "count_est": 2305.1741206595907,
    "count_real": 2149,
    "count_err": 0.07267292724969321,
    "sum_est": 119064.90249899172,
    "sum_real": 56661.0,
    "sum_err": 1.1013554737648774,
    "query_dur_ms_est": 9.977340698242188,
    "query_dur_ms_real": 2188.521385192871,
    "query_dur_ms_err": 0.9954410586226176,
    "order": [
        0,
        1,
        2,
        3,
        4,
        5,
        6,
        7,
        8,
        9
    ],
    "groupby": false
}