{
    "timestamp": "2022-07-27 17:47:58.301392",
    "dataset": "dmv.csv",
    "model": "dmv.csv-2.6MB-model16.669*",
    "query": "'SELECT Model Year FROM dmv.csv WHERE Record Type=TRL AND Registration Class>=BOB'",
    "avg_est": 2007.818359375,
    "avg_real": 2008.260302688645,
    "avg_err": 0.00022006276430067313,
    "count_est": 781829.1332575828,
    "count_real": 775186,
    "count_err": 0.008569728113746615,
    "sum_est": 1569770887.648818,
    "sum_real": 1556775271.0,
    "sum_err": 0.008347779471387824,
    "query_dur_ms_est": 10.059833526611328,
    "query_dur_ms_real": 2188.521385192871,
    "query_dur_ms_err": 0.9954033652151292,
    "order": [
        0,
        1,
        2,
        3,
        4,
        5,
        6,
        7,
        9,
        8
    ],
    "groupby": false
}