{
    "timestamp": "2022-07-27 18:41:03.593126",
    "dataset": "dmv.csv",
    "model": "dmv.csv-2.6MB-model16.669*",
    "query": "'SELECT Weight_100 FROM dmv.csv WHERE Record Type=TRL'",
    "avg_est": 41.367103576660156,
    "avg_real": 85.54890590431415,
    "avg_err": 0.51645081676522,
    "count_est": 781843.5492842644,
    "count_real": 775186,
    "count_err": 0.008588324975250385,
    "sum_est": 32342603.08398577,
    "sum_real": 9899035.0,
    "sum_err": 2.2672480786244082,
    "query_dur_ms_est": 9.87696647644043,
    "query_dur_ms_real": 2188.521385192871,
    "query_dur_ms_err": 0.9954869225664112,
    "order": [
        0,
        1,
        2,
        3,
        4,
        5,
        6,
        7,
        8,
        9
    ],
    "groupby": false
}