{
    "timestamp": "2022-07-27 17:55:40.238667",
    "dataset": "dmv.csv",
    "model": "dmv.csv-2.6MB-model16.669*",
    "query": "'SELECT Weight_100 FROM dmv.csv WHERE Model Year>=1924.0<=1982.0'",
    "avg_est": 33.459632873535156,
    "avg_real": 32.31677442745785,
    "avg_err": 0.035364248639439676,
    "count_est": 264777.23050294816,
    "count_real": 246599,
    "count_err": 0.0737157510896158,
    "sum_est": 8859348.92590004,
    "sum_real": 5348103.0,
    "sum_err": 0.6565404454439341,
    "query_dur_ms_est": 9.929418563842773,
    "query_dur_ms_real": 2188.521385192871,
    "query_dur_ms_err": 0.9954629556599157,
    "order": [
        0,
        1,
        2,
        3,
        4,
        5,
        6,
        7,
        8,
        9
    ],
    "groupby": false
}