{
    "timestamp": "2022-07-27 17:36:34.008370",
    "dataset": "dmv.csv",
    "model": "dmv.csv-2.6MB-model16.669*",
    "query": "'SELECT Weight_100 FROM dmv.csv WHERE State<=SK'",
    "avg_est": 46.983856201171875,
    "avg_real": 49.464607605783975,
    "avg_err": 0.05015204859973501,
    "count_est": 12623986.04578209,
    "count_real": 12628573,
    "count_err": 0.0003632203114247957,
    "sum_est": 593123545.060626,
    "sum_real": 479791706.0,
    "sum_err": 0.23621050060549822,
    "query_dur_ms_est": 9.952783584594727,
    "query_dur_ms_real": 2188.521385192871,
    "query_dur_ms_err": 0.9954522794924768,
    "order": [
        0,
        1,
        2,
        3,
        4,
        5,
        6,
        7,
        8,
        9
    ],
    "groupby": false
}