{
    "timestamp": "2022-07-27 17:59:20.945171",
    "dataset": "dmv.csv",
    "model": "dmv.csv-2.6MB-model16.669*",
    "query": "'SELECT Model Year FROM dmv.csv WHERE State<=LA'",
    "avg_est": 2015.051025390625,
    "avg_real": 2013.8104734021986,
    "avg_err": 0.0006160222150054679,
    "count_est": 60827.35280350968,
    "count_real": 54309,
    "count_err": 0.12002343632749052,
    "sum_est": 122570219.6385095,
    "sum_real": 109368033.0,
    "sum_err": 0.12071339564559506,
    "query_dur_ms_est": 9.896039962768555,
    "query_dur_ms_real": 2188.521385192871,
    "query_dur_ms_err": 0.9954782073276855,
    "order": [
        0,
        1,
        2,
        3,
        4,
        5,
        6,
        7,
        9,
        8
    ],
    "groupby": false
}