{
    "timestamp": "2022-07-27 17:48:39.597929",
    "dataset": "dmv.csv",
    "model": "dmv.csv-2.6MB-model16.669*",
    "query": "'SELECT Model Year FROM dmv.csv WHERE County>=TOMPKINS AND Scofflaw Indicator=Y'",
    "avg_est": 2013.03564453125,
    "avg_real": 2013.3391789557593,
    "avg_err": 0.00015076169364901132,
    "count_est": 2121.368308243458,
    "count_real": 2509,
    "count_err": 0.15449648934098917,
    "sum_est": 4270390.019673037,
    "sum_real": 5051468.0,
    "sum_err": 0.15462395888224229,
    "query_dur_ms_est": 10.01286506652832,
    "query_dur_ms_real": 2188.521385192871,
    "query_dur_ms_err": 0.995424826490491,
    "order": [
        0,
        1,
        2,
        3,
        4,
        5,
        6,
        7,
        9,
        8
    ],
    "groupby": false
}