{
    "timestamp": "2022-07-27 18:34:02.230772",
    "dataset": "dmv.csv",
    "model": "dmv.csv-2.6MB-model16.669*",
    "query": "'SELECT Weight_100 FROM dmv.csv WHERE Revocation Indicator=N'",
    "avg_est": 46.973514556884766,
    "avg_real": 49.466124927671096,
    "avg_err": 0.05039024937633586,
    "count_est": 12641059.897827387,
    "count_real": 12640636,
    "count_err": 3.353453318225888e-05,
    "sum_est": 593795011.125047,
    "sum_real": 480016061.0,
    "sum_err": 0.2370315482528135,
    "query_dur_ms_est": 9.927749633789062,
    "query_dur_ms_real": 2188.521385192871,
    "query_dur_ms_err": 0.9954637182433042,
    "order": [
        0,
        1,
        2,
        3,
        4,
        5,
        6,
        7,
        8,
        9
    ],
    "groupby": false
}