{
    "timestamp": "2022-07-27 18:52:57.197794",
    "dataset": "dmv.csv",
    "model": "dmv.csv-2.6MB-model16.669*",
    "query": "'SELECT Weight_100 FROM dmv.csv WHERE Registration Class>=FAR<=HAM'",
    "avg_est": 69.28429412841797,
    "avg_real": 86.24007044819628,
    "avg_err": 0.19661134588199936,
    "count_est": 20433.54151352262,
    "count_real": 16621,
    "count_err": 0.2293809947369365,
    "sum_est": 1415723.5003081402,
    "sum_real": 1420029.0,
    "sum_err": 0.0030319801158003243,
    "query_dur_ms_est": 10.182380676269531,
    "query_dur_ms_real": 2188.521385192871,
    "query_dur_ms_err": 0.9953473698063169,
    "order": [
        0,
        1,
        2,
        3,
        4,
        5,
        6,
        7,
        8,
        9
    ],
    "groupby": false
}