{
    "timestamp": "2022-07-26 12:24:33.088049",
    "dataset": "dmv.csv",
    "model": "dmv.csv-37.9MB*",
    "query": "'SELECT Model Year FROM dmv.csv WHERE Reg Valid Date>=07/19/2020<=11/22/2019 AND Unladen Weight>=682.0'",
    "avg_est": 2011.83642578125,
    "avg_real": 2012.784677391062,
    "avg_err": 0.0004711142828457006,
    "count_est": 2873225.111638367,
    "count_real": 2878857,
    "count_err": 0.00195629319609582,
    "sum_est": 5780458939.063466,
    "sum_real": 5794519258.0,
    "sum_err": 0.0024264858412752777,
    "query_dur_ms_est": 129.82416152954102,
    "query_dur_ms_real": 1886.7831230163574,
    "query_dur_ms_err": 0.931192854151677,
    "order": [
        0,
        1,
        2,
        3,
        4,
        5,
        6,
        7,
        8,
        9,
        11,
        10
    ],
    "groupby": false
}