{
    "timestamp": "2022-07-27 17:39:16.431814",
    "dataset": "dmv.csv",
    "model": "dmv.csv-2.6MB-model16.669*",
    "query": "'SELECT Model Year FROM dmv.csv WHERE Record Type=BOAT'",
    "avg_est": 2000.11328125,
    "avg_real": 2000.1510189457447,
    "avg_err": 1.8867423203160135e-05,
    "count_est": 364348.39701479673,
    "count_real": 365645,
    "count_err": 0.003546070601822167,
    "sum_est": 728738067.8714428,
    "sum_real": 731301216.0,
    "sum_err": 0.0035049143533178607,
    "query_dur_ms_est": 9.99140739440918,
    "query_dur_ms_real": 2188.521385192871,
    "query_dur_ms_err": 0.9954346311340574,
    "order": [
        0,
        1,
        2,
        3,
        4,
        5,
        6,
        7,
        9,
        8
    ],
    "groupby": false
}