{
    "timestamp": "2022-07-27 17:37:17.208503",
    "dataset": "dmv.csv",
    "model": "dmv.csv-2.6MB-model16.669*",
    "query": "'SELECT Weight_100 FROM dmv.csv WHERE State<=BY AND Suspension Indicator=Y'",
    "avg_est": 43.909725189208984,
    "avg_real": 42.142857142857146,
    "avg_err": 0.041925682455806336,
    "count_est": 98.59278838158934,
    "count_real": 66,
    "count_err": 0.49383012699377793,
    "sum_est": 4329.182243473425,
    "sum_real": 1770.0,
    "sum_err": 1.4458656742787712,
    "query_dur_ms_est": 10.044574737548828,
    "query_dur_ms_real": 2188.521385192871,
    "query_dur_ms_err": 0.9954103374061096,
    "order": [
        0,
        1,
        2,
        3,
        4,
        5,
        6,
        7,
        8,
        9
    ],
    "groupby": false
}