{
    "timestamp": "2022-07-27 18:46:04.976001",
    "dataset": "dmv.csv",
    "model": "dmv.csv-2.6MB-model16.669*",
    "query": "'SELECT Model Year FROM dmv.csv WHERE Revocation Indicator=Y'",
    "avg_est": 2013.9791259765625,
    "avg_real": 2015.9639084507041,
    "avg_err": 0.0009845327417924716,
    "count_est": 4757.032637807541,
    "count_real": 5680,
    "count_err": 0.16249425390712313,
    "sum_est": 9580564.434133612,
    "sum_real": 11450675.0,
    "sum_err": 0.163318805735591,
    "query_dur_ms_est": 9.928703308105469,
    "query_dur_ms_real": 2188.521385192871,
    "query_dur_ms_err": 0.995463282481368,
    "order": [
        0,
        1,
        2,
        3,
        4,
        5,
        6,
        7,
        9,
        8
    ],
    "groupby": false
}