{
    "timestamp": "2022-07-27 18:25:25.213095",
    "dataset": "dmv.csv",
    "model": "dmv.csv-2.6MB-model16.669*",
    "query": "'SELECT Weight_100 FROM dmv.csv WHERE State>=MI AND Suspension Indicator=Y AND Model Year<=1977.0'",
    "avg_est": 36.635719299316406,
    "avg_real": 36.986516853932585,
    "avg_err": 0.009484471219648797,
    "count_est": 482.88370970945107,
    "count_real": 516,
    "count_err": 0.06417885715222661,
    "sum_est": 17690.792043128036,
    "sum_real": 16459.0,
    "sum_err": 0.07484002935342586,
    "query_dur_ms_est": 10.051727294921875,
    "query_dur_ms_real": 2188.521385192871,
    "query_dur_ms_err": 0.9954070691915875,
    "order": [
        0,
        1,
        2,
        3,
        4,
        5,
        6,
        7,
        8,
        9
    ],
    "groupby": false
}