{
    "timestamp": "2022-07-27 18:00:24.449413",
    "dataset": "dmv.csv",
    "model": "dmv.csv-2.6MB-model16.669*",
    "query": "'SELECT Model Year FROM dmv.csv WHERE Scofflaw Indicator=N'",
    "avg_est": 2012.046142578125,
    "avg_real": 2012.132893623007,
    "avg_err": 4.3113973812047275e-05,
    "count_est": 12627067.495040894,
    "count_real": 12625910,
    "count_err": 9.167616757077745e-05,
    "sum_est": 25406242445.470657,
    "sum_real": 25404964556.0,
    "sum_err": 5.030077754450336e-05,
    "query_dur_ms_est": 9.96255874633789,
    "query_dur_ms_real": 2188.521385192871,
    "query_dur_ms_err": 0.9954478129326298,
    "order": [
        0,
        1,
        2,
        3,
        4,
        5,
        6,
        7,
        9,
        8
    ],
    "groupby": false
}