{
    "timestamp": "2022-07-27 18:27:14.050423",
    "dataset": "dmv.csv",
    "model": "dmv.csv-2.6MB-model16.669*",
    "query": "'SELECT Weight_100 FROM dmv.csv WHERE Record Type=TRL AND State>=PQ AND County>=SULLIVAN AND Scofflaw Indicator=N AND Suspension Indicator=Y AND Revocation Indicator=N AND Registration Class<=IRP AND Model Year>=1946.0<=1987.0'",
    "avg_est": 39.764102935791016,
    "avg_real": NaN,
    "avg_err": NaN,
    "count_est": 2.939291208799567e-06,
    "count_real": 0,
    "count_err": "result=0!",
    "sum_est": 0.00011687827818497159,
    "sum_real": 0.0,
    "sum_err": "result=0!",
    "query_dur_ms_est": 10.244131088256836,
    "query_dur_ms_real": 2188.521385192871,
    "query_dur_ms_err": 0.9953191542209426,
    "order": [
        0,
        1,
        2,
        3,
        4,
        5,
        6,
        7,
        8,
        9
    ],
    "groupby": false
}