{
    "timestamp": "2022-07-27 18:51:35.565646",
    "dataset": "dmv.csv",
    "model": "dmv.csv-2.6MB-model16.669*",
    "query": "'SELECT Model Year FROM dmv.csv WHERE Record Type=VEH AND State>=NV AND County>=HERKIMER<=SUFFOLK AND Scofflaw Indicator=N AND Suspension Indicator=Y AND Revocation Indicator=Y'",
    "avg_est": 2014.576171875,
    "avg_real": 2014.7058823529412,
    "avg_err": 6.438184306571334e-05,
    "count_est": 36.29210758947647,
    "count_real": 51,
    "count_err": 0.2883900472651672,
    "sum_est": 73113.21517688314,
    "sum_real": 102750.0,
    "sum_err": 0.2884358620254682,
    "query_dur_ms_est": 10.198354721069336,
    "query_dur_ms_real": 2188.521385192871,
    "query_dur_ms_err": 0.9953400707938842,
    "order": [
        0,
        1,
        2,
        3,
        4,
        5,
        6,
        7,
        9,
        8
    ],
    "groupby": false
}