{
    "timestamp": "2022-07-27 18:52:32.369792",
    "dataset": "dmv.csv",
    "model": "dmv.csv-2.6MB-model16.669*",
    "query": "'SELECT Weight_100 FROM dmv.csv WHERE Suspension Indicator=Y'",
    "avg_est": 48.67431640625,
    "avg_real": 49.281526627783165,
    "avg_err": 0.012321254293101422,
    "count_est": 139399.51533859223,
    "count_real": 140475,
    "count_err": 0.00765605738677892,
    "sum_est": 6785176.1164685385,
    "sum_real": 6201883.0,
    "sum_err": 0.09405097072430076,
    "query_dur_ms_est": 9.850740432739258,
    "query_dur_ms_real": 2188.521385192871,
    "query_dur_ms_err": 0.995498906019659,
    "order": [
        0,
        1,
        2,
        3,
        4,
        5,
        6,
        7,
        8,
        9
    ],
    "groupby": false
}