{
    "timestamp": "2022-07-27 18:03:46.850990",
    "dataset": "dmv.csv",
    "model": "dmv.csv-2.6MB-model16.669*",
    "query": "'SELECT Weight_100 FROM dmv.csv WHERE County>=ROCKLAND AND Model Year>=1992.0'",
    "avg_est": 47.216270446777344,
    "avg_real": 49.8154105236288,
    "avg_err": 0.05217542221434896,
    "count_est": 3662782.978311658,
    "count_real": 3640319,
    "count_err": 0.006170881813285568,
    "sum_est": 172942951.69181582,
    "sum_real": 140509596.0,
    "sum_err": 0.2308266240536043,
    "query_dur_ms_est": 10.085344314575195,
    "query_dur_ms_real": 2188.521385192871,
    "query_dur_ms_err": 0.9953917085833336,
    "order": [
        0,
        1,
        2,
        3,
        4,
        5,
        6,
        7,
        8,
        9
    ],
    "groupby": false
}