{
    "timestamp": "2022-07-27 18:46:03.059551",
    "dataset": "dmv.csv",
    "model": "dmv.csv-2.6MB-model16.669*",
    "query": "'SELECT Weight_100 FROM dmv.csv WHERE Record Type=VEH AND State<=TN AND County>=PUTNAM<=WYOMING AND Scofflaw Indicator=Y AND Suspension Indicator=Y AND Revocation Indicator=N AND Registration Class<=JCL AND Model Year>=1947.0<=2004.0'",
    "avg_est": 48.96384811401367,
    "avg_real": NaN,
    "avg_err": NaN,
    "count_est": 3.931723368544226,
    "count_real": 5,
    "count_err": 0.21365532629115477,
    "sum_est": 192.51230584371768,
    "sum_real": 0.0,
    "sum_err": "result=0!",
    "query_dur_ms_est": 10.233879089355469,
    "query_dur_ms_real": 2188.521385192871,
    "query_dur_ms_err": 0.9953238386617577,
    "order": [
        0,
        1,
        2,
        3,
        4,
        5,
        6,
        7,
        8,
        9
    ],
    "groupby": false
}