{
    "timestamp": "2022-07-27 17:37:43.371828",
    "dataset": "dmv.csv",
    "model": "dmv.csv-2.6MB-model16.669*",
    "query": "'SELECT Model Year FROM dmv.csv WHERE Fuel Type=ELECTRIC'",
    "avg_est": 2018.4632568359375,
    "avg_real": 2017.6888721746009,
    "avg_err": 0.0003837978550687147,
    "count_est": 78045.85389430635,
    "count_real": 77113,
    "count_err": 0.012097232558794843,
    "sum_est": 157532688.43404332,
    "sum_real": 155590042.0,
    "sum_err": 0.01248567330577183,
    "query_dur_ms_est": 9.9945068359375,
    "query_dur_ms_real": 2188.521385192871,
    "query_dur_ms_err": 0.9954332149077645,
    "order": [
        0,
        1,
        2,
        3,
        4,
        5,
        6,
        7,
        9,
        8
    ],
    "groupby": false
}