{
    "timestamp": "2022-07-26 12:25:04.168858",
    "dataset": "dmv.csv",
    "model": "dmv.csv-37.9MB*",
    "query": "'SELECT Unladen Weight FROM dmv.csv WHERE Record Type=VEH AND County>=FULTON'",
    "avg_est": 3623.8662109375,
    "avg_real": 4086.450465502073,
    "avg_err": 0.11319952571791138,
    "count_est": 9107359.718426466,
    "count_real": 9087580,
    "count_err": 0.0021765660854117363,
    "sum_est": 33003853154.458935,
    "sum_real": 31469039906.0,
    "sum_err": 0.04877216632739729,
    "query_dur_ms_est": 129.67824935913086,
    "query_dur_ms_real": 1886.7831230163574,
    "query_dur_ms_err": 0.9312701879843948,
    "order": [
        0,
        1,
        2,
        3,
        4,
        5,
        6,
        7,
        8,
        9,
        10,
        11
    ],
    "groupby": false
}