{
    "timestamp": "2022-07-27 18:57:26.452661",
    "dataset": "dmv.csv",
    "model": "dmv.csv-2.6MB-model16.669*",
    "query": "'SELECT Weight_100 FROM dmv.csv WHERE County=WAYNE AND Suspension Indicator=Y'",
    "avg_est": 46.5644416809082,
    "avg_real": 46.028824833702885,
    "avg_err": 0.011636552728435792,
    "count_est": 682.4489080644125,
    "count_real": 554,
    "count_err": 0.23185723477330783,
    "sum_est": 31777.852379764823,
    "sum_real": 20759.0,
    "sum_err": 0.5307988043626776,
    "query_dur_ms_est": 9.967565536499023,
    "query_dur_ms_real": 2188.521385192871,
    "query_dur_ms_err": 0.9954455251824644,
    "order": [
        0,
        1,
        2,
        3,
        4,
        5,
        6,
        7,
        8,
        9
    ],
    "groupby": false
}