{
    "timestamp": "2022-07-27 18:00:50.247681",
    "dataset": "dmv.csv",
    "model": "dmv.csv-2.6MB-model16.669*",
    "query": "'SELECT Model Year FROM dmv.csv WHERE Scofflaw Indicator=Y'",
    "avg_est": 2013.2451171875,
    "avg_real": 2013.6647554640792,
    "avg_err": 0.00020839530286287554,
    "count_est": 18731.22694615554,
    "count_real": 20406,
    "count_err": 0.08207257933178767,
    "sum_est": 37710551.18827857,
    "sum_real": 41090843.0,
    "sum_err": 0.08226387109462391,
    "query_dur_ms_est": 9.956598281860352,
    "query_dur_ms_real": 2188.521385192871,
    "query_dur_ms_err": 0.9954505364447317,
    "order": [
        0,
        1,
        2,
        3,
        4,
        5,
        6,
        7,
        9,
        8
    ],
    "groupby": false
}