{
    "timestamp": "2022-07-27 18:32:15.959873",
    "dataset": "dmv.csv",
    "model": "dmv.csv-2.6MB-model16.669*",
    "query": "'SELECT Model Year FROM dmv.csv WHERE Record Type=SNOW AND State>=NU AND Fuel Type=COMP N/G AND Suspension Indicator=Y AND Registration Class>=HOU<=TRL'",
    "avg_est": 2010.8336181640625,
    "avg_real": NaN,
    "avg_err": NaN,
    "count_est": 8.905700984913828e-10,
    "count_real": 0,
    "count_err": "result=0!",
    "sum_est": 1.7907882933781528e-06,
    "sum_real": 0.0,
    "sum_err": "result=0!",
    "query_dur_ms_est": 10.168075561523438,
    "query_dur_ms_real": 2188.521385192871,
    "query_dur_ms_err": 0.9953539062353611,
    "order": [
        0,
        1,
        2,
        3,
        4,
        5,
        6,
        7,
        9,
        8
    ],
    "groupby": false
}