{
    "timestamp": "2022-07-27 18:09:09.278374",
    "dataset": "dmv.csv",
    "model": "dmv.csv-2.6MB-model16.669*",
    "query": "'SELECT Model Year FROM dmv.csv WHERE Scofflaw Indicator=Y'",
    "avg_est": 2013.264892578125,
    "avg_real": 2013.6647554640792,
    "avg_err": 0.00019857470558056256,
    "count_est": 17624.533370072488,
    "count_real": 20406,
    "count_err": 0.13630631333566168,
    "sum_est": 35482854.28203857,
    "sum_real": 41090843.0,
    "sum_err": 0.13647782105520276,
    "query_dur_ms_est": 9.959936141967773,
    "query_dur_ms_real": 2188.521385192871,
    "query_dur_ms_err": 0.9954490112779547,
    "order": [
        0,
        1,
        2,
        3,
        4,
        5,
        6,
        7,
        9,
        8
    ],
    "groupby": false
}