{
    "timestamp": "2022-07-27 17:50:44.287612",
    "dataset": "dmv.csv",
    "model": "dmv.csv-2.6MB-model16.669*",
    "query": "'SELECT Model Year FROM dmv.csv WHERE County>=CATTARAUGUS<=NIAGARA'",
    "avg_est": 2012.0848388671875,
    "avg_real": 2012.1349221043722,
    "avg_err": 2.4890595871339044e-05,
    "count_est": 5151911.046439409,
    "count_real": 5179571,
    "count_err": 0.005340201642296388,
    "sum_est": 10366082107.733122,
    "sum_real": 10421971545.0,
    "sum_err": 0.005362654947344526,
    "query_dur_ms_est": 9.898185729980469,
    "query_dur_ms_real": 2188.521385192871,
    "query_dur_ms_err": 0.995477226863329,
    "order": [
        0,
        1,
        2,
        3,
        4,
        5,
        6,
        7,
        9,
        8
    ],
    "groupby": false
}