{
    "timestamp": "2022-07-27 17:57:36.431314",
    "dataset": "dmv.csv",
    "model": "dmv.csv-2.6MB-model16.669*",
    "query": "'SELECT Weight_100 FROM dmv.csv WHERE Scofflaw Indicator=N'",
    "avg_est": 47.355712890625,
    "avg_real": 49.465669830858246,
    "avg_err": 0.04265497561132769,
    "count_est": 12629126.065962076,
    "count_real": 12625910,
    "count_err": 0.0002547195380036914,
    "sum_est": 598061268.0392085,
    "sum_real": 479113645.0,
    "sum_err": 0.24826598925023005,
    "query_dur_ms_est": 9.862661361694336,
    "query_dur_ms_real": 2188.521385192871,
    "query_dur_ms_err": 0.9954934589954555,
    "order": [
        0,
        1,
        2,
        3,
        4,
        5,
        6,
        7,
        8,
        9
    ],
    "groupby": false
}