{
    "timestamp": "2022-07-27 17:46:56.740882",
    "dataset": "dmv.csv",
    "model": "dmv.csv-2.6MB-model16.669*",
    "query": "'SELECT Model Year FROM dmv.csv WHERE Revocation Indicator=N'",
    "avg_est": 2011.92578125,
    "avg_real": 2012.1336450903414,
    "avg_err": 0.00010330518593958896,
    "count_est": 12641182.010053396,
    "count_real": 12640636,
    "count_err": 4.319482448479847e-05,
    "sum_est": 25433119991.500126,
    "sum_real": 25434604724.0,
    "sum_err": 5.837450654277819e-05,
    "query_dur_ms_est": 9.94873046875,
    "query_dur_ms_real": 2188.521385192871,
    "query_dur_ms_err": 0.9954541314807059,
    "order": [
        0,
        1,
        2,
        3,
        4,
        5,
        6,
        7,
        9,
        8
    ],
    "groupby": false
}