{
    "timestamp": "2022-07-27 18:43:02.920036",
    "dataset": "dmv.csv",
    "model": "dmv.csv-2.6MB-model16.669*",
    "query": "'SELECT Model Year FROM dmv.csv WHERE State>=AN AND County>=ALBANY<=WYOMING'",
    "avg_est": 2011.977294921875,
    "avg_real": 2012.1430430377757,
    "avg_err": 8.23739229048228e-05,
    "count_est": 12617419.121627808,
    "count_real": 12618518,
    "count_err": 8.708458253119605e-05,
    "sum_est": 25385960793.228256,
    "sum_real": 25390218940.0,
    "sum_err": 0.00016770815493187609,
    "query_dur_ms_est": 10.192632675170898,
    "query_dur_ms_real": 2188.521385192871,
    "query_dur_ms_err": 0.9953426853655019,
    "order": [
        0,
        1,
        2,
        3,
        4,
        5,
        6,
        7,
        9,
        8
    ],
    "groupby": false
}