{
    "timestamp": "2022-07-27 17:52:56.610203",
    "dataset": "dmv.csv",
    "model": "dmv.csv-2.6MB-model16.669*",
    "query": "'SELECT Model Year FROM dmv.csv WHERE Scofflaw Indicator=Y AND Revocation Indicator=N'",
    "avg_est": 2013.3104248046875,
    "avg_real": 2013.6639046871935,
    "avg_err": 0.00017554065585781962,
    "count_est": 17463.06268232828,
    "count_real": 20396,
    "count_err": 0.14379963314727004,
    "sum_est": 35158566.14734924,
    "sum_real": 41070689.0,
    "sum_err": 0.14394993112121302,
    "query_dur_ms_est": 10.097503662109375,
    "query_dur_ms_real": 2188.521385192871,
    "query_dur_ms_err": 0.9953861526186459,
    "order": [
        0,
        1,
        2,
        3,
        4,
        5,
        6,
        7,
        9,
        8
    ],
    "groupby": false
}