{
    "timestamp": "2022-07-27 19:00:31.751266",
    "dataset": "dmv.csv",
    "model": "dmv.csv-2.6MB-model16.669*",
    "query": "'SELECT Model Year FROM dmv.csv WHERE Fuel Type=OTHER AND Scofflaw Indicator=N'",
    "avg_est": 2014.5972900390625,
    "avg_real": 2004.8071727992549,
    "avg_err": 0.004883321135637176,
    "count_est": 2216.326817329158,
    "count_real": 2149,
    "count_err": 0.03132937055800748,
    "sum_est": 4465006.000032222,
    "sum_real": 4304321.0,
    "sum_err": 0.037331091252771786,
    "query_dur_ms_est": 9.914636611938477,
    "query_dur_ms_real": 2188.521385192871,
    "query_dur_ms_err": 0.9954697099699281,
    "order": [
        0,
        1,
        2,
        3,
        4,
        5,
        6,
        7,
        9,
        8
    ],
    "groupby": false
}