{
    "timestamp": "2022-07-27 18:12:38.608563",
    "dataset": "dmv.csv",
    "model": "dmv.csv-2.6MB-model16.669*",
    "query": "'SELECT Weight_100 FROM dmv.csv WHERE County<=HERKIMER'",
    "avg_est": 43.97410583496094,
    "avg_real": 47.694595254952056,
    "avg_err": 0.07800652044750973,
    "count_est": 2848338.9038003683,
    "count_real": 2871688,
    "count_err": 0.008130791436824505,
    "sum_est": 125253156.40955402,
    "sum_real": 99163550.0,
    "sum_err": 0.26309673675008627,
    "query_dur_ms_est": 10.053873062133789,
    "query_dur_ms_real": 2188.521385192871,
    "query_dur_ms_err": 0.9954060887272309,
    "order": [
        0,
        1,
        2,
        3,
        4,
        5,
        6,
        7,
        8,
        9
    ],
    "groupby": false
}