{
    "timestamp": "2022-07-27 18:11:03.533828",
    "dataset": "dmv.csv",
    "model": "dmv.csv-2.6MB-model16.669*",
    "query": "'SELECT Weight_100 FROM dmv.csv WHERE Record Type=TRL'",
    "avg_est": 40.98694610595703,
    "avg_real": 85.54890590431415,
    "avg_err": 0.5208945611554561,
    "count_est": 781843.5492842644,
    "count_real": 775186,
    "count_err": 0.008588324975250385,
    "sum_est": 32045379.41780431,
    "sum_real": 9899035.0,
    "sum_err": 2.237222559350917,
    "query_dur_ms_est": 10.026216506958008,
    "query_dur_ms_real": 2188.521385192871,
    "query_dur_ms_err": 0.9954187258233831,
    "order": [
        0,
        1,
        2,
        3,
        4,
        5,
        6,
        7,
        8,
        9
    ],
    "groupby": false
}