{
    "timestamp": "2022-07-27 17:58:24.041687",
    "dataset": "dmv.csv",
    "model": "dmv.csv-2.6MB-model16.669*",
    "query": "'SELECT Model Year FROM dmv.csv WHERE Fuel Type=PROPANE AND Suspension Indicator=N AND Registration Class<=SCL'",
    "avg_est": 2013.7291259765625,
    "avg_real": 2015.467889908257,
    "avg_err": 0.0008627098156217914,
    "count_est": 646.4688345268514,
    "count_real": 872,
    "count_err": 0.25863665765269334,
    "sum_est": 1301813.1211228436,
    "sum_real": 1757488.0,
    "sum_err": 0.25927623908507846,
    "query_dur_ms_est": 10.015726089477539,
    "query_dur_ms_real": 2188.521385192871,
    "query_dur_ms_err": 0.9954235192046822,
    "order": [
        0,
        1,
        2,
        3,
        4,
        5,
        6,
        7,
        9,
        8
    ],
    "groupby": false
}