{
    "timestamp": "2022-07-27 18:19:51.093012",
    "dataset": "dmv.csv",
    "model": "dmv.csv-2.6MB-model16.669*",
    "query": "'SELECT Model Year FROM dmv.csv WHERE County>=WARREN AND Fuel Type=GAS'",
    "avg_est": 2012.19140625,
    "avg_real": 2012.63543607633,
    "avg_err": 0.00022062109131681408,
    "count_est": 922943.0486581326,
    "count_real": 919323,
    "count_err": 0.0039377331559555815,
    "sum_est": 1857138070.96807,
    "sum_real": 1850262047.0,
    "sum_err": 0.003716243317652632,
    "query_dur_ms_est": 10.07390022277832,
    "query_dur_ms_real": 2188.521385192871,
    "query_dur_ms_err": 0.995396937726569,
    "order": [
        0,
        1,
        2,
        3,
        4,
        5,
        6,
        7,
        9,
        8
    ],
    "groupby": false
}