{
    "timestamp": "2022-07-27 17:57:01.664960",
    "dataset": "dmv.csv",
    "model": "dmv.csv-2.6MB-model16.669*",
    "query": "'SELECT Weight_100 FROM dmv.csv WHERE County<=RENSSELAER AND Scofflaw Indicator=N'",
    "avg_est": 47.464500427246094,
    "avg_real": 49.43109293087173,
    "avg_err": 0.03978452401155421,
    "count_est": 8534899.11045289,
    "count_real": 8548475,
    "count_err": 0.0015881065976223365,
    "sum_est": 405104722.4745935,
    "sum_real": 322454936.0,
    "sum_err": 0.2563142233139626,
    "query_dur_ms_est": 9.985685348510742,
    "query_dur_ms_real": 2188.521385192871,
    "query_dur_ms_err": 0.995437245705675,
    "order": [
        0,
        1,
        2,
        3,
        4,
        5,
        6,
        7,
        8,
        9
    ],
    "groupby": false
}