{
    "timestamp": "2022-07-27 18:31:46.398707",
    "dataset": "dmv.csv",
    "model": "dmv.csv-2.6MB-model16.669*",
    "query": "'SELECT Model Year FROM dmv.csv WHERE State<=RK'",
    "avg_est": 2011.868896484375,
    "avg_real": 2012.134545754613,
    "avg_err": 0.00013202361183977057,
    "count_est": 12622874.221502066,
    "count_real": 12627480,
    "count_err": 0.00036474249002448164,
    "sum_est": 25395568030.474426,
    "sum_real": 25408146479.0,
    "sum_err": 0.0004950557308841831,
    "query_dur_ms_est": 9.929656982421875,
    "query_dur_ms_real": 2188.521385192871,
    "query_dur_ms_err": 0.9954628467194316,
    "order": [
        0,
        1,
        2,
        3,
        4,
        5,
        6,
        7,
        9,
        8
    ],
    "groupby": false
}