{
    "timestamp": "2022-07-27 17:42:20.171224",
    "dataset": "dmv.csv",
    "model": "dmv.csv-2.6MB-model16.669*",
    "query": "'SELECT Weight_100 FROM dmv.csv WHERE Scofflaw Indicator=Y'",
    "avg_est": 51.08539962768555,
    "avg_real": 49.717349463843824,
    "avg_err": 0.027516554655364643,
    "count_est": 18329.639313994907,
    "count_real": 20406,
    "count_err": 0.1017524593749433,
    "sum_est": 936376.9493867658,
    "sum_real": 904110.0,
    "sum_err": 0.03568918537209613,
    "query_dur_ms_est": 9.97018814086914,
    "query_dur_ms_real": 2188.521385192871,
    "query_dur_ms_err": 0.9954443268371397,
    "order": [
        0,
        1,
        2,
        3,
        4,
        5,
        6,
        7,
        8,
        9
    ],
    "groupby": false
}