{
    "timestamp": "2022-07-27 18:30:59.784014",
    "dataset": "dmv.csv",
    "model": "dmv.csv-2.6MB-model16.669*",
    "query": "'SELECT Weight_100 FROM dmv.csv WHERE Suspension Indicator=Y'",
    "avg_est": 49.14252471923828,
    "avg_real": 49.281526627783165,
    "avg_err": 0.0028205682343152056,
    "count_est": 141676.0697743371,
    "count_real": 140475,
    "count_err": 0.008550060682236077,
    "sum_est": 6962319.761009889,
    "sum_real": 6201883.0,
    "sum_err": 0.12261385147218816,
    "query_dur_ms_est": 9.866476058959961,
    "query_dur_ms_real": 2188.521385192871,
    "query_dur_ms_err": 0.9954917159477104,
    "order": [
        0,
        1,
        2,
        3,
        4,
        5,
        6,
        7,
        8,
        9
    ],
    "groupby": false
}