{
    "timestamp": "2022-07-27 17:51:18.946670",
    "dataset": "dmv.csv",
    "model": "dmv.csv-2.6MB-model16.669*",
    "query": "'SELECT Weight_100 FROM dmv.csv WHERE Revocation Indicator=Y'",
    "avg_est": 45.78600311279297,
    "avg_real": 54.645161290322584,
    "avg_err": 0.16212154870331644,
    "count_est": 5564.422514096019,
    "count_real": 5680,
    "count_err": 0.020348148926757244,
    "sum_est": 254772.6665512956,
    "sum_real": 1694.0,
    "sum_err": 149.3970876926184,
    "query_dur_ms_est": 9.981870651245117,
    "query_dur_ms_real": 2188.521385192871,
    "query_dur_ms_err": 0.9954389887534202,
    "order": [
        0,
        1,
        2,
        3,
        4,
        5,
        6,
        7,
        8,
        9
    ],
    "groupby": false
}