{
    "timestamp": "2022-08-01 14:00:44.972772",
    "dataset": "dmv.csv",
    "model": "dmv.csv-2.6MB-model16.669-data16.507-made-resmade-hidden256_256_256_256_256-emb32-directIo-binaryInone_hotOut-inputNoEmbIfLeq-5epochs-seed0.pt",
    "query": "'SELECT Record Type FROM dmv.csv WHERE Registration Class>=CCK<=HAC'",
    "avg_est": 3.834136962890625,
    "avg_real": 1.0,
    "avg_err": 2.834136962890625,
    "count_est": 760224.267492801,
    "count_real": 736343,
    "count_err": 0.032432259820220945,
    "sum_est": 2914803.9640805977,
    "sum_real": 736343.0,
    "sum_err": 2.9584866890574064,
    "query_dur_ms_est": 20.23601531982422,
    "query_dur_ms_real": 20195.28865814209,
    "query_dur_ms_err": 0.9989979833582787,
    "order": [
        1,
        2,
        3,
        4,
        5,
        6,
        7,
        8,
        9,
        0
    ],
    "groupby": false
}