{
    "timestamp": "2022-08-01 13:34:37.965499",
    "dataset": "dmv.csv",
    "model": "dmv.csv-2.6MB-model16.669-data16.507-made-resmade-hidden256_256_256_256_256-emb32-directIo-binaryInone_hotOut-inputNoEmbIfLeq-5epochs-seed0.pt",
    "query": "'SELECT Suspension Indicator FROM dmv.csv WHERE State<=Y AND County<=MADISON AND Fuel Type=FLEX AND Revocation Indicator=N AND Weight_100>=38.0'",
    "avg_est": 1.0150076150894165,
    "avg_real": 1.0103417266187051,
    "avg_err": 0.00461812904266225,
    "count_est": 6230.546517813811,
    "count_real": 4448,
    "count_err": 0.40075236461641434,
    "sum_est": 6324.052161749865,
    "sum_real": 4494.0,
    "sum_err": 0.40722121979302744,
    "query_dur_ms_est": 20.38407325744629,
    "query_dur_ms_real": 20195.28865814209,
    "query_dur_ms_err": 0.9989906520474899,
    "order": [
        0,
        1,
        2,
        3,
        4,
        6,
        7,
        8,
        9,
        5
    ],
    "groupby": false
}