{
    "timestamp": "2022-08-01 14:02:32.940709",
    "dataset": "dmv.csv",
    "model": "dmv.csv-2.6MB-model16.669-data16.507-made-resmade-hidden256_256_256_256_256-emb32-directIo-binaryInone_hotOut-inputNoEmbIfLeq-5epochs-seed0.pt",
    "query": "'SELECT Record Type FROM dmv.csv WHERE Model Year>=1950.0<=1950.0'",
    "avg_est": 3.834136962890625,
    "avg_real": 2.8479604449938196,
    "avg_err": 0.34627465407053626,
    "count_est": 1617.9511091410532,
    "count_real": 1618,
    "count_err": 3.021684730953879e-05,
    "sum_est": 6203.446151707596,
    "sum_real": 4608.0,
    "sum_err": 0.34623397389487764,
    "query_dur_ms_est": 20.229816436767578,
    "query_dur_ms_real": 20195.28865814209,
    "query_dur_ms_err": 0.9989982903052682,
    "order": [
        1,
        2,
        3,
        4,
        5,
        6,
        7,
        8,
        9,
        0
    ],
    "groupby": false
}