{
    "timestamp": "2022-08-01 13:29:08.989355",
    "dataset": "dmv.csv",
    "model": "dmv.csv-2.6MB-model16.669-data16.507-made-resmade-hidden256_256_256_256_256-emb32-directIo-binaryInone_hotOut-inputNoEmbIfLeq-5epochs-seed0.pt",
    "query": "'SELECT State FROM dmv.csv WHERE Suspension Indicator=Y'",
    "avg_est": 51.85759735107422,
    "avg_real": 36.72002847481758,
    "avg_err": 0.4122428414410928,
    "count_est": 139749.68109780177,
    "count_real": 140475,
    "count_err": 0.005163330857435311,
    "sum_est": 7247082.692310832,
    "sum_real": 5158246.0,
    "sum_err": 0.40495096439968786,
    "query_dur_ms_est": 20.020246505737305,
    "query_dur_ms_real": 20195.28865814209,
    "query_dur_ms_err": 0.9990086674746456,
    "order": [
        0,
        2,
        3,
        4,
        5,
        6,
        7,
        8,
        9,
        1
    ],
    "groupby": false
}