{
    "timestamp": "2022-08-01 13:04:49.220313",
    "dataset": "dmv.csv",
    "model": "dmv.csv-2.6MB-model16.669-data16.507-made-resmade-hidden256_256_256_256_256-emb32-directIo-binaryInone_hotOut-inputNoEmbIfLeq-5epochs-seed0.pt",
    "query": "'SELECT Fuel Type FROM dmv.csv WHERE Record Type=BOAT AND State>=ND AND County<=WAYNE AND Scofflaw Indicator=Y AND Registration Class>=CMH<=LUA AND Model Year=1946.0 AND Weight_100<=54.0'",
    "avg_est": 5.894250392913818,
    "avg_real": NaN,
    "avg_err": NaN,
    "count_est": 8.510665666998892e-10,
    "count_real": 0,
    "count_err": 0,
    "sum_est": 5.0163994451666364e-09,
    "sum_real": NaN,
    "sum_err": NaN,
    "query_dur_ms_est": 20.58553695678711,
    "query_dur_ms_real": 20195.28865814209,
    "query_dur_ms_err": 0.9989806762703296,
    "order": [
        0,
        1,
        2,
        4,
        5,
        6,
        7,
        8,
        9,
        3
    ],
    "groupby": false
}