{
    "timestamp": "2022-08-01 12:58:25.687383",
    "dataset": "dmv.csv",
    "model": "dmv.csv-2.6MB-model16.669-data16.507-made-resmade-hidden256_256_256_256_256-emb32-directIo-binaryInone_hotOut-inputNoEmbIfLeq-5epochs-seed0.pt",
    "query": "'SELECT Fuel Type FROM dmv.csv WHERE Revocation Indicator=N AND Registration Class<=OMT'",
    "avg_est": 5.911764144897461,
    "avg_real": 4.774532937337393,
    "avg_err": 0.23818690173164156,
    "count_est": 2342718.9102042913,
    "count_real": 2346152,
    "count_err": 0.001463285326657717,
    "sum_est": 13849601.654918984,
    "sum_real": 11201780.0,
    "sum_err": 0.23637508100667784,
    "query_dur_ms_est": 20.1873779296875,
    "query_dur_ms_real": 20195.28865814209,
    "query_dur_ms_err": 0.9990003917115813,
    "order": [
        0,
        1,
        2,
        4,
        5,
        6,
        7,
        8,
        9,
        3
    ],
    "groupby": false
}