{
    "timestamp": "2022-08-01 13:13:23.493344",
    "dataset": "dmv.csv",
    "model": "dmv.csv-2.6MB-model16.669-data16.507-made-resmade-hidden256_256_256_256_256-emb32-directIo-binaryInone_hotOut-inputNoEmbIfLeq-5epochs-seed0.pt",
    "query": "'SELECT Record Type FROM dmv.csv WHERE County>=FULTON'",
    "avg_est": 3.834136962890625,
    "avg_real": 3.8391085202024438,
    "avg_err": 0.0012949770202267147,
    "count_est": 10032893.506101847,
    "count_real": 10029257,
    "count_err": 0.00036258978126163234,
    "sum_est": 38467487.83649041,
    "sum_real": 38503406.0,
    "sum_err": 0.0009328567843996039,
    "query_dur_ms_est": 20.097017288208008,
    "query_dur_ms_real": 20195.28865814209,
    "query_dur_ms_err": 0.9990048660542366,
    "order": [
        1,
        2,
        3,
        4,
        5,
        6,
        7,
        8,
        9,
        0
    ],
    "groupby": false
}