{
    "timestamp": "2022-08-01 14:10:44.284188",
    "dataset": "dmv.csv",
    "model": "dmv.csv-2.6MB-model16.669-data16.507-made-resmade-hidden256_256_256_256_256-emb32-directIo-binaryInone_hotOut-inputNoEmbIfLeq-5epochs-seed0.pt",
    "query": "'SELECT Weight_100 FROM dmv.csv WHERE Fuel Type=PROPANE AND Registration Class>=PAS<=VPL'",
    "avg_est": 40.188140869140625,
    "avg_real": 3.2815126050420167,
    "avg_err": 11.246834221325825,
    "count_est": 568.4416944519035,
    "count_real": 714,
    "count_err": 0.20386317303654977,
    "sum_est": 22844.61489252609,
    "sum_real": 2343.0,
    "sum_err": 8.750155737313738,
    "query_dur_ms_est": 20.114421844482422,
    "query_dur_ms_real": 20195.28865814209,
    "query_dur_ms_err": 0.9990040042415351,
    "order": [
        0,
        1,
        2,
        3,
        4,
        5,
        6,
        7,
        8,
        9
    ],
    "groupby": false
}