{
    "timestamp": "2022-08-01 12:58:54.296791",
    "dataset": "dmv.csv",
    "model": "dmv.csv-2.6MB-model16.669-data16.507-made-resmade-hidden256_256_256_256_256-emb32-directIo-binaryInone_hotOut-inputNoEmbIfLeq-5epochs-seed0.pt",
    "query": "'SELECT County FROM dmv.csv WHERE State>=AK AND Weight_100>=49.0'",
    "avg_est": 34.42011260986328,
    "avg_real": 34.86409638700438,
    "avg_err": 0.01273469910743462,
    "count_est": 7778213.365064859,
    "count_real": 4943820,
    "count_err": 0.5733205021754149,
    "sum_est": 267726979.92907608,
    "sum_real": 172361817.0,
    "sum_err": 0.553284738980653,
    "query_dur_ms_est": 20.412683486938477,
    "query_dur_ms_real": 20195.28865814209,
    "query_dur_ms_err": 0.9989892353690766,
    "order": [
        0,
        1,
        3,
        4,
        5,
        6,
        7,
        8,
        9,
        2
    ],
    "groupby": false
}