{
    "timestamp": "2022-08-01 13:16:47.945881",
    "dataset": "dmv.csv",
    "model": "dmv.csv-2.6MB-model16.669-data16.507-made-resmade-hidden256_256_256_256_256-emb32-directIo-binaryInone_hotOut-inputNoEmbIfLeq-5epochs-seed0.pt",
    "query": "'SELECT Revocation Indicator FROM dmv.csv WHERE Fuel Type=PROPANE'",
    "avg_est": 1.0001270771026611,
    "avg_real": 1.0,
    "avg_err": 0.0001270771026611328,
    "count_est": 809.0155806862749,
    "count_real": 957,
    "count_err": 0.15463366699448808,
    "sum_est": 809.1183880422763,
    "sum_real": 957.0,
    "sum_err": 0.15452624029020245,
    "query_dur_ms_est": 20.104169845581055,
    "query_dur_ms_real": 20195.28865814209,
    "query_dur_ms_err": 0.9990045118846332,
    "order": [
        0,
        1,
        2,
        3,
        4,
        5,
        7,
        8,
        9,
        6
    ],
    "groupby": false
}