{
    "timestamp": "2022-08-01 13:23:49.098637",
    "dataset": "dmv.csv",
    "model": "dmv.csv-2.6MB-model16.669-data16.507-made-resmade-hidden256_256_256_256_256-emb32-directIo-binaryInone_hotOut-inputNoEmbIfLeq-5epochs-seed0.pt",
    "query": "'SELECT State FROM dmv.csv WHERE County<=WESTCHESTER AND Suspension Indicator=Y'",
    "avg_est": 51.85669708251953,
    "avg_real": 36.71962976696426,
    "avg_err": 0.41223365844428295,
    "count_est": 136367.4386156127,
    "count_real": 140236,
    "count_err": 0.027586079069477982,
    "sum_est": 7071564.956208903,
    "sum_real": 5149414.0,
    "sum_err": 0.37327566907786075,
    "query_dur_ms_est": 20.28346061706543,
    "query_dur_ms_real": 20195.28865814209,
    "query_dur_ms_err": 0.9989956340332433,
    "order": [
        0,
        2,
        3,
        4,
        5,
        6,
        7,
        8,
        9,
        1
    ],
    "groupby": false
}