{
    "timestamp": "2022-08-01 14:01:58.630817",
    "dataset": "dmv.csv",
    "model": "dmv.csv-2.6MB-model16.669-data16.507-made-resmade-hidden256_256_256_256_256-emb32-directIo-binaryInone_hotOut-inputNoEmbIfLeq-5epochs-seed0.pt",
    "query": "'SELECT Revocation Indicator FROM dmv.csv WHERE Record Type=BOAT AND State<=NM AND County>=FULTON<=STEUBEN AND Fuel Type=COMP N/G AND Registration Class>=CSP'",
    "avg_est": 1.0000056028366089,
    "avg_real": NaN,
    "avg_err": NaN,
    "count_est": 3.227220067543386e-08,
    "count_real": 0,
    "count_err": 0,
    "sum_est": 3.2272381491301256e-08,
    "sum_real": NaN,
    "sum_err": NaN,
    "query_dur_ms_est": 20.457029342651367,
    "query_dur_ms_real": 20195.28865814209,
    "query_dur_ms_err": 0.998987039517536,
    "order": [
        0,
        1,
        2,
        3,
        4,
        5,
        7,
        8,
        9,
        6
    ],
    "groupby": false
}