{
    "timestamp": "2022-08-01 13:40:13.343755",
    "dataset": "dmv.csv",
    "model": "dmv.csv-2.6MB-model16.669-data16.507-made-resmade-hidden256_256_256_256_256-emb32-directIo-binaryInone_hotOut-inputNoEmbIfLeq-5epochs-seed0.pt",
    "query": "'SELECT Record Type FROM dmv.csv WHERE Fuel Type=OTHER AND Model Year>=1973.0'",
    "avg_est": 3.834136962890625,
    "avg_real": 2.129143988124691,
    "avg_err": 0.8007880088315018,
    "count_est": 1946.0012892239029,
    "count_real": 2021,
    "count_err": 0.03710970350128508,
    "sum_est": 7461.235472846176,
    "sum_real": 4303.0,
    "sum_err": 0.7339612997550955,
    "query_dur_ms_est": 20.14946937561035,
    "query_dur_ms_real": 20195.28865814209,
    "query_dur_ms_err": 0.9990022688104789,
    "order": [
        1,
        2,
        3,
        4,
        5,
        6,
        7,
        8,
        9,
        0
    ],
    "groupby": false
}