{
    "timestamp": "2022-08-01 14:16:11.164761",
    "dataset": "dmv.csv",
    "model": "dmv.csv-2.6MB-model16.669-data16.507-made-resmade-hidden256_256_256_256_256-emb32-directIo-binaryInone_hotOut-inputNoEmbIfLeq-5epochs-seed0.pt",
    "query": "'SELECT Weight_100 FROM dmv.csv WHERE County>=GREENE'",
    "avg_est": 61.805206298828125,
    "avg_real": 39.81437456014723,
    "avg_err": 0.5523339743905694,
    "count_est": 9921430.672247171,
    "count_real": 9906724,
    "count_err": 0.0014845141791748112,
    "sum_est": 613196069.4777575,
    "sum_real": 394430020.0,
    "sum_err": 0.554638436186367,
    "query_dur_ms_est": 20.004749298095703,
    "query_dur_ms_real": 20195.28865814209,
    "query_dur_ms_err": 0.9990094348421195,
    "order": [
        0,
        1,
        2,
        3,
        4,
        5,
        6,
        7,
        8,
        9
    ],
    "groupby": false
}