{
    "timestamp": "2022-08-01 12:55:14.379428",
    "dataset": "dmv.csv",
    "model": "dmv.csv-2.6MB-model16.669-data16.507-made-resmade-hidden256_256_256_256_256-emb32-directIo-binaryInone_hotOut-inputNoEmbIfLeq-5epochs-seed0.pt",
    "query": "'SELECT Revocation Indicator FROM dmv.csv WHERE State>=KS AND Scofflaw Indicator=Y AND Registration Class>=HAM<=USC AND Model Year<=1929.0 AND Weight_100>=93.0'",
    "avg_est": 1.0005863904953003,
    "avg_real": NaN,
    "avg_err": NaN,
    "count_est": 0.051324093231643886,
    "count_real": 0,
    "count_err": 0,
    "sum_est": 0.05135418919209483,
    "sum_real": NaN,
    "sum_err": NaN,
    "query_dur_ms_est": 20.483732223510742,
    "query_dur_ms_real": 20195.28865814209,
    "query_dur_ms_err": 0.9989857172843503,
    "order": [
        0,
        1,
        2,
        3,
        4,
        5,
        7,
        8,
        9,
        6
    ],
    "groupby": false
}