{
    "timestamp": "2022-08-01 13:11:10.135846",
    "dataset": "dmv.csv",
    "model": "dmv.csv-2.6MB-model16.669-data16.507-made-resmade-hidden256_256_256_256_256-emb32-directIo-binaryInone_hotOut-inputNoEmbIfLeq-5epochs-seed0.pt",
    "query": "'SELECT County FROM dmv.csv WHERE State>=LA<=TX AND Fuel Type=OTHER AND Weight_100>=75.0'",
    "avg_est": 34.40054702758789,
    "avg_real": 15.556231003039514,
    "avg_err": 1.2113677163103587,
    "count_est": 1483.6624786507455,
    "count_real": 329,
    "count_err": 3.509612397114728,
    "sum_est": 51038.800869892584,
    "sum_real": 5118.0,
    "sum_err": 8.972411268052479,
    "query_dur_ms_est": 20.20120620727539,
    "query_dur_ms_real": 20195.28865814209,
    "query_dur_ms_err": 0.9989997069836816,
    "order": [
        0,
        1,
        3,
        4,
        5,
        6,
        7,
        8,
        9,
        2
    ],
    "groupby": false
}