{
    "timestamp": "2022-08-01 13:07:58.384866",
    "dataset": "dmv.csv",
    "model": "dmv.csv-2.6MB-model16.669-data16.507-made-resmade-hidden256_256_256_256_256-emb32-directIo-binaryInone_hotOut-inputNoEmbIfLeq-5epochs-seed0.pt",
    "query": "'SELECT Revocation Indicator FROM dmv.csv WHERE State<=DC AND Suspension Indicator=N'",
    "avg_est": 1.0014106035232544,
    "avg_real": 1.000453720508167,
    "avg_err": 0.0009564490545363908,
    "count_est": 13987.232332479209,
    "count_real": 13224,
    "count_err": 0.05771569362365462,
    "sum_est": 14006.962771687982,
    "sum_real": 13230.0,
    "sum_err": 0.058727344798789285,
    "query_dur_ms_est": 20.219087600708008,
    "query_dur_ms_real": 20195.28865814209,
    "query_dur_ms_err": 0.9989988215596732,
    "order": [
        0,
        1,
        2,
        3,
        4,
        5,
        7,
        8,
        9,
        6
    ],
    "groupby": false
}