{
    "timestamp": "2022-08-01 14:08:47.179899",
    "dataset": "dmv.csv",
    "model": "dmv.csv-2.6MB-model16.669-data16.507-made-resmade-hidden256_256_256_256_256-emb32-directIo-binaryInone_hotOut-inputNoEmbIfLeq-5epochs-seed0.pt",
    "query": "'SELECT Record Type FROM dmv.csv WHERE State>=GS<=MY AND Fuel Type=COMP N/G AND Suspension Indicator=Y AND Revocation Indicator=N AND Model Year<=1935.0 AND Weight_100>=4.0'",
    "avg_est": 3.834136962890625,
    "avg_real": NaN,
    "avg_err": NaN,
    "count_est": 2.694167830566527e-06,
    "count_real": 0,
    "count_err": 0,
    "sum_est": 1.0329808463405968e-05,
    "sum_real": NaN,
    "sum_err": NaN,
    "query_dur_ms_est": 20.471572875976562,
    "query_dur_ms_real": 20195.28865814209,
    "query_dur_ms_err": 0.9989863193726759,
    "order": [
        1,
        2,
        3,
        4,
        5,
        6,
        7,
        8,
        9,
        0
    ],
    "groupby": false
}