{
    "timestamp": "2022-08-01 14:20:45.744555",
    "dataset": "dmv.csv",
    "model": "dmv.csv-2.6MB-model16.669-data16.507-made-resmade-hidden256_256_256_256_256-emb32-directIo-binaryInone_hotOut-inputNoEmbIfLeq-5epochs-seed0.pt",
    "query": "'SELECT Record Type FROM dmv.csv WHERE Registration Class>=LUA AND Weight_100>=0.0'",
    "avg_est": 3.834136962890625,
    "avg_real": 1.9954492561746455,
    "avg_err": 0.9214404731297532,
    "count_est": 10645804.165830612,
    "count_real": 9400661,
    "count_err": 0.1324527249552571,
    "sum_est": 40817471.25190615,
    "sum_real": 18758542.0,
    "sum_err": 1.1759404996351075,
    "query_dur_ms_est": 20.299911499023438,
    "query_dur_ms_real": 20195.28865814209,
    "query_dur_ms_err": 0.9989948194431557,
    "order": [
        1,
        2,
        3,
        4,
        5,
        6,
        7,
        8,
        9,
        0
    ],
    "groupby": false
}