{
    "timestamp": "2022-08-01 13:34:48.051281",
    "dataset": "dmv.csv",
    "model": "dmv.csv-2.6MB-model16.669-data16.507-made-resmade-hidden256_256_256_256_256-emb32-directIo-binaryInone_hotOut-inputNoEmbIfLeq-5epochs-seed0.pt",
    "query": "'SELECT Suspension Indicator FROM dmv.csv WHERE State=S'",
    "avg_est": 1.1058013439178467,
    "avg_real": 1.0,
    "avg_err": 0.10580134391784668,
    "count_est": 0.5602361358484416,
    "count_real": 1,
    "count_err": 0.43976386415155844,
    "sum_est": 0.619509871932548,
    "sum_real": 1.0,
    "sum_err": 0.38049012806745197,
    "query_dur_ms_est": 20.05791664123535,
    "query_dur_ms_real": 20195.28865814209,
    "query_dur_ms_err": 0.9990068021814014,
    "order": [
        0,
        1,
        2,
        3,
        4,
        6,
        7,
        8,
        9,
        5
    ],
    "groupby": false
}