{
    "timestamp": "2022-08-01 12:46:06.076759",
    "dataset": "dmv.csv",
    "model": "dmv.csv-2.6MB-model16.669-data16.507-made-resmade-hidden256_256_256_256_256-emb32-directIo-binaryInone_hotOut-inputNoEmbIfLeq-5epochs-seed0.pt",
    "query": "'SELECT State FROM dmv.csv WHERE Revocation Indicator=Y'",
    "avg_est": 51.85878372192383,
    "avg_real": 6.93943661971831,
    "avg_err": 6.47305387508949,
    "count_est": 4875.958600975224,
    "count_real": 5680,
    "count_err": 0.14155658433534793,
    "sum_est": 252861.28252502842,
    "sum_real": 39416.0,
    "sum_err": 5.415193893977786,
    "query_dur_ms_est": 20.152568817138672,
    "query_dur_ms_real": 20195.28865814209,
    "query_dur_ms_err": 0.9990021153369841,
    "order": [
        0,
        2,
        3,
        4,
        5,
        6,
        7,
        8,
        9,
        1
    ],
    "groupby": false
}