{
    "timestamp": "2022-08-01 13:25:19.987757",
    "dataset": "dmv.csv",
    "model": "dmv.csv-2.6MB-model16.669-data16.507-made-resmade-hidden256_256_256_256_256-emb32-directIo-binaryInone_hotOut-inputNoEmbIfLeq-5epochs-seed0.pt",
    "query": "'SELECT Suspension Indicator FROM dmv.csv WHERE Record Type=TRL AND State<=MA AND County>=ESSEX<=KINGS AND Fuel Type=OTHER AND Scofflaw Indicator=Y AND Revocation Indicator=N AND Registration Class<=CLG AND Model Year<=1933.0 AND Weight_100>=18.0'",
    "avg_est": 1.017350673675537,
    "avg_real": NaN,
    "avg_err": NaN,
    "count_est": 2.7743821112241082e-19,
    "count_real": 0,
    "count_err": 0,
    "sum_est": 2.8225195098872053e-19,
    "sum_real": NaN,
    "sum_err": NaN,
    "query_dur_ms_est": 21.04806900024414,
    "query_dur_ms_real": 20195.28865814209,
    "query_dur_ms_err": 0.9989577733026481,
    "order": [
        0,
        1,
        2,
        3,
        4,
        6,
        7,
        8,
        9,
        5
    ],
    "groupby": false
}