{
    "timestamp": "2022-08-01 13:56:54.034424",
    "dataset": "dmv.csv",
    "model": "dmv.csv-2.6MB-model16.669-data16.507-made-resmade-hidden256_256_256_256_256-emb32-directIo-binaryInone_hotOut-inputNoEmbIfLeq-5epochs-seed0.pt",
    "query": "'SELECT Registration Class FROM dmv.csv WHERE Record Type=VEH AND State<=AZ AND County>=ORLEANS<=WASHINGTON AND Fuel Type=OTHER AND Scofflaw Indicator=Y AND Suspension Indicator=N AND Revocation Indicator=N AND Model Year>=1986.0'",
    "avg_est": 41.6427116394043,
    "avg_real": NaN,
    "avg_err": NaN,
    "count_est": 5.000548657297017e-06,
    "count_real": 0,
    "count_err": 0,
    "sum_est": 0.00020823640577463,
    "sum_real": NaN,
    "sum_err": NaN,
    "query_dur_ms_est": 20.722150802612305,
    "query_dur_ms_real": 20195.28865814209,
    "query_dur_ms_err": 0.9989739116309062,
    "order": [
        0,
        1,
        2,
        3,
        4,
        5,
        6,
        8,
        9,
        7
    ],
    "groupby": false
}