{
    "timestamp": "2022-08-01 12:55:47.222293",
    "dataset": "dmv.csv",
    "model": "dmv.csv-2.6MB-model16.669-data16.507-made-resmade-hidden256_256_256_256_256-emb32-directIo-binaryInone_hotOut-inputNoEmbIfLeq-5epochs-seed0.pt",
    "query": "'SELECT Scofflaw Indicator FROM dmv.csv WHERE Record Type=SNOW AND State<=KY AND Fuel Type=COMP N/G AND Suspension Indicator=Y AND Revocation Indicator=Y AND Registration Class>=CMH<=OMF AND Weight_100>=18.0<=73.0'",
    "avg_est": 1.000016212463379,
    "avg_real": NaN,
    "avg_err": NaN,
    "count_est": 2.2437700537944004e-25,
    "count_real": 0,
    "count_err": 0,
    "sum_est": 2.2438064308342283e-25,
    "sum_real": NaN,
    "sum_err": NaN,
    "query_dur_ms_est": 20.96271514892578,
    "query_dur_ms_real": 20195.28865814209,
    "query_dur_ms_err": 0.9989619997265811,
    "order": [
        0,
        1,
        2,
        3,
        5,
        6,
        7,
        8,
        9,
        4
    ],
    "groupby": false
}