{
    "timestamp": "2022-08-01 12:57:41.078865",
    "dataset": "dmv.csv",
    "model": "dmv.csv-2.6MB-model16.669-data16.507-made-resmade-hidden256_256_256_256_256-emb32-directIo-binaryInone_hotOut-inputNoEmbIfLeq-5epochs-seed0.pt",
    "query": "'SELECT Record Type FROM dmv.csv WHERE State>=AN<=GA AND Model Year>=1946.0<=1981.0'",
    "avg_est": 3.834136962890625,
    "avg_real": 2.606223175965665,
    "avg_err": 0.4711468297299558,
    "count_est": 1049.7806721356465,
    "count_real": 932,
    "count_err": 0.12637411173352625,
    "sum_est": 4025.0028779634463,
    "sum_real": 2429.0,
    "sum_err": 0.657061703566672,
    "query_dur_ms_est": 20.456790924072266,
    "query_dur_ms_real": 20195.28865814209,
    "query_dur_ms_err": 0.9989870513231894,
    "order": [
        1,
        2,
        3,
        4,
        5,
        6,
        7,
        8,
        9,
        0
    ],
    "groupby": false
}