{
    "timestamp": "2022-08-01 13:19:41.524639",
    "dataset": "dmv.csv",
    "model": "dmv.csv-2.6MB-model16.669-data16.507-made-resmade-hidden256_256_256_256_256-emb32-directIo-binaryInone_hotOut-inputNoEmbIfLeq-5epochs-seed0.pt",
    "query": "'SELECT State FROM dmv.csv WHERE County>=COLUMBIA<=LIVINGSTON AND Scofflaw Indicator=N AND Registration Class>=LOC'",
    "avg_est": 51.855186462402344,
    "avg_real": 37.98361819627476,
    "avg_err": 0.36519870735979637,
    "count_est": 2077853.157759726,
    "count_real": 2078953,
    "count_err": 0.0005290366065389417,
    "sum_est": 107747462.9371221,
    "sum_real": 78966157.0,
    "sum_err": 0.36447646726840344,
    "query_dur_ms_est": 20.551681518554688,
    "query_dur_ms_real": 20195.28865814209,
    "query_dur_ms_err": 0.9989823526731187,
    "order": [
        0,
        2,
        3,
        4,
        5,
        6,
        7,
        8,
        9,
        1
    ],
    "groupby": false
}