{
    "timestamp": "2022-08-01 14:16:29.570382",
    "dataset": "dmv.csv",
    "model": "dmv.csv-2.6MB-model16.669-data16.507-made-resmade-hidden256_256_256_256_256-emb32-directIo-binaryInone_hotOut-inputNoEmbIfLeq-5epochs-seed0.pt",
    "query": "'SELECT Registration Class FROM dmv.csv WHERE County<=TIOGA AND Suspension Indicator=Y'",
    "avg_est": 48.185096740722656,
    "avg_real": 28.245863826859324,
    "avg_err": 0.7059169100327843,
    "count_est": 123670.95889432356,
    "count_real": 127896,
    "count_err": 0.03303497455492308,
    "sum_est": 5959097.118340916,
    "sum_real": 3612533.0,
    "sum_err": 0.6495619883170385,
    "query_dur_ms_est": 20.30348777770996,
    "query_dur_ms_real": 20195.28865814209,
    "query_dur_ms_err": 0.998994642358354,
    "order": [
        0,
        1,
        2,
        3,
        4,
        5,
        6,
        8,
        9,
        7
    ],
    "groupby": false
}