{
    "timestamp": "2022-08-01 13:42:23.566095",
    "dataset": "dmv.csv",
    "model": "dmv.csv-2.6MB-model16.669-data16.507-made-resmade-hidden256_256_256_256_256-emb32-directIo-binaryInone_hotOut-inputNoEmbIfLeq-5epochs-seed0.pt",
    "query": "'SELECT Model Year FROM dmv.csv WHERE State>=GU<=LA AND County<=WARREN AND Fuel Type=FLEX AND Scofflaw Indicator=N AND Suspension Indicator=N AND Revocation Indicator=Y AND Registration Class>=ATV AND Weight_100>=81.0'",
    "avg_est": 117.38912200927734,
    "avg_real": NaN,
    "avg_err": NaN,
    "count_est": 0.00032233725128870405,
    "count_real": 0,
    "count_err": 0,
    "sum_est": 0.03783888691966477,
    "sum_real": NaN,
    "sum_err": NaN,
    "query_dur_ms_est": 20.751476287841797,
    "query_dur_ms_real": 20195.28865814209,
    "query_dur_ms_err": 0.9989724595355325,
    "order": [
        0,
        1,
        2,
        3,
        4,
        5,
        6,
        7,
        9,
        8
    ],
    "groupby": false
}