{
    "timestamp": "2022-08-01 14:20:13.007174",
    "dataset": "dmv.csv",
    "model": "dmv.csv-2.6MB-model16.669-data16.507-made-resmade-hidden256_256_256_256_256-emb32-directIo-binaryInone_hotOut-inputNoEmbIfLeq-5epochs-seed0.pt",
    "query": "'SELECT Record Type FROM dmv.csv WHERE State>=NB<=VI AND Model Year>=1964.0<=2005.0'",
    "avg_est": 3.834136962890625,
    "avg_real": 3.5348094091436217,
    "avg_err": 0.08467996972417287,
    "count_est": 2238573.57611531,
    "count_real": 2143702,
    "count_err": 0.04425595353986244,
    "sum_est": 8582997.69233396,
    "sum_real": 7577578.0,
    "sum_err": 0.1326835160699053,
    "query_dur_ms_est": 20.273447036743164,
    "query_dur_ms_real": 20195.28865814209,
    "query_dur_ms_err": 0.998996129870688,
    "order": [
        1,
        2,
        3,
        4,
        5,
        6,
        7,
        8,
        9,
        0
    ],
    "groupby": false
}