{
    "timestamp": "2022-08-01 13:18:40.515321",
    "dataset": "dmv.csv",
    "model": "dmv.csv-2.6MB-model16.669-data16.507-made-resmade-hidden256_256_256_256_256-emb32-directIo-binaryInone_hotOut-inputNoEmbIfLeq-5epochs-seed0.pt",
    "query": "'SELECT Weight_100 FROM dmv.csv WHERE State>=WY'",
    "avg_est": 65.53997802734375,
    "avg_real": 10.761194029850746,
    "avg_err": 5.090400177298241,
    "count_est": 85.94588151073185,
    "count_real": 67,
    "count_err": 0.28277435090644554,
    "sum_est": 5632.891185754055,
    "sum_real": 721.0,
    "sum_err": 6.812609134194251,
    "query_dur_ms_est": 20.050764083862305,
    "query_dur_ms_real": 20195.28865814209,
    "query_dur_ms_err": 0.9990071563510048,
    "order": [
        0,
        1,
        2,
        3,
        4,
        5,
        6,
        7,
        8,
        9
    ],
    "groupby": false
}