{
    "timestamp": "2022-08-01 13:10:00.585900",
    "dataset": "dmv.csv",
    "model": "dmv.csv-2.6MB-model16.669-data16.507-made-resmade-hidden256_256_256_256_256-emb32-directIo-binaryInone_hotOut-inputNoEmbIfLeq-5epochs-seed0.pt",
    "query": "'SELECT Record Type FROM dmv.csv WHERE State>=MA<=NC AND Revocation Indicator=Y'",
    "avg_est": 3.834136962890625,
    "avg_real": 1.0,
    "avg_err": 2.834136962890625,
    "count_est": 3.4484281489585555,
    "count_real": 1,
    "count_err": 2.4484281489585555,
    "sum_est": 13.221745829794497,
    "sum_real": 1.0,
    "sum_err": 12.221745829794497,
    "query_dur_ms_est": 20.08795738220215,
    "query_dur_ms_real": 20195.28865814209,
    "query_dur_ms_err": 0.9990053146690675,
    "order": [
        1,
        2,
        3,
        4,
        5,
        6,
        7,
        8,
        9,
        0
    ],
    "groupby": false
}