{
    "timestamp": "2022-08-01 12:48:46.653242",
    "dataset": "dmv.csv",
    "model": "dmv.csv-2.6MB-model16.669-data16.507-made-resmade-hidden256_256_256_256_256-emb32-directIo-binaryInone_hotOut-inputNoEmbIfLeq-5epochs-seed0.pt",
    "query": "'SELECT State FROM dmv.csv WHERE Revocation Indicator=N'",
    "avg_est": 51.85551071166992,
    "avg_real": 51.8600525321669,
    "avg_err": 8.757840139397873e-05,
    "count_est": 12641503.11998105,
    "count_real": 12640636,
    "count_err": 6.859781272481e-05,
    "sum_est": 655531600.4497861,
    "sum_real": 655544047.0,
    "sum_err": 1.8986596355947064e-05,
    "query_dur_ms_est": 20.067453384399414,
    "query_dur_ms_real": 20195.28865814209,
    "query_dur_ms_err": 0.9990063299552636,
    "order": [
        0,
        2,
        3,
        4,
        5,
        6,
        7,
        8,
        9,
        1
    ],
    "groupby": false
}