{
    "timestamp": "2022-08-01 13:12:18.712116",
    "dataset": "dmv.csv",
    "model": "dmv.csv-2.6MB-model16.669-data16.507-made-resmade-hidden256_256_256_256_256-emb32-directIo-binaryInone_hotOut-inputNoEmbIfLeq-5epochs-seed0.pt",
    "query": "'SELECT Registration Class FROM dmv.csv WHERE Scofflaw Indicator=N'",
    "avg_est": 46.317237854003906,
    "avg_real": 46.54048159697004,
    "avg_err": 0.004796764779947339,
    "count_est": 12626285.826038599,
    "count_real": 12625910,
    "count_err": 2.9766253568971605e-05,
    "sum_est": 584814683.817268,
    "sum_real": 587615932.0,
    "sum_err": 0.004767141308095074,
    "query_dur_ms_est": 20.066261291503906,
    "query_dur_ms_real": 20195.28865814209,
    "query_dur_ms_err": 0.9990063889835309,
    "order": [
        0,
        1,
        2,
        3,
        4,
        5,
        6,
        8,
        9,
        7
    ],
    "groupby": false
}