{
    "timestamp": "2022-08-01 13:42:02.711167",
    "dataset": "dmv.csv",
    "model": "dmv.csv-2.6MB-model16.669-data16.507-made-resmade-hidden256_256_256_256_256-emb32-directIo-binaryInone_hotOut-inputNoEmbIfLeq-5epochs-seed0.pt",
    "query": "'SELECT State FROM dmv.csv WHERE Suspension Indicator=N'",
    "avg_est": 51.85660934448242,
    "avg_real": 51.86213682070642,
    "avg_err": 0.00010658018668041424,
    "count_est": 12509885.738601446,
    "count_real": 12505841,
    "count_err": 0.0003234279567000853,
    "sum_est": 648720257.6907672,
    "sum_real": 648579637.0,
    "sum_err": 0.00021681329900767298,
    "query_dur_ms_est": 20.1871395111084,
    "query_dur_ms_real": 20195.28865814209,
    "query_dur_ms_err": 0.9990004035172347,
    "order": [
        0,
        2,
        3,
        4,
        5,
        6,
        7,
        8,
        9,
        1
    ],
    "groupby": false
}