{
    "timestamp": "2022-08-01 12:42:28.339900",
    "dataset": "dmv.csv",
    "model": "dmv.csv-2.6MB-model16.669-data16.507-made-resmade-hidden256_256_256_256_256-emb32-directIo-binaryInone_hotOut-inputNoEmbIfLeq-5epochs-seed0.pt",
    "query": "'SELECT Suspension Indicator FROM dmv.csv WHERE Record Type=VEH AND Weight_100>=32.0<=42.0'",
    "avg_est": 1.011929988861084,
    "avg_real": 1.0130767239656113,
    "avg_err": 0.0011319331274718604,
    "count_est": 1076129.161513418,
    "count_real": 1085593,
    "count_err": 0.008717667198095457,
    "sum_est": 1088967.3704233607,
    "sum_real": 1099789.0,
    "sum_err": 0.009839732509271571,
    "query_dur_ms_est": 20.076990127563477,
    "query_dur_ms_real": 20195.28865814209,
    "query_dur_ms_err": 0.9990058577291259,
    "order": [
        0,
        1,
        2,
        3,
        4,
        6,
        7,
        8,
        9,
        5
    ],
    "groupby": false
}