{
    "timestamp": "2022-08-01 12:51:09.016300",
    "dataset": "dmv.csv",
    "model": "dmv.csv-2.6MB-model16.669-data16.507-made-resmade-hidden256_256_256_256_256-emb32-directIo-binaryInone_hotOut-inputNoEmbIfLeq-5epochs-seed0.pt",
    "query": "'SELECT County FROM dmv.csv WHERE Suspension Indicator=Y'",
    "avg_est": 34.41197967529297,
    "avg_real": 32.406029542623244,
    "avg_err": 0.06190052163074539,
    "count_est": 136567.51987481862,
    "count_real": 140475,
    "count_err": 0.027816195943629662,
    "sum_est": 4699558.718237427,
    "sum_real": 4552237.0,
    "sum_err": 0.032362488648422096,
    "query_dur_ms_est": 20.180702209472656,
    "query_dur_ms_real": 20195.28865814209,
    "query_dur_ms_err": 0.9990007222698777,
    "order": [
        0,
        1,
        3,
        4,
        5,
        6,
        7,
        8,
        9,
        2
    ],
    "groupby": false
}