{
    "timestamp": "2022-08-01 12:54:26.187603",
    "dataset": "dmv.csv",
    "model": "dmv.csv-2.6MB-model16.669-data16.507-made-resmade-hidden256_256_256_256_256-emb32-directIo-binaryInone_hotOut-inputNoEmbIfLeq-5epochs-seed0.pt",
    "query": "'SELECT Revocation Indicator FROM dmv.csv WHERE Record Type=BOAT AND State>=AP<=ID AND Fuel Type=GAS AND Scofflaw Indicator=Y AND Suspension Indicator=Y AND Registration Class>=TRL AND Model Year>=1953.0<=2008.0 AND Weight_100>=68.0'",
    "avg_est": 1.000002384185791,
    "avg_real": NaN,
    "avg_err": NaN,
    "count_est": 2.8484344531132628e-08,
    "count_real": 0,
    "count_err": 0,
    "sum_est": 2.8484412443102126e-08,
    "sum_real": NaN,
    "sum_err": NaN,
    "query_dur_ms_est": 20.657062530517578,
    "query_dur_ms_real": 20195.28865814209,
    "query_dur_ms_err": 0.9989771345742964,
    "order": [
        0,
        1,
        2,
        3,
        4,
        5,
        7,
        8,
        9,
        6
    ],
    "groupby": false
}