{
    "timestamp": "2022-08-01 14:17:24.826100",
    "dataset": "dmv.csv",
    "model": "dmv.csv-2.6MB-model16.669-data16.507-made-resmade-hidden256_256_256_256_256-emb32-directIo-binaryInone_hotOut-inputNoEmbIfLeq-5epochs-seed0.pt",
    "query": "'SELECT Record Type FROM dmv.csv WHERE Weight_100<=99.0'",
    "avg_est": 3.834136962890625,
    "avg_real": 1.988075803233441,
    "avg_err": 0.928566786364342,
    "count_est": 12573609.476099014,
    "count_real": 9703966,
    "count_err": 0.2957186243334956,
    "sum_est": 48208940.84926306,
    "sum_real": 19292220.0,
    "sum_err": 1.4988799033632758,
    "query_dur_ms_est": 20.203828811645508,
    "query_dur_ms_real": 20195.28865814209,
    "query_dur_ms_err": 0.9989995771214937,
    "order": [
        1,
        2,
        3,
        4,
        5,
        6,
        7,
        8,
        9,
        0
    ],
    "groupby": false
}