{
    "timestamp": "2022-08-01 13:24:54.621427",
    "dataset": "dmv.csv",
    "model": "dmv.csv-2.6MB-model16.669-data16.507-made-resmade-hidden256_256_256_256_256-emb32-directIo-binaryInone_hotOut-inputNoEmbIfLeq-5epochs-seed0.pt",
    "query": "'SELECT Weight_100 FROM dmv.csv WHERE Record Type=SNOW AND State>=MT AND Revocation Indicator=N AND Registration Class>=NYA<=WUG'",
    "avg_est": 101.00000762939453,
    "avg_real": 1.0,
    "avg_err": 100.00000762939453,
    "count_est": 109240.62218617648,
    "count_real": 110808,
    "count_err": 0.014144987851269955,
    "sum_est": 11033303.674243629,
    "sum_real": 110808.0,
    "sum_err": 98.57136374849857,
    "query_dur_ms_est": 20.509004592895508,
    "query_dur_ms_real": 20195.28865814209,
    "query_dur_ms_err": 0.9989844658850852,
    "order": [
        0,
        1,
        2,
        3,
        4,
        5,
        6,
        7,
        8,
        9
    ],
    "groupby": false
}