{
    "timestamp": "2022-08-01 14:01:17.562078",
    "dataset": "dmv.csv",
    "model": "dmv.csv-2.6MB-model16.669-data16.507-made-resmade-hidden256_256_256_256_256-emb32-directIo-binaryInone_hotOut-inputNoEmbIfLeq-5epochs-seed0.pt",
    "query": "'SELECT State FROM dmv.csv WHERE Record Type=VEH AND Model Year>=1994.0'",
    "avg_est": 51.8746452331543,
    "avg_real": 47.877472995085284,
    "avg_err": 0.0834875357452414,
    "count_est": 11050495.389513254,
    "count_real": 11063912,
    "count_err": 0.0012126461677158889,
    "sum_est": 573240527.9816073,
    "sum_real": 529712148.0,
    "sum_err": 0.08217364873725214,
    "query_dur_ms_est": 20.384550094604492,
    "query_dur_ms_real": 20195.28865814209,
    "query_dur_ms_err": 0.998990628436183,
    "order": [
        0,
        2,
        3,
        4,
        5,
        6,
        7,
        8,
        9,
        1
    ],
    "groupby": false
}