{
    "timestamp": "2022-08-01 13:33:21.464077",
    "dataset": "dmv.csv",
    "model": "dmv.csv-2.6MB-model16.669-data16.507-made-resmade-hidden256_256_256_256_256-emb32-directIo-binaryInone_hotOut-inputNoEmbIfLeq-5epochs-seed0.pt",
    "query": "'SELECT Fuel Type FROM dmv.csv WHERE State<=SS AND Suspension Indicator=N AND Revocation Indicator=Y AND Registration Class=CHC'",
    "avg_est": 5.889281272888184,
    "avg_real": NaN,
    "avg_err": NaN,
    "count_est": 9.296260843628945e-05,
    "count_real": 0,
    "count_err": 0,
    "sum_est": 0.0005474829489426766,
    "sum_real": NaN,
    "sum_err": NaN,
    "query_dur_ms_est": 20.252466201782227,
    "query_dur_ms_real": 20195.28865814209,
    "query_dur_ms_err": 0.998997168768191,
    "order": [
        0,
        1,
        2,
        4,
        5,
        6,
        7,
        8,
        9,
        3
    ],
    "groupby": false
}