{
    "timestamp": "2022-08-01 13:20:12.407039",
    "dataset": "dmv.csv",
    "model": "dmv.csv-2.6MB-model16.669-data16.507-made-resmade-hidden256_256_256_256_256-emb32-directIo-binaryInone_hotOut-inputNoEmbIfLeq-5epochs-seed0.pt",
    "query": "'SELECT Record Type FROM dmv.csv WHERE State>=NT AND Fuel Type=OTHER AND Registration Class>=BOT<=PAS AND Model Year>=1948.0<=1981.0'",
    "avg_est": 3.834136962890625,
    "avg_real": 1.0131233595800524,
    "avg_err": 2.784471976324685,
    "count_est": 336.6735306786504,
    "count_real": 381,
    "count_err": 0.11634243916364718,
    "sum_est": 1290.8524284019045,
    "sum_real": 385.99999999999994,
    "sum_err": 2.3441772756526027,
    "query_dur_ms_est": 20.626068115234375,
    "query_dur_ms_real": 20195.28865814209,
    "query_dur_ms_err": 0.9989786693092442,
    "order": [
        1,
        2,
        3,
        4,
        5,
        6,
        7,
        8,
        9,
        0
    ],
    "groupby": false
}