{
    "timestamp": "2022-08-01 12:50:00.894052",
    "dataset": "dmv.csv",
    "model": "dmv.csv-2.6MB-model16.669-data16.507-made-resmade-hidden256_256_256_256_256-emb32-directIo-binaryInone_hotOut-inputNoEmbIfLeq-5epochs-seed0.pt",
    "query": "'SELECT Record Type FROM dmv.csv WHERE Registration Class=SRF'",
    "avg_est": 3.834136962890625,
    "avg_real": 1.0,
    "avg_err": 2.834136962890625,
    "count_est": 232440.2217636481,
    "count_real": 235550,
    "count_err": 0.013202200111873943,
    "sum_est": 891207.6459264971,
    "sum_real": 235550.0,
    "sum_err": 2.7835179194502104,
    "query_dur_ms_est": 20.096302032470703,
    "query_dur_ms_real": 20195.28865814209,
    "query_dur_ms_err": 0.9990049014711969,
    "order": [
        1,
        2,
        3,
        4,
        5,
        6,
        7,
        8,
        9,
        0
    ],
    "groupby": false
}