{
    "timestamp": "2022-08-01 13:39:58.237841",
    "dataset": "dmv.csv",
    "model": "dmv.csv-2.6MB-model16.669-data16.507-made-resmade-hidden256_256_256_256_256-emb32-directIo-binaryInone_hotOut-inputNoEmbIfLeq-5epochs-seed0.pt",
    "query": "'SELECT State FROM dmv.csv WHERE Suspension Indicator=Y'",
    "avg_est": 51.85536193847656,
    "avg_real": 36.72002847481758,
    "avg_err": 0.412181964238909,
    "count_est": 135777.78307981417,
    "count_real": 140475,
    "count_err": 0.033438098737752865,
    "sum_est": 7040806.084807723,
    "sum_real": 5158246.0,
    "sum_err": 0.36496128428301455,
    "query_dur_ms_est": 19.995689392089844,
    "query_dur_ms_real": 20195.28865814209,
    "query_dur_ms_err": 0.9990098834569503,
    "order": [
        0,
        2,
        3,
        4,
        5,
        6,
        7,
        8,
        9,
        1
    ],
    "groupby": false
}