{
    "timestamp": "2022-08-01 12:48:18.341180",
    "dataset": "dmv.csv",
    "model": "dmv.csv-2.6MB-model16.669-data16.507-made-resmade-hidden256_256_256_256_256-emb32-directIo-binaryInone_hotOut-inputNoEmbIfLeq-5epochs-seed0.pt",
    "query": "'SELECT Registration Class FROM dmv.csv WHERE Scofflaw Indicator=Y'",
    "avg_est": 48.13651657104492,
    "avg_real": 15.537390963442125,
    "avg_err": 2.0981080854762024,
    "count_est": 19581.74454809958,
    "count_real": 20406,
    "count_err": 0.040392798779791184,
    "sum_est": 942596.9709295641,
    "sum_real": 317056.0,
    "sum_err": 1.9729668289815177,
    "query_dur_ms_est": 20.061731338500977,
    "query_dur_ms_real": 20195.28865814209,
    "query_dur_ms_err": 0.9990066132909463,
    "order": [
        0,
        1,
        2,
        3,
        4,
        5,
        6,
        8,
        9,
        7
    ],
    "groupby": false
}