{
    "timestamp": "2022-08-01 13:27:19.163142",
    "dataset": "dmv.csv",
    "model": "dmv.csv-2.6MB-model16.669-data16.507-made-resmade-hidden256_256_256_256_256-emb32-directIo-binaryInone_hotOut-inputNoEmbIfLeq-5epochs-seed0.pt",
    "query": "'SELECT Registration Class FROM dmv.csv WHERE Record Type=BOAT'",
    "avg_est": 7.000005722045898,
    "avg_real": 1.0,
    "avg_err": 6.000005722045898,
    "count_est": 364348.44412599504,
    "count_real": 365645,
    "count_err": 0.0035459417577293826,
    "sum_est": 2550441.1937004854,
    "sum_real": 365645.0,
    "sum_err": 5.97518410945175,
    "query_dur_ms_est": 20.156383514404297,
    "query_dur_ms_real": 20195.28865814209,
    "query_dur_ms_err": 0.999001926446529,
    "order": [
        0,
        1,
        2,
        3,
        4,
        5,
        6,
        8,
        9,
        7
    ],
    "groupby": false
}