{
    "timestamp": "2022-08-01 12:45:52.160122",
    "dataset": "dmv.csv",
    "model": "dmv.csv-2.6MB-model16.669-data16.507-made-resmade-hidden256_256_256_256_256-emb32-directIo-binaryInone_hotOut-inputNoEmbIfLeq-5epochs-seed0.pt",
    "query": "'SELECT Model Year FROM dmv.csv WHERE County>=CATTARAUGUS AND Revocation Indicator=N'",
    "avg_est": 114.03974151611328,
    "avg_real": 114.13091036864154,
    "avg_err": 0.0007988094744340629,
    "count_est": 11865277.157094002,
    "count_real": 11853385,
    "count_err": 0.0010032709723004668,
    "sum_est": 1353113140.0120435,
    "sum_real": 1352837621.0,
    "sum_err": 0.00020366007550840878,
    "query_dur_ms_est": 20.281076431274414,
    "query_dur_ms_real": 20195.28865814209,
    "query_dur_ms_err": 0.9989957520897778,
    "order": [
        0,
        1,
        2,
        3,
        4,
        5,
        6,
        7,
        9,
        8
    ],
    "groupby": false
}