{
    "timestamp": "2022-08-01 14:20:50.325753",
    "dataset": "dmv.csv",
    "model": "dmv.csv-2.6MB-model16.669-data16.507-made-resmade-hidden256_256_256_256_256-emb32-directIo-binaryInone_hotOut-inputNoEmbIfLeq-5epochs-seed0.pt",
    "query": "'SELECT Model Year FROM dmv.csv WHERE County<=NASSAU AND Scofflaw Indicator=Y'",
    "avg_est": 115.46939086914062,
    "avg_real": 37.56172772006561,
    "avg_err": 2.074123526204479,
    "count_est": 8724.477911442751,
    "count_real": 9145,
    "count_err": 0.0459838259767358,
    "sum_est": 1007410.1500855667,
    "sum_real": 343502.0,
    "sum_err": 1.932763564944503,
    "query_dur_ms_est": 20.098447799682617,
    "query_dur_ms_real": 20195.28865814209,
    "query_dur_ms_err": 0.9990047952203159,
    "order": [
        0,
        1,
        2,
        3,
        4,
        5,
        6,
        7,
        9,
        8
    ],
    "groupby": false
}