{
    "timestamp": "2022-08-01 12:53:09.397140",
    "dataset": "dmv.csv",
    "model": "dmv.csv-2.6MB-model16.669-data16.507-made-resmade-hidden256_256_256_256_256-emb32-directIo-binaryInone_hotOut-inputNoEmbIfLeq-5epochs-seed0.pt",
    "query": "'SELECT Fuel Type FROM dmv.csv WHERE Weight_100>=92.0'",
    "avg_est": 5.883606910705566,
    "avg_real": 4.5928887880888745,
    "avg_err": 0.28102533768377325,
    "count_est": 3642646.144597292,
    "count_real": 776014,
    "count_err": 3.6940469432217613,
    "sum_est": 21431898.029607616,
    "sum_real": 3564146.0,
    "sum_err": 5.0131930705441405,
    "query_dur_ms_est": 20.075082778930664,
    "query_dur_ms_real": 20195.28865814209,
    "query_dur_ms_err": 0.9990059521743534,
    "order": [
        0,
        1,
        2,
        4,
        5,
        6,
        7,
        8,
        9,
        3
    ],
    "groupby": false
}