{
    "timestamp": "2022-08-01 13:03:45.709376",
    "dataset": "dmv.csv",
    "model": "dmv.csv-2.6MB-model16.669-data16.507-made-resmade-hidden256_256_256_256_256-emb32-directIo-binaryInone_hotOut-inputNoEmbIfLeq-5epochs-seed0.pt",
    "query": "'SELECT Weight_100 FROM dmv.csv WHERE Revocation Indicator=Y'",
    "avg_est": 100.05426025390625,
    "avg_real": 1.0734154929577464,
    "avg_err": 92.21111993475274,
    "count_est": 5059.192085943185,
    "count_real": 5680,
    "count_err": 0.10929716796774916,
    "sum_est": 506193.72164146224,
    "sum_real": 6097.0,
    "sum_err": 82.02340850278206,
    "query_dur_ms_est": 20.056486129760742,
    "query_dur_ms_real": 20195.28865814209,
    "query_dur_ms_err": 0.9990068730153221,
    "order": [
        0,
        1,
        2,
        3,
        4,
        5,
        6,
        7,
        8,
        9
    ],
    "groupby": false
}