{
    "timestamp": "2022-08-01 14:09:51.240823",
    "dataset": "dmv.csv",
    "model": "dmv.csv-2.6MB-model16.669-data16.507-made-resmade-hidden256_256_256_256_256-emb32-directIo-binaryInone_hotOut-inputNoEmbIfLeq-5epochs-seed0.pt",
    "query": "'SELECT Registration Class FROM dmv.csv WHERE Record Type=BOAT AND State<=AB AND County<=TOMPKINS AND Fuel Type=NONE AND Scofflaw Indicator=Y AND Suspension Indicator=Y AND Revocation Indicator=N AND Model Year=1986.0 AND Weight_100>=90.0'",
    "avg_est": 9.522684097290039,
    "avg_real": NaN,
    "avg_err": NaN,
    "count_est": 3.876629733760455e-11,
    "count_real": 0,
    "count_err": 0,
    "sum_est": 3.6915920316762405e-10,
    "sum_real": NaN,
    "sum_err": NaN,
    "query_dur_ms_est": 20.786046981811523,
    "query_dur_ms_real": 20195.28865814209,
    "query_dur_ms_err": 0.9989707477157831,
    "order": [
        0,
        1,
        2,
        3,
        4,
        5,
        6,
        8,
        9,
        7
    ],
    "groupby": false
}