{
    "timestamp": "2022-08-01 13:33:05.953747",
    "dataset": "dmv.csv",
    "model": "dmv.csv-2.6MB-model16.669-data16.507-made-resmade-hidden256_256_256_256_256-emb32-directIo-binaryInone_hotOut-inputNoEmbIfLeq-5epochs-seed0.pt",
    "query": "'SELECT Weight_100 FROM dmv.csv WHERE Scofflaw Indicator=Y AND Revocation Indicator=Y'",
    "avg_est": 90.47794342041016,
    "avg_real": 1.0,
    "avg_err": 89.47794342041016,
    "count_est": 9.352037247212593,
    "count_real": 10,
    "count_err": 0.06479627527874073,
    "sum_est": 846.1530969188693,
    "sum_real": 10.0,
    "sum_err": 83.61530969188694,
    "query_dur_ms_est": 20.084381103515625,
    "query_dur_ms_real": 20195.28865814209,
    "query_dur_ms_err": 0.9990054917538691,
    "order": [
        0,
        1,
        2,
        3,
        4,
        5,
        6,
        7,
        8,
        9
    ],
    "groupby": false
}