{
    "timestamp": "2022-08-01 13:26:44.765625",
    "dataset": "dmv.csv",
    "model": "dmv.csv-2.6MB-model16.669-data16.507-made-resmade-hidden256_256_256_256_256-emb32-directIo-binaryInone_hotOut-inputNoEmbIfLeq-5epochs-seed0.pt",
    "query": "'SELECT Weight_100 FROM dmv.csv WHERE Record Type=SNOW AND State=NU AND County<=SUFFOLK AND Fuel Type=DIESEL AND Scofflaw Indicator=Y AND Suspension Indicator=Y AND Revocation Indicator=N'",
    "avg_est": 100.99998474121094,
    "avg_real": NaN,
    "avg_err": NaN,
    "count_est": 3.745047111286241e-19,
    "count_real": 0,
    "count_err": 0,
    "sum_est": 3.782497010950264e-17,
    "sum_real": NaN,
    "sum_err": NaN,
    "query_dur_ms_est": 20.57623863220215,
    "query_dur_ms_real": 20195.28865814209,
    "query_dur_ms_err": 0.9989811366908139,
    "order": [
        0,
        1,
        2,
        3,
        4,
        5,
        6,
        7,
        8,
        9
    ],
    "groupby": false
}