{
    "timestamp": "2022-08-01 13:03:29.371375",
    "dataset": "dmv.csv",
    "model": "dmv.csv-2.6MB-model16.669-data16.507-made-resmade-hidden256_256_256_256_256-emb32-directIo-binaryInone_hotOut-inputNoEmbIfLeq-5epochs-seed0.pt",
    "query": "'SELECT Revocation Indicator FROM dmv.csv WHERE State>=LA<=NT AND County>=SCHENECTADY<=WESTCHESTER'",
    "avg_est": 1.0008845329284668,
    "avg_real": 1.0,
    "avg_err": 0.0008845329284667969,
    "count_est": 2974.618175661133,
    "count_real": 3033,
    "count_err": 0.01924887053704809,
    "sum_est": 2977.2493233871214,
    "sum_real": 3033.0,
    "sum_err": 0.01838136386840705,
    "query_dur_ms_est": 20.53046226501465,
    "query_dur_ms_real": 20195.28865814209,
    "query_dur_ms_err": 0.9989834033762752,
    "order": [
        0,
        1,
        2,
        3,
        4,
        5,
        7,
        8,
        9,
        6
    ],
    "groupby": false
}