{
    "timestamp": "2022-08-01 13:51:15.386813",
    "dataset": "dmv.csv",
    "model": "dmv.csv-2.6MB-model16.669-data16.507-made-resmade-hidden256_256_256_256_256-emb32-directIo-binaryInone_hotOut-inputNoEmbIfLeq-5epochs-seed0.pt",
    "query": "'SELECT Suspension Indicator FROM dmv.csv WHERE Revocation Indicator=Y AND Registration Class>=IRP<=SPC'",
    "avg_est": 1.0107765197753906,
    "avg_real": 1.013211203100229,
    "avg_err": 0.0024029376278002644,
    "count_est": 4910.395414712024,
    "count_real": 5677,
    "count_err": 0.13503691831741696,
    "sum_est": 4963.3123880036555,
    "sum_real": 5752.0,
    "sum_err": 0.13711537065305016,
    "query_dur_ms_est": 20.27106285095215,
    "query_dur_ms_real": 20195.28865814209,
    "query_dur_ms_err": 0.9989962479272224,
    "order": [
        0,
        1,
        2,
        3,
        4,
        6,
        7,
        8,
        9,
        5
    ],
    "groupby": false
}