{
    "timestamp": "2022-08-01 13:00:21.617420",
    "dataset": "dmv.csv",
    "model": "dmv.csv-2.6MB-model16.669-data16.507-made-resmade-hidden256_256_256_256_256-emb32-directIo-binaryInone_hotOut-inputNoEmbIfLeq-5epochs-seed0.pt",
    "query": "'SELECT Revocation Indicator FROM dmv.csv WHERE Model Year<=1936.0 AND Weight_100<=42.0'",
    "avg_est": 1.0003798007965088,
    "avg_real": 1.0,
    "avg_err": 0.00037980079650878906,
    "count_est": 8549.256642692955,
    "count_real": 7759,
    "count_err": 0.10185032126471906,
    "sum_est": 8552.503657175408,
    "sum_real": 7759.0,
    "sum_err": 0.10226880489436888,
    "query_dur_ms_est": 20.080089569091797,
    "query_dur_ms_real": 20195.28865814209,
    "query_dur_ms_err": 0.9990057042556311,
    "order": [
        0,
        1,
        2,
        3,
        4,
        5,
        7,
        8,
        9,
        6
    ],
    "groupby": false
}