{
    "timestamp": "2022-08-01 13:22:40.363959",
    "dataset": "dmv.csv",
    "model": "dmv.csv-2.6MB-model16.669-data16.507-made-resmade-hidden256_256_256_256_256-emb32-directIo-binaryInone_hotOut-inputNoEmbIfLeq-5epochs-seed0.pt",
    "query": "'SELECT Suspension Indicator FROM dmv.csv WHERE Weight_100<=54.0'",
    "avg_est": 1.0106117725372314,
    "avg_real": 1.0131563343242176,
    "avg_err": 0.002511519398122684,
    "count_est": 5440291.505516887,
    "count_real": 5337657,
    "count_err": 0.019228381575827503,
    "sum_est": 5498022.641509664,
    "sum_real": 5407881.0,
    "sum_err": 0.016668569724382663,
    "query_dur_ms_est": 20.043611526489258,
    "query_dur_ms_real": 20195.28865814209,
    "query_dur_ms_err": 0.9990075105206081,
    "order": [
        0,
        1,
        2,
        3,
        4,
        6,
        7,
        8,
        9,
        5
    ],
    "groupby": false
}