{
    "timestamp": "2022-08-01 12:55:03.009087",
    "dataset": "dmv.csv",
    "model": "dmv.csv-2.6MB-model16.669-data16.507-made-resmade-hidden256_256_256_256_256-emb32-directIo-binaryInone_hotOut-inputNoEmbIfLeq-5epochs-seed0.pt",
    "query": "'SELECT State FROM dmv.csv WHERE Registration Class>=ORM AND Weight_100<=76.0'",
    "avg_est": 51.857383728027344,
    "avg_real": 48.9060989161131,
    "avg_err": 0.06034594615645947,
    "count_est": 6893817.829529524,
    "count_real": 6931166,
    "count_err": 0.005388439761863466,
    "sum_est": 357495356.5370291,
    "sum_real": 338976290.0,
    "sum_err": 0.054632335898859144,
    "query_dur_ms_est": 20.14327049255371,
    "query_dur_ms_real": 20195.28865814209,
    "query_dur_ms_err": 0.9990025757574684,
    "order": [
        0,
        2,
        3,
        4,
        5,
        6,
        7,
        8,
        9,
        1
    ],
    "groupby": false
}