{
    "timestamp": "2022-08-01 13:05:03.591795",
    "dataset": "dmv.csv",
    "model": "dmv.csv-2.6MB-model16.669-data16.507-made-resmade-hidden256_256_256_256_256-emb32-directIo-binaryInone_hotOut-inputNoEmbIfLeq-5epochs-seed0.pt",
    "query": "'SELECT State FROM dmv.csv WHERE Fuel Type=NONE'",
    "avg_est": 51.855709075927734,
    "avg_real": 37.82998757455268,
    "avg_err": 0.3707567038909052,
    "count_est": 884087.1456312239,
    "count_real": 804800,
    "count_err": 0.0985178250884989,
    "sum_est": 45844965.8216201,
    "sum_real": 30445574.0,
    "sum_err": 0.5058006730837165,
    "query_dur_ms_est": 20.054340362548828,
    "query_dur_ms_real": 20195.28865814209,
    "query_dur_ms_err": 0.9990069792662031,
    "order": [
        0,
        2,
        3,
        4,
        5,
        6,
        7,
        8,
        9,
        1
    ],
    "groupby": false
}