{
    "timestamp": "2022-08-01 12:41:56.531280",
    "dataset": "dmv.csv",
    "model": "dmv.csv-2.6MB-model16.669-data16.507-made-resmade-hidden256_256_256_256_256-emb32-directIo-binaryInone_hotOut-inputNoEmbIfLeq-5epochs-seed0.pt",
    "query": "'SELECT State FROM dmv.csv WHERE Record Type=TRL AND Fuel Type=GAS AND Scofflaw Indicator=Y AND Suspension Indicator=Y AND Revocation Indicator=N AND Registration Class=OMF AND Weight_100<=3.0'",
    "avg_est": 51.76096725463867,
    "avg_real": NaN,
    "avg_err": NaN,
    "count_est": 5.353591185739086e-20,
    "count_real": 0,
    "count_err": 0,
    "sum_est": 2.7710705805976306e-18,
    "sum_real": NaN,
    "sum_err": NaN,
    "query_dur_ms_est": 20.59006690979004,
    "query_dur_ms_real": 20195.28865814209,
    "query_dur_ms_err": 0.9989804519629142,
    "order": [
        0,
        2,
        3,
        4,
        5,
        6,
        7,
        8,
        9,
        1
    ],
    "groupby": false
}