{
    "timestamp": "2022-08-01 14:02:10.550264",
    "dataset": "dmv.csv",
    "model": "dmv.csv-2.6MB-model16.669-data16.507-made-resmade-hidden256_256_256_256_256-emb32-directIo-binaryInone_hotOut-inputNoEmbIfLeq-5epochs-seed0.pt",
    "query": "'SELECT Model Year FROM dmv.csv WHERE Fuel Type=DIESEL AND Revocation Indicator=N'",
    "avg_est": 111.2226333618164,
    "avg_real": 89.79312079037551,
    "avg_err": 0.2386542797801702,
    "count_est": 465506.8340199739,
    "count_real": 481189,
    "count_err": 0.03259044986486833,
    "sum_est": 51774895.92762348,
    "sum_real": 43207462.0,
    "sum_err": 0.1982859795750901,
    "query_dur_ms_est": 20.147323608398438,
    "query_dur_ms_real": 20195.28865814209,
    "query_dur_ms_err": 0.9990023750613599,
    "order": [
        0,
        1,
        2,
        3,
        4,
        5,
        6,
        7,
        9,
        8
    ],
    "groupby": false
}