{
    "timestamp": "2022-08-01 13:13:50.783727",
    "dataset": "dmv.csv",
    "model": "dmv.csv-2.6MB-model16.669-data16.507-made-resmade-hidden256_256_256_256_256-emb32-directIo-binaryInone_hotOut-inputNoEmbIfLeq-5epochs-seed0.pt",
    "query": "'SELECT Fuel Type FROM dmv.csv WHERE Record Type=VEH AND State<=SD AND Scofflaw Indicator=Y AND Suspension Indicator=Y AND Registration Class>=THC<=USC AND Model Year>=2003.0 AND Weight_100<=76.0'",
    "avg_est": 5.8671088218688965,
    "avg_real": NaN,
    "avg_err": NaN,
    "count_est": 0.0055659327009752735,
    "count_real": 0,
    "count_err": 0,
    "sum_est": 0.0326559328518206,
    "sum_real": NaN,
    "sum_err": NaN,
    "query_dur_ms_est": 20.734548568725586,
    "query_dur_ms_real": 20195.28865814209,
    "query_dur_ms_err": 0.9989732977369271,
    "order": [
        0,
        1,
        2,
        4,
        5,
        6,
        7,
        8,
        9,
        3
    ],
    "groupby": false
}