{
    "timestamp": "2022-08-01 13:58:29.651322",
    "dataset": "dmv.csv",
    "model": "dmv.csv-2.6MB-model16.669-data16.507-made-resmade-hidden256_256_256_256_256-emb32-directIo-binaryInone_hotOut-inputNoEmbIfLeq-5epochs-seed0.pt",
    "query": "'SELECT Fuel Type FROM dmv.csv WHERE Scofflaw Indicator=Y AND Model Year>=1933.0'",
    "avg_est": 5.907422065734863,
    "avg_real": 4.899049299225718,
    "avg_err": 0.20583029582260304,
    "count_est": 19047.87161554536,
    "count_real": 20406,
    "count_err": 0.06655534570492215,
    "sum_est": 112523.81708695742,
    "sum_real": 99970.0,
    "sum_err": 0.12557584362266103,
    "query_dur_ms_est": 20.12467384338379,
    "query_dur_ms_real": 20195.28865814209,
    "query_dur_ms_err": 0.9990034965984371,
    "order": [
        0,
        1,
        2,
        4,
        5,
        6,
        7,
        8,
        9,
        3
    ],
    "groupby": false
}