{
    "timestamp": "2022-08-01 13:36:29.106155",
    "dataset": "dmv.csv",
    "model": "dmv.csv-2.6MB-model16.669-data16.507-made-resmade-hidden256_256_256_256_256-emb32-directIo-binaryInone_hotOut-inputNoEmbIfLeq-5epochs-seed0.pt",
    "query": "'SELECT County FROM dmv.csv WHERE Record Type=BOAT AND State>=OR AND Fuel Type=GAS AND Suspension Indicator=N AND Revocation Indicator=N AND Model Year<=1952.0'",
    "avg_est": 39.2103157043457,
    "avg_real": 3.793103448275862,
    "avg_err": 9.337265049327502,
    "count_est": 20.23983802480143,
    "count_real": 29,
    "count_err": 0.3020745508689162,
    "sum_est": 793.6104387572848,
    "sum_real": 110.0,
    "sum_err": 6.214640352338953,
    "query_dur_ms_est": 20.567893981933594,
    "query_dur_ms_real": 20195.28865814209,
    "query_dur_ms_err": 0.9989815498886845,
    "order": [
        0,
        1,
        3,
        4,
        5,
        6,
        7,
        8,
        9,
        2
    ],
    "groupby": false
}