{
    "timestamp": "2022-08-01 14:04:36.778092",
    "dataset": "dmv.csv",
    "model": "dmv.csv-2.6MB-model16.669-data16.507-made-resmade-hidden256_256_256_256_256-emb32-directIo-binaryInone_hotOut-inputNoEmbIfLeq-5epochs-seed0.pt",
    "query": "'SELECT Model Year FROM dmv.csv WHERE County>=MADISON AND Scofflaw Indicator=N AND Revocation Indicator=Y AND Registration Class>=TRC<=USC'",
    "avg_est": 116.10232543945312,
    "avg_real": NaN,
    "avg_err": NaN,
    "count_est": 0.31140574595307413,
    "count_real": 0,
    "count_err": 0,
    "sum_est": 36.154931260359476,
    "sum_real": NaN,
    "sum_err": NaN,
    "query_dur_ms_est": 20.28632164001465,
    "query_dur_ms_real": 20195.28865814209,
    "query_dur_ms_err": 0.998995492365402,
    "order": [
        0,
        1,
        2,
        3,
        4,
        5,
        6,
        7,
        9,
        8
    ],
    "groupby": false
}