{
    "timestamp": "2022-08-01 13:27:45.229035",
    "dataset": "dmv.csv",
    "model": "dmv.csv-2.6MB-model16.669-data16.507-made-resmade-hidden256_256_256_256_256-emb32-directIo-binaryInone_hotOut-inputNoEmbIfLeq-5epochs-seed0.pt",
    "query": "'SELECT Weight_100 FROM dmv.csv WHERE Record Type=BOAT AND County>=NEW YORK<=OUT-OF-STATE AND Fuel Type=DIESEL AND Scofflaw Indicator=Y AND Suspension Indicator=N AND Revocation Indicator=N AND Registration Class>=LMA AND Model Year>=1928.0'",
    "avg_est": 100.41036224365234,
    "avg_real": NaN,
    "avg_err": NaN,
    "count_est": 0.00014352331279849154,
    "count_real": 0,
    "count_err": 0,
    "sum_est": 0.01441122782850556,
    "sum_real": NaN,
    "sum_err": NaN,
    "query_dur_ms_est": 20.763158798217773,
    "query_dur_ms_real": 20195.28865814209,
    "query_dur_ms_err": 0.9989718810585138,
    "order": [
        0,
        1,
        2,
        3,
        4,
        5,
        6,
        7,
        8,
        9
    ],
    "groupby": false
}