{
    "timestamp": "2022-08-01 13:55:29.781772",
    "dataset": "dmv.csv",
    "model": "dmv.csv-2.6MB-model16.669-data16.507-made-resmade-hidden256_256_256_256_256-emb32-directIo-binaryInone_hotOut-inputNoEmbIfLeq-5epochs-seed0.pt",
    "query": "'SELECT County FROM dmv.csv WHERE State>=S AND Fuel Type=COMP N/G AND Scofflaw Indicator=N AND Registration Class>=AMB AND Model Year=2007.0 AND Weight_100<=63.0'",
    "avg_est": 37.785118103027344,
    "avg_real": NaN,
    "avg_err": NaN,
    "count_est": 0.0016002192047410713,
    "count_real": 0,
    "count_err": 0,
    "sum_est": 0.06046447164187387,
    "sum_real": NaN,
    "sum_err": NaN,
    "query_dur_ms_est": 20.654678344726562,
    "query_dur_ms_real": 20195.28865814209,
    "query_dur_ms_err": 0.9989772526308308,
    "order": [
        0,
        1,
        3,
        4,
        5,
        6,
        7,
        8,
        9,
        2
    ],
    "groupby": false
}