{
    "timestamp": "2022-08-01 14:14:47.841615",
    "dataset": "dmv.csv",
    "model": "dmv.csv-2.6MB-model16.669-data16.507-made-resmade-hidden256_256_256_256_256-emb32-directIo-binaryInone_hotOut-inputNoEmbIfLeq-5epochs-seed0.pt",
    "query": "'SELECT Suspension Indicator FROM dmv.csv WHERE Fuel Type=GAS AND Registration Class<=HIS AND Model Year>=1902.0 AND Weight_100=20.0'",
    "avg_est": 1.0107507705688477,
    "avg_real": 1.0057971014492753,
    "avg_err": 0.0049251177125431665,
    "count_est": 761.5240882735525,
    "count_real": 345,
    "count_err": 1.207316197894355,
    "sum_est": 769.7110590292324,
    "sum_real": 346.99999999999994,
    "sum_err": 1.2181874899977883,
    "query_dur_ms_est": 20.369529724121094,
    "query_dur_ms_real": 20195.28865814209,
    "query_dur_ms_err": 0.99899137219235,
    "order": [
        0,
        1,
        2,
        3,
        4,
        6,
        7,
        8,
        9,
        5
    ],
    "groupby": false
}