{
    "timestamp": "2022-08-01 12:34:43.506568",
    "dataset": "dmv.csv",
    "model": "dmv.csv-2.6MB-model16.669-data16.507-made-resmade-hidden256_256_256_256_256-emb32-directIo-binaryInone_hotOut-inputNoEmbIfLeq-5epochs-seed0.pt",
    "query": "'SELECT Suspension Indicator FROM dmv.csv WHERE County>=FULTON<=ROCKLAND AND Weight_100>=4.0<=92.0'",
    "avg_est": 1.0120898485183716,
    "avg_real": 1.0150078223641181,
    "avg_err": 0.0028748289239289913,
    "count_est": 4465742.096455097,
    "count_real": 4551693,
    "count_err": 0.01888328223034875,
    "sum_est": 4519732.241923355,
    "sum_real": 4620004.0,
    "sum_err": 0.021703824948343213,
    "query_dur_ms_est": 20.303010940551758,
    "query_dur_ms_real": 20195.28865814209,
    "query_dur_ms_err": 0.9989946659696609,
    "order": [
        0,
        1,
        2,
        3,
        4,
        6,
        7,
        8,
        9,
        5
    ],
    "groupby": false
}