{
    "timestamp": "2022-08-01 13:29:45.217776",
    "dataset": "dmv.csv",
    "model": "dmv.csv-2.6MB-model16.669-data16.507-made-resmade-hidden256_256_256_256_256-emb32-directIo-binaryInone_hotOut-inputNoEmbIfLeq-5epochs-seed0.pt",
    "query": "'SELECT Registration Class FROM dmv.csv WHERE Record Type=SNOW AND County>=ERIE AND Fuel Type=PROPANE AND Suspension Indicator=Y AND Revocation Indicator=N AND Model Year>=1968.0'",
    "avg_est": 57.99910354614258,
    "avg_real": NaN,
    "avg_err": NaN,
    "count_est": 3.272917272559581e-09,
    "count_real": 0,
    "count_err": 0,
    "sum_est": 1.8982626778914167e-07,
    "sum_real": NaN,
    "sum_err": NaN,
    "query_dur_ms_est": 20.67399024963379,
    "query_dur_ms_real": 20195.28865814209,
    "query_dur_ms_err": 0.9989762963729019,
    "order": [
        0,
        1,
        2,
        3,
        4,
        5,
        6,
        8,
        9,
        7
    ],
    "groupby": false
}