{
    "timestamp": "2022-08-01 13:54:26.572719",
    "dataset": "dmv.csv",
    "model": "dmv.csv-2.6MB-model16.669-data16.507-made-resmade-hidden256_256_256_256_256-emb32-directIo-binaryInone_hotOut-inputNoEmbIfLeq-5epochs-seed0.pt",
    "query": "'SELECT Model Year FROM dmv.csv WHERE Record Type=BOAT AND State<=NU AND County>=ONTARIO AND Scofflaw Indicator=Y AND Revocation Indicator=Y AND Registration Class<=TRL'",
    "avg_est": 112.441650390625,
    "avg_real": NaN,
    "avg_err": NaN,
    "count_est": 5.287674813125496e-06,
    "count_real": 0,
    "count_err": 0,
    "sum_est": 0.0005945548827167704,
    "sum_real": NaN,
    "sum_err": NaN,
    "query_dur_ms_est": 20.477771759033203,
    "query_dur_ms_real": 20195.28865814209,
    "query_dur_ms_err": 0.9989860124256864,
    "order": [
        0,
        1,
        2,
        3,
        4,
        5,
        6,
        7,
        9,
        8
    ],
    "groupby": false
}