{
    "timestamp": "2022-08-01 12:53:58.988504",
    "dataset": "dmv.csv",
    "model": "dmv.csv-2.6MB-model16.669-data16.507-made-resmade-hidden256_256_256_256_256-emb32-directIo-binaryInone_hotOut-inputNoEmbIfLeq-5epochs-seed0.pt",
    "query": "'SELECT County FROM dmv.csv WHERE Fuel Type=ELECTRIC'",
    "avg_est": 34.433135986328125,
    "avg_real": 36.181681428552906,
    "avg_err": 0.04832681548196127,
    "count_est": 75153.19687381387,
    "count_real": 77113,
    "count_err": 0.02541469176644836,
    "sum_est": 2587760.2477633227,
    "sum_real": 2790078.0000000005,
    "sum_err": 0.07251329612888162,
    "query_dur_ms_est": 20.220041275024414,
    "query_dur_ms_real": 20195.28865814209,
    "query_dur_ms_err": 0.9989987743370594,
    "order": [
        0,
        1,
        3,
        4,
        5,
        6,
        7,
        8,
        9,
        2
    ],
    "groupby": false
}