{
    "timestamp": "2022-08-01 14:11:43.436815",
    "dataset": "dmv.csv",
    "model": "dmv.csv-2.6MB-model16.669-data16.507-made-resmade-hidden256_256_256_256_256-emb32-directIo-binaryInone_hotOut-inputNoEmbIfLeq-5epochs-seed0.pt",
    "query": "'SELECT State FROM dmv.csv WHERE County>=PUTNAM<=WASHINGTON AND Revocation Indicator=N'",
    "avg_est": 51.85783004760742,
    "avg_real": 40.96835845434182,
    "avg_err": 0.265801999496798,
    "count_est": 4314213.261333823,
    "count_real": 4311199,
    "count_err": 0.0006991700763113009,
    "sum_est": 223725738.09538355,
    "sum_real": 176622746.0,
    "sum_err": 0.26668701037738113,
    "query_dur_ms_est": 20.661592483520508,
    "query_dur_ms_real": 20195.28865814209,
    "query_dur_ms_err": 0.998976910266881,
    "order": [
        0,
        2,
        3,
        4,
        5,
        6,
        7,
        8,
        9,
        1
    ],
    "groupby": false
}