{
    "timestamp": "2022-08-01 13:12:44.366846",
    "dataset": "dmv.csv",
    "model": "dmv.csv-2.6MB-model16.669-data16.507-made-resmade-hidden256_256_256_256_256-emb32-directIo-binaryInone_hotOut-inputNoEmbIfLeq-5epochs-seed0.pt",
    "query": "'SELECT Record Type FROM dmv.csv WHERE State>=OR AND County<=ONEIDA AND Fuel Type=OTHER AND Scofflaw Indicator=Y AND Suspension Indicator=Y AND Revocation Indicator=Y AND Registration Class>=ATV<=FPW AND Model Year>=1941.0 AND Weight_100>=18.0<=34.0'",
    "avg_est": 3.834136962890625,
    "avg_real": NaN,
    "avg_err": NaN,
    "count_est": 2.993614473865566e-17,
    "count_real": 0,
    "count_err": 0,
    "sum_est": 1.1477927906892337e-16,
    "sum_real": NaN,
    "sum_err": NaN,
    "query_dur_ms_est": 20.792484283447266,
    "query_dur_ms_real": 20195.28865814209,
    "query_dur_ms_err": 0.9989704289631401,
    "order": [
        1,
        2,
        3,
        4,
        5,
        6,
        7,
        8,
        9,
        0
    ],
    "groupby": false
}