{
    "timestamp": "2022-08-01 13:50:55.751365",
    "dataset": "dmv.csv",
    "model": "dmv.csv-2.6MB-model16.669-data16.507-made-resmade-hidden256_256_256_256_256-emb32-directIo-binaryInone_hotOut-inputNoEmbIfLeq-5epochs-seed0.pt",
    "query": "'SELECT Weight_100 FROM dmv.csv WHERE Record Type=VEH AND State>=AE AND Fuel Type=NONE AND Suspension Indicator=Y'",
    "avg_est": 72.90247344970703,
    "avg_real": 22.213483146067414,
    "avg_err": 2.2819019408315255,
    "count_est": 184.1642531837133,
    "count_real": 89,
    "count_err": 1.0692612717271157,
    "sum_est": 13426.029578110782,
    "sum_real": 1976.9999999999998,
    "sum_err": 5.791112583768732,
    "query_dur_ms_est": 20.285367965698242,
    "query_dur_ms_real": 20195.28865814209,
    "query_dur_ms_err": 0.9989955395880158,
    "order": [
        0,
        1,
        2,
        3,
        4,
        5,
        6,
        7,
        8,
        9
    ],
    "groupby": false
}