{
    "timestamp": "2022-08-01 13:46:43.992058",
    "dataset": "dmv.csv",
    "model": "dmv.csv-2.6MB-model16.669-data16.507-made-resmade-hidden256_256_256_256_256-emb32-directIo-binaryInone_hotOut-inputNoEmbIfLeq-5epochs-seed0.pt",
    "query": "'SELECT Model Year FROM dmv.csv WHERE Suspension Indicator=Y AND Weight_100>=48.0<=89.0'",
    "avg_est": 113.11418914794922,
    "avg_real": 65.73943127962086,
    "avg_err": 0.7206444738899722,
    "count_est": 50566.639812640846,
    "count_real": 52750,
    "count_err": 0.04139071445230624,
    "sum_est": 5719804.460343276,
    "sum_real": 3467755.0000000005,
    "sum_err": 0.6494257697972536,
    "query_dur_ms_est": 20.123720169067383,
    "query_dur_ms_real": 20195.28865814209,
    "query_dur_ms_err": 0.9990035438210508,
    "order": [
        0,
        1,
        2,
        3,
        4,
        5,
        6,
        7,
        9,
        8
    ],
    "groupby": false
}