{
    "timestamp": "2022-08-01 14:01:30.309327",
    "dataset": "dmv.csv",
    "model": "dmv.csv-2.6MB-model16.669-data16.507-made-resmade-hidden256_256_256_256_256-emb32-directIo-binaryInone_hotOut-inputNoEmbIfLeq-5epochs-seed0.pt",
    "query": "'SELECT Revocation Indicator FROM dmv.csv WHERE County>=OUT-OF-STATE<=SENECA AND Scofflaw Indicator=N AND Suspension Indicator=Y AND Registration Class<=SRN'",
    "avg_est": 1.0004074573516846,
    "avg_real": 1.0007425408397461,
    "avg_err": 0.0003348348595037972,
    "count_est": 29976.03103619069,
    "count_real": 29628,
    "count_err": 0.011746693539580418,
    "sum_est": 29988.24499041071,
    "sum_real": 29649.999999999996,
    "sum_err": 0.0114079254775957,
    "query_dur_ms_est": 20.28679847717285,
    "query_dur_ms_real": 20195.28865814209,
    "query_dur_ms_err": 0.9989954687540951,
    "order": [
        0,
        1,
        2,
        3,
        4,
        5,
        7,
        8,
        9,
        6
    ],
    "groupby": false
}