{
    "timestamp": "2022-08-01 13:26:14.386987",
    "dataset": "dmv.csv",
    "model": "dmv.csv-2.6MB-model16.669-data16.507-made-resmade-hidden256_256_256_256_256-emb32-directIo-binaryInone_hotOut-inputNoEmbIfLeq-5epochs-seed0.pt",
    "query": "'SELECT Model Year FROM dmv.csv WHERE Record Type=SNOW AND State=TA AND County>=OUT-OF-STATE<=SUFFOLK AND Scofflaw Indicator=Y AND Suspension Indicator=Y AND Revocation Indicator=Y AND Registration Class>=NLM AND Weight_100<=26.0'",
    "avg_est": 114.66947937011719,
    "avg_real": NaN,
    "avg_err": NaN,
    "count_est": 5.22771775443571e-23,
    "count_real": 0,
    "count_err": 0,
    "sum_est": 5.99459673195061e-21,
    "sum_real": NaN,
    "sum_err": NaN,
    "query_dur_ms_est": 20.873069763183594,
    "query_dur_ms_real": 20195.28865814209,
    "query_dur_ms_err": 0.9989664386522761,
    "order": [
        0,
        1,
        2,
        3,
        4,
        5,
        6,
        7,
        9,
        8
    ],
    "groupby": false
}