{
    "timestamp": "2022-08-01 13:57:26.211903",
    "dataset": "dmv.csv",
    "model": "dmv.csv-2.6MB-model16.669-data16.507-made-resmade-hidden256_256_256_256_256-emb32-directIo-binaryInone_hotOut-inputNoEmbIfLeq-5epochs-seed0.pt",
    "query": "'SELECT Registration Class FROM dmv.csv WHERE Scofflaw Indicator=Y'",
    "avg_est": 47.95844650268555,
    "avg_real": 15.537390963442125,
    "avg_err": 2.0866473409549147,
    "count_est": 19916.39305636706,
    "count_real": 20406,
    "count_err": 0.023993283526067905,
    "sum_est": 955159.2709202374,
    "sum_real": 317056.0,
    "sum_err": 2.012588536158399,
    "query_dur_ms_est": 20.027875900268555,
    "query_dur_ms_real": 20195.28865814209,
    "query_dur_ms_err": 0.9990082896937353,
    "order": [
        0,
        1,
        2,
        3,
        4,
        5,
        6,
        8,
        9,
        7
    ],
    "groupby": false
}