{
    "timestamp": "2022-08-01 13:43:02.109451",
    "dataset": "dmv.csv",
    "model": "dmv.csv-2.6MB-model16.669-data16.507-made-resmade-hidden256_256_256_256_256-emb32-directIo-binaryInone_hotOut-inputNoEmbIfLeq-5epochs-seed0.pt",
    "query": "'SELECT Scofflaw Indicator FROM dmv.csv WHERE Record Type=TRL AND State>=FL AND County<=JEFFERSON AND Fuel Type=COMP N/G AND Suspension Indicator=N AND Revocation Indicator=Y AND Registration Class>=LMC<=TOW AND Model Year>=2016.0<=2020.0 AND Weight_100<=79.0'",
    "avg_est": 1.0000972747802734,
    "avg_real": NaN,
    "avg_err": NaN,
    "count_est": 3.022806038243059e-10,
    "count_real": 0,
    "count_err": 0,
    "sum_est": 3.0231000810362383e-10,
    "sum_real": NaN,
    "sum_err": NaN,
    "query_dur_ms_est": 20.711421966552734,
    "query_dur_ms_real": 20195.28865814209,
    "query_dur_ms_err": 0.9989744428853111,
    "order": [
        0,
        1,
        2,
        3,
        5,
        6,
        7,
        8,
        9,
        4
    ],
    "groupby": false
}