{
    "timestamp": "2022-08-01 12:51:22.642097",
    "dataset": "dmv.csv",
    "model": "dmv.csv-2.6MB-model16.669-data16.507-made-resmade-hidden256_256_256_256_256-emb32-directIo-binaryInone_hotOut-inputNoEmbIfLeq-5epochs-seed0.pt",
    "query": "'SELECT Fuel Type FROM dmv.csv WHERE County<=ROCKLAND AND Scofflaw Indicator=Y'",
    "avg_est": 5.890284538269043,
    "avg_real": 4.899725757682301,
    "avg_err": 0.20216616798065495,
    "count_est": 13440.942654721439,
    "count_real": 14221,
    "count_err": 0.05485249597627179,
    "sum_est": 79170.97669886655,
    "sum_real": 69679.0,
    "sum_err": 0.136224353088686,
    "query_dur_ms_est": 20.151853561401367,
    "query_dur_ms_real": 20195.28865814209,
    "query_dur_ms_err": 0.9990021507539445,
    "order": [
        0,
        1,
        2,
        4,
        5,
        6,
        7,
        8,
        9,
        3
    ],
    "groupby": false
}