{
    "timestamp": "2022-08-01 14:07:10.013921",
    "dataset": "dmv.csv",
    "model": "dmv.csv-2.6MB-model16.669-data16.507-made-resmade-hidden256_256_256_256_256-emb32-directIo-binaryInone_hotOut-inputNoEmbIfLeq-5epochs-seed0.pt",
    "query": "'SELECT Record Type FROM dmv.csv WHERE Registration Class>=AGR AND Weight_100<=30.0'",
    "avg_est": 3.834136962890625,
    "avg_real": 1.9964988842579943,
    "avg_err": 0.9204303058329008,
    "count_est": 3011842.651751876,
    "count_real": 3011897,
    "count_err": 1.8044524140142447e-05,
    "sum_est": 11547817.237492384,
    "sum_real": 6013249.0,
    "sum_err": 0.9203956525818878,
    "query_dur_ms_est": 20.21312713623047,
    "query_dur_ms_real": 20195.28865814209,
    "query_dur_ms_err": 0.9989991167010093,
    "order": [
        1,
        2,
        3,
        4,
        5,
        6,
        7,
        8,
        9,
        0
    ],
    "groupby": false
}