{
    "timestamp": "2022-08-01 13:23:23.033966",
    "dataset": "dmv.csv",
    "model": "dmv.csv-2.6MB-model16.669-data16.507-made-resmade-hidden256_256_256_256_256-emb32-directIo-binaryInone_hotOut-inputNoEmbIfLeq-5epochs-seed0.pt",
    "query": "'SELECT State FROM dmv.csv WHERE County=SARATOGA'",
    "avg_est": 51.85685729980469,
    "avg_real": 25.98056832178062,
    "avg_err": 0.9959862562487084,
    "count_est": 244276.55700406432,
    "count_real": 250879,
    "count_err": 0.026317240565912964,
    "sum_est": 12667414.558247369,
    "sum_real": 6517979.0,
    "sum_err": 0.9434574057767552,
    "query_dur_ms_est": 20.10059356689453,
    "query_dur_ms_real": 20195.28865814209,
    "query_dur_ms_err": 0.999004688969435,
    "order": [
        0,
        2,
        3,
        4,
        5,
        6,
        7,
        8,
        9,
        1
    ],
    "groupby": false
}