{
    "timestamp": "2022-08-01 12:53:28.201017",
    "dataset": "dmv.csv",
    "model": "dmv.csv-2.6MB-model16.669-data16.507-made-resmade-hidden256_256_256_256_256-emb32-directIo-binaryInone_hotOut-inputNoEmbIfLeq-5epochs-seed0.pt",
    "query": "'SELECT Model Year FROM dmv.csv WHERE Record Type=VEH AND State<=FL AND Fuel Type=ELECTRIC AND Scofflaw Indicator=Y AND Suspension Indicator=Y AND Revocation Indicator=Y AND Registration Class>=HSM<=THC AND Weight_100<=22.0'",
    "avg_est": 120.14276123046875,
    "avg_real": NaN,
    "avg_err": NaN,
    "count_est": 1.081798699919162e-06,
    "count_real": 0,
    "count_err": 0,
    "sum_est": 0.0001299702829038194,
    "sum_real": NaN,
    "sum_err": NaN,
    "query_dur_ms_est": 20.849227905273438,
    "query_dur_ms_real": 20195.28865814209,
    "query_dur_ms_err": 0.9989676192176205,
    "order": [
        0,
        1,
        2,
        3,
        4,
        5,
        6,
        7,
        9,
        8
    ],
    "groupby": false
}