{
    "timestamp": "2022-08-01 13:56:18.454653",
    "dataset": "dmv.csv",
    "model": "dmv.csv-2.6MB-model16.669-data16.507-made-resmade-hidden256_256_256_256_256-emb32-directIo-binaryInone_hotOut-inputNoEmbIfLeq-5epochs-seed0.pt",
    "query": "'SELECT Scofflaw Indicator FROM dmv.csv WHERE Fuel Type=FLEX AND Registration Class<=GSM'",
    "avg_est": 1.0013980865478516,
    "avg_real": 1.0,
    "avg_err": 0.0013980865478515625,
    "count_est": 1973.1912596868933,
    "count_real": 1999,
    "count_err": 0.01291082556933801,
    "sum_est": 1975.9499518433997,
    "sum_real": 1999.0,
    "sum_err": 0.011530789473036653,
    "query_dur_ms_est": 20.181655883789062,
    "query_dur_ms_real": 20195.28865814209,
    "query_dur_ms_err": 0.999000675047264,
    "order": [
        0,
        1,
        2,
        3,
        5,
        6,
        7,
        8,
        9,
        4
    ],
    "groupby": false
}