{
    "timestamp": "2022-08-01 13:00:07.573753",
    "dataset": "dmv.csv",
    "model": "dmv.csv-2.6MB-model16.669-data16.507-made-resmade-hidden256_256_256_256_256-emb32-directIo-binaryInone_hotOut-inputNoEmbIfLeq-5epochs-seed0.pt",
    "query": "'SELECT Model Year FROM dmv.csv WHERE Record Type=BOAT AND State>=PK AND County<=QUEENS AND Fuel Type=DIESEL AND Scofflaw Indicator=Y AND Suspension Indicator=N AND Revocation Indicator=Y AND Registration Class=BOT AND Weight_100>=81.0'",
    "avg_est": 100.56411743164062,
    "avg_real": NaN,
    "avg_err": NaN,
    "count_est": 3.117824466730386e-09,
    "count_real": 0,
    "count_err": 0,
    "sum_est": 3.1354126580351686e-07,
    "sum_real": NaN,
    "sum_err": NaN,
    "query_dur_ms_est": 20.859956741333008,
    "query_dur_ms_real": 20195.28865814209,
    "query_dur_ms_err": 0.9989670879632154,
    "order": [
        0,
        1,
        2,
        3,
        4,
        5,
        6,
        7,
        9,
        8
    ],
    "groupby": false
}