{
    "timestamp": "2022-08-01 13:11:32.987208",
    "dataset": "dmv.csv",
    "model": "dmv.csv-2.6MB-model16.669-data16.507-made-resmade-hidden256_256_256_256_256-emb32-directIo-binaryInone_hotOut-inputNoEmbIfLeq-5epochs-seed0.pt",
    "query": "'SELECT Weight_100 FROM dmv.csv WHERE Registration Class=VPL'",
    "avg_est": 76.89042663574219,
    "avg_real": 1.3333333333333333,
    "avg_err": 56.66781997680665,
    "count_est": 6.688877207470341,
    "count_real": 6,
    "count_err": 0.11481286791172352,
    "sum_est": 514.3106221964863,
    "sum_real": 8.0,
    "sum_err": 63.28882777456079,
    "query_dur_ms_est": 20.141124725341797,
    "query_dur_ms_real": 20195.28865814209,
    "query_dur_ms_err": 0.9990026820083494,
    "order": [
        0,
        1,
        2,
        3,
        4,
        5,
        6,
        7,
        8,
        9
    ],
    "groupby": false
}