{
    "timestamp": "2022-08-01 13:25:09.634420",
    "dataset": "dmv.csv",
    "model": "dmv.csv-2.6MB-model16.669-data16.507-made-resmade-hidden256_256_256_256_256-emb32-directIo-binaryInone_hotOut-inputNoEmbIfLeq-5epochs-seed0.pt",
    "query": "'SELECT Registration Class FROM dmv.csv WHERE Fuel Type=COMP N/G AND Model Year<=2015.0'",
    "avg_est": 36.48185729980469,
    "avg_real": 9.549374130737135,
    "avg_err": 2.820340139609608,
    "count_est": 2156.378001512785,
    "count_real": 2157,
    "count_err": 0.0002883627664418282,
    "sum_est": 78668.67453562743,
    "sum_real": 20598.0,
    "sum_err": 2.8192384957582015,
    "query_dur_ms_est": 20.2176570892334,
    "query_dur_ms_real": 20195.28865814209,
    "query_dur_ms_err": 0.9989988923935939,
    "order": [
        0,
        1,
        2,
        3,
        4,
        5,
        6,
        8,
        9,
        7
    ],
    "groupby": false
}