{
    "timestamp": "2022-08-01 13:37:56.048377",
    "dataset": "dmv.csv",
    "model": "dmv.csv-2.6MB-model16.669-data16.507-made-resmade-hidden256_256_256_256_256-emb32-directIo-binaryInone_hotOut-inputNoEmbIfLeq-5epochs-seed0.pt",
    "query": "'SELECT Registration Class FROM dmv.csv WHERE Record Type=BOAT AND Fuel Type=FLEX AND Scofflaw Indicator=Y AND Suspension Indicator=Y AND Revocation Indicator=N AND Model Year<=1950.0 AND Weight_100>=61.0'",
    "avg_est": 32.20856857299805,
    "avg_real": NaN,
    "avg_err": NaN,
    "count_est": 1.417610762291888e-09,
    "count_real": 0,
    "count_err": 0,
    "sum_est": 4.565921344709831e-08,
    "sum_real": NaN,
    "sum_err": NaN,
    "query_dur_ms_est": 20.804882049560547,
    "query_dur_ms_real": 20195.28865814209,
    "query_dur_ms_err": 0.998969815069161,
    "order": [
        0,
        1,
        2,
        3,
        4,
        5,
        6,
        8,
        9,
        7
    ],
    "groupby": false
}