{
    "timestamp": "2022-08-01 13:03:43.829863",
    "dataset": "dmv.csv",
    "model": "dmv.csv-2.6MB-model16.669-data16.507-made-resmade-hidden256_256_256_256_256-emb32-directIo-binaryInone_hotOut-inputNoEmbIfLeq-5epochs-seed0.pt",
    "query": "'SELECT Fuel Type FROM dmv.csv WHERE Suspension Indicator=N'",
    "avg_est": 5.911192893981934,
    "avg_real": NaN,
    "avg_err": NaN,
    "count_est": 12507785.709825754,
    "count_real": 12505841,
    "count_err": 0.00015550412209416108,
    "sum_est": 73935934.00737077,
    "sum_real": NaN,
    "sum_err": NaN,
    "query_dur_ms_est": 20.316362380981445,
    "query_dur_ms_real": 20195.28865814209,
    "query_dur_ms_err": 0.998994004853068,
    "order": [
        0,
        1,
        2,
        4,
        5,
        6,
        7,
        8,
        9,
        3
    ],
    "groupby": false
}