{
    "timestamp": "2022-08-01 14:09:28.476764",
    "dataset": "dmv.csv",
    "model": "dmv.csv-2.6MB-model16.669-data16.507-made-resmade-hidden256_256_256_256_256-emb32-directIo-binaryInone_hotOut-inputNoEmbIfLeq-5epochs-seed0.pt",
    "query": "'SELECT Record Type FROM dmv.csv WHERE State>=AP<=RI AND County=GREENE AND Fuel Type=NONE AND Scofflaw Indicator=N AND Suspension Indicator=N AND Revocation Indicator=N AND Registration Class>=BOB AND Model Year>=1960.0 AND Weight_100>=30.0<=96.0'",
    "avg_est": 3.834136962890625,
    "avg_real": 1.0789473684210527,
    "avg_err": 2.5535903558498476,
    "count_est": 413.04421065651695,
    "count_real": 266,
    "count_err": 0.5527977844229961,
    "sum_est": 1583.6680753861335,
    "sum_real": 287.0,
    "sum_err": 4.51800723131057,
    "query_dur_ms_est": 20.67279815673828,
    "query_dur_ms_real": 20195.28865814209,
    "query_dur_ms_err": 0.9989763554011691,
    "order": [
        1,
        2,
        3,
        4,
        5,
        6,
        7,
        8,
        9,
        0
    ],
    "groupby": false
}