{
    "timestamp": "2022-08-01 13:21:50.699979",
    "dataset": "dmv.csv",
    "model": "dmv.csv-2.6MB-model16.669-data16.507-made-resmade-hidden256_256_256_256_256-emb32-directIo-binaryInone_hotOut-inputNoEmbIfLeq-5epochs-seed0.pt",
    "query": "'SELECT Weight_100 FROM dmv.csv WHERE Revocation Indicator=N AND Registration Class>=LOC'",
    "avg_est": 59.72035217285156,
    "avg_real": 42.574258475679805,
    "avg_err": 0.40273381876906494,
    "count_est": 11245364.642628193,
    "count_real": 11231223,
    "count_err": 0.0012591364830164,
    "sum_est": 671577136.7698888,
    "sum_real": 478160990.99999994,
    "sum_err": 0.4045000520962381,
    "query_dur_ms_est": 20.305395126342773,
    "query_dur_ms_real": 20195.28865814209,
    "query_dur_ms_err": 0.9989945479131265,
    "order": [
        0,
        1,
        2,
        3,
        4,
        5,
        6,
        7,
        8,
        9
    ],
    "groupby": false
}