{
    "timestamp": "2022-08-01 13:33:30.893745",
    "dataset": "dmv.csv",
    "model": "dmv.csv-2.6MB-model16.669-data16.507-made-resmade-hidden256_256_256_256_256-emb32-directIo-binaryInone_hotOut-inputNoEmbIfLeq-5epochs-seed0.pt",
    "query": "'SELECT Record Type FROM dmv.csv WHERE State=LA'",
    "avg_est": 3.834136962890625,
    "avg_real": 3.6687898089171975,
    "avg_err": 0.04506858189900714,
    "count_est": 180.52023189930696,
    "count_real": 157,
    "count_err": 0.1498103942631017,
    "sum_est": 692.1392936747201,
    "sum_real": 576.0,
    "sum_err": 0.20163071818527792,
    "query_dur_ms_est": 20.111083984375,
    "query_dur_ms_real": 20195.28865814209,
    "query_dur_ms_err": 0.9990041695206834,
    "order": [
        1,
        2,
        3,
        4,
        5,
        6,
        7,
        8,
        9,
        0
    ],
    "groupby": false
}