{
    "timestamp": "2022-08-01 12:58:09.104284",
    "dataset": "dmv.csv",
    "model": "dmv.csv-2.6MB-model16.669-data16.507-made-resmade-hidden256_256_256_256_256-emb32-directIo-binaryInone_hotOut-inputNoEmbIfLeq-5epochs-seed0.pt",
    "query": "'SELECT Suspension Indicator FROM dmv.csv WHERE Record Type=BOAT AND State=AB AND County>=ALBANY<=MONROE AND Scofflaw Indicator=Y AND Revocation Indicator=N AND Registration Class>=CME<=NLM AND Model Year<=1987.0 AND Weight_100>=67.0<=94.0'",
    "avg_est": 1.0159449577331543,
    "avg_real": NaN,
    "avg_err": NaN,
    "count_est": 1.9842483315261561e-13,
    "count_real": 0,
    "count_err": 0,
    "sum_est": 2.0158870873044227e-13,
    "sum_real": NaN,
    "sum_err": NaN,
    "query_dur_ms_est": 20.670413970947266,
    "query_dur_ms_real": 20195.28865814209,
    "query_dur_ms_err": 0.9989764734577036,
    "order": [
        0,
        1,
        2,
        3,
        4,
        6,
        7,
        8,
        9,
        5
    ],
    "groupby": false
}