{
    "timestamp": "2022-08-01 13:26:12.516743",
    "dataset": "dmv.csv",
    "model": "dmv.csv-2.6MB-model16.669-data16.507-made-resmade-hidden256_256_256_256_256-emb32-directIo-binaryInone_hotOut-inputNoEmbIfLeq-5epochs-seed0.pt",
    "query": "'SELECT Registration Class FROM dmv.csv WHERE Fuel Type=NONE AND Scofflaw Indicator=Y'",
    "avg_est": 46.30337905883789,
    "avg_real": 5.01123595505618,
    "avg_err": 8.239911964655992,
    "count_est": 109.7196805033891,
    "count_real": 89,
    "count_err": 0.23280539891448426,
    "sum_est": 5080.391956563011,
    "sum_real": 446.0,
    "sum_err": 10.391013355522446,
    "query_dur_ms_est": 20.77198028564453,
    "query_dur_ms_real": 20195.28865814209,
    "query_dur_ms_err": 0.9989714442493364,
    "order": [
        0,
        1,
        2,
        3,
        4,
        5,
        6,
        8,
        9,
        7
    ],
    "groupby": false
}