{
    "timestamp": "2022-08-01 13:12:34.860302",
    "dataset": "dmv.csv",
    "model": "dmv.csv-2.6MB-model16.669-data16.507-made-resmade-hidden256_256_256_256_256-emb32-directIo-binaryInone_hotOut-inputNoEmbIfLeq-5epochs-seed0.pt",
    "query": "'SELECT Fuel Type FROM dmv.csv WHERE State<=QC AND Suspension Indicator=N'",
    "avg_est": 5.884522438049316,
    "avg_real": NaN,
    "avg_err": NaN,
    "count_est": 12482587.625854969,
    "count_real": 12487094,
    "count_err": 0.00036088253560283723,
    "sum_est": 73454066.9692603,
    "sum_real": NaN,
    "sum_err": NaN,
    "query_dur_ms_est": 20.099878311157227,
    "query_dur_ms_real": 20195.28865814209,
    "query_dur_ms_err": 0.9990047243863952,
    "order": [
        0,
        1,
        2,
        4,
        5,
        6,
        7,
        8,
        9,
        3
    ],
    "groupby": false
}