{
    "timestamp": "2022-08-01 13:55:49.622026",
    "dataset": "dmv.csv",
    "model": "dmv.csv-2.6MB-model16.669-data16.507-made-resmade-hidden256_256_256_256_256-emb32-directIo-binaryInone_hotOut-inputNoEmbIfLeq-5epochs-seed0.pt",
    "query": "'SELECT Scofflaw Indicator FROM dmv.csv WHERE Fuel Type=OTHER'",
    "avg_est": 1.000073790550232,
    "avg_real": 1.0,
    "avg_err": 7.37905502319336e-05,
    "count_est": 2174.9261955646216,
    "count_real": 2149,
    "count_err": 0.012064306916994692,
    "sum_est": 2175.0866845653063,
    "sum_real": 2149.0,
    "sum_err": 0.012138987699072273,
    "query_dur_ms_est": 20.22266387939453,
    "query_dur_ms_real": 20195.28865814209,
    "query_dur_ms_err": 0.9989986444748715,
    "order": [
        0,
        1,
        2,
        3,
        5,
        6,
        7,
        8,
        9,
        4
    ],
    "groupby": false
}