{
    "timestamp": "2022-08-01 14:05:00.318558",
    "dataset": "dmv.csv",
    "model": "dmv.csv-2.6MB-model16.669-data16.507-made-resmade-hidden256_256_256_256_256-emb32-directIo-binaryInone_hotOut-inputNoEmbIfLeq-5epochs-seed0.pt",
    "query": "'SELECT Fuel Type FROM dmv.csv WHERE Record Type=SNOW'",
    "avg_est": 1.0000054836273193,
    "avg_real": 1.0,
    "avg_err": 5.4836273193359375e-06,
    "count_est": 111333.6078377217,
    "count_real": 113019,
    "count_err": 0.014912467481381843,
    "sum_est": 111334.21834973521,
    "sum_real": 113019.0,
    "sum_err": 0.01490706562847655,
    "query_dur_ms_est": 20.116567611694336,
    "query_dur_ms_real": 20195.28865814209,
    "query_dur_ms_err": 0.9990038979906541,
    "order": [
        0,
        1,
        2,
        4,
        5,
        6,
        7,
        8,
        9,
        3
    ],
    "groupby": false
}