{
    "timestamp": "2022-08-01 13:29:18.740610",
    "dataset": "dmv.csv",
    "model": "dmv.csv-2.6MB-model16.669-data16.507-made-resmade-hidden256_256_256_256_256-emb32-directIo-binaryInone_hotOut-inputNoEmbIfLeq-5epochs-seed0.pt",
    "query": "'SELECT Record Type FROM dmv.csv WHERE Fuel Type=DIESEL'",
    "avg_est": 3.834136962890625,
    "avg_real": 1.9807891605174672,
    "avg_err": 0.9356613209095832,
    "count_est": 490107.31244024634,
    "count_real": 481499,
    "count_err": 0.017878152270817474,
    "sum_est": 1879138.5624101327,
    "sum_real": 953748.0,
    "sum_err": 0.9702673687495362,
    "query_dur_ms_est": 20.000219345092773,
    "query_dur_ms_real": 20195.28865814209,
    "query_dur_ms_err": 0.9990096591495349,
    "order": [
        1,
        2,
        3,
        4,
        5,
        6,
        7,
        8,
        9,
        0
    ],
    "groupby": false
}