{
    "timestamp": "2022-08-01 13:25:32.114681",
    "dataset": "dmv.csv",
    "model": "dmv.csv-2.6MB-model16.669-data16.507-made-resmade-hidden256_256_256_256_256-emb32-directIo-binaryInone_hotOut-inputNoEmbIfLeq-5epochs-seed0.pt",
    "query": "'SELECT Suspension Indicator FROM dmv.csv WHERE County>=BROOME AND Fuel Type=FLEX'",
    "avg_est": 1.0120257139205933,
    "avg_real": 1.0096916918322916,
    "avg_err": 0.002311618593262,
    "count_est": 15371.547783505172,
    "count_real": 14239,
    "count_err": 0.07953843552954362,
    "sum_est": 15556.401619666334,
    "sum_real": 14377.0,
    "sum_err": 0.08203391664925466,
    "query_dur_ms_est": 20.404577255249023,
    "query_dur_ms_real": 20195.28865814209,
    "query_dur_ms_err": 0.9989896367612937,
    "order": [
        0,
        1,
        2,
        3,
        4,
        6,
        7,
        8,
        9,
        5
    ],
    "groupby": false
}