{
    "timestamp": "2022-08-01 12:37:09.214201",
    "dataset": "dmv.csv",
    "model": "dmv.csv-2.6MB-model16.669-data16.507-made-resmade-hidden256_256_256_256_256-emb32-directIo-binaryInone_hotOut-inputNoEmbIfLeq-5epochs-seed0.pt",
    "query": "'SELECT Registration Class FROM dmv.csv WHERE County>=FRANKLIN<=OUT-OF-STATE'",
    "avg_est": 45.96023178100586,
    "avg_real": 46.17244802995102,
    "avg_err": 0.004596166285302898,
    "count_est": 4859577.015600085,
    "count_real": 4885843,
    "count_err": 0.005375937049126372,
    "sum_est": 223347285.99462864,
    "sum_real": 225591331.99999997,
    "sum_err": 0.009947394633812138,
    "query_dur_ms_est": 20.316600799560547,
    "query_dur_ms_real": 20195.28865814209,
    "query_dur_ms_err": 0.9989939930474145,
    "order": [
        0,
        1,
        2,
        3,
        4,
        5,
        6,
        8,
        9,
        7
    ],
    "groupby": false
}