{
    "timestamp": "2022-08-01 14:03:57.063130",
    "dataset": "dmv.csv",
    "model": "dmv.csv-2.6MB-model16.669-data16.507-made-resmade-hidden256_256_256_256_256-emb32-directIo-binaryInone_hotOut-inputNoEmbIfLeq-5epochs-seed0.pt",
    "query": "'SELECT Suspension Indicator FROM dmv.csv WHERE Record Type=BOAT AND County>=DELAWARE<=OSWEGO AND Fuel Type=FLEX AND Scofflaw Indicator=N AND Revocation Indicator=N AND Weight_100<=27.0'",
    "avg_est": 1.0001873970031738,
    "avg_real": NaN,
    "avg_err": NaN,
    "count_est": 0.0005725601018226611,
    "count_real": 0,
    "count_err": 0,
    "sum_est": 0.0005726673978698796,
    "sum_real": NaN,
    "sum_err": NaN,
    "query_dur_ms_est": 20.674943923950195,
    "query_dur_ms_real": 20195.28865814209,
    "query_dur_ms_err": 0.998976249150288,
    "order": [
        0,
        1,
        2,
        3,
        4,
        6,
        7,
        8,
        9,
        5
    ],
    "groupby": false
}