{
    "timestamp": "2022-08-01 14:06:18.262623",
    "dataset": "dmv.csv",
    "model": "dmv.csv-2.6MB-model16.669-data16.507-made-resmade-hidden256_256_256_256_256-emb32-directIo-binaryInone_hotOut-inputNoEmbIfLeq-5epochs-seed0.pt",
    "query": "'SELECT Scofflaw Indicator FROM dmv.csv WHERE Revocation Indicator=Y AND Model Year>=1916.0<=2013.0'",
    "avg_est": 1.0015696287155151,
    "avg_real": 1.0008190008190008,
    "avg_err": 0.0007500136347332581,
    "count_est": 1115.7128861790698,
    "count_real": 1221,
    "count_err": 0.08623023244957433,
    "sum_est": 1117.4641411634866,
    "sum_real": 1222.0,
    "sum_err": 0.08554489266490459,
    "query_dur_ms_est": 20.223140716552734,
    "query_dur_ms_real": 20195.28865814209,
    "query_dur_ms_err": 0.9989986208635646,
    "order": [
        0,
        1,
        2,
        3,
        5,
        6,
        7,
        8,
        9,
        4
    ],
    "groupby": false
}