{
    "timestamp": "2022-08-01 12:38:41.978093",
    "dataset": "dmv.csv",
    "model": "dmv.csv-2.6MB-model16.669-data16.507-made-resmade-hidden256_256_256_256_256-emb32-directIo-binaryInone_hotOut-inputNoEmbIfLeq-5epochs-seed0.pt",
    "query": "'SELECT Weight_100 FROM dmv.csv WHERE Fuel Type=PROPANE AND Scofflaw Indicator=Y AND Model Year<=1999.0'",
    "avg_est": 84.05440521240234,
    "avg_real": NaN,
    "avg_err": NaN,
    "count_est": 0.004216355491545198,
    "count_real": 0,
    "count_err": 0,
    "sum_est": 0.354403253005878,
    "sum_real": NaN,
    "sum_err": NaN,
    "query_dur_ms_est": 20.234107971191406,
    "query_dur_ms_real": 20195.28865814209,
    "query_dur_ms_err": 0.9989980778035062,
    "order": [
        0,
        1,
        2,
        3,
        4,
        5,
        6,
        7,
        8,
        9
    ],
    "groupby": false
}