{
    "timestamp": "2022-08-01 14:06:56.868414",
    "dataset": "dmv.csv",
    "model": "dmv.csv-2.6MB-model16.669-data16.507-made-resmade-hidden256_256_256_256_256-emb32-directIo-binaryInone_hotOut-inputNoEmbIfLeq-5epochs-seed0.pt",
    "query": "'SELECT State FROM dmv.csv WHERE Fuel Type=GAS'",
    "avg_est": 51.85634231567383,
    "avg_real": 50.87805104062851,
    "avg_err": 0.019228159393607735,
    "count_est": 11129697.228547096,
    "count_real": 11147590,
    "count_err": 0.0016050797932919804,
    "sum_est": 577145389.3533446,
    "sum_real": 567167653.0,
    "sum_err": 0.017592216870210967,
    "query_dur_ms_est": 20.34306526184082,
    "query_dur_ms_real": 20195.28865814209,
    "query_dur_ms_err": 0.9989926826198823,
    "order": [
        0,
        2,
        3,
        4,
        5,
        6,
        7,
        8,
        9,
        1
    ],
    "groupby": false
}