{
    "timestamp": "2022-08-01 13:57:47.014763",
    "dataset": "dmv.csv",
    "model": "dmv.csv-2.6MB-model16.669-data16.507-made-resmade-hidden256_256_256_256_256-emb32-directIo-binaryInone_hotOut-inputNoEmbIfLeq-5epochs-seed0.pt",
    "query": "'SELECT Model Year FROM dmv.csv WHERE Record Type=SNOW AND Scofflaw Indicator=Y'",
    "avg_est": 112.9182357788086,
    "avg_real": NaN,
    "avg_err": NaN,
    "count_est": 0.9052321577471503,
    "count_real": 0,
    "count_err": 0,
    "sum_est": 102.21721822305237,
    "sum_real": NaN,
    "sum_err": NaN,
    "query_dur_ms_est": 20.119905471801758,
    "query_dur_ms_real": 20195.28865814209,
    "query_dur_ms_err": 0.999003732711506,
    "order": [
        0,
        1,
        2,
        3,
        4,
        5,
        6,
        7,
        9,
        8
    ],
    "groupby": false
}