{
    "timestamp": "2022-08-01 13:20:47.095827",
    "dataset": "dmv.csv",
    "model": "dmv.csv-2.6MB-model16.669-data16.507-made-resmade-hidden256_256_256_256_256-emb32-directIo-binaryInone_hotOut-inputNoEmbIfLeq-5epochs-seed0.pt",
    "query": "'SELECT State FROM dmv.csv WHERE Model Year<=1969.0'",
    "avg_est": 51.85565185546875,
    "avg_real": 32.890729051529625,
    "avg_err": 0.5766039048336977,
    "count_est": 125126.14136540145,
    "count_real": 109471,
    "count_err": 0.14300720159130223,
    "sum_est": 6488497.624662424,
    "sum_real": 3600580.9999999995,
    "sum_err": 0.8020696172818846,
    "query_dur_ms_est": 20.19047737121582,
    "query_dur_ms_real": 20195.28865814209,
    "query_dur_ms_err": 0.9990002382380865,
    "order": [
        0,
        2,
        3,
        4,
        5,
        6,
        7,
        8,
        9,
        1
    ],
    "groupby": false
}