{
    "timestamp": "2022-08-01 14:03:46.797797",
    "dataset": "dmv.csv",
    "model": "dmv.csv-2.6MB-model16.669-data16.507-made-resmade-hidden256_256_256_256_256-emb32-directIo-binaryInone_hotOut-inputNoEmbIfLeq-5epochs-seed0.pt",
    "query": "'SELECT Record Type FROM dmv.csv WHERE State<=AR AND County<=WYOMING AND Fuel Type=DIESEL AND Scofflaw Indicator=Y AND Suspension Indicator=Y AND Revocation Indicator=N AND Registration Class>=HOU<=RGL AND Model Year>=1928.0<=1940.0 AND Weight_100<=30.0'",
    "avg_est": 3.834136962890625,
    "avg_real": NaN,
    "avg_err": NaN,
    "count_est": 2.7963768550268552e-09,
    "count_real": 0,
    "count_err": 0,
    "sum_est": 1.0721691862030305e-08,
    "sum_real": NaN,
    "sum_err": NaN,
    "query_dur_ms_est": 21.036148071289062,
    "query_dur_ms_real": 20195.28865814209,
    "query_dur_ms_err": 0.9989583635853203,
    "order": [
        1,
        2,
        3,
        4,
        5,
        6,
        7,
        8,
        9,
        0
    ],
    "groupby": false
}