{
    "timestamp": "2022-08-01 13:25:47.115324",
    "dataset": "dmv.csv",
    "model": "dmv.csv-2.6MB-model16.669-data16.507-made-resmade-hidden256_256_256_256_256-emb32-directIo-binaryInone_hotOut-inputNoEmbIfLeq-5epochs-seed0.pt",
    "query": "'SELECT Registration Class FROM dmv.csv WHERE State>=VT AND County>=STEUBEN<=ULSTER AND Scofflaw Indicator=Y'",
    "avg_est": 31.478355407714844,
    "avg_real": NaN,
    "avg_err": NaN,
    "count_est": 0.7326074028227083,
    "count_real": 0,
    "count_err": 0,
    "sum_est": 23.061276200376128,
    "sum_real": NaN,
    "sum_err": NaN,
    "query_dur_ms_est": 20.350933074951172,
    "query_dur_ms_real": 20195.28865814209,
    "query_dur_ms_err": 0.9989922930333186,
    "order": [
        0,
        1,
        2,
        3,
        4,
        5,
        6,
        8,
        9,
        7
    ],
    "groupby": false
}