{
    "timestamp": "2022-08-01 13:27:04.227726",
    "dataset": "dmv.csv",
    "model": "dmv.csv-2.6MB-model16.669-data16.507-made-resmade-hidden256_256_256_256_256-emb32-directIo-binaryInone_hotOut-inputNoEmbIfLeq-5epochs-seed0.pt",
    "query": "'SELECT Scofflaw Indicator FROM dmv.csv WHERE Registration Class<=ATV AND Model Year>=1909.0'",
    "avg_est": 1.0016084909439087,
    "avg_real": 1.0000648966700798,
    "avg_err": 0.0015434941062011053,
    "count_est": 152414.7612054199,
    "count_real": 138682,
    "count_err": 0.09902338591468178,
    "sum_est": 152659.91896853683,
    "sum_real": 138691.0,
    "sum_err": 0.1007197220334184,
    "query_dur_ms_est": 20.171403884887695,
    "query_dur_ms_real": 20195.28865814209,
    "query_dur_ms_err": 0.999001182690362,
    "order": [
        0,
        1,
        2,
        3,
        5,
        6,
        7,
        8,
        9,
        4
    ],
    "groupby": false
}