{
    "timestamp": "2022-08-01 13:26:19.081542",
    "dataset": "dmv.csv",
    "model": "dmv.csv-2.6MB-model16.669-data16.507-made-resmade-hidden256_256_256_256_256-emb32-directIo-binaryInone_hotOut-inputNoEmbIfLeq-5epochs-seed0.pt",
    "query": "'SELECT Weight_100 FROM dmv.csv WHERE County>=BROOME<=NASSAU AND Registration Class<=OMT'",
    "avg_est": 68.74211883544922,
    "avg_real": 7.551887650559427,
    "avg_err": 8.102640560384522,
    "count_est": 972352.331217587,
    "count_real": 917993,
    "count_err": 0.05921540928698475,
    "sum_est": 66841559.50248545,
    "sum_real": 6932580.0,
    "sum_err": 8.64165714676,
    "query_dur_ms_est": 20.383596420288086,
    "query_dur_ms_real": 20195.28865814209,
    "query_dur_ms_err": 0.9989906756587967,
    "order": [
        0,
        1,
        2,
        3,
        4,
        5,
        6,
        7,
        8,
        9
    ],
    "groupby": false
}