{
    "timestamp": "2022-08-01 13:10:28.950486",
    "dataset": "dmv.csv",
    "model": "dmv.csv-2.6MB-model16.669-data16.507-made-resmade-hidden256_256_256_256_256-emb32-directIo-binaryInone_hotOut-inputNoEmbIfLeq-5epochs-seed0.pt",
    "query": "'SELECT Record Type FROM dmv.csv WHERE State=GL AND Fuel Type=PROPANE AND Revocation Indicator=Y AND Registration Class>=BOB<=STA AND Model Year>=1987.0 AND Weight_100>=15.0<=36.0'",
    "avg_est": 3.834136962890625,
    "avg_real": NaN,
    "avg_err": NaN,
    "count_est": 1.1317968036460088e-12,
    "count_real": 0,
    "count_err": 0,
    "sum_est": 4.339463959340626e-12,
    "sum_real": NaN,
    "sum_err": NaN,
    "query_dur_ms_est": 20.52593231201172,
    "query_dur_ms_real": 20195.28865814209,
    "query_dur_ms_err": 0.9989836276836906,
    "order": [
        1,
        2,
        3,
        4,
        5,
        6,
        7,
        8,
        9,
        0
    ],
    "groupby": false
}