{
    "timestamp": "2022-08-01 13:43:03.973778",
    "dataset": "dmv.csv",
    "model": "dmv.csv-2.6MB-model16.669-data16.507-made-resmade-hidden256_256_256_256_256-emb32-directIo-binaryInone_hotOut-inputNoEmbIfLeq-5epochs-seed0.pt",
    "query": "'SELECT Model Year FROM dmv.csv WHERE Record Type=BOAT AND State<=VT AND Fuel Type=ELECTRIC AND Scofflaw Indicator=N AND Suspension Indicator=Y AND Revocation Indicator=Y AND Weight_100>=60.0'",
    "avg_est": 112.33575439453125,
    "avg_real": NaN,
    "avg_err": NaN,
    "count_est": 9.558308322034793e-06,
    "count_real": 0,
    "count_err": 0,
    "sum_est": 0.0010737397760913045,
    "sum_real": NaN,
    "sum_err": NaN,
    "query_dur_ms_est": 20.54429054260254,
    "query_dur_ms_real": 20195.28865814209,
    "query_dur_ms_err": 0.9989827186483755,
    "order": [
        0,
        1,
        2,
        3,
        4,
        5,
        6,
        7,
        9,
        8
    ],
    "groupby": false
}