{
    "timestamp": "2022-08-01 12:59:17.579906",
    "dataset": "dmv.csv",
    "model": "dmv.csv-2.6MB-model16.669-data16.507-made-resmade-hidden256_256_256_256_256-emb32-directIo-binaryInone_hotOut-inputNoEmbIfLeq-5epochs-seed0.pt",
    "query": "'SELECT Fuel Type FROM dmv.csv WHERE State<=MS AND County>=ONEIDA<=TIOGA AND Scofflaw Indicator=Y AND Suspension Indicator=N AND Revocation Indicator=N AND Registration Class>=GSM<=TRC AND Model Year>=1916.0 AND Weight_100>=59.0<=73.0'",
    "avg_est": 5.674933433532715,
    "avg_real": 1.0,
    "avg_err": 4.674933433532715,
    "count_est": 3.522812170637053,
    "count_real": 9,
    "count_err": 0.6085764254847719,
    "sum_est": 19.991724567204166,
    "sum_real": 9.0,
    "sum_err": 1.2213027296893517,
    "query_dur_ms_est": 20.615577697753906,
    "query_dur_ms_real": 20195.28865814209,
    "query_dur_ms_err": 0.9989791887579956,
    "order": [
        0,
        1,
        2,
        4,
        5,
        6,
        7,
        8,
        9,
        3
    ],
    "groupby": false
}