{
    "timestamp": "2022-08-01 13:00:12.890829",
    "dataset": "dmv.csv",
    "model": "dmv.csv-2.6MB-model16.669-data16.507-made-resmade-hidden256_256_256_256_256-emb32-directIo-binaryInone_hotOut-inputNoEmbIfLeq-5epochs-seed0.pt",
    "query": "'SELECT Weight_100 FROM dmv.csv WHERE Fuel Type=DIESEL AND Scofflaw Indicator=Y AND Suspension Indicator=Y AND Model Year<=1900.0'",
    "avg_est": 87.85307312011719,
    "avg_real": NaN,
    "avg_err": NaN,
    "count_est": 1.0350357492115941e-06,
    "count_real": 0,
    "count_err": 0,
    "sum_est": 9.093107135742145e-05,
    "sum_real": NaN,
    "sum_err": NaN,
    "query_dur_ms_est": 20.525693893432617,
    "query_dur_ms_real": 20195.28865814209,
    "query_dur_ms_err": 0.9989836394893441,
    "order": [
        0,
        1,
        2,
        3,
        4,
        5,
        6,
        7,
        8,
        9
    ],
    "groupby": false
}