{
    "timestamp": "2022-08-01 13:19:09.886016",
    "dataset": "dmv.csv",
    "model": "dmv.csv-2.6MB-model16.669-data16.507-made-resmade-hidden256_256_256_256_256-emb32-directIo-binaryInone_hotOut-inputNoEmbIfLeq-5epochs-seed0.pt",
    "query": "'SELECT Model Year FROM dmv.csv WHERE Weight_100>=34.0<=37.0'",
    "avg_est": 113.95425415039062,
    "avg_real": 85.74532767006133,
    "avg_err": 0.32898499832987016,
    "count_est": 398762.13804222643,
    "count_real": 383053,
    "count_err": 0.041010351158263826,
    "sum_est": 45440642.02401702,
    "sum_real": 32845005.000000004,
    "sum_err": 0.38348713979544274,
    "query_dur_ms_est": 20.0498104095459,
    "query_dur_ms_real": 20195.28865814209,
    "query_dur_ms_err": 0.9990072035736185,
    "order": [
        0,
        1,
        2,
        3,
        4,
        5,
        6,
        7,
        9,
        8
    ],
    "groupby": false
}