{
    "timestamp": "2022-08-01 13:30:32.189580",
    "dataset": "dmv.csv",
    "model": "dmv.csv-2.6MB-model16.669-data16.507-made-resmade-hidden256_256_256_256_256-emb32-directIo-binaryInone_hotOut-inputNoEmbIfLeq-5epochs-seed0.pt",
    "query": "'SELECT Registration Class FROM dmv.csv WHERE Scofflaw Indicator=N'",
    "avg_est": 46.295738220214844,
    "avg_real": 46.54048159697004,
    "avg_err": 0.00525872033028402,
    "count_est": 12626976.287760973,
    "count_real": 12625910,
    "count_err": 8.445234925426972e-05,
    "sum_est": 584575188.7310423,
    "sum_real": 587615932.0,
    "sum_err": 0.005174712092315656,
    "query_dur_ms_est": 20.189285278320312,
    "query_dur_ms_real": 20195.28865814209,
    "query_dur_ms_err": 0.9990002972663538,
    "order": [
        0,
        1,
        2,
        3,
        4,
        5,
        6,
        8,
        9,
        7
    ],
    "groupby": false
}