{
    "timestamp": "2022-08-01 14:08:24.172011",
    "dataset": "dmv.csv",
    "model": "dmv.csv-2.6MB-model16.669-data16.507-made-resmade-hidden256_256_256_256_256-emb32-directIo-binaryInone_hotOut-inputNoEmbIfLeq-5epochs-seed0.pt",
    "query": "'SELECT State FROM dmv.csv WHERE County>=SULLIVAN'",
    "avg_est": 51.856075286865234,
    "avg_real": 36.96964788588507,
    "avg_err": 0.40266619381743624,
    "count_est": 1435293.0653770268,
    "count_real": 1419341,
    "count_err": 0.011239064732877297,
    "sum_est": 74428665.25690669,
    "sum_real": 52472537.0,
    "sum_err": 0.41843084996836893,
    "query_dur_ms_est": 20.05743980407715,
    "query_dur_ms_real": 20195.28865814209,
    "query_dur_ms_err": 0.9990068257927083,
    "order": [
        0,
        2,
        3,
        4,
        5,
        6,
        7,
        8,
        9,
        1
    ],
    "groupby": false
}