{
    "timestamp": "2022-08-01 12:36:35.753761",
    "dataset": "dmv.csv",
    "model": "dmv.csv-2.6MB-model16.669-data16.507-made-resmade-hidden256_256_256_256_256-emb32-directIo-binaryInone_hotOut-inputNoEmbIfLeq-5epochs-seed0.pt",
    "query": "'SELECT Model Year FROM dmv.csv WHERE Record Type=VEH AND State>=AR AND County>=QUEENS<=SUFFOLK AND Fuel Type=PROPANE AND Scofflaw Indicator=N AND Suspension Indicator=N AND Revocation Indicator=N AND Registration Class>=JSC'",
    "avg_est": 116.3778305053711,
    "avg_real": 15.676470588235293,
    "avg_err": 6.423726523794779,
    "count_est": 184.8955349191383,
    "count_real": 170,
    "count_err": 0.08762079364198999,
    "sum_est": 21517.7412240194,
    "sum_real": 2665.0,
    "sum_err": 7.0741993335907685,
    "query_dur_ms_est": 20.832300186157227,
    "query_dur_ms_real": 20195.28865814209,
    "query_dur_ms_err": 0.998968457419015,
    "order": [
        0,
        1,
        2,
        3,
        4,
        5,
        6,
        7,
        9,
        8
    ],
    "groupby": false
}