{
    "timestamp": "2022-08-01 14:06:08.551384",
    "dataset": "dmv.csv",
    "model": "dmv.csv-2.6MB-model16.669-data16.507-made-resmade-hidden256_256_256_256_256-emb32-directIo-binaryInone_hotOut-inputNoEmbIfLeq-5epochs-seed0.pt",
    "query": "'SELECT Registration Class FROM dmv.csv WHERE Weight_100>=12.0'",
    "avg_est": 46.363677978515625,
    "avg_real": 31.004776654701896,
    "avg_err": 0.4953721000755715,
    "count_est": 11314912.078015566,
    "count_real": 8537565,
    "count_err": 0.32530904046008036,
    "sum_est": 524600939.94033074,
    "sum_real": 264705296.0,
    "sum_err": 0.9818301630819307,
    "query_dur_ms_est": 20.328044891357422,
    "query_dur_ms_real": 20195.28865814209,
    "query_dur_ms_err": 0.9989934263760493,
    "order": [
        0,
        1,
        2,
        3,
        4,
        5,
        6,
        8,
        9,
        7
    ],
    "groupby": false
}