{
    "timestamp": "2022-08-01 12:59:54.716119",
    "dataset": "dmv.csv",
    "model": "dmv.csv-2.6MB-model16.669-data16.507-made-resmade-hidden256_256_256_256_256-emb32-directIo-binaryInone_hotOut-inputNoEmbIfLeq-5epochs-seed0.pt",
    "query": "'SELECT County FROM dmv.csv WHERE State>=RK AND Fuel Type=nan AND Scofflaw Indicator=Y AND Suspension Indicator=Y AND Revocation Indicator=Y AND Weight_100<=80.0'",
    "avg_est": 37.84040069580078,
    "avg_real": NaN,
    "avg_err": NaN,
    "count_est": 0.0,
    "count_real": 0,
    "count_err": 0,
    "sum_est": 0.0,
    "sum_real": NaN,
    "sum_err": NaN,
    "query_dur_ms_est": 20.57647705078125,
    "query_dur_ms_real": 20195.28865814209,
    "query_dur_ms_err": 0.9989811248851606,
    "order": [
        0,
        1,
        3,
        4,
        5,
        6,
        7,
        8,
        9,
        2
    ],
    "groupby": false
}