{
    "timestamp": "2022-08-01 13:05:07.226000",
    "dataset": "dmv.csv",
    "model": "dmv.csv-2.6MB-model16.669-data16.507-made-resmade-hidden256_256_256_256_256-emb32-directIo-binaryInone_hotOut-inputNoEmbIfLeq-5epochs-seed0.pt",
    "query": "'SELECT Model Year FROM dmv.csv WHERE State>=KY<=NV'",
    "avg_est": 118.44022369384766,
    "avg_real": 83.49207201516109,
    "avg_err": 0.41858048117838587,
    "count_est": 64789.12191386148,
    "count_real": 63320,
    "count_err": 0.023201546333883185,
    "sum_est": 7673638.092405722,
    "sum_real": 5286718.0,
    "sum_err": 0.4514937419407885,
    "query_dur_ms_est": 20.078659057617188,
    "query_dur_ms_real": 20195.28865814209,
    "query_dur_ms_err": 0.9990057750895518,
    "order": [
        0,
        1,
        2,
        3,
        4,
        5,
        6,
        7,
        9,
        8
    ],
    "groupby": false
}