{
    "timestamp": "2022-08-01 14:01:49.390812",
    "dataset": "dmv.csv",
    "model": "dmv.csv-2.6MB-model16.669-data16.507-made-resmade-hidden256_256_256_256_256-emb32-directIo-binaryInone_hotOut-inputNoEmbIfLeq-5epochs-seed0.pt",
    "query": "'SELECT Registration Class FROM dmv.csv WHERE County>=SCHUYLER<=WYOMING'",
    "avg_est": 46.47915267944336,
    "avg_real": 41.907341855701,
    "avg_err": 0.10909331447182732,
    "count_est": 3130510.295385897,
    "count_real": 3096792,
    "count_err": 0.010888136944908524,
    "sum_est": 145503465.98381045,
    "sum_real": 129778321.0,
    "sum_err": 0.12116927436447922,
    "query_dur_ms_est": 20.481586456298828,
    "query_dur_ms_real": 20195.28865814209,
    "query_dur_ms_err": 0.9989858235352312,
    "order": [
        0,
        1,
        2,
        3,
        4,
        5,
        6,
        8,
        9,
        7
    ],
    "groupby": false
}