{
    "timestamp": "2022-08-01 14:15:03.831361",
    "dataset": "dmv.csv",
    "model": "dmv.csv-2.6MB-model16.669-data16.507-made-resmade-hidden256_256_256_256_256-emb32-directIo-binaryInone_hotOut-inputNoEmbIfLeq-5epochs-seed0.pt",
    "query": "'SELECT Weight_100 FROM dmv.csv WHERE County<=SCHUYLER'",
    "avg_est": 61.848785400390625,
    "avg_real": 38.89818661467356,
    "avg_err": 0.5900171905972452,
    "count_est": 9515688.68039751,
    "count_real": 9544855,
    "count_err": 0.003055711124211889,
    "sum_est": 588533787.1308318,
    "sum_real": 371277551.0,
    "sum_err": 0.585158557380249,
    "query_dur_ms_est": 20.012617111206055,
    "query_dur_ms_real": 20195.28865814209,
    "query_dur_ms_err": 0.9990090452555558,
    "order": [
        0,
        1,
        2,
        3,
        4,
        5,
        6,
        7,
        8,
        9
    ],
    "groupby": false
}