{
    "timestamp": "2022-08-01 13:43:44.268342",
    "dataset": "dmv.csv",
    "model": "dmv.csv-2.6MB-model16.669-data16.507-made-resmade-hidden256_256_256_256_256-emb32-directIo-binaryInone_hotOut-inputNoEmbIfLeq-5epochs-seed0.pt",
    "query": "'SELECT State FROM dmv.csv WHERE County>=STEUBEN AND Fuel Type=DIESEL AND Revocation Indicator=Y AND Registration Class>=JWV'",
    "avg_est": 51.85845184326172,
    "avg_real": 1.0,
    "avg_err": 50.85845184326172,
    "count_est": 39.10638921968348,
    "count_real": 9,
    "count_err": 3.345154357742609,
    "sum_est": 2027.996802112805,
    "sum_real": 9.0,
    "sum_err": 224.33297801253389,
    "query_dur_ms_est": 20.663022994995117,
    "query_dur_ms_real": 20195.28865814209,
    "query_dur_ms_err": 0.9989768394329603,
    "order": [
        0,
        2,
        3,
        4,
        5,
        6,
        7,
        8,
        9,
        1
    ],
    "groupby": false
}