{
    "timestamp": "2022-08-01 13:27:43.301056",
    "dataset": "dmv.csv",
    "model": "dmv.csv-2.6MB-model16.669-data16.507-made-resmade-hidden256_256_256_256_256-emb32-directIo-binaryInone_hotOut-inputNoEmbIfLeq-5epochs-seed0.pt",
    "query": "'SELECT Weight_100 FROM dmv.csv WHERE Record Type=BOAT AND State=KS AND County<=WASHINGTON AND Fuel Type=FLEX AND Scofflaw Indicator=Y AND Suspension Indicator=N AND Revocation Indicator=N AND Registration Class>=LMB<=ORG AND Model Year>=1967.0<=2022.0'",
    "avg_est": 99.15839385986328,
    "avg_real": NaN,
    "avg_err": NaN,
    "count_est": 8.100720176887254e-13,
    "count_real": 0,
    "count_err": 0,
    "sum_est": 8.032544018483277e-11,
    "sum_real": NaN,
    "sum_err": NaN,
    "query_dur_ms_est": 20.749330520629883,
    "query_dur_ms_real": 20195.28865814209,
    "query_dur_ms_err": 0.9989725657864136,
    "order": [
        0,
        1,
        2,
        3,
        4,
        5,
        6,
        7,
        8,
        9
    ],
    "groupby": false
}