{
    "timestamp": "2022-08-01 14:13:48.541679",
    "dataset": "dmv.csv",
    "model": "dmv.csv-2.6MB-model16.669-data16.507-made-resmade-hidden256_256_256_256_256-emb32-directIo-binaryInone_hotOut-inputNoEmbIfLeq-5epochs-seed0.pt",
    "query": "'SELECT County FROM dmv.csv WHERE Registration Class<=SRN AND Model Year>=1983.0'",
    "avg_est": 34.390968322753906,
    "avg_real": 34.454696290560435,
    "avg_err": 0.0018496162981412759,
    "count_est": 12074375.499655724,
    "count_real": 12098027,
    "count_err": 0.0019549882261195506,
    "sum_est": 415249465.3256959,
    "sum_real": 416833846.0,
    "sum_err": 0.0038009885461751294,
    "query_dur_ms_est": 20.38264274597168,
    "query_dur_ms_real": 20195.28865814209,
    "query_dur_ms_err": 0.9989907228814106,
    "order": [
        0,
        1,
        3,
        4,
        5,
        6,
        7,
        8,
        9,
        2
    ],
    "groupby": false
}