{
    "timestamp": "2022-08-01 13:37:07.717437",
    "dataset": "dmv.csv",
    "model": "dmv.csv-2.6MB-model16.669-data16.507-made-resmade-hidden256_256_256_256_256-emb32-directIo-binaryInone_hotOut-inputNoEmbIfLeq-5epochs-seed0.pt",
    "query": "'SELECT Scofflaw Indicator FROM dmv.csv WHERE Record Type=VEH AND Suspension Indicator=Y AND Weight_100<=12.0'",
    "avg_est": 1.0017242431640625,
    "avg_real": 1.0191356523149275,
    "avg_err": 0.01708448635990281,
    "count_est": 13473.449381552637,
    "count_real": 12333,
    "count_err": 0.09247136800070029,
    "sum_est": 13496.680884545121,
    "sum_real": 12569.000000000002,
    "sum_err": 0.07380705581550795,
    "query_dur_ms_est": 20.303964614868164,
    "query_dur_ms_real": 20195.28865814209,
    "query_dur_ms_err": 0.9989946187470471,
    "order": [
        0,
        1,
        2,
        3,
        5,
        6,
        7,
        8,
        9,
        4
    ],
    "groupby": false
}