{
    "timestamp": "2022-08-01 12:49:21.801803",
    "dataset": "dmv.csv",
    "model": "dmv.csv-2.6MB-model16.669-data16.507-made-resmade-hidden256_256_256_256_256-emb32-directIo-binaryInone_hotOut-inputNoEmbIfLeq-5epochs-seed0.pt",
    "query": "'SELECT Model Year FROM dmv.csv WHERE State<=NB AND County>=CHENANGO AND Scofflaw Indicator=N AND Suspension Indicator=N AND Revocation Indicator=Y AND Registration Class>=HIS'",
    "avg_est": 117.45112609863281,
    "avg_real": 3.0,
    "avg_err": 38.15037536621094,
    "count_est": 14.371313599773202,
    "count_real": 6,
    "count_err": 1.3952189332955338,
    "sum_est": 1687.926965809959,
    "sum_real": 18.0,
    "sum_err": 92.7737203227755,
    "query_dur_ms_est": 20.51520347595215,
    "query_dur_ms_real": 20195.28865814209,
    "query_dur_ms_err": 0.9989841589380957,
    "order": [
        0,
        1,
        2,
        3,
        4,
        5,
        6,
        7,
        9,
        8
    ],
    "groupby": false
}