{
    "timestamp": "2022-08-01 14:16:07.329554",
    "dataset": "dmv.csv",
    "model": "dmv.csv-2.6MB-model16.669-data16.507-made-resmade-hidden256_256_256_256_256-emb32-directIo-binaryInone_hotOut-inputNoEmbIfLeq-5epochs-seed0.pt",
    "query": "'SELECT County FROM dmv.csv WHERE Revocation Indicator=N AND Model Year>=1943.0'",
    "avg_est": 34.46172332763672,
    "avg_real": 34.369146242219564,
    "avg_err": 0.0026936102737236908,
    "count_est": 12626756.184242487,
    "count_real": 12627188,
    "count_err": 3.419730168847144e-05,
    "sum_est": 435139778.1468905,
    "sum_real": 433985671.0,
    "sum_err": 0.0026593208578320113,
    "query_dur_ms_est": 20.43008804321289,
    "query_dur_ms_real": 20195.28865814209,
    "query_dur_ms_err": 0.9989883735563752,
    "order": [
        0,
        1,
        3,
        4,
        5,
        6,
        7,
        8,
        9,
        2
    ],
    "groupby": false
}