{
    "timestamp": "2022-08-01 14:10:29.877105",
    "dataset": "dmv.csv",
    "model": "dmv.csv-2.6MB-model16.669-data16.507-made-resmade-hidden256_256_256_256_256-emb32-directIo-binaryInone_hotOut-inputNoEmbIfLeq-5epochs-seed0.pt",
    "query": "'SELECT Suspension Indicator FROM dmv.csv WHERE State>=TA AND County>=ESSEX AND Fuel Type=ELECTRIC AND Scofflaw Indicator=N AND Revocation Indicator=Y AND Model Year<=1921.0 AND Weight_100>=12.0<=70.0'",
    "avg_est": 1.0104875564575195,
    "avg_real": NaN,
    "avg_err": NaN,
    "count_est": 2.1986804658941004e-11,
    "count_real": 0,
    "count_err": 0,
    "sum_est": 2.22173925141221e-11,
    "sum_real": NaN,
    "sum_err": NaN,
    "query_dur_ms_est": 20.52903175354004,
    "query_dur_ms_real": 20195.28865814209,
    "query_dur_ms_err": 0.9989834742101958,
    "order": [
        0,
        1,
        2,
        3,
        4,
        6,
        7,
        8,
        9,
        5
    ],
    "groupby": false
}