{
    "timestamp": "2022-08-01 13:11:42.447727",
    "dataset": "dmv.csv",
    "model": "dmv.csv-2.6MB-model16.669-data16.507-made-resmade-hidden256_256_256_256_256-emb32-directIo-binaryInone_hotOut-inputNoEmbIfLeq-5epochs-seed0.pt",
    "query": "'SELECT Record Type FROM dmv.csv WHERE Scofflaw Indicator=Y AND Suspension Indicator=Y'",
    "avg_est": 3.834136962890625,
    "avg_real": 1.9995612110574814,
    "avg_err": 0.9174891679674642,
    "count_est": 2519.0738672467996,
    "count_real": 2279,
    "count_err": 0.10534175833558562,
    "sum_est": 9658.474226662785,
    "sum_real": 4557.0,
    "sum_err": 1.1194808485105958,
    "query_dur_ms_est": 20.181894302368164,
    "query_dur_ms_real": 20195.28865814209,
    "query_dur_ms_err": 0.9990006632416105,
    "order": [
        1,
        2,
        3,
        4,
        5,
        6,
        7,
        8,
        9,
        0
    ],
    "groupby": false
}