{
    "timestamp": "2022-08-01 13:23:08.780453",
    "dataset": "dmv.csv",
    "model": "dmv.csv-2.6MB-model16.669-data16.507-made-resmade-hidden256_256_256_256_256-emb32-directIo-binaryInone_hotOut-inputNoEmbIfLeq-5epochs-seed0.pt",
    "query": "'SELECT Registration Class FROM dmv.csv WHERE Record Type=VEH AND State>=CT AND Fuel Type=PROPANE AND Model Year>=1967.0'",
    "avg_est": 45.588172912597656,
    "avg_real": 6.970053475935829,
    "avg_err": 5.5405772093415395,
    "count_est": 831.4990320216166,
    "count_real": 935,
    "count_err": 0.11069622243677371,
    "sum_est": 37906.521648459035,
    "sum_real": 6517.0,
    "sum_err": 4.816560019711376,
    "query_dur_ms_est": 20.393848419189453,
    "query_dur_ms_real": 20195.28865814209,
    "query_dur_ms_err": 0.9989901680156987,
    "order": [
        0,
        1,
        2,
        3,
        4,
        5,
        6,
        8,
        9,
        7
    ],
    "groupby": false
}