{
    "timestamp": "2022-08-01 13:26:54.507975",
    "dataset": "dmv.csv",
    "model": "dmv.csv-2.6MB-model16.669-data16.507-made-resmade-hidden256_256_256_256_256-emb32-directIo-binaryInone_hotOut-inputNoEmbIfLeq-5epochs-seed0.pt",
    "query": "'SELECT Record Type FROM dmv.csv WHERE Suspension Indicator=Y'",
    "avg_est": 3.834136962890625,
    "avg_real": 3.997935575725218,
    "avg_err": 0.04097079848638642,
    "count_est": 138039.8154886812,
    "count_real": 140475,
    "count_err": 0.01733535868530915,
    "sum_est": 529263.5589157544,
    "sum_real": 561610.0,
    "sum_err": 0.05759591368431041,
    "query_dur_ms_est": 20.171165466308594,
    "query_dur_ms_real": 20195.28865814209,
    "query_dur_ms_err": 0.9990011944960154,
    "order": [
        1,
        2,
        3,
        4,
        5,
        6,
        7,
        8,
        9,
        0
    ],
    "groupby": false
}