{
    "timestamp": "2022-08-01 13:15:37.582439",
    "dataset": "dmv.csv",
    "model": "dmv.csv-2.6MB-model16.669-data16.507-made-resmade-hidden256_256_256_256_256-emb32-directIo-binaryInone_hotOut-inputNoEmbIfLeq-5epochs-seed0.pt",
    "query": "'SELECT County FROM dmv.csv WHERE Record Type=SNOW AND State>=NY AND Scofflaw Indicator=Y AND Suspension Indicator=Y AND Revocation Indicator=Y AND Registration Class=LTR AND Model Year>=1953.0 AND Weight_100>=70.0'",
    "avg_est": 31.613399505615234,
    "avg_real": NaN,
    "avg_err": NaN,
    "count_est": 8.172555370803021e-25,
    "count_real": 0,
    "count_err": 0,
    "sum_est": 2.5836225791895737e-23,
    "sum_real": NaN,
    "sum_err": NaN,
    "query_dur_ms_est": 20.568370819091797,
    "query_dur_ms_real": 20195.28865814209,
    "query_dur_ms_err": 0.9989815262773776,
    "order": [
        0,
        1,
        3,
        4,
        5,
        6,
        7,
        8,
        9,
        2
    ],
    "groupby": false
}