{
    "timestamp": "2022-08-01 12:33:26.244431",
    "dataset": "dmv.csv",
    "model": "dmv.csv-2.6MB-model16.669-data16.507-made-resmade-hidden256_256_256_256_256-emb32-directIo-binaryInone_hotOut-inputNoEmbIfLeq-5epochs-seed0.pt",
    "query": "'SELECT County FROM dmv.csv WHERE Revocation Indicator=Y'",
    "avg_est": 34.416114807128906,
    "avg_real": 24.668661971830986,
    "avg_err": 0.395135044066374,
    "count_est": 5098.987798487302,
    "count_real": 5680,
    "count_err": 0.10229088054801022,
    "sum_est": 175487.34947288845,
    "sum_real": 140118.0,
    "sum_err": 0.2524254519254375,
    "query_dur_ms_est": 20.646095275878906,
    "query_dur_ms_real": 20195.28865814209,
    "query_dur_ms_err": 0.9989776776343549,
    "order": [
        0,
        1,
        3,
        4,
        5,
        6,
        7,
        8,
        9,
        2
    ],
    "groupby": false
}