{
    "timestamp": "2022-08-01 13:01:52.802543",
    "dataset": "dmv.csv",
    "model": "dmv.csv-2.6MB-model16.669-data16.507-made-resmade-hidden256_256_256_256_256-emb32-directIo-binaryInone_hotOut-inputNoEmbIfLeq-5epochs-seed0.pt",
    "query": "'SELECT State FROM dmv.csv WHERE Model Year>=1989.0'",
    "avg_est": 51.8569221496582,
    "avg_real": 49.86605765210624,
    "avg_err": 0.039924240882272165,
    "count_est": 12263495.679018974,
    "count_real": 12262761,
    "count_err": 5.9911386919658974e-05,
    "sum_est": 635947140.7095567,
    "sum_real": 611495547.0,
    "sum_err": 0.03998654418583476,
    "query_dur_ms_est": 20.590782165527344,
    "query_dur_ms_real": 20195.28865814209,
    "query_dur_ms_err": 0.9989804165459538,
    "order": [
        0,
        2,
        3,
        4,
        5,
        6,
        7,
        8,
        9,
        1
    ],
    "groupby": false
}