{
    "timestamp": "2022-08-01 14:04:32.259476",
    "dataset": "dmv.csv",
    "model": "dmv.csv-2.6MB-model16.669-data16.507-made-resmade-hidden256_256_256_256_256-emb32-directIo-binaryInone_hotOut-inputNoEmbIfLeq-5epochs-seed0.pt",
    "query": "'SELECT Record Type FROM dmv.csv WHERE Registration Class>=PHS'",
    "avg_est": 3.834136962890625,
    "avg_real": 2.420656692504222,
    "avg_err": 0.5839243023446364,
    "count_est": 977355.5404776931,
    "count_real": 923720,
    "count_err": 0.058064717097922616,
    "sum_est": 3747315.0036314675,
    "sum_real": 2236009.0,
    "sum_err": 0.6758944188648022,
    "query_dur_ms_est": 20.070314407348633,
    "query_dur_ms_real": 20195.28865814209,
    "query_dur_ms_err": 0.9990061882874224,
    "order": [
        1,
        2,
        3,
        4,
        5,
        6,
        7,
        8,
        9,
        0
    ],
    "groupby": false
}