{
    "timestamp": "2022-08-01 13:37:13.557426",
    "dataset": "dmv.csv",
    "model": "dmv.csv-2.6MB-model16.669-data16.507-made-resmade-hidden256_256_256_256_256-emb32-directIo-binaryInone_hotOut-inputNoEmbIfLeq-5epochs-seed0.pt",
    "query": "'SELECT Weight_100 FROM dmv.csv WHERE Record Type=VEH AND Suspension Indicator=N'",
    "avg_est": 58.405426025390625,
    "avg_real": 42.23066119765579,
    "avg_err": 0.3830099830080967,
    "count_est": 11254905.225619555,
    "count_real": 11252248,
    "count_err": 0.00023615064470268693,
    "sum_est": 657347534.5777053,
    "sum_real": 475189873.0,
    "sum_err": 0.38333658170721424,
    "query_dur_ms_est": 20.204782485961914,
    "query_dur_ms_real": 20195.28865814209,
    "query_dur_ms_err": 0.9989995298988799,
    "order": [
        0,
        1,
        2,
        3,
        4,
        5,
        6,
        7,
        8,
        9
    ],
    "groupby": false
}