{
    "timestamp": "2022-08-01 13:01:06.498676",
    "dataset": "dmv.csv",
    "model": "dmv.csv-2.6MB-model16.669-data16.507-made-resmade-hidden256_256_256_256_256-emb32-directIo-binaryInone_hotOut-inputNoEmbIfLeq-5epochs-seed0.pt",
    "query": "'SELECT Suspension Indicator FROM dmv.csv WHERE Record Type=VEH AND State<=YH AND County<=CORTLAND AND Fuel Type=nan AND Scofflaw Indicator=Y AND Revocation Indicator=N AND Registration Class<=SPO AND Model Year>=1921.0<=1974.0 AND Weight_100>=92.0'",
    "avg_est": 1.089035153388977,
    "avg_real": NaN,
    "avg_err": NaN,
    "count_est": 0.0,
    "count_real": 0,
    "count_err": 0,
    "sum_est": 0.0,
    "sum_real": NaN,
    "sum_err": NaN,
    "query_dur_ms_est": 20.696640014648438,
    "query_dur_ms_real": 20195.28865814209,
    "query_dur_ms_err": 0.9989751748358247,
    "order": [
        0,
        1,
        2,
        3,
        4,
        6,
        7,
        8,
        9,
        5
    ],
    "groupby": false
}