{
    "timestamp": "2022-08-01 13:00:50.704351",
    "dataset": "dmv.csv",
    "model": "dmv.csv-2.6MB-model16.669-data16.507-made-resmade-hidden256_256_256_256_256-emb32-directIo-binaryInone_hotOut-inputNoEmbIfLeq-5epochs-seed0.pt",
    "query": "'SELECT Scofflaw Indicator FROM dmv.csv WHERE Revocation Indicator=Y AND Registration Class>=HIS<=HOU'",
    "avg_est": 1.0015344619750977,
    "avg_real": 1.0,
    "avg_err": 0.0015344619750976562,
    "count_est": 0.025434906563516435,
    "count_real": 1,
    "count_err": 0.9745650934364836,
    "sum_est": 0.02547393546047831,
    "sum_real": 1.0,
    "sum_err": 0.9745260645395217,
    "query_dur_ms_est": 20.146608352661133,
    "query_dur_ms_real": 20195.28865814209,
    "query_dur_ms_err": 0.9990024104783202,
    "order": [
        0,
        1,
        2,
        3,
        5,
        6,
        7,
        8,
        9,
        4
    ],
    "groupby": false
}