{
    "timestamp": "2022-08-01 13:32:42.786684",
    "dataset": "dmv.csv",
    "model": "dmv.csv-2.6MB-model16.669-data16.507-made-resmade-hidden256_256_256_256_256-emb32-directIo-binaryInone_hotOut-inputNoEmbIfLeq-5epochs-seed0.pt",
    "query": "'SELECT Scofflaw Indicator FROM dmv.csv WHERE Record Type=SNOW AND County>=ST LAWRENCE'",
    "avg_est": 1.0000094175338745,
    "avg_real": 1.0,
    "avg_err": 9.417533874511719e-06,
    "count_est": 17657.7600149028,
    "count_real": 17397,
    "count_err": 0.014988792027522005,
    "sum_est": 17657.926307455888,
    "sum_real": 17397.0,
    "sum_err": 0.014998350718853111,
    "query_dur_ms_est": 20.11585235595703,
    "query_dur_ms_real": 20195.28865814209,
    "query_dur_ms_err": 0.9990039334076145,
    "order": [
        0,
        1,
        2,
        3,
        5,
        6,
        7,
        8,
        9,
        4
    ],
    "groupby": false
}