{
    "timestamp": "2022-08-01 14:12:17.849974",
    "dataset": "dmv.csv",
    "model": "dmv.csv-2.6MB-model16.669-data16.507-made-resmade-hidden256_256_256_256_256-emb32-directIo-binaryInone_hotOut-inputNoEmbIfLeq-5epochs-seed0.pt",
    "query": "'SELECT Suspension Indicator FROM dmv.csv WHERE County>=BROOME<=RENSSELAER'",
    "avg_est": 1.010967493057251,
    "avg_real": 1.0112343044327314,
    "avg_err": 0.00026384723531519257,
    "count_est": 7954539.650526524,
    "count_real": 7943883,
    "count_err": 0.0013414913747500548,
    "sum_est": 8041781.008917301,
    "sum_real": 8033127.0,
    "sum_err": 0.0010772901906444354,
    "query_dur_ms_est": 20.258426666259766,
    "query_dur_ms_real": 20195.28865814209,
    "query_dur_ms_err": 0.998996873626855,
    "order": [
        0,
        1,
        2,
        3,
        4,
        6,
        7,
        8,
        9,
        5
    ],
    "groupby": false
}