{
    "timestamp": "2022-08-01 12:49:36.373612",
    "dataset": "dmv.csv",
    "model": "dmv.csv-2.6MB-model16.669-data16.507-made-resmade-hidden256_256_256_256_256-emb32-directIo-binaryInone_hotOut-inputNoEmbIfLeq-5epochs-seed0.pt",
    "query": "'SELECT Record Type FROM dmv.csv WHERE State>=KY AND County>=COLUMBIA<=SULLIVAN AND Fuel Type=OTHER AND Suspension Indicator=Y AND Revocation Indicator=N AND Registration Class>=ORC<=SNO AND Model Year>=1981.0 AND Weight_100>=21.0<=70.0'",
    "avg_est": 3.834136962890625,
    "avg_real": 1.0,
    "avg_err": 2.834136962890625,
    "count_est": 3.947726626245185,
    "count_real": 4,
    "count_err": 0.013068343438703778,
    "sum_est": 15.136124577074167,
    "sum_real": 4.0,
    "sum_err": 2.7840311442685417,
    "query_dur_ms_est": 20.68471908569336,
    "query_dur_ms_real": 20195.28865814209,
    "query_dur_ms_err": 0.9989757651184968,
    "order": [
        1,
        2,
        3,
        4,
        5,
        6,
        7,
        8,
        9,
        0
    ],
    "groupby": false
}