{
    "timestamp": "2022-08-01 13:41:33.136118",
    "dataset": "dmv.csv",
    "model": "dmv.csv-2.6MB-model16.669-data16.507-made-resmade-hidden256_256_256_256_256-emb32-directIo-binaryInone_hotOut-inputNoEmbIfLeq-5epochs-seed0.pt",
    "query": "'SELECT Suspension Indicator FROM dmv.csv WHERE County>=GENESEE<=MADISON AND Fuel Type=NONE'",
    "avg_est": 1.0068029165267944,
    "avg_real": 1.0003099246319644,
    "avg_err": 0.006490980180186559,
    "count_est": 69863.27474971674,
    "count_real": 70985,
    "count_err": 0.015802285698151106,
    "sum_est": 70338.54877612757,
    "sum_real": 71007.0,
    "sum_err": 0.00941387784123294,
    "query_dur_ms_est": 20.168066024780273,
    "query_dur_ms_real": 20195.28865814209,
    "query_dur_ms_err": 0.9990013479695102,
    "order": [
        0,
        1,
        2,
        3,
        4,
        6,
        7,
        8,
        9,
        5
    ],
    "groupby": false
}