{
    "timestamp": "2022-08-01 12:36:29.137458",
    "dataset": "dmv.csv",
    "model": "dmv.csv-2.6MB-model16.669-data16.507-made-resmade-hidden256_256_256_256_256-emb32-directIo-binaryInone_hotOut-inputNoEmbIfLeq-5epochs-seed0.pt",
    "query": "'SELECT Registration Class FROM dmv.csv WHERE Record Type=VEH AND State>=LA<=OR AND Fuel Type=OTHER AND Scofflaw Indicator=Y AND Suspension Indicator=Y AND Revocation Indicator=Y AND Weight_100<=98.0'",
    "avg_est": 48.80615234375,
    "avg_real": NaN,
    "avg_err": NaN,
    "count_est": 4.16066518048742e-06,
    "count_real": 0,
    "count_err": 0,
    "sum_est": 0.00020306605865020512,
    "sum_real": NaN,
    "sum_err": NaN,
    "query_dur_ms_est": 20.612001419067383,
    "query_dur_ms_real": 20195.28865814209,
    "query_dur_ms_err": 0.9989793658427973,
    "order": [
        0,
        1,
        2,
        3,
        4,
        5,
        6,
        8,
        9,
        7
    ],
    "groupby": false
}