{
    "timestamp": "2022-08-01 13:40:50.538019",
    "dataset": "dmv.csv",
    "model": "dmv.csv-2.6MB-model16.669-data16.507-made-resmade-hidden256_256_256_256_256-emb32-directIo-binaryInone_hotOut-inputNoEmbIfLeq-5epochs-seed0.pt",
    "query": "'SELECT County FROM dmv.csv WHERE State>=NS AND Fuel Type=NONE AND Scofflaw Indicator=N AND Suspension Indicator=Y AND Registration Class<=TRL AND Model Year<=1903.0 AND Weight_100=35.0'",
    "avg_est": 34.39002227783203,
    "avg_real": NaN,
    "avg_err": NaN,
    "count_est": 3.040599352256151e-08,
    "count_real": 0,
    "count_err": 0,
    "sum_est": 1.0456627946205066e-06,
    "sum_real": NaN,
    "sum_err": NaN,
    "query_dur_ms_est": 20.560503005981445,
    "query_dur_ms_real": 20195.28865814209,
    "query_dur_ms_err": 0.9989819158639412,
    "order": [
        0,
        1,
        3,
        4,
        5,
        6,
        7,
        8,
        9,
        2
    ],
    "groupby": false
}