{
    "timestamp": "2022-08-01 13:29:30.491501",
    "dataset": "dmv.csv",
    "model": "dmv.csv-2.6MB-model16.669-data16.507-made-resmade-hidden256_256_256_256_256-emb32-directIo-binaryInone_hotOut-inputNoEmbIfLeq-5epochs-seed0.pt",
    "query": "'SELECT Revocation Indicator FROM dmv.csv WHERE County<=HERKIMER'",
    "avg_est": 1.0002834796905518,
    "avg_real": 1.0003753889698324,
    "avg_err": 9.18747904976413e-05,
    "count_est": 2864815.9511855245,
    "count_real": 2871688,
    "count_err": 0.0023930346244005396,
    "sum_est": 2865628.068324854,
    "sum_real": 2872766.0,
    "sum_err": 0.0024846895553434804,
    "query_dur_ms_est": 20.178794860839844,
    "query_dur_ms_real": 20195.28865814209,
    "query_dur_ms_err": 0.9990008167151052,
    "order": [
        0,
        1,
        2,
        3,
        4,
        5,
        7,
        8,
        9,
        6
    ],
    "groupby": false
}