{
    "timestamp": "2022-08-01 13:38:16.980973",
    "dataset": "dmv.csv",
    "model": "dmv.csv-2.6MB-model16.669-data16.507-made-resmade-hidden256_256_256_256_256-emb32-directIo-binaryInone_hotOut-inputNoEmbIfLeq-5epochs-seed0.pt",
    "query": "'SELECT Scofflaw Indicator FROM dmv.csv WHERE State<=NY AND County>=HAMILTON<=ULSTER'",
    "avg_est": 1.0013291835784912,
    "avg_real": 1.0013974549502396,
    "avg_err": 6.817609872171627e-05,
    "count_est": 8731887.990602016,
    "count_real": 8740890,
    "count_err": 0.0010298733193054197,
    "sum_est": 8743494.27272835,
    "sum_real": 8753105.0,
    "sum_err": 0.0010979792052820097,
    "query_dur_ms_est": 20.76864242553711,
    "query_dur_ms_real": 20195.28865814209,
    "query_dur_ms_err": 0.9989716095284845,
    "order": [
        0,
        1,
        2,
        3,
        5,
        6,
        7,
        8,
        9,
        4
    ],
    "groupby": false
}