{
    "timestamp": "2022-08-01 13:04:32.853085",
    "dataset": "dmv.csv",
    "model": "dmv.csv-2.6MB-model16.669-data16.507-made-resmade-hidden256_256_256_256_256-emb32-directIo-binaryInone_hotOut-inputNoEmbIfLeq-5epochs-seed0.pt",
    "query": "'SELECT Scofflaw Indicator FROM dmv.csv WHERE Weight_100=7.0'",
    "avg_est": 1.0015360116958618,
    "avg_real": 1.0017306880540313,
    "avg_err": 0.00019434001622499795,
    "count_est": 121660.04095022753,
    "count_real": 94760,
    "count_err": 0.2838754849116455,
    "sum_est": 121846.9121960461,
    "sum_real": 94924.00000000001,
    "sum_err": 0.2836259765290768,
    "query_dur_ms_est": 19.960880279541016,
    "query_dur_ms_real": 20195.28865814209,
    "query_dur_ms_err": 0.9990116070823531,
    "order": [
        0,
        1,
        2,
        3,
        5,
        6,
        7,
        8,
        9,
        4
    ],
    "groupby": false
}