{
    "timestamp": "2022-08-01 13:28:53.295977",
    "dataset": "dmv.csv",
    "model": "dmv.csv-2.6MB-model16.669-data16.507-made-resmade-hidden256_256_256_256_256-emb32-directIo-binaryInone_hotOut-inputNoEmbIfLeq-5epochs-seed0.pt",
    "query": "'SELECT Registration Class FROM dmv.csv WHERE Record Type=VEH AND State>=CO<=YT AND County<=CHENANGO AND Revocation Indicator=N'",
    "avg_est": 46.96501159667969,
    "avg_real": 38.99226344798088,
    "avg_err": 0.20447000106406119,
    "count_est": 1052666.371421039,
    "count_real": 1066108,
    "count_err": 0.012608130301021,
    "sum_est": 49438488.34122383,
    "sum_real": 41569964.0,
    "sum_err": 0.18928388634697466,
    "query_dur_ms_est": 20.404815673828125,
    "query_dur_ms_real": 20195.28865814209,
    "query_dur_ms_err": 0.9989896249556403,
    "order": [
        0,
        1,
        2,
        3,
        4,
        5,
        6,
        8,
        9,
        7
    ],
    "groupby": false
}