{
    "timestamp": "2022-08-01 13:59:19.943470",
    "dataset": "dmv.csv",
    "model": "dmv.csv-2.6MB-model16.669-data16.507-made-resmade-hidden256_256_256_256_256-emb32-directIo-binaryInone_hotOut-inputNoEmbIfLeq-5epochs-seed0.pt",
    "query": "'SELECT State FROM dmv.csv WHERE County<=YATES'",
    "avg_est": 51.85758590698242,
    "avg_real": 51.86002516464083,
    "avg_err": 4.703541216312919e-05,
    "count_est": 12646315.246220827,
    "count_real": 12646316,
    "count_err": 5.960464477539063e-08,
    "sum_est": 655807379.2876781,
    "sum_real": 655838266.0,
    "sum_err": 4.7095014004378754e-05,
    "query_dur_ms_est": 20.13373374938965,
    "query_dur_ms_real": 20195.28865814209,
    "query_dur_ms_err": 0.9990030479836062,
    "order": [
        0,
        2,
        3,
        4,
        5,
        6,
        7,
        8,
        9,
        1
    ],
    "groupby": false
}