{
    "timestamp": "2022-08-01 13:17:39.954467",
    "dataset": "dmv.csv",
    "model": "dmv.csv-2.6MB-model16.669-data16.507-made-resmade-hidden256_256_256_256_256-emb32-directIo-binaryInone_hotOut-inputNoEmbIfLeq-5epochs-seed0.pt",
    "query": "'SELECT Scofflaw Indicator FROM dmv.csv WHERE Record Type=VEH AND State>=AK<=PR AND County<=WAYNE AND Fuel Type=FLEX AND Suspension Indicator=N AND Revocation Indicator=Y AND Registration Class>=CMH AND Model Year>=1910.0 AND Weight_100<=97.0'",
    "avg_est": 1.0014749765396118,
    "avg_real": NaN,
    "avg_err": NaN,
    "count_est": 0.012859034973177863,
    "count_real": 0,
    "count_err": 0,
    "sum_est": 0.012878001748085349,
    "sum_real": NaN,
    "sum_err": NaN,
    "query_dur_ms_est": 20.690441131591797,
    "query_dur_ms_real": 20195.28865814209,
    "query_dur_ms_err": 0.9989754817828143,
    "order": [
        0,
        1,
        2,
        3,
        5,
        6,
        7,
        8,
        9,
        4
    ],
    "groupby": false
}