{
    "timestamp": "2022-08-01 14:18:56.421473",
    "dataset": "dmv.csv",
    "model": "dmv.csv-2.6MB-model16.669-data16.507-made-resmade-hidden256_256_256_256_256-emb32-directIo-binaryInone_hotOut-inputNoEmbIfLeq-5epochs-seed0.pt",
    "query": "'SELECT Weight_100 FROM dmv.csv WHERE Scofflaw Indicator=N AND Revocation Indicator=Y'",
    "avg_est": 100.05313873291016,
    "avg_real": 1.0735449735449736,
    "avg_err": 92.19883302375564,
    "count_est": 4941.442430508207,
    "count_real": 5670,
    "count_err": 0.12849339849943447,
    "sum_est": 494406.82504032634,
    "sum_real": 6087.0,
    "sum_err": 80.22339823235195,
    "query_dur_ms_est": 20.076274871826172,
    "query_dur_ms_real": 20195.28865814209,
    "query_dur_ms_err": 0.9990058931460862,
    "order": [
        0,
        1,
        2,
        3,
        4,
        5,
        6,
        7,
        8,
        9
    ],
    "groupby": false
}