{
    "timestamp": "2022-08-01 13:28:30.143483",
    "dataset": "dmv.csv",
    "model": "dmv.csv-2.6MB-model16.669-data16.507-made-resmade-hidden256_256_256_256_256-emb32-directIo-binaryInone_hotOut-inputNoEmbIfLeq-5epochs-seed0.pt",
    "query": "'SELECT Record Type FROM dmv.csv WHERE County>=SCHENECTADY'",
    "avg_est": 3.834136962890625,
    "avg_real": 3.822806418779493,
    "avg_err": 0.0029639335268118847,
    "count_est": 3326070.5755575895,
    "count_real": 3305052,
    "count_err": 0.00635952945901896,
    "sum_est": 12752610.134928249,
    "sum_real": 12634574.0,
    "sum_err": 0.00934231220840915,
    "query_dur_ms_est": 20.129680633544922,
    "query_dur_ms_real": 20195.28865814209,
    "query_dur_ms_err": 0.9990032486797148,
    "order": [
        1,
        2,
        3,
        4,
        5,
        6,
        7,
        8,
        9,
        0
    ],
    "groupby": false
}