{
    "timestamp": "2022-08-01 13:18:18.484617",
    "dataset": "dmv.csv",
    "model": "dmv.csv-2.6MB-model16.669-data16.507-made-resmade-hidden256_256_256_256_256-emb32-directIo-binaryInone_hotOut-inputNoEmbIfLeq-5epochs-seed0.pt",
    "query": "'SELECT Record Type FROM dmv.csv WHERE State=MD AND Fuel Type=GAS AND Suspension Indicator=Y'",
    "avg_est": 3.834136962890625,
    "avg_real": 1.0,
    "avg_err": 2.834136962890625,
    "count_est": 123.06584821707293,
    "count_real": 150,
    "count_err": 0.17956101188618048,
    "sum_est": 471.85131751856665,
    "sum_real": 150.0,
    "sum_err": 2.1456754501237776,
    "query_dur_ms_est": 20.276308059692383,
    "query_dur_ms_real": 20195.28865814209,
    "query_dur_ms_err": 0.9989959882028466,
    "order": [
        1,
        2,
        3,
        4,
        5,
        6,
        7,
        8,
        9,
        0
    ],
    "groupby": false
}