{
    "timestamp": "2022-08-01 13:49:43.520925",
    "dataset": "dmv.csv",
    "model": "dmv.csv-2.6MB-model16.669-data16.507-made-resmade-hidden256_256_256_256_256-emb32-directIo-binaryInone_hotOut-inputNoEmbIfLeq-5epochs-seed0.pt",
    "query": "'SELECT Registration Class FROM dmv.csv WHERE State>=ME<=VT AND Fuel Type=COMP N/G AND Revocation Indicator=Y AND Model Year<=1959.0 AND Weight_100>=23.0<=54.0'",
    "avg_est": 44.499942779541016,
    "avg_real": NaN,
    "avg_err": NaN,
    "count_est": 3.2067980610890655e-06,
    "count_real": 0,
    "count_err": 0,
    "sum_est": 0.00014270233022400648,
    "sum_real": NaN,
    "sum_err": NaN,
    "query_dur_ms_est": 20.79629898071289,
    "query_dur_ms_real": 20195.28865814209,
    "query_dur_ms_err": 0.9989702400726851,
    "order": [
        0,
        1,
        2,
        3,
        4,
        5,
        6,
        8,
        9,
        7
    ],
    "groupby": false
}