{
    "timestamp": "2022-08-01 13:53:58.536538",
    "dataset": "dmv.csv",
    "model": "dmv.csv-2.6MB-model16.669-data16.507-made-resmade-hidden256_256_256_256_256-emb32-directIo-binaryInone_hotOut-inputNoEmbIfLeq-5epochs-seed0.pt",
    "query": "'SELECT Weight_100 FROM dmv.csv WHERE Record Type=BOAT AND State>=MS<=S AND Fuel Type=DIESEL AND Scofflaw Indicator=Y AND Suspension Indicator=Y AND Registration Class<=TRC AND Model Year<=1938.0'",
    "avg_est": 100.99911499023438,
    "avg_real": NaN,
    "avg_err": NaN,
    "count_est": 2.2523649277315114e-08,
    "count_real": 0,
    "count_err": 0,
    "sum_est": 2.2748686433592587e-06,
    "sum_real": NaN,
    "sum_err": NaN,
    "query_dur_ms_est": 20.569801330566406,
    "query_dur_ms_real": 20195.28865814209,
    "query_dur_ms_err": 0.998981455443457,
    "order": [
        0,
        1,
        2,
        3,
        4,
        5,
        6,
        7,
        8,
        9
    ],
    "groupby": false
}