{
    "timestamp": "2022-08-01 12:52:56.976187",
    "dataset": "dmv.csv",
    "model": "dmv.csv-2.6MB-model16.669-data16.507-made-resmade-hidden256_256_256_256_256-emb32-directIo-binaryInone_hotOut-inputNoEmbIfLeq-5epochs-seed0.pt",
    "query": "'SELECT Weight_100 FROM dmv.csv WHERE Record Type=VEH AND State>=YT AND County<=ST LAWRENCE AND Scofflaw Indicator=Y AND Suspension Indicator=Y AND Registration Class<=NYA'",
    "avg_est": 98.08676147460938,
    "avg_real": NaN,
    "avg_err": NaN,
    "count_est": 0.0008759309751678324,
    "count_real": 0,
    "count_err": 0,
    "sum_est": 0.08591723262950916,
    "sum_real": NaN,
    "sum_err": NaN,
    "query_dur_ms_est": 20.51377296447754,
    "query_dur_ms_real": 20195.28865814209,
    "query_dur_ms_err": 0.9989842297720163,
    "order": [
        0,
        1,
        2,
        3,
        4,
        5,
        6,
        7,
        8,
        9
    ],
    "groupby": false
}