{
    "timestamp": "2022-08-01 14:12:41.536290",
    "dataset": "dmv.csv",
    "model": "dmv.csv-2.6MB-model16.669-data16.507-made-resmade-hidden256_256_256_256_256-emb32-directIo-binaryInone_hotOut-inputNoEmbIfLeq-5epochs-seed0.pt",
    "query": "'SELECT Suspension Indicator FROM dmv.csv WHERE Fuel Type=DIESEL AND Scofflaw Indicator=Y'",
    "avg_est": 1.074474811553955,
    "avg_real": 1.08,
    "avg_err": 0.005115915227819437,
    "count_est": 668.0775082014588,
    "count_real": 675,
    "count_err": 0.010255543405246162,
    "sum_est": 717.8324547281984,
    "sum_real": 729.0,
    "sum_err": 0.015318992142389026,
    "query_dur_ms_est": 20.088672637939453,
    "query_dur_ms_real": 20195.28865814209,
    "query_dur_ms_err": 0.9990052792521071,
    "order": [
        0,
        1,
        2,
        3,
        4,
        6,
        7,
        8,
        9,
        5
    ],
    "groupby": false
}