{
    "timestamp": "2022-08-01 13:02:55.637542",
    "dataset": "dmv.csv",
    "model": "dmv.csv-2.6MB-model16.669-data16.507-made-resmade-hidden256_256_256_256_256-emb32-directIo-binaryInone_hotOut-inputNoEmbIfLeq-5epochs-seed0.pt",
    "query": "'SELECT Record Type FROM dmv.csv WHERE State>=TX AND County<=ONEIDA AND Scofflaw Indicator=N AND Suspension Indicator=N AND Registration Class>=HOU'",
    "avg_est": 3.834136962890625,
    "avg_real": 2.845225027442371,
    "avg_err": 0.34756897113941326,
    "count_est": 990.5344756752602,
    "count_real": 911,
    "count_err": 0.0873045836171901,
    "sum_est": 3797.8448462039996,
    "sum_real": 2592.0,
    "sum_err": 0.46521791906018506,
    "query_dur_ms_est": 20.42865753173828,
    "query_dur_ms_real": 20195.28865814209,
    "query_dur_ms_err": 0.9989884443902959,
    "order": [
        1,
        2,
        3,
        4,
        5,
        6,
        7,
        8,
        9,
        0
    ],
    "groupby": false
}