{
    "timestamp": "2022-08-01 12:50:30.506742",
    "dataset": "dmv.csv",
    "model": "dmv.csv-2.6MB-model16.669-data16.507-made-resmade-hidden256_256_256_256_256-emb32-directIo-binaryInone_hotOut-inputNoEmbIfLeq-5epochs-seed0.pt",
    "query": "'SELECT Record Type FROM dmv.csv WHERE Scofflaw Indicator=N AND Weight_100=19.0'",
    "avg_est": 3.834136962890625,
    "avg_real": 1.9973631341034657,
    "avg_err": 0.9195993444685319,
    "count_est": 96049.0626596883,
    "count_real": 95568,
    "count_err": 0.005033721116778566,
    "sum_est": 368265.2613945086,
    "sum_real": 190884.0,
    "sum_err": 0.9292620722245374,
    "query_dur_ms_est": 20.111560821533203,
    "query_dur_ms_real": 20195.28865814209,
    "query_dur_ms_err": 0.9990041459093765,
    "order": [
        1,
        2,
        3,
        4,
        5,
        6,
        7,
        8,
        9,
        0
    ],
    "groupby": false
}