{
    "timestamp": "2022-08-01 13:40:29.062667",
    "dataset": "dmv.csv",
    "model": "dmv.csv-2.6MB-model16.669-data16.507-made-resmade-hidden256_256_256_256_256-emb32-directIo-binaryInone_hotOut-inputNoEmbIfLeq-5epochs-seed0.pt",
    "query": "'SELECT Registration Class FROM dmv.csv WHERE Record Type=TRL AND State>=CO<=YH AND County<=WYOMING AND Fuel Type=ELECTRIC AND Scofflaw Indicator=N AND Suspension Indicator=N AND Model Year>=1964.0<=1968.0 AND Weight_100<=72.0'",
    "avg_est": 46.86050033569336,
    "avg_real": NaN,
    "avg_err": NaN,
    "count_est": 0.0006015343126897499,
    "count_real": 0,
    "count_err": 0,
    "sum_est": 0.0281881988617291,
    "sum_real": NaN,
    "sum_err": NaN,
    "query_dur_ms_est": 20.902395248413086,
    "query_dur_ms_real": 20195.28865814209,
    "query_dur_ms_err": 0.9989649865569025,
    "order": [
        0,
        1,
        2,
        3,
        4,
        5,
        6,
        8,
        9,
        7
    ],
    "groupby": false
}