{
    "timestamp": "2022-08-01 13:26:42.864877",
    "dataset": "dmv.csv",
    "model": "dmv.csv-2.6MB-model16.669-data16.507-made-resmade-hidden256_256_256_256_256-emb32-directIo-binaryInone_hotOut-inputNoEmbIfLeq-5epochs-seed0.pt",
    "query": "'SELECT Record Type FROM dmv.csv WHERE Suspension Indicator=Y'",
    "avg_est": 3.834136962890625,
    "avg_real": 3.997935575725218,
    "avg_err": 0.04097079848638642,
    "count_est": 139513.88955027983,
    "count_real": 140475,
    "count_err": 0.006841861183272284,
    "sum_est": 534915.360761368,
    "sum_real": 561610.0,
    "sum_err": 0.047532343153847065,
    "query_dur_ms_est": 20.247697830200195,
    "query_dur_ms_real": 20195.28865814209,
    "query_dur_ms_err": 0.9989974048812599,
    "order": [
        1,
        2,
        3,
        4,
        5,
        6,
        7,
        8,
        9,
        0
    ],
    "groupby": false
}