{
    "timestamp": "2022-08-01 13:55:39.777074",
    "dataset": "dmv.csv",
    "model": "dmv.csv-2.6MB-model16.669-data16.507-made-resmade-hidden256_256_256_256_256-emb32-directIo-binaryInone_hotOut-inputNoEmbIfLeq-5epochs-seed0.pt",
    "query": "'SELECT Scofflaw Indicator FROM dmv.csv WHERE Suspension Indicator=Y'",
    "avg_est": 1.0015393495559692,
    "avg_real": 1.016223527318028,
    "avg_err": 0.014449751818689535,
    "count_est": 142923.2209714949,
    "count_real": 140475,
    "count_err": 0.017428161391670496,
    "sum_est": 143143.2297682351,
    "sum_real": 142753.99999999997,
    "sum_err": 0.002726576966215448,
    "query_dur_ms_est": 20.20120620727539,
    "query_dur_ms_real": 20195.28865814209,
    "query_dur_ms_err": 0.9989997069836816,
    "order": [
        0,
        1,
        2,
        3,
        5,
        6,
        7,
        8,
        9,
        4
    ],
    "groupby": false
}