{
    "timestamp": "2022-08-01 13:51:55.003255",
    "dataset": "dmv.csv",
    "model": "dmv.csv-2.6MB-model16.669-data16.507-made-resmade-hidden256_256_256_256_256-emb32-directIo-binaryInone_hotOut-inputNoEmbIfLeq-5epochs-seed0.pt",
    "query": "'SELECT County FROM dmv.csv WHERE Record Type=TRL AND Weight_100=46.0'",
    "avg_est": 32.513877868652344,
    "avg_real": 18.541176470588237,
    "avg_err": 0.753603819058026,
    "count_est": 141.41978908819874,
    "count_real": 85,
    "count_err": 0.663762224567044,
    "sum_est": 4598.105750624267,
    "sum_real": 1576.0000000000002,
    "sum_err": 1.9175797910052452,
    "query_dur_ms_est": 20.476818084716797,
    "query_dur_ms_real": 20195.28865814209,
    "query_dur_ms_err": 0.9989860596483001,
    "order": [
        0,
        1,
        3,
        4,
        5,
        6,
        7,
        8,
        9,
        2
    ],
    "groupby": false
}