{
    "timestamp": "2022-08-01 13:45:40.644124",
    "dataset": "dmv.csv",
    "model": "dmv.csv-2.6MB-model16.669-data16.507-made-resmade-hidden256_256_256_256_256-emb32-directIo-binaryInone_hotOut-inputNoEmbIfLeq-5epochs-seed0.pt",
    "query": "'SELECT Scofflaw Indicator FROM dmv.csv WHERE Record Type=BOAT AND State>=OH<=US AND County=ONTARIO AND Fuel Type=ELECTRIC AND Revocation Indicator=N'",
    "avg_est": 1.0000425577163696,
    "avg_real": NaN,
    "avg_err": NaN,
    "count_est": 0.06255298716135904,
    "count_real": 0,
    "count_err": 0,
    "sum_est": 0.06255564927364472,
    "sum_real": NaN,
    "sum_err": NaN,
    "query_dur_ms_est": 20.578622817993164,
    "query_dur_ms_real": 20195.28865814209,
    "query_dur_ms_err": 0.9989810186342795,
    "order": [
        0,
        1,
        2,
        3,
        5,
        6,
        7,
        8,
        9,
        4
    ],
    "groupby": false
}