{
    "timestamp": "2022-08-01 13:02:34.223876",
    "dataset": "dmv.csv",
    "model": "dmv.csv-2.6MB-model16.669-data16.507-made-resmade-hidden256_256_256_256_256-emb32-directIo-binaryInone_hotOut-inputNoEmbIfLeq-5epochs-seed0.pt",
    "query": "'SELECT Revocation Indicator FROM dmv.csv WHERE Record Type=BOAT'",
    "avg_est": 1.000004768371582,
    "avg_real": 1.0,
    "avg_err": 4.76837158203125e-06,
    "count_est": 364348.44412599504,
    "count_real": 365645,
    "count_err": 0.0035459417577293826,
    "sum_est": 364350.181474762,
    "sum_real": 365645.0,
    "sum_err": 0.0035411902945152287,
    "query_dur_ms_est": 20.087003707885742,
    "query_dur_ms_real": 20195.28865814209,
    "query_dur_ms_err": 0.9990053618916812,
    "order": [
        0,
        1,
        2,
        3,
        4,
        5,
        7,
        8,
        9,
        6
    ],
    "groupby": false
}