{
    "timestamp": "2022-08-01 14:08:56.519846",
    "dataset": "dmv.csv",
    "model": "dmv.csv-2.6MB-model16.669-data16.507-made-resmade-hidden256_256_256_256_256-emb32-directIo-binaryInone_hotOut-inputNoEmbIfLeq-5epochs-seed0.pt",
    "query": "'SELECT Record Type FROM dmv.csv WHERE Fuel Type=COMP N/G AND Scofflaw Indicator=Y AND Suspension Indicator=N AND Weight_100>=34.0'",
    "avg_est": 3.834136962890625,
    "avg_real": NaN,
    "avg_err": NaN,
    "count_est": 3.7159841861523546,
    "count_real": 0,
    "count_err": 0,
    "sum_est": 14.24759232164378,
    "sum_real": NaN,
    "sum_err": NaN,
    "query_dur_ms_est": 20.27416229248047,
    "query_dur_ms_real": 20195.28865814209,
    "query_dur_ms_err": 0.9989960944537276,
    "order": [
        1,
        2,
        3,
        4,
        5,
        6,
        7,
        8,
        9,
        0
    ],
    "groupby": false
}