{
    "timestamp": "2022-08-01 12:54:06.015817",
    "dataset": "dmv.csv",
    "model": "dmv.csv-2.6MB-model16.669-data16.507-made-resmade-hidden256_256_256_256_256-emb32-directIo-binaryInone_hotOut-inputNoEmbIfLeq-5epochs-seed0.pt",
    "query": "'SELECT Model Year FROM dmv.csv WHERE County>=CHENANGO AND Registration Class>=HIS<=SRF'",
    "avg_est": 114.1048583984375,
    "avg_real": 112.70408827883884,
    "avg_err": 0.012428742745631775,
    "count_est": 10115765.495928526,
    "count_real": 10108606,
    "count_err": 0.0007082574915399734,
    "sum_est": 1154257989.5047243,
    "sum_real": 1139281223.0,
    "sum_err": 0.013145802987331657,
    "query_dur_ms_est": 20.235776901245117,
    "query_dur_ms_real": 20195.28865814209,
    "query_dur_ms_err": 0.9989979951639322,
    "order": [
        0,
        1,
        2,
        3,
        4,
        5,
        6,
        7,
        9,
        8
    ],
    "groupby": false
}