{
    "timestamp": "2022-08-01 14:07:56.276769",
    "dataset": "dmv.csv",
    "model": "dmv.csv-2.6MB-model16.669-data16.507-made-resmade-hidden256_256_256_256_256-emb32-directIo-binaryInone_hotOut-inputNoEmbIfLeq-5epochs-seed0.pt",
    "query": "'SELECT Weight_100 FROM dmv.csv WHERE Suspension Indicator=Y AND Registration Class>=OMT'",
    "avg_est": 58.64544677734375,
    "avg_real": 44.377324615867984,
    "avg_err": 0.3215183043363078,
    "count_est": 129354.8543031551,
    "count_real": 133678,
    "count_err": 0.03233999384225456,
    "sum_est": 7586073.223426737,
    "sum_real": 5932272.0,
    "sum_err": 0.2787804105116449,
    "query_dur_ms_est": 20.120620727539062,
    "query_dur_ms_real": 20195.28865814209,
    "query_dur_ms_err": 0.9990036972945456,
    "order": [
        0,
        1,
        2,
        3,
        4,
        5,
        6,
        7,
        8,
        9
    ],
    "groupby": false
}