{
    "timestamp": "2022-08-01 13:54:41.087768",
    "dataset": "dmv.csv",
    "model": "dmv.csv-2.6MB-model16.669-data16.507-made-resmade-hidden256_256_256_256_256-emb32-directIo-binaryInone_hotOut-inputNoEmbIfLeq-5epochs-seed0.pt",
    "query": "'SELECT Model Year FROM dmv.csv WHERE Suspension Indicator=Y AND Registration Class>=RGL<=STG AND Weight_100>=49.0'",
    "avg_est": 113.17196655273438,
    "avg_real": 48.35544499723604,
    "avg_err": 1.3404182622909,
    "count_est": 1682.486825808126,
    "count_real": 1809,
    "count_err": 0.06993541967488888,
    "sum_est": 190410.34277577346,
    "sum_real": 87475.0,
    "sum_err": 1.1767401289028119,
    "query_dur_ms_est": 20.241498947143555,
    "query_dur_ms_real": 20195.28865814209,
    "query_dur_ms_err": 0.9989977118282495,
    "order": [
        0,
        1,
        2,
        3,
        4,
        5,
        6,
        7,
        9,
        8
    ],
    "groupby": false
}