{
    "timestamp": "2022-08-01 12:49:01.051936",
    "dataset": "dmv.csv",
    "model": "dmv.csv-2.6MB-model16.669-data16.507-made-resmade-hidden256_256_256_256_256-emb32-directIo-binaryInone_hotOut-inputNoEmbIfLeq-5epochs-seed0.pt",
    "query": "'SELECT Fuel Type FROM dmv.csv WHERE Scofflaw Indicator=N'",
    "avg_est": 5.878200531005859,
    "avg_real": NaN,
    "avg_err": NaN,
    "count_est": 12625934.564944029,
    "count_real": 12625910,
    "count_err": 1.945597903743522e-06,
    "sum_est": 74217775.26409923,
    "sum_real": NaN,
    "sum_err": NaN,
    "query_dur_ms_est": 20.078659057617188,
    "query_dur_ms_real": 20195.28865814209,
    "query_dur_ms_err": 0.9990057750895518,
    "order": [
        0,
        1,
        2,
        4,
        5,
        6,
        7,
        8,
        9,
        3
    ],
    "groupby": false
}