{
    "timestamp": "2022-08-01 13:00:10.950998",
    "dataset": "dmv.csv",
    "model": "dmv.csv-2.6MB-model16.669-data16.507-made-resmade-hidden256_256_256_256_256-emb32-directIo-binaryInone_hotOut-inputNoEmbIfLeq-5epochs-seed0.pt",
    "query": "'SELECT Weight_100 FROM dmv.csv WHERE Model Year>=2006.0'",
    "avg_est": 62.07317352294922,
    "avg_real": 41.49956544035346,
    "avg_err": 0.49575478355709096,
    "count_est": 10374217.529835701,
    "count_real": 10440454,
    "count_err": 0.006344213591123433,
    "sum_est": 643960604.8943131,
    "sum_real": 433274304.0,
    "sum_err": 0.4862653957302603,
    "query_dur_ms_est": 20.107030868530273,
    "query_dur_ms_real": 20195.28865814209,
    "query_dur_ms_err": 0.9990043702167919,
    "order": [
        0,
        1,
        2,
        3,
        4,
        5,
        6,
        7,
        8,
        9
    ],
    "groupby": false
}