{
    "timestamp": "2022-08-01 14:09:15.319319",
    "dataset": "dmv.csv",
    "model": "dmv.csv-2.6MB-model16.669-data16.507-made-resmade-hidden256_256_256_256_256-emb32-directIo-binaryInone_hotOut-inputNoEmbIfLeq-5epochs-seed0.pt",
    "query": "'SELECT County FROM dmv.csv WHERE Suspension Indicator=Y AND Revocation Indicator=N AND Model Year<=1942.0'",
    "avg_est": 34.42791748046875,
    "avg_real": 11.653846153846153,
    "avg_err": 1.9542107408983087,
    "count_est": 21.666503073089643,
    "count_real": 26,
    "count_err": 0.1666729587273214,
    "sum_est": 745.9325798906528,
    "sum_real": 303.0,
    "sum_err": 1.4618236960087552,
    "query_dur_ms_est": 20.1568603515625,
    "query_dur_ms_real": 20195.28865814209,
    "query_dur_ms_err": 0.9990019028352222,
    "order": [
        0,
        1,
        3,
        4,
        5,
        6,
        7,
        8,
        9,
        2
    ],
    "groupby": false
}