{
    "timestamp": "2022-08-01 13:49:15.244520",
    "dataset": "dmv.csv",
    "model": "dmv.csv-2.6MB-model16.669-data16.507-made-resmade-hidden256_256_256_256_256-emb32-directIo-binaryInone_hotOut-inputNoEmbIfLeq-5epochs-seed0.pt",
    "query": "'SELECT Revocation Indicator FROM dmv.csv WHERE Record Type=SNOW AND Suspension Indicator=N'",
    "avg_est": 1.0000004768371582,
    "avg_real": 1.0,
    "avg_err": 4.76837158203125e-07,
    "count_est": 111325.2809334211,
    "count_real": 113014,
    "count_err": 0.014942565227130222,
    "sum_est": 111325.3340174517,
    "sum_real": 113014.0,
    "sum_err": 0.01494209551514231,
    "query_dur_ms_est": 20.292043685913086,
    "query_dur_ms_real": 20195.28865814209,
    "query_dur_ms_err": 0.9989952090297193,
    "order": [
        0,
        1,
        2,
        3,
        4,
        5,
        7,
        8,
        9,
        6
    ],
    "groupby": false
}