{
    "timestamp": "2022-08-01 14:19:54.489563",
    "dataset": "dmv.csv",
    "model": "dmv.csv-2.6MB-model16.669-data16.507-made-resmade-hidden256_256_256_256_256-emb32-directIo-binaryInone_hotOut-inputNoEmbIfLeq-5epochs-seed0.pt",
    "query": "'SELECT Registration Class FROM dmv.csv WHERE Record Type=TRL AND State=CN AND Scofflaw Indicator=Y AND Suspension Indicator=Y AND Revocation Indicator=N AND Weight_100>=33.0<=51.0'",
    "avg_est": 54.830081939697266,
    "avg_real": NaN,
    "avg_err": NaN,
    "count_est": 1.7608668300745175e-11,
    "count_real": 0,
    "count_err": 0,
    "sum_est": 9.654847257788078e-10,
    "sum_real": NaN,
    "sum_err": NaN,
    "query_dur_ms_est": 20.583152770996094,
    "query_dur_ms_real": 20195.28865814209,
    "query_dur_ms_err": 0.998980794326864,
    "order": [
        0,
        1,
        2,
        3,
        4,
        5,
        6,
        8,
        9,
        7
    ],
    "groupby": false
}