{
    "timestamp": "2022-08-01 12:42:30.284551",
    "dataset": "dmv.csv",
    "model": "dmv.csv-2.6MB-model16.669-data16.507-made-resmade-hidden256_256_256_256_256-emb32-directIo-binaryInone_hotOut-inputNoEmbIfLeq-5epochs-seed0.pt",
    "query": "'SELECT Weight_100 FROM dmv.csv WHERE Revocation Indicator=Y AND Model Year>=1919.0'",
    "avg_est": 99.74540710449219,
    "avg_real": 1.0734154929577464,
    "avg_err": 91.92339057790973,
    "count_est": 5242.782217404572,
    "count_real": 5680,
    "count_err": 0.07697496172454713,
    "sum_est": 522943.44663521135,
    "sum_real": 6097.0,
    "sum_err": 84.77061614485999,
    "query_dur_ms_est": 20.110368728637695,
    "query_dur_ms_real": 20195.28865814209,
    "query_dur_ms_err": 0.9990042049376437,
    "order": [
        0,
        1,
        2,
        3,
        4,
        5,
        6,
        7,
        8,
        9
    ],
    "groupby": false
}