{
    "timestamp": "2022-08-01 13:20:01.263116",
    "dataset": "dmv.csv",
    "model": "dmv.csv-2.6MB-model16.669-data16.507-made-resmade-hidden256_256_256_256_256-emb32-directIo-binaryInone_hotOut-inputNoEmbIfLeq-5epochs-seed0.pt",
    "query": "'SELECT Record Type FROM dmv.csv WHERE Scofflaw Indicator=N'",
    "avg_est": 3.834136962890625,
    "avg_real": 3.8338276607389092,
    "avg_err": 8.067711412362998e-05,
    "count_est": 12627378.052060127,
    "count_real": 12625910,
    "count_err": 0.00011627297043359713,
    "sum_est": 48415096.93379755,
    "sum_real": 48405563.0,
    "sum_err": 0.00019695946512497296,
    "query_dur_ms_est": 20.028114318847656,
    "query_dur_ms_real": 20195.28865814209,
    "query_dur_ms_err": 0.9990082778880819,
    "order": [
        1,
        2,
        3,
        4,
        5,
        6,
        7,
        8,
        9,
        0
    ],
    "groupby": false
}