{
    "timestamp": "2022-08-01 13:10:14.206890",
    "dataset": "dmv.csv",
    "model": "dmv.csv-2.6MB-model16.669-data16.507-made-resmade-hidden256_256_256_256_256-emb32-directIo-binaryInone_hotOut-inputNoEmbIfLeq-5epochs-seed0.pt",
    "query": "'SELECT State FROM dmv.csv WHERE Fuel Type=FLEX AND Weight_100>=20.0<=69.0'",
    "avg_est": 51.85725021362305,
    "avg_real": 6.9862728785357735,
    "avg_err": 6.422734713518893,
    "count_est": 2755.7126802257844,
    "count_real": 2404,
    "count_err": 0.14630311157478554,
    "sum_est": 142903.6819753223,
    "sum_real": 16795.0,
    "sum_err": 7.508703898500881,
    "query_dur_ms_est": 20.21503448486328,
    "query_dur_ms_real": 20195.28865814209,
    "query_dur_ms_err": 0.9989990222557817,
    "order": [
        0,
        2,
        3,
        4,
        5,
        6,
        7,
        8,
        9,
        1
    ],
    "groupby": false
}