{
    "timestamp": "2022-08-01 13:02:03.289616",
    "dataset": "dmv.csv",
    "model": "dmv.csv-2.6MB-model16.669-data16.507-made-resmade-hidden256_256_256_256_256-emb32-directIo-binaryInone_hotOut-inputNoEmbIfLeq-5epochs-seed0.pt",
    "query": "'SELECT Revocation Indicator FROM dmv.csv WHERE County<=OSWEGO AND Scofflaw Indicator=Y'",
    "avg_est": 1.0005666017532349,
    "avg_real": 1.0006931207762952,
    "avg_err": 0.0001264313908366138,
    "count_est": 10926.581195502076,
    "count_real": 11542,
    "count_err": 0.053319944940038444,
    "sum_est": 10932.772215564311,
    "sum_real": 11550.0,
    "sum_err": 0.05343963501607694,
    "query_dur_ms_est": 20.273447036743164,
    "query_dur_ms_real": 20195.28865814209,
    "query_dur_ms_err": 0.998996129870688,
    "order": [
        0,
        1,
        2,
        3,
        4,
        5,
        7,
        8,
        9,
        6
    ],
    "groupby": false
}