{
    "timestamp": "2022-08-01 13:56:08.733524",
    "dataset": "dmv.csv",
    "model": "dmv.csv-2.6MB-model16.669-data16.507-made-resmade-hidden256_256_256_256_256-emb32-directIo-binaryInone_hotOut-inputNoEmbIfLeq-5epochs-seed0.pt",
    "query": "'SELECT County FROM dmv.csv WHERE Record Type=SNOW AND State>=IA<=VT AND Scofflaw Indicator=Y AND Suspension Indicator=Y AND Registration Class<=SNO AND Model Year<=2022.0'",
    "avg_est": 31.821455001831055,
    "avg_real": NaN,
    "avg_err": NaN,
    "count_est": 0.0007815108591058273,
    "count_real": 0,
    "count_err": 0,
    "sum_est": 0.024868812636478412,
    "sum_real": NaN,
    "sum_err": NaN,
    "query_dur_ms_est": 20.76125144958496,
    "query_dur_ms_real": 20195.28865814209,
    "query_dur_ms_err": 0.9989719755037413,
    "order": [
        0,
        1,
        3,
        4,
        5,
        6,
        7,
        8,
        9,
        2
    ],
    "groupby": false
}