{
    "timestamp": "2022-08-01 12:46:16.058293",
    "dataset": "dmv.csv",
    "model": "dmv.csv-2.6MB-model16.669-data16.507-made-resmade-hidden256_256_256_256_256-emb32-directIo-binaryInone_hotOut-inputNoEmbIfLeq-5epochs-seed0.pt",
    "query": "'SELECT Scofflaw Indicator FROM dmv.csv WHERE Record Type=SNOW AND State>=CO<=WY AND County>=ORLEANS<=ST LAWRENCE AND Fuel Type=DIESEL AND Suspension Indicator=N AND Revocation Indicator=Y AND Registration Class<=OMV AND Model Year=1977.0 AND Weight_100<=26.0'",
    "avg_est": 1.000006914138794,
    "avg_real": NaN,
    "avg_err": NaN,
    "count_est": 1.4818499014101285e-31,
    "count_real": 0,
    "count_err": 0,
    "sum_est": 1.4818601471260187e-31,
    "sum_real": NaN,
    "sum_err": NaN,
    "query_dur_ms_est": 20.77317237854004,
    "query_dur_ms_real": 20195.28865814209,
    "query_dur_ms_err": 0.9989713852210691,
    "order": [
        0,
        1,
        2,
        3,
        5,
        6,
        7,
        8,
        9,
        4
    ],
    "groupby": false
}