{
    "timestamp": "2022-08-01 13:16:26.606066",
    "dataset": "dmv.csv",
    "model": "dmv.csv-2.6MB-model16.669-data16.507-made-resmade-hidden256_256_256_256_256-emb32-directIo-binaryInone_hotOut-inputNoEmbIfLeq-5epochs-seed0.pt",
    "query": "'SELECT Scofflaw Indicator FROM dmv.csv WHERE State>=PK AND Fuel Type=FLEX AND Registration Class<=JCL'",
    "avg_est": 1.0002084970474243,
    "avg_real": 1.0,
    "avg_err": 0.0002084970474243164,
    "count_est": 243.4473472818354,
    "count_real": 245,
    "count_err": 0.006337358033324934,
    "sum_est": 243.49810533494693,
    "sum_real": 245.0,
    "sum_err": 0.00613018230633907,
    "query_dur_ms_est": 20.166873931884766,
    "query_dur_ms_real": 20195.28865814209,
    "query_dur_ms_err": 0.9990014069977775,
    "order": [
        0,
        1,
        2,
        3,
        5,
        6,
        7,
        8,
        9,
        4
    ],
    "groupby": false
}