{
    "timestamp": "2022-08-01 13:24:05.459588",
    "dataset": "dmv.csv",
    "model": "dmv.csv-2.6MB-model16.669-data16.507-made-resmade-hidden256_256_256_256_256-emb32-directIo-binaryInone_hotOut-inputNoEmbIfLeq-5epochs-seed0.pt",
    "query": "'SELECT State FROM dmv.csv WHERE Model Year>=1903.0 AND Weight_100>=17.0<=23.0'",
    "avg_est": 51.8537712097168,
    "avg_real": 38.92554039726976,
    "avg_err": 0.33212720184493133,
    "count_est": 690221.1725954115,
    "count_real": 684774,
    "count_err": 0.00795470125240085,
    "sum_est": 35790570.76786492,
    "sum_real": 26655198.0,
    "sum_err": 0.3427238757658045,
    "query_dur_ms_est": 20.212411880493164,
    "query_dur_ms_real": 20195.28865814209,
    "query_dur_ms_err": 0.9989991521179696,
    "order": [
        0,
        2,
        3,
        4,
        5,
        6,
        7,
        8,
        9,
        1
    ],
    "groupby": false
}