{
    "timestamp": "2022-08-01 13:27:28.594401",
    "dataset": "dmv.csv",
    "model": "dmv.csv-2.6MB-model16.669-data16.507-made-resmade-hidden256_256_256_256_256-emb32-directIo-binaryInone_hotOut-inputNoEmbIfLeq-5epochs-seed0.pt",
    "query": "'SELECT Record Type FROM dmv.csv WHERE Fuel Type=COMP N/G'",
    "avg_est": 3.834136962890625,
    "avg_real": 1.993211334120425,
    "avg_err": 0.9235978128644214,
    "count_est": 3732.4652901153313,
    "count_real": 3388,
    "count_err": 0.101672163552341,
    "sum_est": 14310.783131537471,
    "sum_real": 6753.0,
    "sum_err": 1.1191741643028983,
    "query_dur_ms_est": 20.064592361450195,
    "query_dur_ms_real": 20195.28865814209,
    "query_dur_ms_err": 0.999006471623105,
    "order": [
        1,
        2,
        3,
        4,
        5,
        6,
        7,
        8,
        9,
        0
    ],
    "groupby": false
}