{
    "timestamp": "2022-08-01 13:31:21.755920",
    "dataset": "dmv.csv",
    "model": "dmv.csv-2.6MB-model16.669-data16.507-made-resmade-hidden256_256_256_256_256-emb32-directIo-binaryInone_hotOut-inputNoEmbIfLeq-5epochs-seed0.pt",
    "query": "'SELECT County FROM dmv.csv WHERE State=WA AND Fuel Type=FLEX AND Registration Class>=VPL AND Weight_100>=32.0<=56.0'",
    "avg_est": 39.46040725708008,
    "avg_real": NaN,
    "avg_err": NaN,
    "count_est": 2.7104034091429947e-10,
    "count_real": 0,
    "count_err": 0,
    "sum_est": 1.069536223557608e-08,
    "sum_real": NaN,
    "sum_err": NaN,
    "query_dur_ms_est": 20.427703857421875,
    "query_dur_ms_real": 20195.28865814209,
    "query_dur_ms_err": 0.9989884916129096,
    "order": [
        0,
        1,
        3,
        4,
        5,
        6,
        7,
        8,
        9,
        2
    ],
    "groupby": false
}