{
    "timestamp": "2022-08-01 12:46:38.871818",
    "dataset": "dmv.csv",
    "model": "dmv.csv-2.6MB-model16.669-data16.507-made-resmade-hidden256_256_256_256_256-emb32-directIo-binaryInone_hotOut-inputNoEmbIfLeq-5epochs-seed0.pt",
    "query": "'SELECT Suspension Indicator FROM dmv.csv WHERE State>=NS AND Registration Class>=CMH'",
    "avg_est": 1.0108280181884766,
    "avg_real": 1.0114774119238412,
    "avg_err": 0.0006420249505419029,
    "count_est": 11976117.369351864,
    "count_real": 12034159,
    "count_err": 0.004823073274014091,
    "sum_est": 12105794.986054536,
    "sum_real": 12172280.000000002,
    "sum_err": 0.005462001691175843,
    "query_dur_ms_est": 20.287036895751953,
    "query_dur_ms_real": 20195.28865814209,
    "query_dur_ms_err": 0.9989954569484416,
    "order": [
        0,
        1,
        2,
        3,
        4,
        6,
        7,
        8,
        9,
        5
    ],
    "groupby": false
}