{
    "timestamp": "2022-08-01 13:17:55.339352",
    "dataset": "dmv.csv",
    "model": "dmv.csv-2.6MB-model16.669-data16.507-made-resmade-hidden256_256_256_256_256-emb32-directIo-binaryInone_hotOut-inputNoEmbIfLeq-5epochs-seed0.pt",
    "query": "'SELECT State FROM dmv.csv WHERE Fuel Type=PROPANE AND Scofflaw Indicator=Y AND Revocation Indicator=N'",
    "avg_est": 51.8599967956543,
    "avg_real": NaN,
    "avg_err": NaN,
    "count_est": 0.1769629280249525,
    "count_real": 0,
    "count_err": 0,
    "sum_est": 9.177296880323638,
    "sum_real": NaN,
    "sum_err": NaN,
    "query_dur_ms_est": 20.25580406188965,
    "query_dur_ms_real": 20195.28865814209,
    "query_dur_ms_err": 0.9989970034890429,
    "order": [
        0,
        2,
        3,
        4,
        5,
        6,
        7,
        8,
        9,
        1
    ],
    "groupby": false
}