{
    "timestamp": "2022-08-01 12:44:03.148127",
    "dataset": "dmv.csv",
    "model": "dmv.csv-2.6MB-model16.669-data16.507-made-resmade-hidden256_256_256_256_256-emb32-directIo-binaryInone_hotOut-inputNoEmbIfLeq-5epochs-seed0.pt",
    "query": "'SELECT Fuel Type FROM dmv.csv WHERE Record Type=TRL AND County>=ORANGE<=WARREN AND Scofflaw Indicator=N AND Registration Class=NYS AND Weight_100>=19.0'",
    "avg_est": 6.999891757965088,
    "avg_real": NaN,
    "avg_err": NaN,
    "count_est": 0.0538339305770279,
    "count_real": 0,
    "count_err": 0,
    "sum_est": 0.3768316869450023,
    "sum_real": NaN,
    "sum_err": NaN,
    "query_dur_ms_est": 20.49851417541504,
    "query_dur_ms_real": 20195.28865814209,
    "query_dur_ms_err": 0.9989849853338367,
    "order": [
        0,
        1,
        2,
        4,
        5,
        6,
        7,
        8,
        9,
        3
    ],
    "groupby": false
}