{
    "timestamp": "2022-08-01 13:44:59.966637",
    "dataset": "dmv.csv",
    "model": "dmv.csv-2.6MB-model16.669-data16.507-made-resmade-hidden256_256_256_256_256-emb32-directIo-binaryInone_hotOut-inputNoEmbIfLeq-5epochs-seed0.pt",
    "query": "'SELECT Fuel Type FROM dmv.csv WHERE Record Type=SNOW AND Suspension Indicator=Y'",
    "avg_est": 1.0000052452087402,
    "avg_real": 1.0,
    "avg_err": 5.245208740234375e-06,
    "count_est": 8.227813785169019,
    "count_real": 5,
    "count_err": 0.6455627570338038,
    "sum_est": 8.227856941769797,
    "sum_real": 5.0,
    "sum_err": 0.6455713883539594,
    "query_dur_ms_est": 20.10798454284668,
    "query_dur_ms_real": 20195.28865814209,
    "query_dur_ms_err": 0.9990043229941782,
    "order": [
        0,
        1,
        2,
        4,
        5,
        6,
        7,
        8,
        9,
        3
    ],
    "groupby": false
}