{
    "timestamp": "2022-08-01 13:40:03.519693",
    "dataset": "dmv.csv",
    "model": "dmv.csv-2.6MB-model16.669-data16.507-made-resmade-hidden256_256_256_256_256-emb32-directIo-binaryInone_hotOut-inputNoEmbIfLeq-5epochs-seed0.pt",
    "query": "'SELECT Weight_100 FROM dmv.csv WHERE Registration Class>=HSM AND Model Year>=1976.0'",
    "avg_est": 60.8887939453125,
    "avg_real": 42.87810448527016,
    "avg_err": 0.4200439752701644,
    "count_est": 11096499.286214352,
    "count_real": 11175202,
    "count_err": 0.00704262113433371,
    "sum_est": 675652458.5526129,
    "sum_real": 479171479.0,
    "sum_err": 0.41004314355824356,
    "query_dur_ms_est": 20.307064056396484,
    "query_dur_ms_real": 20195.28865814209,
    "query_dur_ms_err": 0.9989944652735523,
    "order": [
        0,
        1,
        2,
        3,
        4,
        5,
        6,
        7,
        8,
        9
    ],
    "groupby": false
}