{
    "timestamp": "2022-08-01 13:06:22.425727",
    "dataset": "dmv.csv",
    "model": "dmv.csv-2.6MB-model16.669-data16.507-made-resmade-hidden256_256_256_256_256-emb32-directIo-binaryInone_hotOut-inputNoEmbIfLeq-5epochs-seed0.pt",
    "query": "'SELECT State FROM dmv.csv WHERE Record Type=BOAT'",
    "avg_est": 51.559146881103516,
    "avg_real": 38.668511807901105,
    "avg_err": 0.3333625854866356,
    "count_est": 364348.44412599504,
    "count_real": 365645,
    "count_err": 0.0035459417577293826,
    "sum_est": 18785494.946593717,
    "sum_real": 14138948.0,
    "sum_err": 0.32863455941656455,
    "query_dur_ms_est": 20.016908645629883,
    "query_dur_ms_real": 20195.28865814209,
    "query_dur_ms_err": 0.9990088327537938,
    "order": [
        0,
        2,
        3,
        4,
        5,
        6,
        7,
        8,
        9,
        1
    ],
    "groupby": false
}