{
    "timestamp": "2022-08-01 13:59:42.181192",
    "dataset": "dmv.csv",
    "model": "dmv.csv-2.6MB-model16.669-data16.507-made-resmade-hidden256_256_256_256_256-emb32-directIo-binaryInone_hotOut-inputNoEmbIfLeq-5epochs-seed0.pt",
    "query": "'SELECT Record Type FROM dmv.csv WHERE Revocation Indicator=N'",
    "avg_est": 3.834136962890625,
    "avg_real": 3.8340147600168217,
    "avg_err": 3.187334464062718e-05,
    "count_est": 12641323.7205379,
    "count_real": 12640636,
    "count_err": 5.4405532909967875e-05,
    "sum_est": 48468566.5367804,
    "sum_real": 48464385.0,
    "sum_err": 8.628061163681462e-05,
    "query_dur_ms_est": 20.095348358154297,
    "query_dur_ms_real": 20195.28865814209,
    "query_dur_ms_err": 0.9990049486938107,
    "order": [
        1,
        2,
        3,
        4,
        5,
        6,
        7,
        8,
        9,
        0
    ],
    "groupby": false
}