{
    "timestamp": "2022-08-01 14:16:13.041844",
    "dataset": "dmv.csv",
    "model": "dmv.csv-2.6MB-model16.669-data16.507-made-resmade-hidden256_256_256_256_256-emb32-directIo-binaryInone_hotOut-inputNoEmbIfLeq-5epochs-seed0.pt",
    "query": "'SELECT Weight_100 FROM dmv.csv WHERE Revocation Indicator=Y AND Model Year>=2012.0<=2023.0'",
    "avg_est": 99.82302856445312,
    "avg_real": 1.0221327967806841,
    "avg_err": 96.6615062923882,
    "count_est": 4554.529936619918,
    "count_real": 4970,
    "count_err": 0.08359558619317548,
    "sum_est": 454646.97196086694,
    "sum_real": 5080.0,
    "sum_err": 88.49743542536751,
    "query_dur_ms_est": 20.157337188720703,
    "query_dur_ms_real": 20195.28865814209,
    "query_dur_ms_err": 0.9990018792239153,
    "order": [
        0,
        1,
        2,
        3,
        4,
        5,
        6,
        7,
        8,
        9
    ],
    "groupby": false
}