{
    "timestamp": "2022-08-01 13:06:08.467297",
    "dataset": "dmv.csv",
    "model": "dmv.csv-2.6MB-model16.669-data16.507-made-resmade-hidden256_256_256_256_256-emb32-directIo-binaryInone_hotOut-inputNoEmbIfLeq-5epochs-seed0.pt",
    "query": "'SELECT State FROM dmv.csv WHERE Record Type=TRL AND County>=WESTCHESTER<=WYOMING AND Scofflaw Indicator=Y AND Suspension Indicator=N AND Revocation Indicator=Y AND Registration Class>=CME<=LUA AND Model Year>=1908.0<=1919.0 AND Weight_100>=10.0<=28.0'",
    "avg_est": 51.76096725463867,
    "avg_real": NaN,
    "avg_err": NaN,
    "count_est": 1.659844628830737e-14,
    "count_real": 0,
    "count_err": 0,
    "sum_est": 8.591516348069566e-13,
    "sum_real": NaN,
    "sum_err": NaN,
    "query_dur_ms_est": 20.757675170898438,
    "query_dur_ms_real": 20195.28865814209,
    "query_dur_ms_err": 0.998972152588543,
    "order": [
        0,
        2,
        3,
        4,
        5,
        6,
        7,
        8,
        9,
        1
    ],
    "groupby": false
}