{
    "timestamp": "2022-08-01 12:59:56.622998",
    "dataset": "dmv.csv",
    "model": "dmv.csv-2.6MB-model16.669-data16.507-made-resmade-hidden256_256_256_256_256-emb32-directIo-binaryInone_hotOut-inputNoEmbIfLeq-5epochs-seed0.pt",
    "query": "'SELECT Weight_100 FROM dmv.csv WHERE Record Type=SNOW AND State>=NB<=PR AND Suspension Indicator=N AND Registration Class>=TOW AND Model Year>=1900.0'",
    "avg_est": 101.0,
    "avg_real": NaN,
    "avg_err": NaN,
    "count_est": 0.00031719420491087974,
    "count_real": 0,
    "count_err": 0,
    "sum_est": 0.032036614695998854,
    "sum_real": NaN,
    "sum_err": NaN,
    "query_dur_ms_est": 20.583391189575195,
    "query_dur_ms_real": 20195.28865814209,
    "query_dur_ms_err": 0.9989807825212106,
    "order": [
        0,
        1,
        2,
        3,
        4,
        5,
        6,
        7,
        8,
        9
    ],
    "groupby": false
}