{
    "timestamp": "2022-08-01 14:16:50.350913",
    "dataset": "dmv.csv",
    "model": "dmv.csv-2.6MB-model16.669-data16.507-made-resmade-hidden256_256_256_256_256-emb32-directIo-binaryInone_hotOut-inputNoEmbIfLeq-5epochs-seed0.pt",
    "query": "'SELECT State FROM dmv.csv WHERE County<=NIAGARA AND Scofflaw Indicator=N'",
    "avg_est": 51.85808181762695,
    "avg_real": 44.968423492541554,
    "avg_err": 0.15321102653794647,
    "count_est": 5905224.006918311,
    "count_real": 5957942,
    "count_err": 0.008848356207846414,
    "sum_est": 306233589.7021847,
    "sum_real": 267919259.0,
    "sum_err": 0.14300700459232263,
    "query_dur_ms_est": 20.57623863220215,
    "query_dur_ms_real": 20195.28865814209,
    "query_dur_ms_err": 0.9989811366908139,
    "order": [
        0,
        2,
        3,
        4,
        5,
        6,
        7,
        8,
        9,
        1
    ],
    "groupby": false
}