{
    "timestamp": "2022-08-01 13:38:55.682070",
    "dataset": "dmv.csv",
    "model": "dmv.csv-2.6MB-model16.669-data16.507-made-resmade-hidden256_256_256_256_256-emb32-directIo-binaryInone_hotOut-inputNoEmbIfLeq-5epochs-seed0.pt",
    "query": "'SELECT Model Year FROM dmv.csv WHERE County>=LIVINGSTON<=RICHMOND AND Fuel Type=DIESEL AND Revocation Indicator=N AND Registration Class>=LMA<=SPO'",
    "avg_est": 112.06092834472656,
    "avg_real": 61.18021120668549,
    "avg_err": 0.8316531789364117,
    "count_est": 57221.573574258015,
    "count_real": 61267,
    "count_err": 0.06602945183772643,
    "sum_est": 6412302.656077426,
    "sum_real": 3748328.0,
    "sum_err": 0.7107101235744113,
    "query_dur_ms_est": 20.502567291259766,
    "query_dur_ms_real": 20195.28865814209,
    "query_dur_ms_err": 0.9989847846377282,
    "order": [
        0,
        1,
        2,
        3,
        4,
        5,
        6,
        7,
        9,
        8
    ],
    "groupby": false
}