{
    "timestamp": "2022-08-01 13:57:56.294566",
    "dataset": "dmv.csv",
    "model": "dmv.csv-2.6MB-model16.669-data16.507-made-resmade-hidden256_256_256_256_256-emb32-directIo-binaryInone_hotOut-inputNoEmbIfLeq-5epochs-seed0.pt",
    "query": "'SELECT Revocation Indicator FROM dmv.csv WHERE Record Type=SNOW AND State>=NU<=YH AND County>=RICHMOND<=SUFFOLK AND Fuel Type=nan AND Scofflaw Indicator=Y AND Suspension Indicator=Y AND Registration Class>=JCL AND Model Year>=1994.0 AND Weight_100<=33.0'",
    "avg_est": 1.0000004768371582,
    "avg_real": NaN,
    "avg_err": NaN,
    "count_est": 0.0,
    "count_real": 0,
    "count_err": 0,
    "sum_est": 0.0,
    "sum_real": NaN,
    "sum_err": NaN,
    "query_dur_ms_est": 20.771265029907227,
    "query_dur_ms_real": 20195.28865814209,
    "query_dur_ms_err": 0.9989714796662966,
    "order": [
        0,
        1,
        2,
        3,
        4,
        5,
        7,
        8,
        9,
        6
    ],
    "groupby": false
}