{
    "timestamp": "2022-08-01 13:54:12.360742",
    "dataset": "dmv.csv",
    "model": "dmv.csv-2.6MB-model16.669-data16.507-made-resmade-hidden256_256_256_256_256-emb32-directIo-binaryInone_hotOut-inputNoEmbIfLeq-5epochs-seed0.pt",
    "query": "'SELECT State FROM dmv.csv WHERE Fuel Type=NONE AND Model Year>=1932.0<=1962.0 AND Weight_100>=26.0'",
    "avg_est": 51.85664749145508,
    "avg_real": 1.9931506849315068,
    "avg_err": 25.0174245146132,
    "count_est": 4661.470148437307,
    "count_real": 146,
    "count_err": 30.92787772902265,
    "sum_est": 241728.21427945423,
    "sum_real": 291.0,
    "sum_err": 829.6811487266468,
    "query_dur_ms_est": 20.586729049682617,
    "query_dur_ms_real": 20195.28865814209,
    "query_dur_ms_err": 0.9989806172420624,
    "order": [
        0,
        2,
        3,
        4,
        5,
        6,
        7,
        8,
        9,
        1
    ],
    "groupby": false
}