{
    "timestamp": "2022-08-01 12:34:45.536816",
    "dataset": "dmv.csv",
    "model": "dmv.csv-2.6MB-model16.669-data16.507-made-resmade-hidden256_256_256_256_256-emb32-directIo-binaryInone_hotOut-inputNoEmbIfLeq-5epochs-seed0.pt",
    "query": "'SELECT Weight_100 FROM dmv.csv WHERE Record Type=BOAT AND Scofflaw Indicator=N AND Suspension Indicator=N AND Revocation Indicator=Y AND Registration Class>=BOT'",
    "avg_est": 101.00000762939453,
    "avg_real": NaN,
    "avg_err": NaN,
    "count_est": 1.642573342456842,
    "count_real": 0,
    "count_err": 0,
    "sum_est": 165.89992011998112,
    "sum_real": NaN,
    "sum_err": NaN,
    "query_dur_ms_est": 20.60556411743164,
    "query_dur_ms_real": 20195.28865814209,
    "query_dur_ms_err": 0.9989796845954403,
    "order": [
        0,
        1,
        2,
        3,
        4,
        5,
        6,
        7,
        8,
        9
    ],
    "groupby": false
}