{
    "timestamp": "2022-08-01 12:42:15.329709",
    "dataset": "dmv.csv",
    "model": "dmv.csv-2.6MB-model16.669-data16.507-made-resmade-hidden256_256_256_256_256-emb32-directIo-binaryInone_hotOut-inputNoEmbIfLeq-5epochs-seed0.pt",
    "query": "'SELECT Weight_100 FROM dmv.csv WHERE State>=MS<=NM AND Scofflaw Indicator=N AND Suspension Indicator=N AND Registration Class=LMB AND Model Year=2021.0'",
    "avg_est": 11.27312183380127,
    "avg_real": NaN,
    "avg_err": NaN,
    "count_est": 0.597116970235561,
    "count_real": 0,
    "count_err": 0,
    "sum_est": 6.7313723544957655,
    "sum_real": NaN,
    "sum_err": NaN,
    "query_dur_ms_est": 20.399808883666992,
    "query_dur_ms_real": 20195.28865814209,
    "query_dur_ms_err": 0.9989898728743626,
    "order": [
        0,
        1,
        2,
        3,
        4,
        5,
        6,
        7,
        8,
        9
    ],
    "groupby": false
}