{
    "timestamp": "2022-08-01 12:44:39.993691",
    "dataset": "dmv.csv",
    "model": "dmv.csv-2.6MB-model16.669-data16.507-made-resmade-hidden256_256_256_256_256-emb32-directIo-binaryInone_hotOut-inputNoEmbIfLeq-5epochs-seed0.pt",
    "query": "'SELECT Revocation Indicator FROM dmv.csv WHERE County>=LIVINGSTON<=TOMPKINS'",
    "avg_est": 1.0003851652145386,
    "avg_real": 1.00041303781018,
    "avg_err": 2.7861087958760728e-05,
    "count_est": 7796813.619935274,
    "count_real": 7839476,
    "count_err": 0.00544199383539485,
    "sum_est": 7799816.681325913,
    "sum_real": 7842713.999999999,
    "sum_err": 0.005469703303484695,
    "query_dur_ms_est": 20.340681076049805,
    "query_dur_ms_real": 20195.28865814209,
    "query_dur_ms_err": 0.9989928006764167,
    "order": [
        0,
        1,
        2,
        3,
        4,
        5,
        7,
        8,
        9,
        6
    ],
    "groupby": false
}