{
    "timestamp": "2022-08-01 13:14:23.464330",
    "dataset": "dmv.csv",
    "model": "dmv.csv-2.6MB-model16.669-data16.507-made-resmade-hidden256_256_256_256_256-emb32-directIo-binaryInone_hotOut-inputNoEmbIfLeq-5epochs-seed0.pt",
    "query": "'SELECT County FROM dmv.csv WHERE Suspension Indicator=Y'",
    "avg_est": 34.438751220703125,
    "avg_real": 32.406029542623244,
    "avg_err": 0.06272665015645522,
    "count_est": 135317.69511715695,
    "count_real": 140475,
    "count_err": 0.03671332893997542,
    "sum_est": 4660172.4378987225,
    "sum_real": 4552237.0,
    "sum_err": 0.023710417075983186,
    "query_dur_ms_est": 20.317792892456055,
    "query_dur_ms_real": 20195.28865814209,
    "query_dur_ms_err": 0.9989939340191474,
    "order": [
        0,
        1,
        3,
        4,
        5,
        6,
        7,
        8,
        9,
        2
    ],
    "groupby": false
}