{
    "timestamp": "2022-08-01 13:14:04.466477",
    "dataset": "dmv.csv",
    "model": "dmv.csv-2.6MB-model16.669-data16.507-made-resmade-hidden256_256_256_256_256-emb32-directIo-binaryInone_hotOut-inputNoEmbIfLeq-5epochs-seed0.pt",
    "query": "'SELECT State FROM dmv.csv WHERE Fuel Type=OTHER AND Weight_100=16.0'",
    "avg_est": 51.86090850830078,
    "avg_real": 1.0,
    "avg_err": 50.86090850830078,
    "count_est": 14.31818985778682,
    "count_real": 50,
    "count_err": 0.7136362028442637,
    "sum_est": 742.5543342191625,
    "sum_real": 50.0,
    "sum_err": 13.85108668438325,
    "query_dur_ms_est": 20.192384719848633,
    "query_dur_ms_real": 20195.28865814209,
    "query_dur_ms_err": 0.999000143792859,
    "order": [
        0,
        2,
        3,
        4,
        5,
        6,
        7,
        8,
        9,
        1
    ],
    "groupby": false
}