{
    "timestamp": "2022-08-01 12:48:03.393212",
    "dataset": "dmv.csv",
    "model": "dmv.csv-2.6MB-model16.669-data16.507-made-resmade-hidden256_256_256_256_256-emb32-directIo-binaryInone_hotOut-inputNoEmbIfLeq-5epochs-seed0.pt",
    "query": "'SELECT County FROM dmv.csv WHERE Record Type=TRL AND State<=YH AND Fuel Type=GAS AND Scofflaw Indicator=Y AND Suspension Indicator=Y AND Revocation Indicator=Y AND Registration Class<=WUG AND Model Year>=1974.0 AND Weight_100<=60.0'",
    "avg_est": 32.529991149902344,
    "avg_real": NaN,
    "avg_err": NaN,
    "count_est": 4.338837115121771e-10,
    "count_real": 0,
    "count_err": 0,
    "sum_est": 1.4114233295577902e-08,
    "sum_real": NaN,
    "sum_err": NaN,
    "query_dur_ms_est": 20.83301544189453,
    "query_dur_ms_real": 20195.28865814209,
    "query_dur_ms_err": 0.9989684220020546,
    "order": [
        0,
        1,
        3,
        4,
        5,
        6,
        7,
        8,
        9,
        2
    ],
    "groupby": false
}