{
    "timestamp": "2022-08-01 12:53:39.713642",
    "dataset": "dmv.csv",
    "model": "dmv.csv-2.6MB-model16.669-data16.507-made-resmade-hidden256_256_256_256_256-emb32-directIo-binaryInone_hotOut-inputNoEmbIfLeq-5epochs-seed0.pt",
    "query": "'SELECT Model Year FROM dmv.csv WHERE State>=OR AND County>=JEFFERSON<=PUTNAM AND Registration Class<=OMF AND Weight_100=84.0'",
    "avg_est": 115.9983139038086,
    "avg_real": 2.4,
    "avg_err": 47.33263079325358,
    "count_est": 17.555615391822357,
    "count_real": 5,
    "count_err": 2.5111230783644714,
    "sum_est": 2036.4217849951435,
    "sum_real": 12.0,
    "sum_err": 168.70181541626195,
    "query_dur_ms_est": 20.284414291381836,
    "query_dur_ms_real": 20195.28865814209,
    "query_dur_ms_err": 0.9989955868106295,
    "order": [
        0,
        1,
        2,
        3,
        4,
        5,
        6,
        7,
        9,
        8
    ],
    "groupby": false
}