{
    "timestamp": "2022-08-01 13:28:16.077012",
    "dataset": "dmv.csv",
    "model": "dmv.csv-2.6MB-model16.669-data16.507-made-resmade-hidden256_256_256_256_256-emb32-directIo-binaryInone_hotOut-inputNoEmbIfLeq-5epochs-seed0.pt",
    "query": "'SELECT Registration Class FROM dmv.csv WHERE State>=IL'",
    "avg_est": 46.00748825073242,
    "avg_real": 46.57651138044938,
    "avg_err": 0.012216954702103544,
    "count_est": 12610824.307644129,
    "count_real": 12611980,
    "count_err": 9.163449005399632e-05,
    "sum_est": 580192351.1659881,
    "sum_real": 587422030.0,
    "sum_err": 0.012307469697743396,
    "query_dur_ms_est": 20.147085189819336,
    "query_dur_ms_real": 20195.28865814209,
    "query_dur_ms_err": 0.9990023868670134,
    "order": [
        0,
        1,
        2,
        3,
        4,
        5,
        6,
        8,
        9,
        7
    ],
    "groupby": false
}