{
    "timestamp": "2022-08-01 12:45:46.350316",
    "dataset": "dmv.csv",
    "model": "dmv.csv-2.6MB-model16.669-data16.507-made-resmade-hidden256_256_256_256_256-emb32-directIo-binaryInone_hotOut-inputNoEmbIfLeq-5epochs-seed0.pt",
    "query": "'SELECT State FROM dmv.csv WHERE Suspension Indicator=Y AND Model Year<=1963.0'",
    "avg_est": 51.85731506347656,
    "avg_real": 2.967741935483871,
    "avg_err": 16.473660510519277,
    "count_est": 104.00821832652218,
    "count_real": 124,
    "count_err": 0.16122404575385335,
    "sum_est": 5393.586946949318,
    "sum_real": 368.0,
    "sum_err": 13.656486268884017,
    "query_dur_ms_est": 20.39027214050293,
    "query_dur_ms_real": 20195.28865814209,
    "query_dur_ms_err": 0.9989903451005003,
    "order": [
        0,
        2,
        3,
        4,
        5,
        6,
        7,
        8,
        9,
        1
    ],
    "groupby": false
}