{
    "timestamp": "2022-08-01 13:52:39.729038",
    "dataset": "dmv.csv",
    "model": "dmv.csv-2.6MB-model16.669-data16.507-made-resmade-hidden256_256_256_256_256-emb32-directIo-binaryInone_hotOut-inputNoEmbIfLeq-5epochs-seed0.pt",
    "query": "'SELECT Revocation Indicator FROM dmv.csv WHERE State>=KY<=YY AND County<=OSWEGO AND Fuel Type=FLEX AND Scofflaw Indicator=Y AND Suspension Indicator=Y AND Registration Class=HAM AND Model Year<=1959.0 AND Weight_100<=93.0'",
    "avg_est": 1.000328779220581,
    "avg_real": NaN,
    "avg_err": NaN,
    "count_est": 1.6982419924617152e-10,
    "count_real": 0,
    "count_err": 0,
    "sum_est": 1.6988003391403548e-10,
    "sum_real": NaN,
    "sum_err": NaN,
    "query_dur_ms_est": 20.646095275878906,
    "query_dur_ms_real": 20195.28865814209,
    "query_dur_ms_err": 0.9989776776343549,
    "order": [
        0,
        1,
        2,
        3,
        4,
        5,
        7,
        8,
        9,
        6
    ],
    "groupby": false
}