{
    "timestamp": "2022-08-01 12:39:01.663129",
    "dataset": "dmv.csv",
    "model": "dmv.csv-2.6MB-model16.669-data16.507-made-resmade-hidden256_256_256_256_256-emb32-directIo-binaryInone_hotOut-inputNoEmbIfLeq-5epochs-seed0.pt",
    "query": "'SELECT County FROM dmv.csv WHERE Scofflaw Indicator=Y AND Suspension Indicator=Y'",
    "avg_est": 34.39733123779297,
    "avg_real": 29.89556823168056,
    "avg_err": 0.15058295501277197,
    "count_est": 2621.6097341069253,
    "count_real": 2279,
    "count_err": 0.1503333629253731,
    "sum_est": 90176.37840029826,
    "sum_real": 68132.0,
    "sum_err": 0.32355395996445513,
    "query_dur_ms_est": 20.472049713134766,
    "query_dur_ms_real": 20195.28865814209,
    "query_dur_ms_err": 0.998986295761369,
    "order": [
        0,
        1,
        3,
        4,
        5,
        6,
        7,
        8,
        9,
        2
    ],
    "groupby": false
}