{
    "timestamp": "2022-08-01 12:50:19.886801",
    "dataset": "dmv.csv",
    "model": "dmv.csv-2.6MB-model16.669-data16.507-made-resmade-hidden256_256_256_256_256-emb32-directIo-binaryInone_hotOut-inputNoEmbIfLeq-5epochs-seed0.pt",
    "query": "'SELECT Revocation Indicator FROM dmv.csv WHERE Model Year>=1974.0'",
    "avg_est": 1.0004116296768188,
    "avg_real": 1.0004545587729763,
    "avg_err": 4.290959122630348e-05,
    "count_est": 12485456.509387016,
    "count_real": 12491234,
    "count_err": 0.00046252360759423,
    "sum_est": 12490595.89381491,
    "sum_real": 12496912.0,
    "sum_err": 0.0005054133521216919,
    "query_dur_ms_est": 20.1261043548584,
    "query_dur_ms_real": 20195.28865814209,
    "query_dur_ms_err": 0.9990034257645164,
    "order": [
        0,
        1,
        2,
        3,
        4,
        5,
        7,
        8,
        9,
        6
    ],
    "groupby": false
}