{
    "timestamp": "2022-08-01 12:52:53.450045",
    "dataset": "dmv.csv",
    "model": "dmv.csv-2.6MB-model16.669-data16.507-made-resmade-hidden256_256_256_256_256-emb32-directIo-binaryInone_hotOut-inputNoEmbIfLeq-5epochs-seed0.pt",
    "query": "'SELECT County FROM dmv.csv WHERE Scofflaw Indicator=N'",
    "avg_est": 34.41133117675781,
    "avg_real": 34.37122963810133,
    "avg_err": 0.0011667181849096793,
    "count_est": 12626240.599288225,
    "count_real": 12625910,
    "count_err": 2.6184194899628932e-05,
    "sum_est": 434485746.77953213,
    "sum_real": 433968052.0,
    "sum_err": 0.001192932929385628,
    "query_dur_ms_est": 20.122051239013672,
    "query_dur_ms_real": 20195.28865814209,
    "query_dur_ms_err": 0.9990036264606249,
    "order": [
        0,
        1,
        3,
        4,
        5,
        6,
        7,
        8,
        9,
        2
    ],
    "groupby": false
}