{
    "timestamp": "2022-08-01 12:34:59.032906",
    "dataset": "dmv.csv",
    "model": "dmv.csv-2.6MB-model16.669-data16.507-made-resmade-hidden256_256_256_256_256-emb32-directIo-binaryInone_hotOut-inputNoEmbIfLeq-5epochs-seed0.pt",
    "query": "'SELECT Scofflaw Indicator FROM dmv.csv WHERE Record Type=VEH AND State>=ND<=NV AND County>=RICHMOND<=SCHOHARIE AND Revocation Indicator=Y AND Registration Class>=AMB<=FAR AND Weight_100<=48.0'",
    "avg_est": 1.0010961294174194,
    "avg_real": NaN,
    "avg_err": NaN,
    "count_est": 1.4387533594680414e-05,
    "count_real": 0,
    "count_err": 0,
    "sum_est": 1.4403304193497652e-05,
    "sum_real": NaN,
    "sum_err": NaN,
    "query_dur_ms_est": 20.54882049560547,
    "query_dur_ms_real": 20195.28865814209,
    "query_dur_ms_err": 0.99898249434096,
    "order": [
        0,
        1,
        2,
        3,
        5,
        6,
        7,
        8,
        9,
        4
    ],
    "groupby": false
}