{
    "timestamp": "2022-08-01 13:14:42.439394",
    "dataset": "dmv.csv",
    "model": "dmv.csv-2.6MB-model16.669-data16.507-made-resmade-hidden256_256_256_256_256-emb32-directIo-binaryInone_hotOut-inputNoEmbIfLeq-5epochs-seed0.pt",
    "query": "'SELECT County FROM dmv.csv WHERE Record Type=TRL AND State>=OT AND Fuel Type=PROPANE AND Scofflaw Indicator=N AND Revocation Indicator=Y AND Registration Class>=FAR<=OMT AND Model Year>=1911.0<=1920.0'",
    "avg_est": 38.64403533935547,
    "avg_real": NaN,
    "avg_err": NaN,
    "count_est": 7.193091244913326e-17,
    "count_real": 0,
    "count_err": 0,
    "sum_est": 2.77970072267639e-15,
    "sum_real": NaN,
    "sum_err": NaN,
    "query_dur_ms_est": 20.760774612426758,
    "query_dur_ms_real": 20195.28865814209,
    "query_dur_ms_err": 0.9989719991150482,
    "order": [
        0,
        1,
        3,
        4,
        5,
        6,
        7,
        8,
        9,
        2
    ],
    "groupby": false
}