{
    "timestamp": "2022-08-01 13:44:17.660425",
    "dataset": "dmv.csv",
    "model": "dmv.csv-2.6MB-model16.669-data16.507-made-resmade-hidden256_256_256_256_256-emb32-directIo-binaryInone_hotOut-inputNoEmbIfLeq-5epochs-seed0.pt",
    "query": "'SELECT Registration Class FROM dmv.csv WHERE Weight_100<=51.0'",
    "avg_est": 46.112918853759766,
    "avg_real": 33.787438573638234,
    "avg_err": 0.364794752146088,
    "count_est": 5108763.21902442,
    "count_real": 5054426,
    "count_err": 0.010750423297209176,
    "sum_est": 235579983.7619456,
    "sum_real": 170776108.0,
    "sum_err": 0.3794668734454682,
    "query_dur_ms_est": 20.21193504333496,
    "query_dur_ms_real": 20195.28865814209,
    "query_dur_ms_err": 0.9989991757292765,
    "order": [
        0,
        1,
        2,
        3,
        4,
        5,
        6,
        8,
        9,
        7
    ],
    "groupby": false
}