{
    "timestamp": "2022-08-01 13:28:55.165543",
    "dataset": "dmv.csv",
    "model": "dmv.csv-2.6MB-model16.669-data16.507-made-resmade-hidden256_256_256_256_256-emb32-directIo-binaryInone_hotOut-inputNoEmbIfLeq-5epochs-seed0.pt",
    "query": "'SELECT Model Year FROM dmv.csv WHERE Registration Class=OML'",
    "avg_est": 115.50627899169922,
    "avg_real": 26.878751210067765,
    "avg_err": 3.2973082376101956,
    "count_est": 11802.202441130998,
    "count_real": 8264,
    "count_err": 0.42814647157925917,
    "sum_est": 1363228.4878817906,
    "sum_real": 222126.0,
    "sum_err": 5.137185596831486,
    "query_dur_ms_est": 20.018815994262695,
    "query_dur_ms_real": 20195.28865814209,
    "query_dur_ms_err": 0.9990087383085663,
    "order": [
        0,
        1,
        2,
        3,
        4,
        5,
        6,
        7,
        9,
        8
    ],
    "groupby": false
}