{
    "timestamp": "2022-08-01 13:22:09.063069",
    "dataset": "dmv.csv",
    "model": "dmv.csv-2.6MB-model16.669-data16.507-made-resmade-hidden256_256_256_256_256-emb32-directIo-binaryInone_hotOut-inputNoEmbIfLeq-5epochs-seed0.pt",
    "query": "'SELECT Registration Class FROM dmv.csv WHERE State>=AZ<=S AND Fuel Type=ELECTRIC'",
    "avg_est": 48.945823669433594,
    "avg_real": 24.546461985648104,
    "avg_err": 0.9940072707036712,
    "count_est": 74259.79777583666,
    "count_real": 77063,
    "count_err": 0.036375461948838464,
    "sum_est": 3634706.967663898,
    "sum_real": 1891623.9999999998,
    "sum_err": 0.9214743351024827,
    "query_dur_ms_est": 20.380258560180664,
    "query_dur_ms_real": 20195.28865814209,
    "query_dur_ms_err": 0.998990840937945,
    "order": [
        0,
        1,
        2,
        3,
        4,
        5,
        6,
        8,
        9,
        7
    ],
    "groupby": false
}