{
    "timestamp": "2022-08-01 13:46:30.949377",
    "dataset": "dmv.csv",
    "model": "dmv.csv-2.6MB-model16.669-data16.507-made-resmade-hidden256_256_256_256_256-emb32-directIo-binaryInone_hotOut-inputNoEmbIfLeq-5epochs-seed0.pt",
    "query": "'SELECT Registration Class FROM dmv.csv WHERE Model Year>=1923.0'",
    "avg_est": 46.34257888793945,
    "avg_real": 46.54627050715555,
    "avg_err": 0.004376110416510835,
    "count_est": 12645682.071715593,
    "count_real": 12645647,
    "count_err": 2.773421999944962e-06,
    "sum_est": 586033519.0002815,
    "sum_real": 588607706.0,
    "sum_err": 0.004373349131311826,
    "query_dur_ms_est": 20.108699798583984,
    "query_dur_ms_real": 20195.28865814209,
    "query_dur_ms_err": 0.9990042875772178,
    "order": [
        0,
        1,
        2,
        3,
        4,
        5,
        6,
        8,
        9,
        7
    ],
    "groupby": false
}