{
    "timestamp": "2022-08-01 14:18:52.833042",
    "dataset": "dmv.csv",
    "model": "dmv.csv-2.6MB-model16.669-data16.507-made-resmade-hidden256_256_256_256_256-emb32-directIo-binaryInone_hotOut-inputNoEmbIfLeq-5epochs-seed0.pt",
    "query": "'SELECT State FROM dmv.csv WHERE Fuel Type=DIESEL'",
    "avg_est": 51.8543815612793,
    "avg_real": 35.73027981366524,
    "avg_err": 0.4512727532978151,
    "count_est": 459410.69207036495,
    "count_real": 481499,
    "count_err": 0.0458740473596727,
    "sum_est": 23822457.319948092,
    "sum_real": 17204094.0,
    "sum_err": 0.38469699828122844,
    "query_dur_ms_est": 20.12944221496582,
    "query_dur_ms_real": 20195.28865814209,
    "query_dur_ms_err": 0.9990032604853681,
    "order": [
        0,
        2,
        3,
        4,
        5,
        6,
        7,
        8,
        9,
        1
    ],
    "groupby": false
}