{
    "timestamp": "2022-08-01 14:18:38.720195",
    "dataset": "dmv.csv",
    "model": "dmv.csv-2.6MB-model16.669-data16.507-made-resmade-hidden256_256_256_256_256-emb32-directIo-binaryInone_hotOut-inputNoEmbIfLeq-5epochs-seed0.pt",
    "query": "'SELECT County FROM dmv.csv WHERE Fuel Type=DIESEL AND Suspension Indicator=Y AND Registration Class>=HSM AND Weight_100>=92.0'",
    "avg_est": 34.41728210449219,
    "avg_real": 28.613412228796843,
    "avg_err": 0.20283739070638587,
    "count_est": 922.6073048145045,
    "count_real": 507,
    "count_err": 0.8197382737958668,
    "sum_est": 31753.635881466013,
    "sum_real": 14507.0,
    "sum_err": 1.188849237021163,
    "query_dur_ms_est": 20.451784133911133,
    "query_dur_ms_real": 20195.28865814209,
    "query_dur_ms_err": 0.9989872992419118,
    "order": [
        0,
        1,
        3,
        4,
        5,
        6,
        7,
        8,
        9,
        2
    ],
    "groupby": false
}