{
    "timestamp": "2022-08-01 13:03:18.303228",
    "dataset": "dmv.csv",
    "model": "dmv.csv-2.6MB-model16.669-data16.507-made-resmade-hidden256_256_256_256_256-emb32-directIo-binaryInone_hotOut-inputNoEmbIfLeq-5epochs-seed0.pt",
    "query": "'SELECT Weight_100 FROM dmv.csv WHERE Record Type=VEH AND Fuel Type=COMP N/G AND Scofflaw Indicator=Y AND Suspension Indicator=Y AND Registration Class>=JSC<=JWV'",
    "avg_est": 76.19329833984375,
    "avg_real": NaN,
    "avg_err": NaN,
    "count_est": 1.4420620913301065e-08,
    "count_real": 0,
    "count_err": 0,
    "sum_est": 1.098754671492938e-06,
    "sum_real": NaN,
    "sum_err": NaN,
    "query_dur_ms_est": 20.511388778686523,
    "query_dur_ms_real": 20195.28865814209,
    "query_dur_ms_err": 0.9989843478285507,
    "order": [
        0,
        1,
        2,
        3,
        4,
        5,
        6,
        7,
        8,
        9
    ],
    "groupby": false
}