{
    "timestamp": "2022-08-01 12:41:13.507879",
    "dataset": "dmv.csv",
    "model": "dmv.csv-2.6MB-model16.669-data16.507-made-resmade-hidden256_256_256_256_256-emb32-directIo-binaryInone_hotOut-inputNoEmbIfLeq-5epochs-seed0.pt",
    "query": "'SELECT Registration Class FROM dmv.csv WHERE State>=AY<=OK AND Fuel Type=DIESEL AND Model Year>=1943.0'",
    "avg_est": 30.508079528808594,
    "avg_real": 20.232554428168257,
    "avg_err": 0.5078708739977241,
    "count_est": 465519.2713763267,
    "count_real": 476224,
    "count_err": 0.022478347634040535,
    "sum_est": 14202098.953342004,
    "sum_real": 9635228.0,
    "sum_err": 0.4739764283047587,
    "query_dur_ms_est": 20.263195037841797,
    "query_dur_ms_real": 20195.28865814209,
    "query_dur_ms_err": 0.9989966375137861,
    "order": [
        0,
        1,
        2,
        3,
        4,
        5,
        6,
        8,
        9,
        7
    ],
    "groupby": false
}