{
    "timestamp": "2022-08-01 13:38:51.367568",
    "dataset": "dmv.csv",
    "model": "dmv.csv-2.6MB-model16.669-data16.507-made-resmade-hidden256_256_256_256_256-emb32-directIo-binaryInone_hotOut-inputNoEmbIfLeq-5epochs-seed0.pt",
    "query": "'SELECT Scofflaw Indicator FROM dmv.csv WHERE State>=AP<=OH AND Weight_100>=46.0<=89.0'",
    "avg_est": 1.0015538930892944,
    "avg_real": 1.001871385064087,
    "avg_err": 0.00031689893485906275,
    "count_est": 4135965.2158708572,
    "count_real": 4265290,
    "count_err": 0.03032027930788827,
    "sum_est": 4142392.063637361,
    "sum_real": 4273272.0,
    "sum_err": 0.030627569778530143,
    "query_dur_ms_est": 20.3399658203125,
    "query_dur_ms_real": 20195.28865814209,
    "query_dur_ms_err": 0.9989928360933771,
    "order": [
        0,
        1,
        2,
        3,
        5,
        6,
        7,
        8,
        9,
        4
    ],
    "groupby": false
}