{
    "timestamp": "2022-08-01 13:54:51.591677",
    "dataset": "dmv.csv",
    "model": "dmv.csv-2.6MB-model16.669-data16.507-made-resmade-hidden256_256_256_256_256-emb32-directIo-binaryInone_hotOut-inputNoEmbIfLeq-5epochs-seed0.pt",
    "query": "'SELECT Revocation Indicator FROM dmv.csv WHERE County>=ST LAWRENCE AND Scofflaw Indicator=N AND Registration Class<=JSC AND Model Year<=2014.0'",
    "avg_est": 1.0001349449157715,
    "avg_real": 1.0,
    "avg_err": 0.00013494491577148438,
    "count_est": 233442.4182852134,
    "count_real": 230363,
    "count_err": 0.013367677470832603,
    "sum_est": 233473.9201526864,
    "sum_real": 230363.0,
    "sum_err": 0.013504426286714406,
    "query_dur_ms_est": 20.479917526245117,
    "query_dur_ms_real": 20195.28865814209,
    "query_dur_ms_err": 0.9989859061748053,
    "order": [
        0,
        1,
        2,
        3,
        4,
        5,
        7,
        8,
        9,
        6
    ],
    "groupby": false
}