{
    "timestamp": "2022-08-01 13:16:38.710856",
    "dataset": "dmv.csv",
    "model": "dmv.csv-2.6MB-model16.669-data16.507-made-resmade-hidden256_256_256_256_256-emb32-directIo-binaryInone_hotOut-inputNoEmbIfLeq-5epochs-seed0.pt",
    "query": "'SELECT Fuel Type FROM dmv.csv WHERE Record Type=TRL AND State>=SS AND County<=BRONX AND Scofflaw Indicator=Y AND Suspension Indicator=Y AND Registration Class>=RGC<=SPC AND Model Year>=1908.0<=1979.0 AND Weight_100>=61.0'",
    "avg_est": 6.9998016357421875,
    "avg_real": NaN,
    "avg_err": NaN,
    "count_est": 3.001065676659641e-08,
    "count_real": 0,
    "count_err": 0,
    "sum_est": 2.100686443245189e-07,
    "sum_real": NaN,
    "sum_err": NaN,
    "query_dur_ms_est": 20.604372024536133,
    "query_dur_ms_real": 20195.28865814209,
    "query_dur_ms_err": 0.9989797436237076,
    "order": [
        0,
        1,
        2,
        4,
        5,
        6,
        7,
        8,
        9,
        3
    ],
    "groupby": false
}