{
    "timestamp": "2022-08-01 14:02:22.782935",
    "dataset": "dmv.csv",
    "model": "dmv.csv-2.6MB-model16.669-data16.507-made-resmade-hidden256_256_256_256_256-emb32-directIo-binaryInone_hotOut-inputNoEmbIfLeq-5epochs-seed0.pt",
    "query": "'SELECT Fuel Type FROM dmv.csv WHERE Registration Class<=LUA AND Weight_100=23.0'",
    "avg_est": 5.899946212768555,
    "avg_real": 2.2905894519131333,
    "avg_err": 1.5757327258452336,
    "count_est": 662.4521826857526,
    "count_real": 967,
    "count_err": 0.3149408658885702,
    "sum_est": 3908.432246377069,
    "sum_real": 2215.0,
    "sum_err": 0.7645292308700086,
    "query_dur_ms_est": 20.169496536254883,
    "query_dur_ms_real": 20195.28865814209,
    "query_dur_ms_err": 0.9990012771355896,
    "order": [
        0,
        1,
        2,
        4,
        5,
        6,
        7,
        8,
        9,
        3
    ],
    "groupby": false
}