{
    "timestamp": "2022-08-01 12:46:58.340847",
    "dataset": "dmv.csv",
    "model": "dmv.csv-2.6MB-model16.669-data16.507-made-resmade-hidden256_256_256_256_256-emb32-directIo-binaryInone_hotOut-inputNoEmbIfLeq-5epochs-seed0.pt",
    "query": "'SELECT Revocation Indicator FROM dmv.csv WHERE Registration Class<=STA'",
    "avg_est": 1.0003772974014282,
    "avg_real": 1.0004594828358893,
    "avg_err": 8.2147689007928e-05,
    "count_est": 12335451.438863754,
    "count_real": 12361724,
    "count_err": 0.0021253152987597626,
    "sum_est": 12340105.572637081,
    "sum_real": 12367404.0,
    "sum_err": 0.0022072883980274968,
    "query_dur_ms_est": 20.040273666381836,
    "query_dur_ms_real": 20195.28865814209,
    "query_dur_ms_err": 0.9990076757997562,
    "order": [
        0,
        1,
        2,
        3,
        4,
        5,
        7,
        8,
        9,
        6
    ],
    "groupby": false
}