{
    "timestamp": "2022-08-01 13:45:59.814548",
    "dataset": "dmv.csv",
    "model": "dmv.csv-2.6MB-model16.669-data16.507-made-resmade-hidden256_256_256_256_256-emb32-directIo-binaryInone_hotOut-inputNoEmbIfLeq-5epochs-seed0.pt",
    "query": "'SELECT County FROM dmv.csv WHERE Record Type=SNOW AND Fuel Type=GAS AND Revocation Indicator=N AND Model Year>=1902.0<=1905.0 AND Weight_100>=12.0'",
    "avg_est": 31.92105484008789,
    "avg_real": NaN,
    "avg_err": NaN,
    "count_est": 1.329699108241179e-08,
    "count_real": 0,
    "count_err": 0,
    "sum_est": 4.244539815498264e-07,
    "sum_real": NaN,
    "sum_err": NaN,
    "query_dur_ms_est": 20.521879196166992,
    "query_dur_ms_real": 20195.28865814209,
    "query_dur_ms_err": 0.9989838283797992,
    "order": [
        0,
        1,
        3,
        4,
        5,
        6,
        7,
        8,
        9,
        2
    ],
    "groupby": false
}