{
    "timestamp": "2022-08-01 13:44:47.663162",
    "dataset": "dmv.csv",
    "model": "dmv.csv-2.6MB-model16.669-data16.507-made-resmade-hidden256_256_256_256_256-emb32-directIo-binaryInone_hotOut-inputNoEmbIfLeq-5epochs-seed0.pt",
    "query": "'SELECT Suspension Indicator FROM dmv.csv WHERE Registration Class>=RGL<=SPC AND Model Year<=1978.0 AND Weight_100=87.0'",
    "avg_est": 1.0110605955123901,
    "avg_real": NaN,
    "avg_err": NaN,
    "count_est": 1.2464032163083516,
    "count_real": 0,
    "count_err": 0,
    "sum_est": 1.2601891781292804,
    "sum_real": NaN,
    "sum_err": NaN,
    "query_dur_ms_est": 20.299911499023438,
    "query_dur_ms_real": 20195.28865814209,
    "query_dur_ms_err": 0.9989948194431557,
    "order": [
        0,
        1,
        2,
        3,
        4,
        6,
        7,
        8,
        9,
        5
    ],
    "groupby": false
}