{
    "timestamp": "2022-08-01 14:20:47.585310",
    "dataset": "dmv.csv",
    "model": "dmv.csv-2.6MB-model16.669-data16.507-made-resmade-hidden256_256_256_256_256-emb32-directIo-binaryInone_hotOut-inputNoEmbIfLeq-5epochs-seed0.pt",
    "query": "'SELECT Model Year FROM dmv.csv WHERE Scofflaw Indicator=Y AND Suspension Indicator=Y'",
    "avg_est": 114.42555236816406,
    "avg_real": 25.759104870557263,
    "avg_err": 3.442140087676448,
    "count_est": 2556.626092999708,
    "count_real": 2279,
    "count_err": 0.1218192597629258,
    "sum_est": 292543.3528903528,
    "sum_real": 58705.0,
    "sum_err": 3.983278304920412,
    "query_dur_ms_est": 20.063161849975586,
    "query_dur_ms_real": 20195.28865814209,
    "query_dur_ms_err": 0.9990065424570257,
    "order": [
        0,
        1,
        2,
        3,
        4,
        5,
        6,
        7,
        9,
        8
    ],
    "groupby": false
}