{
    "timestamp": "2022-08-01 13:18:09.081530",
    "dataset": "dmv.csv",
    "model": "dmv.csv-2.6MB-model16.669-data16.507-made-resmade-hidden256_256_256_256_256-emb32-directIo-binaryInone_hotOut-inputNoEmbIfLeq-5epochs-seed0.pt",
    "query": "'SELECT Fuel Type FROM dmv.csv WHERE Record Type=VEH AND State>=OK AND County<=MADISON AND Scofflaw Indicator=N AND Suspension Indicator=Y AND Registration Class>=SNO AND Model Year>=1940.0 AND Weight_100>=24.0<=28.0'",
    "avg_est": 5.771151065826416,
    "avg_real": NaN,
    "avg_err": NaN,
    "count_est": 0.009600771871498992,
    "count_real": 0,
    "count_err": 0,
    "sum_est": 0.05540750481895768,
    "sum_real": NaN,
    "sum_err": NaN,
    "query_dur_ms_est": 20.683765411376953,
    "query_dur_ms_real": 20195.28865814209,
    "query_dur_ms_err": 0.9989758123411107,
    "order": [
        0,
        1,
        2,
        4,
        5,
        6,
        7,
        8,
        9,
        3
    ],
    "groupby": false
}