{
    "timestamp": "2022-08-01 14:00:33.207260",
    "dataset": "dmv.csv",
    "model": "dmv.csv-2.6MB-model16.669-data16.507-made-resmade-hidden256_256_256_256_256-emb32-directIo-binaryInone_hotOut-inputNoEmbIfLeq-5epochs-seed0.pt",
    "query": "'SELECT Registration Class FROM dmv.csv WHERE State>=AP'",
    "avg_est": 46.35698318481445,
    "avg_real": 46.546405707374106,
    "avg_err": 0.004069541346554362,
    "count_est": 12645385.836500645,
    "count_real": 12645395,
    "count_err": 7.246510967285848e-07,
    "sum_est": 586201938.5881512,
    "sum_real": 588597686.0,
    "sum_err": 0.0040702630486535475,
    "query_dur_ms_est": 20.340442657470703,
    "query_dur_ms_real": 20195.28865814209,
    "query_dur_ms_err": 0.9989928124820702,
    "order": [
        0,
        1,
        2,
        3,
        4,
        5,
        6,
        8,
        9,
        7
    ],
    "groupby": false
}