{
    "timestamp": "2022-08-01 12:41:32.984160",
    "dataset": "dmv.csv",
    "model": "dmv.csv-2.6MB-model16.669-data16.507-made-resmade-hidden256_256_256_256_256-emb32-directIo-binaryInone_hotOut-inputNoEmbIfLeq-5epochs-seed0.pt",
    "query": "'SELECT Revocation Indicator FROM dmv.csv WHERE County>=BROOME'",
    "avg_est": 1.000383973121643,
    "avg_real": 1.000400570243085,
    "avg_err": 1.6590475790943176e-05,
    "count_est": 12045285.65381527,
    "count_real": 12027853,
    "count_err": 0.0014493570727269007,
    "sum_est": 12049910.719748847,
    "sum_real": 12032671.0,
    "sum_err": 0.001432742551412499,
    "query_dur_ms_est": 20.0502872467041,
    "query_dur_ms_real": 20195.28865814209,
    "query_dur_ms_err": 0.9990071799623116,
    "order": [
        0,
        1,
        2,
        3,
        4,
        5,
        7,
        8,
        9,
        6
    ],
    "groupby": false
}