{
    "timestamp": "2022-08-01 13:34:15.201278",
    "dataset": "dmv.csv",
    "model": "dmv.csv-2.6MB-model16.669-data16.507-made-resmade-hidden256_256_256_256_256-emb32-directIo-binaryInone_hotOut-inputNoEmbIfLeq-5epochs-seed0.pt",
    "query": "'SELECT Revocation Indicator FROM dmv.csv WHERE Weight_100>=21.0<=68.0'",
    "avg_est": 1.000405192375183,
    "avg_real": 1.000003218616823,
    "avg_err": 0.0004019724645647045,
    "count_est": 4604157.05841589,
    "count_real": 4660387,
    "count_err": 0.012065509062683048,
    "sum_est": 4606022.627750105,
    "sum_real": 4660402.0,
    "sum_err": 0.01166838660053248,
    "query_dur_ms_est": 20.133495330810547,
    "query_dur_ms_real": 20195.28865814209,
    "query_dur_ms_err": 0.9990030597892596,
    "order": [
        0,
        1,
        2,
        3,
        4,
        5,
        7,
        8,
        9,
        6
    ],
    "groupby": false
}