{
    "timestamp": "2022-08-01 13:04:23.684931",
    "dataset": "dmv.csv",
    "model": "dmv.csv-2.6MB-model16.669-data16.507-made-resmade-hidden256_256_256_256_256-emb32-directIo-binaryInone_hotOut-inputNoEmbIfLeq-5epochs-seed0.pt",
    "query": "'SELECT County FROM dmv.csv WHERE Record Type=BOAT AND State>=SC AND Fuel Type=OTHER AND Scofflaw Indicator=N AND Suspension Indicator=Y AND Revocation Indicator=Y AND Registration Class>=HIS<=OMS AND Model Year>=1937.0<=1999.0 AND Weight_100>=34.0'",
    "avg_est": 39.10764694213867,
    "avg_real": NaN,
    "avg_err": NaN,
    "count_est": 8.693940332910178e-18,
    "count_real": 0,
    "count_err": 0,
    "sum_est": 3.399995490754708e-16,
    "sum_real": NaN,
    "sum_err": NaN,
    "query_dur_ms_est": 20.879507064819336,
    "query_dur_ms_real": 20195.28865814209,
    "query_dur_ms_err": 0.998966119899633,
    "order": [
        0,
        1,
        3,
        4,
        5,
        6,
        7,
        8,
        9,
        2
    ],
    "groupby": false
}