{
    "timestamp": "2022-08-01 13:03:14.746391",
    "dataset": "dmv.csv",
    "model": "dmv.csv-2.6MB-model16.669-data16.507-made-resmade-hidden256_256_256_256_256-emb32-directIo-binaryInone_hotOut-inputNoEmbIfLeq-5epochs-seed0.pt",
    "query": "'SELECT County FROM dmv.csv WHERE Record Type=BOAT AND State<=GU AND Fuel Type=GAS AND Scofflaw Indicator=Y AND Suspension Indicator=N AND Revocation Indicator=N AND Registration Class=SUP AND Model Year<=1939.0 AND Weight_100<=83.0'",
    "avg_est": 39.091407775878906,
    "avg_real": NaN,
    "avg_err": NaN,
    "count_est": 7.357086745559775e-19,
    "count_real": 0,
    "count_err": 0,
    "sum_est": 2.8759887801319104e-17,
    "sum_real": NaN,
    "sum_err": NaN,
    "query_dur_ms_est": 21.160125732421875,
    "query_dur_ms_real": 20195.28865814209,
    "query_dur_ms_err": 0.9989522246455294,
    "order": [
        0,
        1,
        3,
        4,
        5,
        6,
        7,
        8,
        9,
        2
    ],
    "groupby": false
}