{
    "timestamp": "2022-08-01 12:55:18.699856",
    "dataset": "dmv.csv",
    "model": "dmv.csv-2.6MB-model16.669-data16.507-made-resmade-hidden256_256_256_256_256-emb32-directIo-binaryInone_hotOut-inputNoEmbIfLeq-5epochs-seed0.pt",
    "query": "'SELECT Weight_100 FROM dmv.csv WHERE Scofflaw Indicator=N AND Model Year>=1954.0<=1965.0'",
    "avg_est": 50.22069549560547,
    "avg_real": 24.7345219576403,
    "avg_err": 1.0303887652088901,
    "count_est": 44834.01081361156,
    "count_real": 41785,
    "count_err": 0.07296902748860978,
    "sum_est": 2251595.204917069,
    "sum_real": 1033532.0,
    "sum_err": 1.1785442588299821,
    "query_dur_ms_est": 20.216941833496094,
    "query_dur_ms_real": 20195.28865814209,
    "query_dur_ms_err": 0.9989989278105542,
    "order": [
        0,
        1,
        2,
        3,
        4,
        5,
        6,
        7,
        8,
        9
    ],
    "groupby": false
}