{
    "timestamp": "2022-08-01 13:15:51.086509",
    "dataset": "dmv.csv",
    "model": "dmv.csv-2.6MB-model16.669-data16.507-made-resmade-hidden256_256_256_256_256-emb32-directIo-binaryInone_hotOut-inputNoEmbIfLeq-5epochs-seed0.pt",
    "query": "'SELECT State FROM dmv.csv WHERE Record Type=SNOW AND County<=COLUMBIA AND Suspension Indicator=Y AND Revocation Indicator=N AND Registration Class>=SRN AND Weight_100>=16.0<=50.0'",
    "avg_est": 51.671268463134766,
    "avg_real": NaN,
    "avg_err": NaN,
    "count_est": 8.134344357138515e-18,
    "count_real": 0,
    "count_err": 0,
    "sum_est": 4.203118910492896e-16,
    "sum_real": NaN,
    "sum_err": NaN,
    "query_dur_ms_est": 21.01445198059082,
    "query_dur_ms_real": 20195.28865814209,
    "query_dur_ms_err": 0.9989594378997837,
    "order": [
        0,
        2,
        3,
        4,
        5,
        6,
        7,
        8,
        9,
        1
    ],
    "groupby": false
}