{
    "timestamp": "2022-08-01 14:04:07.477187",
    "dataset": "dmv.csv",
    "model": "dmv.csv-2.6MB-model16.669-data16.507-made-resmade-hidden256_256_256_256_256-emb32-directIo-binaryInone_hotOut-inputNoEmbIfLeq-5epochs-seed0.pt",
    "query": "'SELECT Suspension Indicator FROM dmv.csv WHERE Record Type=TRL AND State>=AE AND County<=CATTARAUGUS AND Fuel Type=ELECTRIC AND Scofflaw Indicator=Y AND Revocation Indicator=N AND Registration Class=AGR AND Weight_100=62.0'",
    "avg_est": 1.002579689025879,
    "avg_real": NaN,
    "avg_err": NaN,
    "count_est": 2.3824545188600987e-26,
    "count_real": 0,
    "count_err": 0,
    "sum_est": 2.3886005106370577e-26,
    "sum_real": NaN,
    "sum_err": NaN,
    "query_dur_ms_est": 20.69997787475586,
    "query_dur_ms_real": 20195.28865814209,
    "query_dur_ms_err": 0.9989750095566765,
    "order": [
        0,
        1,
        2,
        3,
        4,
        6,
        7,
        8,
        9,
        5
    ],
    "groupby": false
}