{
    "timestamp": "2022-08-01 13:33:44.736450",
    "dataset": "dmv.csv",
    "model": "dmv.csv-2.6MB-model16.669-data16.507-made-resmade-hidden256_256_256_256_256-emb32-directIo-binaryInone_hotOut-inputNoEmbIfLeq-5epochs-seed0.pt",
    "query": "'SELECT State FROM dmv.csv WHERE Suspension Indicator=Y'",
    "avg_est": 51.85593032836914,
    "avg_real": 36.72002847481758,
    "avg_err": 0.4121974432544813,
    "count_est": 138959.9089693986,
    "count_real": 140475,
    "count_err": 0.01078548517957937,
    "sum_est": 7205895.357953651,
    "sum_real": 5158246.0,
    "sum_err": 0.3969662086596201,
    "query_dur_ms_est": 20.136117935180664,
    "query_dur_ms_real": 20195.28865814209,
    "query_dur_ms_err": 0.9990029299270717,
    "order": [
        0,
        2,
        3,
        4,
        5,
        6,
        7,
        8,
        9,
        1
    ],
    "groupby": false
}