{
    "timestamp": "2022-08-01 13:20:33.846033",
    "dataset": "dmv.csv",
    "model": "dmv.csv-2.6MB-model16.669-data16.507-made-resmade-hidden256_256_256_256_256-emb32-directIo-binaryInone_hotOut-inputNoEmbIfLeq-5epochs-seed0.pt",
    "query": "'SELECT Fuel Type FROM dmv.csv WHERE State<=KY AND Suspension Indicator=N AND Weight_100>=12.0'",
    "avg_est": 5.631410598754883,
    "avg_real": 3.6981835874148556,
    "avg_err": 0.5227504166961631,
    "count_est": 54200.89187236875,
    "count_real": 24664,
    "count_err": 1.1975710295316555,
    "sum_est": 305227.4769520248,
    "sum_real": 91212.0,
    "sum_err": 2.3463522009387447,
    "query_dur_ms_est": 20.37644386291504,
    "query_dur_ms_real": 20195.28865814209,
    "query_dur_ms_err": 0.9989910298284002,
    "order": [
        0,
        1,
        2,
        4,
        5,
        6,
        7,
        8,
        9,
        3
    ],
    "groupby": false
}