{
    "timestamp": "2022-08-01 13:00:24.084213",
    "dataset": "dmv.csv",
    "model": "dmv.csv-2.6MB-model16.669-data16.507-made-resmade-hidden256_256_256_256_256-emb32-directIo-binaryInone_hotOut-inputNoEmbIfLeq-5epochs-seed0.pt",
    "query": "'SELECT Model Year FROM dmv.csv WHERE County<=KINGS AND Scofflaw Indicator=Y'",
    "avg_est": 115.29133605957031,
    "avg_real": 34.49052065647991,
    "avg_err": 2.3426963080045575,
    "count_est": 6626.61109808553,
    "count_real": 7068,
    "count_err": 0.06244891085377333,
    "sum_est": 763990.8470454571,
    "sum_real": 243779.0,
    "sum_err": 2.1339485642547436,
    "query_dur_ms_est": 20.233869552612305,
    "query_dur_ms_real": 20195.28865814209,
    "query_dur_ms_err": 0.9989980896091597,
    "order": [
        0,
        1,
        2,
        3,
        4,
        5,
        6,
        7,
        9,
        8
    ],
    "groupby": false
}