{
    "timestamp": "2022-08-01 14:02:08.637811",
    "dataset": "dmv.csv",
    "model": "dmv.csv-2.6MB-model16.669-data16.507-made-resmade-hidden256_256_256_256_256-emb32-directIo-binaryInone_hotOut-inputNoEmbIfLeq-5epochs-seed0.pt",
    "query": "'SELECT Suspension Indicator FROM dmv.csv WHERE Record Type=SNOW AND State>=YT AND County>=RICHMOND<=SUFFOLK AND Fuel Type=PROPANE AND Scofflaw Indicator=Y AND Revocation Indicator=Y AND Model Year<=1934.0'",
    "avg_est": 1.0015473365783691,
    "avg_real": NaN,
    "avg_err": NaN,
    "count_est": 8.44787289481152e-31,
    "count_real": 0,
    "count_err": 0,
    "sum_est": 8.460944597551075e-31,
    "sum_real": NaN,
    "sum_err": NaN,
    "query_dur_ms_est": 20.631790161132812,
    "query_dur_ms_real": 20195.28865814209,
    "query_dur_ms_err": 0.9989783859735615,
    "order": [
        0,
        1,
        2,
        3,
        4,
        6,
        7,
        8,
        9,
        5
    ],
    "groupby": false
}