{
    "timestamp": "2022-08-01 14:06:30.100903",
    "dataset": "dmv.csv",
    "model": "dmv.csv-2.6MB-model16.669-data16.507-made-resmade-hidden256_256_256_256_256-emb32-directIo-binaryInone_hotOut-inputNoEmbIfLeq-5epochs-seed0.pt",
    "query": "'SELECT Weight_100 FROM dmv.csv WHERE County>=WESTCHESTER AND Revocation Indicator=N'",
    "avg_est": 62.28026580810547,
    "avg_real": 45.35798903390223,
    "avg_err": 0.37308260649639713,
    "count_est": 765434.9073590487,
    "count_real": 776940,
    "count_err": 0.014808212527288176,
    "sum_est": 47671489.48912414,
    "sum_real": 35240436.0,
    "sum_err": 0.3527497074418756,
    "query_dur_ms_est": 20.200729370117188,
    "query_dur_ms_real": 20195.28865814209,
    "query_dur_ms_err": 0.9989997305949884,
    "order": [
        0,
        1,
        2,
        3,
        4,
        5,
        6,
        7,
        8,
        9
    ],
    "groupby": false
}