{
    "timestamp": "2022-08-01 14:03:15.486471",
    "dataset": "dmv.csv",
    "model": "dmv.csv-2.6MB-model16.669-data16.507-made-resmade-hidden256_256_256_256_256-emb32-directIo-binaryInone_hotOut-inputNoEmbIfLeq-5epochs-seed0.pt",
    "query": "'SELECT Registration Class FROM dmv.csv WHERE Suspension Indicator=N AND Weight_100=32.0'",
    "avg_est": 46.36701965332031,
    "avg_real": 16.096355958214705,
    "avg_err": 1.880591096126767,
    "count_est": 101313.93929298595,
    "count_real": 94483,
    "count_err": 0.07229807788687855,
    "sum_est": 4697625.414353181,
    "sum_real": 1520832.0,
    "sum_err": 2.088852295554789,
    "query_dur_ms_est": 20.23601531982422,
    "query_dur_ms_real": 20195.28865814209,
    "query_dur_ms_err": 0.9989979833582787,
    "order": [
        0,
        1,
        2,
        3,
        4,
        5,
        6,
        8,
        9,
        7
    ],
    "groupby": false
}