{
    "timestamp": "2022-08-01 13:38:34.102560",
    "dataset": "dmv.csv",
    "model": "dmv.csv-2.6MB-model16.669-data16.507-made-resmade-hidden256_256_256_256_256-emb32-directIo-binaryInone_hotOut-inputNoEmbIfLeq-5epochs-seed0.pt",
    "query": "'SELECT Weight_100 FROM dmv.csv WHERE Suspension Indicator=N AND Model Year=1902.0'",
    "avg_est": 26.19925880432129,
    "avg_real": 1.0,
    "avg_err": 25.19925880432129,
    "count_est": 0.25845720358769597,
    "count_real": 1,
    "count_err": 0.741542796412304,
    "sum_est": 6.771387166635203,
    "sum_real": 1.0,
    "sum_err": 5.771387166635203,
    "query_dur_ms_est": 20.154953002929688,
    "query_dur_ms_real": 20195.28865814209,
    "query_dur_ms_err": 0.9990019972804497,
    "order": [
        0,
        1,
        2,
        3,
        4,
        5,
        6,
        7,
        8,
        9
    ],
    "groupby": false
}