{
    "timestamp": "2022-08-01 14:19:15.888216",
    "dataset": "dmv.csv",
    "model": "dmv.csv-2.6MB-model16.669-data16.507-made-resmade-hidden256_256_256_256_256-emb32-directIo-binaryInone_hotOut-inputNoEmbIfLeq-5epochs-seed0.pt",
    "query": "'SELECT Scofflaw Indicator FROM dmv.csv WHERE Record Type=VEH'",
    "avg_est": 1.001765489578247,
    "avg_real": 1.0017839860132125,
    "avg_err": 1.8463496346194908e-05,
    "count_est": 11388790.728530407,
    "count_real": 11392466,
    "count_err": 0.0003226054367503092,
    "sum_est": 11408897.519870464,
    "sum_real": 11412789.999999998,
    "sum_err": 0.0003410629766721704,
    "query_dur_ms_est": 20.0040340423584,
    "query_dur_ms_real": 20195.28865814209,
    "query_dur_ms_err": 0.9990094702590798,
    "order": [
        0,
        1,
        2,
        3,
        5,
        6,
        7,
        8,
        9,
        4
    ],
    "groupby": false
}