{
    "timestamp": "2022-08-01 13:00:52.754089",
    "dataset": "dmv.csv",
    "model": "dmv.csv-2.6MB-model16.669-data16.507-made-resmade-hidden256_256_256_256_256-emb32-directIo-binaryInone_hotOut-inputNoEmbIfLeq-5epochs-seed0.pt",
    "query": "'SELECT Model Year FROM dmv.csv WHERE Registration Class<=COM'",
    "avg_est": 113.20069885253906,
    "avg_real": 105.17964032313687,
    "avg_err": 0.07626056245067579,
    "count_est": 1256237.439752698,
    "count_real": 1226601,
    "count_err": 0.024161434527362968,
    "sum_est": 142206956.10472983,
    "sum_real": 129013452.0,
    "sum_err": 0.10226456156471056,
    "query_dur_ms_est": 20.078420639038086,
    "query_dur_ms_real": 20195.28865814209,
    "query_dur_ms_err": 0.9990057868952052,
    "order": [
        0,
        1,
        2,
        3,
        4,
        5,
        6,
        7,
        9,
        8
    ],
    "groupby": false
}