{
    "timestamp": "2022-08-01 13:11:31.057272",
    "dataset": "dmv.csv",
    "model": "dmv.csv-2.6MB-model16.669-data16.507-made-resmade-hidden256_256_256_256_256-emb32-directIo-binaryInone_hotOut-inputNoEmbIfLeq-5epochs-seed0.pt",
    "query": "'SELECT State FROM dmv.csv WHERE County<=ONTARIO'",
    "avg_est": 51.85496139526367,
    "avg_real": 44.968611895975435,
    "avg_err": 0.1531368038492766,
    "count_est": 6717912.152846336,
    "count_real": 6715952,
    "count_err": 0.0002918652257098271,
    "sum_est": 348357075.3426194,
    "sum_real": 302007039.0,
    "sum_err": 0.1534733643828064,
    "query_dur_ms_est": 20.06363868713379,
    "query_dur_ms_real": 20195.28865814209,
    "query_dur_ms_err": 0.9990065188457188,
    "order": [
        0,
        2,
        3,
        4,
        5,
        6,
        7,
        8,
        9,
        1
    ],
    "groupby": false
}