{
    "timestamp": "2022-08-01 13:02:46.235107",
    "dataset": "dmv.csv",
    "model": "dmv.csv-2.6MB-model16.669-data16.507-made-resmade-hidden256_256_256_256_256-emb32-directIo-binaryInone_hotOut-inputNoEmbIfLeq-5epochs-seed0.pt",
    "query": "'SELECT Fuel Type FROM dmv.csv WHERE Record Type=SNOW AND Weight_100>=10.0<=69.0'",
    "avg_est": 1.0000046491622925,
    "avg_real": NaN,
    "avg_err": NaN,
    "count_est": 0.20838661658148538,
    "count_real": 0,
    "count_err": 0,
    "sum_est": 0.20838758540468547,
    "sum_real": NaN,
    "sum_err": NaN,
    "query_dur_ms_est": 20.2023983001709,
    "query_dur_ms_real": 20195.28865814209,
    "query_dur_ms_err": 0.9989996479554143,
    "order": [
        0,
        1,
        2,
        4,
        5,
        6,
        7,
        8,
        9,
        3
    ],
    "groupby": false
}