{
    "timestamp": "2022-08-01 13:22:50.446188",
    "dataset": "dmv.csv",
    "model": "dmv.csv-2.6MB-model16.669-data16.507-made-resmade-hidden256_256_256_256_256-emb32-directIo-binaryInone_hotOut-inputNoEmbIfLeq-5epochs-seed0.pt",
    "query": "'SELECT Suspension Indicator FROM dmv.csv WHERE Record Type=BOAT AND State=AA AND County>=KINGS<=YATES AND Fuel Type=OTHER AND Scofflaw Indicator=Y AND Registration Class>=LMB<=NYA'",
    "avg_est": 1.007583737373352,
    "avg_real": NaN,
    "avg_err": NaN,
    "count_est": 4.469182638714946e-13,
    "count_real": 0,
    "count_err": 0,
    "sum_est": 4.5030757461205047e-13,
    "sum_real": NaN,
    "sum_err": NaN,
    "query_dur_ms_est": 20.619630813598633,
    "query_dur_ms_real": 20195.28865814209,
    "query_dur_ms_err": 0.9989789880618871,
    "order": [
        0,
        1,
        2,
        3,
        4,
        6,
        7,
        8,
        9,
        5
    ],
    "groupby": false
}