{
    "timestamp": "2022-08-01 13:51:35.782078",
    "dataset": "dmv.csv",
    "model": "dmv.csv-2.6MB-model16.669-data16.507-made-resmade-hidden256_256_256_256_256-emb32-directIo-binaryInone_hotOut-inputNoEmbIfLeq-5epochs-seed0.pt",
    "query": "'SELECT Scofflaw Indicator FROM dmv.csv WHERE Suspension Indicator=N'",
    "avg_est": 1.0015625953674316,
    "avg_real": 1.0014494826857305,
    "avg_err": 0.00011294896413322846,
    "count_est": 12507822.645005226,
    "count_real": 12505841,
    "count_err": 0.0001584575563711497,
    "sum_est": 12527367.310726969,
    "sum_real": 12523967.999999998,
    "sum_err": 0.0002714244181213522,
    "query_dur_ms_est": 20.07317543029785,
    "query_dur_ms_real": 20195.28865814209,
    "query_dur_ms_err": 0.999006046619581,
    "order": [
        0,
        1,
        2,
        3,
        5,
        6,
        7,
        8,
        9,
        4
    ],
    "groupby": false
}