{
    "timestamp": "2022-08-01 13:21:31.403563",
    "dataset": "dmv.csv",
    "model": "dmv.csv-2.6MB-model16.669-data16.507-made-resmade-hidden256_256_256_256_256-emb32-directIo-binaryInone_hotOut-inputNoEmbIfLeq-5epochs-seed0.pt",
    "query": "'SELECT State FROM dmv.csv WHERE Record Type=BOAT AND County>=BROOME AND Fuel Type=ELECTRIC AND Suspension Indicator=Y AND Revocation Indicator=N AND Registration Class>=LMC<=PSD AND Weight_100>=78.0'",
    "avg_est": 51.559146881103516,
    "avg_real": NaN,
    "avg_err": NaN,
    "count_est": 7.398699670984493e-07,
    "count_real": 0,
    "count_err": 0,
    "sum_est": 3.814706430654617e-05,
    "sum_real": NaN,
    "sum_err": NaN,
    "query_dur_ms_est": 20.581960678100586,
    "query_dur_ms_real": 20195.28865814209,
    "query_dur_ms_err": 0.9989808533551313,
    "order": [
        0,
        2,
        3,
        4,
        5,
        6,
        7,
        8,
        9,
        1
    ],
    "groupby": false
}