{
    "timestamp": "2022-08-01 14:03:27.434531",
    "dataset": "dmv.csv",
    "model": "dmv.csv-2.6MB-model16.669-data16.507-made-resmade-hidden256_256_256_256_256-emb32-directIo-binaryInone_hotOut-inputNoEmbIfLeq-5epochs-seed0.pt",
    "query": "'SELECT Suspension Indicator FROM dmv.csv WHERE State>=AE AND County=NIAGARA AND Fuel Type=FLEX AND Scofflaw Indicator=N AND Revocation Indicator=Y AND Registration Class>=TRC<=VAS AND Model Year>=2000.0 AND Weight_100>=18.0'",
    "avg_est": 1.0079419612884521,
    "avg_real": NaN,
    "avg_err": NaN,
    "count_est": 4.3145667325999494e-07,
    "count_real": 0,
    "count_err": 0,
    "sum_est": 4.348832854566702e-07,
    "sum_real": NaN,
    "sum_err": NaN,
    "query_dur_ms_est": 20.64061164855957,
    "query_dur_ms_real": 20195.28865814209,
    "query_dur_ms_err": 0.9989779491643841,
    "order": [
        0,
        1,
        2,
        3,
        4,
        6,
        7,
        8,
        9,
        5
    ],
    "groupby": false
}