{
    "timestamp": "2022-08-01 13:52:25.623126",
    "dataset": "dmv.csv",
    "model": "dmv.csv-2.6MB-model16.669-data16.507-made-resmade-hidden256_256_256_256_256-emb32-directIo-binaryInone_hotOut-inputNoEmbIfLeq-5epochs-seed0.pt",
    "query": "'SELECT Registration Class FROM dmv.csv WHERE County<=NASSAU AND Scofflaw Indicator=N AND Model Year>=1901.0<=1976.0 AND Weight_100>=68.0<=nan'",
    "avg_est": 46.29619216918945,
    "avg_real": NaN,
    "avg_err": NaN,
    "count_est": 0.0,
    "count_real": 0,
    "count_err": 0,
    "sum_est": 0.0,
    "sum_real": NaN,
    "sum_err": NaN,
    "query_dur_ms_est": 20.364761352539062,
    "query_dur_ms_real": 20195.28865814209,
    "query_dur_ms_err": 0.9989916083054189,
    "order": [
        0,
        1,
        2,
        3,
        4,
        5,
        6,
        8,
        9,
        7
    ],
    "groupby": false
}