{
    "timestamp": "2022-08-01 13:10:19.501404",
    "dataset": "dmv.csv",
    "model": "dmv.csv-2.6MB-model16.669-data16.507-made-resmade-hidden256_256_256_256_256-emb32-directIo-binaryInone_hotOut-inputNoEmbIfLeq-5epochs-seed0.pt",
    "query": "'SELECT Weight_100 FROM dmv.csv WHERE Suspension Indicator=N AND Registration Class>=LMC<=ORC'",
    "avg_est": 41.477046966552734,
    "avg_real": 2.435301589713075,
    "avg_err": 16.031585386284544,
    "count_est": 969259.6694935858,
    "count_real": 947844,
    "count_err": 0.0225940866783836,
    "sum_est": 40202028.83437084,
    "sum_real": 2308286.0,
    "sum_err": 16.416398502772548,
    "query_dur_ms_est": 20.20096778869629,
    "query_dur_ms_real": 20195.28865814209,
    "query_dur_ms_err": 0.9989997187893349,
    "order": [
        0,
        1,
        2,
        3,
        4,
        5,
        6,
        7,
        8,
        9
    ],
    "groupby": false
}