{
    "timestamp": "2022-08-01 13:34:57.639244",
    "dataset": "dmv.csv",
    "model": "dmv.csv-2.6MB-model16.669-data16.507-made-resmade-hidden256_256_256_256_256-emb32-directIo-binaryInone_hotOut-inputNoEmbIfLeq-5epochs-seed0.pt",
    "query": "'SELECT Record Type FROM dmv.csv WHERE State<=MN AND County>=ULSTER AND Scofflaw Indicator=Y AND Suspension Indicator=Y AND Revocation Indicator=Y AND Registration Class>=RGL AND Model Year>=1908.0<=1921.0'",
    "avg_est": 3.834136962890625,
    "avg_real": NaN,
    "avg_err": NaN,
    "count_est": 1.0514024323973863e-11,
    "count_real": 0,
    "count_err": 0,
    "sum_est": 4.0312209289279306e-11,
    "sum_real": NaN,
    "sum_err": NaN,
    "query_dur_ms_est": 20.607709884643555,
    "query_dur_ms_real": 20195.28865814209,
    "query_dur_ms_err": 0.9989795783445593,
    "order": [
        1,
        2,
        3,
        4,
        5,
        6,
        7,
        8,
        9,
        0
    ],
    "groupby": false
}