{
    "timestamp": "2022-08-01 13:23:33.097735",
    "dataset": "dmv.csv",
    "model": "dmv.csv-2.6MB-model16.669-data16.507-made-resmade-hidden256_256_256_256_256-emb32-directIo-binaryInone_hotOut-inputNoEmbIfLeq-5epochs-seed0.pt",
    "query": "'SELECT Scofflaw Indicator FROM dmv.csv WHERE Suspension Indicator=Y'",
    "avg_est": 1.0015895366668701,
    "avg_real": 1.016223527318028,
    "avg_err": 0.014400365921244974,
    "count_est": 137200.16437907144,
    "count_real": 140475,
    "count_err": 0.023312586730226417,
    "sum_est": 137418.2490710526,
    "sum_real": 142753.99999999997,
    "sum_err": 0.03737724287198525,
    "query_dur_ms_est": 20.067930221557617,
    "query_dur_ms_real": 20195.28865814209,
    "query_dur_ms_err": 0.9990063063439568,
    "order": [
        0,
        1,
        2,
        3,
        5,
        6,
        7,
        8,
        9,
        4
    ],
    "groupby": false
}