{
    "timestamp": "2022-08-01 14:11:58.907625",
    "dataset": "dmv.csv",
    "model": "dmv.csv-2.6MB-model16.669-data16.507-made-resmade-hidden256_256_256_256_256-emb32-directIo-binaryInone_hotOut-inputNoEmbIfLeq-5epochs-seed0.pt",
    "query": "'SELECT Scofflaw Indicator FROM dmv.csv WHERE Model Year>=1998.0<=2015.0'",
    "avg_est": 1.0015101432800293,
    "avg_real": 1.0017918485319834,
    "avg_err": 0.00028120138167120595,
    "count_est": 6139516.664554954,
    "count_real": 6133889,
    "count_err": 0.0009174708826575726,
    "sum_est": 6148788.21438856,
    "sum_real": 6144879.999999999,
    "sum_err": 0.0006360115069066449,
    "query_dur_ms_est": 20.33209800720215,
    "query_dur_ms_real": 20195.28865814209,
    "query_dur_ms_err": 0.9989932256799408,
    "order": [
        0,
        1,
        2,
        3,
        5,
        6,
        7,
        8,
        9,
        4
    ],
    "groupby": false
}