{
    "timestamp": "2022-08-01 13:53:42.219640",
    "dataset": "dmv.csv",
    "model": "dmv.csv-2.6MB-model16.669-data16.507-made-resmade-hidden256_256_256_256_256-emb32-directIo-binaryInone_hotOut-inputNoEmbIfLeq-5epochs-seed0.pt",
    "query": "'SELECT Scofflaw Indicator FROM dmv.csv WHERE Suspension Indicator=N'",
    "avg_est": 1.001584529876709,
    "avg_real": 1.0014494826857305,
    "avg_err": 0.00013485172573685807,
    "count_est": 12505148.99027896,
    "count_real": 12505841,
    "count_err": 5.5334920781475286e-05,
    "sum_est": 12524963.772466753,
    "sum_real": 12523967.999999998,
    "sum_err": 7.950934294582524e-05,
    "query_dur_ms_est": 20.185470581054688,
    "query_dur_ms_real": 20195.28865814209,
    "query_dur_ms_err": 0.9990004861568088,
    "order": [
        0,
        1,
        2,
        3,
        5,
        6,
        7,
        8,
        9,
        4
    ],
    "groupby": false
}