{
    "timestamp": "2022-08-01 12:38:22.803967",
    "dataset": "dmv.csv",
    "model": "dmv.csv-2.6MB-model16.669-data16.507-made-resmade-hidden256_256_256_256_256-emb32-directIo-binaryInone_hotOut-inputNoEmbIfLeq-5epochs-seed0.pt",
    "query": "'SELECT State FROM dmv.csv WHERE Revocation Indicator=N'",
    "avg_est": 51.857486724853516,
    "avg_real": 51.8600525321669,
    "avg_err": 4.9475601895885255e-05,
    "count_est": 12641420.204272032,
    "count_real": 12640636,
    "count_err": 6.203835566753002e-05,
    "sum_est": 655552280.4263319,
    "sum_real": 655544047.0,
    "sum_err": 1.2559684386665948e-05,
    "query_dur_ms_est": 20.26963233947754,
    "query_dur_ms_real": 20195.28865814209,
    "query_dur_ms_err": 0.998996318761143,
    "order": [
        0,
        2,
        3,
        4,
        5,
        6,
        7,
        8,
        9,
        1
    ],
    "groupby": false
}