{
    "timestamp": "2022-08-01 13:30:01.655506",
    "dataset": "dmv.csv",
    "model": "dmv.csv-2.6MB-model16.669-data16.507-made-resmade-hidden256_256_256_256_256-emb32-directIo-binaryInone_hotOut-inputNoEmbIfLeq-5epochs-seed0.pt",
    "query": "'SELECT Fuel Type FROM dmv.csv WHERE Record Type=VEH AND State>=ID AND County<=ORLEANS AND Scofflaw Indicator=Y AND Suspension Indicator=N AND Revocation Indicator=Y AND Registration Class>=CBS<=ITP AND Model Year>=1903.0<=1988.0 AND Weight_100>=46.0'",
    "avg_est": 5.86905574798584,
    "avg_real": NaN,
    "avg_err": NaN,
    "count_est": 1.731968505798041e-05,
    "count_real": 0,
    "count_err": 0,
    "sum_est": 0.00010165019714284438,
    "sum_real": NaN,
    "sum_err": NaN,
    "query_dur_ms_est": 20.690441131591797,
    "query_dur_ms_real": 20195.28865814209,
    "query_dur_ms_err": 0.9989754817828143,
    "order": [
        0,
        1,
        2,
        4,
        5,
        6,
        7,
        8,
        9,
        3
    ],
    "groupby": false
}