{
    "timestamp": "2022-08-01 14:00:02.529727",
    "dataset": "dmv.csv",
    "model": "dmv.csv-2.6MB-model16.669-data16.507-made-resmade-hidden256_256_256_256_256-emb32-directIo-binaryInone_hotOut-inputNoEmbIfLeq-5epochs-seed0.pt",
    "query": "'SELECT Scofflaw Indicator FROM dmv.csv WHERE Suspension Indicator=N'",
    "avg_est": 1.0014925003051758,
    "avg_real": 1.0014494826857305,
    "avg_err": 4.295535639989037e-05,
    "count_est": 12506443.229118824,
    "count_real": 12505841,
    "count_err": 4.815582725096258e-05,
    "sum_est": 12525109.099454947,
    "sum_real": 12523967.999999998,
    "sum_err": 9.111325220159288e-05,
    "query_dur_ms_est": 20.17378807067871,
    "query_dur_ms_real": 20195.28865814209,
    "query_dur_ms_err": 0.9990010646338275,
    "order": [
        0,
        1,
        2,
        3,
        5,
        6,
        7,
        8,
        9,
        4
    ],
    "groupby": false
}