{
    "timestamp": "2022-08-01 14:06:27.812725",
    "dataset": "dmv.csv",
    "model": "dmv.csv-2.6MB-model16.669-data16.507-made-resmade-hidden256_256_256_256_256-emb32-directIo-binaryInone_hotOut-inputNoEmbIfLeq-5epochs-seed0.pt",
    "query": "'SELECT Record Type FROM dmv.csv WHERE Scofflaw Indicator=Y'",
    "avg_est": 3.834136962890625,
    "avg_real": 1.995981574046849,
    "avg_err": 0.9209280349802625,
    "count_est": 19719.674358940218,
    "count_real": 20406,
    "count_err": 0.03363352156521525,
    "sum_est": 75607.93235577918,
    "sum_real": 40730.0,
    "sum_err": 0.8563204604905273,
    "query_dur_ms_est": 20.080089569091797,
    "query_dur_ms_real": 20195.28865814209,
    "query_dur_ms_err": 0.9990057042556311,
    "order": [
        1,
        2,
        3,
        4,
        5,
        6,
        7,
        8,
        9,
        0
    ],
    "groupby": false
}