{
    "timestamp": "2022-08-01 14:19:29.612524",
    "dataset": "dmv.csv",
    "model": "dmv.csv-2.6MB-model16.669-data16.507-made-resmade-hidden256_256_256_256_256-emb32-directIo-binaryInone_hotOut-inputNoEmbIfLeq-5epochs-seed0.pt",
    "query": "'SELECT Fuel Type FROM dmv.csv WHERE Scofflaw Indicator=N AND Suspension Indicator=Y AND Revocation Indicator=N'",
    "avg_est": 5.887290000915527,
    "avg_real": NaN,
    "avg_err": NaN,
    "count_est": 136401.29978939518,
    "count_real": 138123,
    "count_err": 0.012464978393206176,
    "sum_est": 803034.0083619875,
    "sum_real": NaN,
    "sum_err": NaN,
    "query_dur_ms_est": 20.179271697998047,
    "query_dur_ms_real": 20195.28865814209,
    "query_dur_ms_err": 0.9990007931037984,
    "order": [
        0,
        1,
        2,
        4,
        5,
        6,
        7,
        8,
        9,
        3
    ],
    "groupby": false
}