{
    "timestamp": "2022-08-01 13:56:37.460888",
    "dataset": "dmv.csv",
    "model": "dmv.csv-2.6MB-model16.669-data16.507-made-resmade-hidden256_256_256_256_256-emb32-directIo-binaryInone_hotOut-inputNoEmbIfLeq-5epochs-seed0.pt",
    "query": "'SELECT County FROM dmv.csv WHERE Record Type=SNOW AND State>=GU<=VA AND Scofflaw Indicator=Y AND Suspension Indicator=N AND Weight_100>=24.0<=33.0'",
    "avg_est": 31.893136978149414,
    "avg_real": NaN,
    "avg_err": NaN,
    "count_est": 2.9087077193141024e-10,
    "count_real": 0,
    "count_err": 0,
    "sum_est": 9.276781372148525e-09,
    "sum_real": NaN,
    "sum_err": NaN,
    "query_dur_ms_est": 20.418643951416016,
    "query_dur_ms_real": 20195.28865814209,
    "query_dur_ms_err": 0.9989889402277405,
    "order": [
        0,
        1,
        3,
        4,
        5,
        6,
        7,
        8,
        9,
        2
    ],
    "groupby": false
}