{
    "timestamp": "2022-08-01 12:42:59.304894",
    "dataset": "dmv.csv",
    "model": "dmv.csv-2.6MB-model16.669-data16.507-made-resmade-hidden256_256_256_256_256-emb32-directIo-binaryInone_hotOut-inputNoEmbIfLeq-5epochs-seed0.pt",
    "query": "'SELECT Revocation Indicator FROM dmv.csv WHERE Fuel Type=GAS'",
    "avg_est": 1.0004090070724487,
    "avg_real": 1.0004750802639852,
    "avg_err": 6.604181637295218e-05,
    "count_est": 11170569.396639109,
    "count_real": 11147590,
    "count_err": 0.0020613779874491846,
    "sum_est": 11175138.238525614,
    "sum_real": 11152886.0,
    "sum_err": 0.0019952000339297058,
    "query_dur_ms_est": 20.09272575378418,
    "query_dur_ms_real": 20195.28865814209,
    "query_dur_ms_err": 0.9990050785559986,
    "order": [
        0,
        1,
        2,
        3,
        4,
        5,
        7,
        8,
        9,
        6
    ],
    "groupby": false
}