{
    "timestamp": "2022-08-01 12:49:19.958997",
    "dataset": "dmv.csv",
    "model": "dmv.csv-2.6MB-model16.669-data16.507-made-resmade-hidden256_256_256_256_256-emb32-directIo-binaryInone_hotOut-inputNoEmbIfLeq-5epochs-seed0.pt",
    "query": "'SELECT County FROM dmv.csv WHERE State>=SD<=US AND Fuel Type=FLEX AND Scofflaw Indicator=N AND Suspension Indicator=Y AND Revocation Indicator=Y AND Registration Class<=ORG AND Model Year>=1964.0 AND Weight_100>=6.0<=83.0'",
    "avg_est": 38.65143585205078,
    "avg_real": NaN,
    "avg_err": NaN,
    "count_est": 1.7074272960675723e-10,
    "count_real": 0,
    "count_err": 0,
    "sum_est": 6.599451660599629e-09,
    "sum_real": NaN,
    "sum_err": NaN,
    "query_dur_ms_est": 20.687580108642578,
    "query_dur_ms_real": 20195.28865814209,
    "query_dur_ms_err": 0.9989756234506556,
    "order": [
        0,
        1,
        3,
        4,
        5,
        6,
        7,
        8,
        9,
        2
    ],
    "groupby": false
}