{
    "timestamp": "2022-08-01 13:18:38.678495",
    "dataset": "dmv.csv",
    "model": "dmv.csv-2.6MB-model16.669-data16.507-made-resmade-hidden256_256_256_256_256-emb32-directIo-binaryInone_hotOut-inputNoEmbIfLeq-5epochs-seed0.pt",
    "query": "'SELECT Registration Class FROM dmv.csv WHERE Record Type=VEH AND Revocation Indicator=Y'",
    "avg_est": 44.9674072265625,
    "avg_real": 6.64031690140845,
    "avg_err": 5.771876688147917,
    "count_est": 4728.223771987134,
    "count_real": 5680,
    "count_err": 0.16756623732620887,
    "sum_est": 212615.96381325883,
    "sum_real": 37717.0,
    "sum_err": 4.637138791877902,
    "query_dur_ms_est": 20.182371139526367,
    "query_dur_ms_real": 20195.28865814209,
    "query_dur_ms_err": 0.9990006396303036,
    "order": [
        0,
        1,
        2,
        3,
        4,
        5,
        6,
        8,
        9,
        7
    ],
    "groupby": false
}