{
    "timestamp": "2022-08-01 13:05:37.453164",
    "dataset": "dmv.csv",
    "model": "dmv.csv-2.6MB-model16.669-data16.507-made-resmade-hidden256_256_256_256_256-emb32-directIo-binaryInone_hotOut-inputNoEmbIfLeq-5epochs-seed0.pt",
    "query": "'SELECT County FROM dmv.csv WHERE State>=GA<=MY AND Scofflaw Indicator=Y'",
    "avg_est": 38.54872131347656,
    "avg_real": 5.066666666666666,
    "avg_err": 6.6083002592387965,
    "count_est": 30.119965523509563,
    "count_real": 60,
    "count_err": 0.49800057460817393,
    "sum_est": 1161.0861569372923,
    "sum_real": 304.0,
    "sum_err": 2.8193623583463565,
    "query_dur_ms_est": 20.19333839416504,
    "query_dur_ms_real": 20195.28865814209,
    "query_dur_ms_err": 0.9990000965702451,
    "order": [
        0,
        1,
        3,
        4,
        5,
        6,
        7,
        8,
        9,
        2
    ],
    "groupby": false
}