{
    "timestamp": "2022-08-01 13:31:43.789126",
    "dataset": "dmv.csv",
    "model": "dmv.csv-2.6MB-model16.669-data16.507-made-resmade-hidden256_256_256_256_256-emb32-directIo-binaryInone_hotOut-inputNoEmbIfLeq-5epochs-seed0.pt",
    "query": "'SELECT State FROM dmv.csv WHERE Suspension Indicator=N AND Weight_100>=33.0'",
    "avg_est": 51.855918884277344,
    "avg_real": 47.89229734103232,
    "avg_err": 0.0827611487296339,
    "count_est": 9185199.478494883,
    "count_real": 6417641,
    "count_err": 0.4312423332023219,
    "sum_est": 476306959.0927372,
    "sum_real": 307355571.0,
    "sum_err": 0.5496935928086275,
    "query_dur_ms_est": 20.435333251953125,
    "query_dur_ms_real": 20195.28865814209,
    "query_dur_ms_err": 0.9989881138319994,
    "order": [
        0,
        2,
        3,
        4,
        5,
        6,
        7,
        8,
        9,
        1
    ],
    "groupby": false
}