{
    "timestamp": "2022-08-01 14:15:27.596459",
    "dataset": "dmv.csv",
    "model": "dmv.csv-2.6MB-model16.669-data16.507-made-resmade-hidden256_256_256_256_256-emb32-directIo-binaryInone_hotOut-inputNoEmbIfLeq-5epochs-seed0.pt",
    "query": "'SELECT State FROM dmv.csv WHERE Weight_100<=98.0'",
    "avg_est": 51.857696533203125,
    "avg_real": 49.906143985309875,
    "avg_err": 0.03910445472340439,
    "count_est": 9591821.884418488,
    "count_real": 9608633,
    "count_err": 0.00174958452274246,
    "sum_est": 497409788.4827105,
    "sum_real": 479529822.0,
    "sum_err": 0.03728645365190756,
    "query_dur_ms_est": 20.05314826965332,
    "query_dur_ms_real": 20195.28865814209,
    "query_dur_ms_err": 0.9990070382944704,
    "order": [
        0,
        2,
        3,
        4,
        5,
        6,
        7,
        8,
        9,
        1
    ],
    "groupby": false
}