{
    "timestamp": "2022-08-01 13:31:57.388704",
    "dataset": "dmv.csv",
    "model": "dmv.csv-2.6MB-model16.669-data16.507-made-resmade-hidden256_256_256_256_256-emb32-directIo-binaryInone_hotOut-inputNoEmbIfLeq-5epochs-seed0.pt",
    "query": "'SELECT State FROM dmv.csv WHERE Revocation Indicator=Y AND Weight_100>=85.0'",
    "avg_est": 51.85578918457031,
    "avg_real": 1.0,
    "avg_err": 50.85578918457031,
    "count_est": 4728.552078150329,
    "count_real": 6,
    "count_err": 787.0920130250548,
    "sum_est": 245202.7997128253,
    "sum_real": 6.0,
    "sum_err": 40866.13328547088,
    "query_dur_ms_est": 20.287036895751953,
    "query_dur_ms_real": 20195.28865814209,
    "query_dur_ms_err": 0.9989954569484416,
    "order": [
        0,
        2,
        3,
        4,
        5,
        6,
        7,
        8,
        9,
        1
    ],
    "groupby": false
}