{
    "timestamp": "2022-08-01 13:46:42.050637",
    "dataset": "dmv.csv",
    "model": "dmv.csv-2.6MB-model16.669-data16.507-made-resmade-hidden256_256_256_256_256-emb32-directIo-binaryInone_hotOut-inputNoEmbIfLeq-5epochs-seed0.pt",
    "query": "'SELECT Revocation Indicator FROM dmv.csv WHERE County>=CAYUGA AND Fuel Type=OTHER'",
    "avg_est": 1.0004178285598755,
    "avg_real": 1.0014910536779325,
    "avg_err": 0.001071627264283182,
    "count_est": 2093.7329897339805,
    "count_real": 2012,
    "count_err": 0.040622758317087726,
    "sum_est": 2094.6078111738448,
    "sum_real": 2015.0,
    "sum_err": 0.03950759859744157,
    "query_dur_ms_est": 20.17998695373535,
    "query_dur_ms_real": 20195.28865814209,
    "query_dur_ms_err": 0.999000757686838,
    "order": [
        0,
        1,
        2,
        3,
        4,
        5,
        7,
        8,
        9,
        6
    ],
    "groupby": false
}