{
    "timestamp": "2022-08-01 12:33:45.014140",
    "dataset": "dmv.csv",
    "model": "dmv.csv-2.6MB-model16.669-data16.507-made-resmade-hidden256_256_256_256_256-emb32-directIo-binaryInone_hotOut-inputNoEmbIfLeq-5epochs-seed0.pt",
    "query": "'SELECT Fuel Type FROM dmv.csv WHERE Record Type=VEH AND State=ON AND County>=PUTNAM<=SUFFOLK AND Scofflaw Indicator=N AND Suspension Indicator=N AND Registration Class>=SPC AND Model Year<=1956.0 AND Weight_100<=36.0'",
    "avg_est": 5.708001136779785,
    "avg_real": NaN,
    "avg_err": NaN,
    "count_est": 0.0002890646894533541,
    "count_real": 0,
    "count_err": 0,
    "sum_est": 0.0016499815760026408,
    "sum_real": NaN,
    "sum_err": NaN,
    "query_dur_ms_est": 21.060943603515625,
    "query_dur_ms_real": 20195.28865814209,
    "query_dur_ms_err": 0.9989571357973621,
    "order": [
        0,
        1,
        2,
        4,
        5,
        6,
        7,
        8,
        9,
        3
    ],
    "groupby": false
}