{
    "timestamp": "2022-08-01 13:53:21.743423",
    "dataset": "dmv.csv",
    "model": "dmv.csv-2.6MB-model16.669-data16.507-made-resmade-hidden256_256_256_256_256-emb32-directIo-binaryInone_hotOut-inputNoEmbIfLeq-5epochs-seed0.pt",
    "query": "'SELECT County FROM dmv.csv WHERE Scofflaw Indicator=Y'",
    "avg_est": 34.44110107421875,
    "avg_real": 31.646231500539056,
    "avg_err": 0.0883160313616516,
    "count_est": 18888.631348595954,
    "count_real": 20406,
    "count_err": 0.07435894596707074,
    "sum_est": 650545.2614306501,
    "sum_real": 645773.0,
    "sum_err": 0.007389998390533724,
    "query_dur_ms_est": 19.97089385986328,
    "query_dur_ms_real": 20195.28865814209,
    "query_dur_ms_err": 0.9990111112449085,
    "order": [
        0,
        1,
        3,
        4,
        5,
        6,
        7,
        8,
        9,
        2
    ],
    "groupby": false
}