{
    "timestamp": "2022-08-01 12:39:57.116718",
    "dataset": "dmv.csv",
    "model": "dmv.csv-2.6MB-model16.669-data16.507-made-resmade-hidden256_256_256_256_256-emb32-directIo-binaryInone_hotOut-inputNoEmbIfLeq-5epochs-seed0.pt",
    "query": "'SELECT Registration Class FROM dmv.csv WHERE Revocation Indicator=N'",
    "avg_est": 46.548828125,
    "avg_real": 46.54575640023176,
    "avg_err": 6.599365883814627e-05,
    "count_est": 12641201.608311892,
    "count_real": 12640636,
    "count_err": 4.474524160742828e-05,
    "sum_est": 588433120.9587839,
    "sum_real": 588367964.0,
    "sum_err": 0.0001107418533478566,
    "query_dur_ms_est": 20.667552947998047,
    "query_dur_ms_real": 20195.28865814209,
    "query_dur_ms_err": 0.9989766151255448,
    "order": [
        0,
        1,
        2,
        3,
        4,
        5,
        6,
        8,
        9,
        7
    ],
    "groupby": false
}