{
    "timestamp": "2022-08-01 12:42:11.581025",
    "dataset": "dmv.csv",
    "model": "dmv.csv-2.6MB-model16.669-data16.507-made-resmade-hidden256_256_256_256_256-emb32-directIo-binaryInone_hotOut-inputNoEmbIfLeq-5epochs-seed0.pt",
    "query": "'SELECT Registration Class FROM dmv.csv WHERE Record Type=SNOW AND State=MY AND County<=SARATOGA AND Fuel Type=COMP N/G AND Scofflaw Indicator=N AND Suspension Indicator=N AND Revocation Indicator=Y AND Model Year>=2018.0 AND Weight_100<=85.0'",
    "avg_est": 57.99992752075195,
    "avg_real": NaN,
    "avg_err": NaN,
    "count_est": 1.2661842549373867e-34,
    "count_real": 0,
    "count_err": 0,
    "sum_est": 7.343859501428574e-33,
    "sum_real": NaN,
    "sum_err": NaN,
    "query_dur_ms_est": 20.771026611328125,
    "query_dur_ms_real": 20195.28865814209,
    "query_dur_ms_err": 0.9989714914719501,
    "order": [
        0,
        1,
        2,
        3,
        4,
        5,
        6,
        8,
        9,
        7
    ],
    "groupby": false
}