{
    "timestamp": "2022-08-01 13:49:24.928000",
    "dataset": "dmv.csv",
    "model": "dmv.csv-2.6MB-model16.669-data16.507-made-resmade-hidden256_256_256_256_256-emb32-directIo-binaryInone_hotOut-inputNoEmbIfLeq-5epochs-seed0.pt",
    "query": "'SELECT Scofflaw Indicator FROM dmv.csv WHERE Fuel Type=PROPANE AND Model Year>=1902.0'",
    "avg_est": 1.000222086906433,
    "avg_real": 1.0,
    "avg_err": 0.00022208690643310547,
    "count_est": 804.6014822387369,
    "count_real": 957,
    "count_err": 0.15924610006401574,
    "sum_est": 804.7801736928388,
    "sum_real": 957.0,
    "sum_err": 0.15905937963130737,
    "query_dur_ms_est": 20.123958587646484,
    "query_dur_ms_real": 20195.28865814209,
    "query_dur_ms_err": 0.9990035320153974,
    "order": [
        0,
        1,
        2,
        3,
        5,
        6,
        7,
        8,
        9,
        4
    ],
    "groupby": false
}