{
    "timestamp": "2022-08-01 13:41:10.973634",
    "dataset": "dmv.csv",
    "model": "dmv.csv-2.6MB-model16.669-data16.507-made-resmade-hidden256_256_256_256_256-emb32-directIo-binaryInone_hotOut-inputNoEmbIfLeq-5epochs-seed0.pt",
    "query": "'SELECT Record Type FROM dmv.csv WHERE Suspension Indicator=N'",
    "avg_est": 3.834136962890625,
    "avg_real": 3.8322488667495453,
    "avg_err": 0.0004926862024702242,
    "count_est": 12508071.392132282,
    "count_real": 12505841,
    "count_err": 0.00017834803211413426,
    "sum_est": 47957658.85904918,
    "sum_real": 47925495.0,
    "sum_err": 0.0006711221041990001,
    "query_dur_ms_est": 20.175695419311523,
    "query_dur_ms_real": 20195.28865814209,
    "query_dur_ms_err": 0.9990009701886,
    "order": [
        1,
        2,
        3,
        4,
        5,
        6,
        7,
        8,
        9,
        0
    ],
    "groupby": false
}