{
    "timestamp": "2022-08-01 13:26:31.007817",
    "dataset": "dmv.csv",
    "model": "dmv.csv-2.6MB-model16.669-data16.507-made-resmade-hidden256_256_256_256_256-emb32-directIo-binaryInone_hotOut-inputNoEmbIfLeq-5epochs-seed0.pt",
    "query": "'SELECT Suspension Indicator FROM dmv.csv WHERE Registration Class>=HOU<=IRP AND Model Year<=2003.0'",
    "avg_est": 1.0106481313705444,
    "avg_real": 1.0010622650759928,
    "avg_err": 0.009575694368845198,
    "count_est": 16425.21181699494,
    "count_real": 12238,
    "count_err": 0.34214837530600906,
    "sum_est": 16600.10963021132,
    "sum_real": 12251.0,
    "sum_err": 0.3550003779455814,
    "query_dur_ms_est": 20.312786102294922,
    "query_dur_ms_real": 20195.28865814209,
    "query_dur_ms_err": 0.9989941819378697,
    "order": [
        0,
        1,
        2,
        3,
        4,
        6,
        7,
        8,
        9,
        5
    ],
    "groupby": false
}