{
    "timestamp": "2022-08-01 12:45:23.131579",
    "dataset": "dmv.csv",
    "model": "dmv.csv-2.6MB-model16.669-data16.507-made-resmade-hidden256_256_256_256_256-emb32-directIo-binaryInone_hotOut-inputNoEmbIfLeq-5epochs-seed0.pt",
    "query": "'SELECT Scofflaw Indicator FROM dmv.csv WHERE Record Type=TRL AND Registration Class=HOU'",
    "avg_est": 1.000125765800476,
    "avg_real": 1.0000685570120111,
    "avg_err": 5.720486667020386e-05,
    "count_est": 81431.65916086733,
    "count_real": 72932,
    "count_err": 0.11654224703651804,
    "sum_est": 81441.90047866579,
    "sum_real": 72937.0,
    "sum_err": 0.11660611868689129,
    "query_dur_ms_est": 20.278215408325195,
    "query_dur_ms_real": 20195.28865814209,
    "query_dur_ms_err": 0.9989958937576191,
    "order": [
        0,
        1,
        2,
        3,
        5,
        6,
        7,
        8,
        9,
        4
    ],
    "groupby": false
}