{
    "timestamp": "2022-08-01 12:47:30.290564",
    "dataset": "dmv.csv",
    "model": "dmv.csv-2.6MB-model16.669-data16.507-made-resmade-hidden256_256_256_256_256-emb32-directIo-binaryInone_hotOut-inputNoEmbIfLeq-5epochs-seed0.pt",
    "query": "'SELECT State FROM dmv.csv WHERE Record Type=TRL AND Fuel Type=GAS AND Scofflaw Indicator=Y AND Suspension Indicator=N AND Registration Class=MED AND Model Year>=1932.0<=1974.0'",
    "avg_est": 51.76096725463867,
    "avg_real": NaN,
    "avg_err": NaN,
    "count_est": 8.305249008883631e-08,
    "count_real": 0,
    "count_err": 0,
    "sum_est": 4.298877219904459e-06,
    "sum_real": NaN,
    "sum_err": NaN,
    "query_dur_ms_est": 20.57480812072754,
    "query_dur_ms_real": 20195.28865814209,
    "query_dur_ms_err": 0.9989812075247346,
    "order": [
        0,
        2,
        3,
        4,
        5,
        6,
        7,
        8,
        9,
        1
    ],
    "groupby": false
}