{
    "timestamp": "2022-08-01 13:47:22.751444",
    "dataset": "dmv.csv",
    "model": "dmv.csv-2.6MB-model16.669-data16.507-made-resmade-hidden256_256_256_256_256-emb32-directIo-binaryInone_hotOut-inputNoEmbIfLeq-5epochs-seed0.pt",
    "query": "'SELECT County FROM dmv.csv WHERE Record Type=TRL AND Weight_100<=21.0'",
    "avg_est": 32.51396179199219,
    "avg_real": 31.850952068286276,
    "avg_err": 0.020816009590057593,
    "count_est": 7365.451604444999,
    "count_real": 9138,
    "count_err": 0.1939755302642811,
    "sum_est": 239480.01204769226,
    "sum_real": 291054.0,
    "sum_err": 0.17719731717244133,
    "query_dur_ms_est": 20.093441009521484,
    "query_dur_ms_real": 20195.28865814209,
    "query_dur_ms_err": 0.9990050431390383,
    "order": [
        0,
        1,
        3,
        4,
        5,
        6,
        7,
        8,
        9,
        2
    ],
    "groupby": false
}