{
    "timestamp": "2022-08-01 13:28:31.992902",
    "dataset": "dmv.csv",
    "model": "dmv.csv-2.6MB-model16.669-data16.507-made-resmade-hidden256_256_256_256_256-emb32-directIo-binaryInone_hotOut-inputNoEmbIfLeq-5epochs-seed0.pt",
    "query": "'SELECT Weight_100 FROM dmv.csv WHERE Fuel Type=FLEX AND Revocation Indicator=N'",
    "avg_est": 86.51102447509766,
    "avg_real": 61.24146449610439,
    "avg_err": 0.4126217455266877,
    "count_est": 17590.84297438385,
    "count_real": 15787,
    "count_err": 0.11426128931296951,
    "sum_est": 1521801.847094521,
    "sum_real": 966819.0,
    "sum_err": 0.5740297274821047,
    "query_dur_ms_est": 20.19023895263672,
    "query_dur_ms_real": 20195.28865814209,
    "query_dur_ms_err": 0.9990002500437399,
    "order": [
        0,
        1,
        2,
        3,
        4,
        5,
        6,
        7,
        8,
        9
    ],
    "groupby": false
}