{
    "timestamp": "2022-08-01 13:47:36.025260",
    "dataset": "dmv.csv",
    "model": "dmv.csv-2.6MB-model16.669-data16.507-made-resmade-hidden256_256_256_256_256-emb32-directIo-binaryInone_hotOut-inputNoEmbIfLeq-5epochs-seed0.pt",
    "query": "'SELECT State FROM dmv.csv WHERE Model Year=1974.0'",
    "avg_est": 51.853546142578125,
    "avg_real": 18.9143186341259,
    "avg_err": 1.741496912768619,
    "count_est": 11334.769548212877,
    "count_real": 9547,
    "count_err": 0.18725982488874793,
    "sum_est": 587747.9957837458,
    "sum_real": 180574.99999999997,
    "sum_err": 2.254869144586714,
    "query_dur_ms_est": 19.996166229248047,
    "query_dur_ms_real": 20195.28865814209,
    "query_dur_ms_err": 0.9990098598456434,
    "order": [
        0,
        2,
        3,
        4,
        5,
        6,
        7,
        8,
        9,
        1
    ],
    "groupby": false
}