{
    "timestamp": "2022-08-01 13:48:10.834842",
    "dataset": "dmv.csv",
    "model": "dmv.csv-2.6MB-model16.669-data16.507-made-resmade-hidden256_256_256_256_256-emb32-directIo-binaryInone_hotOut-inputNoEmbIfLeq-5epochs-seed0.pt",
    "query": "'SELECT State FROM dmv.csv WHERE Revocation Indicator=N AND Registration Class<=HAM AND Weight_100<=92.0'",
    "avg_est": 51.855690002441406,
    "avg_real": 26.913798163940843,
    "avg_err": 0.9267325141762324,
    "count_est": 118591.45304856077,
    "count_real": 122654,
    "count_err": 0.03312200948553844,
    "sum_est": 6149641.626225252,
    "sum_real": 3301085.0,
    "sum_err": 0.8629152615655918,
    "query_dur_ms_est": 20.28822898864746,
    "query_dur_ms_real": 20195.28865814209,
    "query_dur_ms_err": 0.9989953979201744,
    "order": [
        0,
        2,
        3,
        4,
        5,
        6,
        7,
        8,
        9,
        1
    ],
    "groupby": false
}