{
    "timestamp": "2022-08-01 12:59:05.157656",
    "dataset": "dmv.csv",
    "model": "dmv.csv-2.6MB-model16.669-data16.507-made-resmade-hidden256_256_256_256_256-emb32-directIo-binaryInone_hotOut-inputNoEmbIfLeq-5epochs-seed0.pt",
    "query": "'SELECT Record Type FROM dmv.csv WHERE County<=OUT-OF-STATE AND Fuel Type=OTHER'",
    "avg_est": 3.834136962890625,
    "avg_real": 2.1499272197962154,
    "avg_err": 0.7833798872754634,
    "count_est": 1352.5471370197774,
    "count_real": 1374,
    "count_err": 0.015613437394630687,
    "sum_est": 5185.85097209942,
    "sum_real": 2954.0,
    "sum_err": 0.7555351970546444,
    "query_dur_ms_est": 20.327091217041016,
    "query_dur_ms_real": 20195.28865814209,
    "query_dur_ms_err": 0.9989934735986631,
    "order": [
        1,
        2,
        3,
        4,
        5,
        6,
        7,
        8,
        9,
        0
    ],
    "groupby": false
}