{
    "timestamp": "2022-08-01 13:11:48.273645",
    "dataset": "dmv.csv",
    "model": "dmv.csv-2.6MB-model16.669-data16.507-made-resmade-hidden256_256_256_256_256-emb32-directIo-binaryInone_hotOut-inputNoEmbIfLeq-5epochs-seed0.pt",
    "query": "'SELECT Weight_100 FROM dmv.csv WHERE County>=BROOME AND Suspension Indicator=N'",
    "avg_est": 62.201904296875,
    "avg_real": 38.75315830406768,
    "avg_err": 0.6050796120621231,
    "count_est": 11922157.333480835,
    "count_real": 11901324,
    "count_err": 0.0017505055303792217,
    "sum_est": 741580889.4694613,
    "sum_real": 461213893.0,
    "sum_err": 0.6078893127997368,
    "query_dur_ms_est": 20.229816436767578,
    "query_dur_ms_real": 20195.28865814209,
    "query_dur_ms_err": 0.9989982903052682,
    "order": [
        0,
        1,
        2,
        3,
        4,
        5,
        6,
        7,
        8,
        9
    ],
    "groupby": false
}