{
    "timestamp": "2022-08-01 12:39:24.638075",
    "dataset": "dmv.csv",
    "model": "dmv.csv-2.6MB-model16.669-data16.507-made-resmade-hidden256_256_256_256_256-emb32-directIo-binaryInone_hotOut-inputNoEmbIfLeq-5epochs-seed0.pt",
    "query": "'SELECT County FROM dmv.csv WHERE Fuel Type=PROPANE AND Registration Class>=ARG'",
    "avg_est": 34.43307876586914,
    "avg_real": 28.02198952879581,
    "avg_err": 0.2287877964726666,
    "count_est": 792.3975655540999,
    "count_real": 955,
    "count_err": 0.17026432926272267,
    "sum_est": 27284.687788607276,
    "sum_real": 26761.0,
    "sum_err": 0.019569066500029004,
    "query_dur_ms_est": 20.216941833496094,
    "query_dur_ms_real": 20195.28865814209,
    "query_dur_ms_err": 0.9989989278105542,
    "order": [
        0,
        1,
        3,
        4,
        5,
        6,
        7,
        8,
        9,
        2
    ],
    "groupby": false
}