{
    "timestamp": "2022-08-01 13:36:40.683702",
    "dataset": "dmv.csv",
    "model": "dmv.csv-2.6MB-model16.669-data16.507-made-resmade-hidden256_256_256_256_256-emb32-directIo-binaryInone_hotOut-inputNoEmbIfLeq-5epochs-seed0.pt",
    "query": "'SELECT Suspension Indicator FROM dmv.csv WHERE County<=ROCKLAND AND Fuel Type=FLEX AND Scofflaw Indicator=Y AND Revocation Indicator=N AND Model Year>=1951.0 AND Weight_100<=15.0'",
    "avg_est": 1.135961890220642,
    "avg_real": NaN,
    "avg_err": NaN,
    "count_est": 0.514621244293977,
    "count_real": 0,
    "count_err": 0,
    "sum_est": 0.584590121415885,
    "sum_real": NaN,
    "sum_err": NaN,
    "query_dur_ms_est": 20.594120025634766,
    "query_dur_ms_real": 20195.28865814209,
    "query_dur_ms_err": 0.9989802512668057,
    "order": [
        0,
        1,
        2,
        3,
        4,
        6,
        7,
        8,
        9,
        5
    ],
    "groupby": false
}