{
    "timestamp": "2022-08-01 14:19:39.585082",
    "dataset": "dmv.csv",
    "model": "dmv.csv-2.6MB-model16.669-data16.507-made-resmade-hidden256_256_256_256_256-emb32-directIo-binaryInone_hotOut-inputNoEmbIfLeq-5epochs-seed0.pt",
    "query": "'SELECT Suspension Indicator FROM dmv.csv WHERE Record Type=SNOW AND County<=ERIE AND Revocation Indicator=Y AND Model Year>=1908.0<=2020.0 AND Weight_100=48.0'",
    "avg_est": 1.0000718832015991,
    "avg_real": NaN,
    "avg_err": NaN,
    "count_est": 5.053069027236638e-16,
    "count_real": 0,
    "count_err": 0,
    "sum_est": 5.053432258016218e-16,
    "sum_real": NaN,
    "sum_err": NaN,
    "query_dur_ms_est": 20.421266555786133,
    "query_dur_ms_real": 20195.28865814209,
    "query_dur_ms_err": 0.9989888103655526,
    "order": [
        0,
        1,
        2,
        3,
        4,
        6,
        7,
        8,
        9,
        5
    ],
    "groupby": false
}