{
    "timestamp": "2022-08-01 13:10:47.782194",
    "dataset": "dmv.csv",
    "model": "dmv.csv-2.6MB-model16.669-data16.507-made-resmade-hidden256_256_256_256_256-emb32-directIo-binaryInone_hotOut-inputNoEmbIfLeq-5epochs-seed0.pt",
    "query": "'SELECT County FROM dmv.csv WHERE Registration Class>=SRN<=SRN'",
    "avg_est": 34.459625244140625,
    "avg_real": 25.74133148404993,
    "avg_err": 0.338688531535084,
    "count_est": 2313.182104231033,
    "count_real": 1442,
    "count_err": 0.6041484772753349,
    "sum_est": 79711.38843325403,
    "sum_real": 37119.0,
    "sum_err": 1.147455169407959,
    "query_dur_ms_est": 20.088672637939453,
    "query_dur_ms_real": 20195.28865814209,
    "query_dur_ms_err": 0.9990052792521071,
    "order": [
        0,
        1,
        3,
        4,
        5,
        6,
        7,
        8,
        9,
        2
    ],
    "groupby": false
}