{
    "timestamp": "2022-08-01 12:51:39.803357",
    "dataset": "dmv.csv",
    "model": "dmv.csv-2.6MB-model16.669-data16.507-made-resmade-hidden256_256_256_256_256-emb32-directIo-binaryInone_hotOut-inputNoEmbIfLeq-5epochs-seed0.pt",
    "query": "'SELECT Model Year FROM dmv.csv WHERE County>=SCHENECTADY<=STEUBEN'",
    "avg_est": 112.90189361572266,
    "avg_real": 101.55665866131227,
    "avg_err": 0.11171335394409075,
    "count_est": 476014.93969094753,
    "count_real": 457194,
    "count_err": 0.04116620010531095,
    "sum_est": 53742988.08048199,
    "sum_real": 46431095.0,
    "sum_err": 0.15747836833229953,
    "query_dur_ms_est": 20.057201385498047,
    "query_dur_ms_real": 20195.28865814209,
    "query_dur_ms_err": 0.9990068375983617,
    "order": [
        0,
        1,
        2,
        3,
        4,
        5,
        6,
        7,
        9,
        8
    ],
    "groupby": false
}