{
    "timestamp": "2022-08-01 13:39:11.321262",
    "dataset": "dmv.csv",
    "model": "dmv.csv-2.6MB-model16.669-data16.507-made-resmade-hidden256_256_256_256_256-emb32-directIo-binaryInone_hotOut-inputNoEmbIfLeq-5epochs-seed0.pt",
    "query": "'SELECT Fuel Type FROM dmv.csv WHERE County>=SUFFOLK'",
    "avg_est": 5.898218154907227,
    "avg_real": NaN,
    "avg_err": NaN,
    "count_est": 2865442.341678202,
    "count_real": 2847858,
    "count_err": 0.006174585136689453,
    "sum_est": 16901004.041526247,
    "sum_real": NaN,
    "sum_err": NaN,
    "query_dur_ms_est": 20.101070404052734,
    "query_dur_ms_real": 20195.28865814209,
    "query_dur_ms_err": 0.999004665358128,
    "order": [
        0,
        1,
        2,
        4,
        5,
        6,
        7,
        8,
        9,
        3
    ],
    "groupby": false
}