{
    "timestamp": "2022-08-01 13:45:30.735053",
    "dataset": "dmv.csv",
    "model": "dmv.csv-2.6MB-model16.669-data16.507-made-resmade-hidden256_256_256_256_256-emb32-directIo-binaryInone_hotOut-inputNoEmbIfLeq-5epochs-seed0.pt",
    "query": "'SELECT State FROM dmv.csv WHERE Record Type=BOAT AND Suspension Indicator=Y'",
    "avg_est": 51.559146881103516,
    "avg_real": 1.0,
    "avg_err": 50.559146881103516,
    "count_est": 76.8632542402338,
    "count_real": 14,
    "count_err": 4.490232445730986,
    "sum_est": 3963.003815131817,
    "sum_real": 14.0,
    "sum_err": 282.0717010808441,
    "query_dur_ms_est": 20.15233039855957,
    "query_dur_ms_real": 20195.28865814209,
    "query_dur_ms_err": 0.9990021271426376,
    "order": [
        0,
        2,
        3,
        4,
        5,
        6,
        7,
        8,
        9,
        1
    ],
    "groupby": false
}