{
    "timestamp": "2022-08-01 13:57:45.213554",
    "dataset": "dmv.csv",
    "model": "dmv.csv-2.6MB-model16.669-data16.507-made-resmade-hidden256_256_256_256_256-emb32-directIo-binaryInone_hotOut-inputNoEmbIfLeq-5epochs-seed0.pt",
    "query": "'SELECT County FROM dmv.csv WHERE Record Type=SNOW AND Revocation Indicator=N'",
    "avg_est": 31.996047973632812,
    "avg_real": 31.995859103336606,
    "avg_err": 5.902960617381688e-06,
    "count_est": 111333.58428212255,
    "count_real": 113019,
    "count_err": 0.014912675902967179,
    "sum_est": 3562234.703767285,
    "sum_real": 3616140.0,
    "sum_err": 0.014906860971288386,
    "query_dur_ms_est": 20.30777931213379,
    "query_dur_ms_real": 20195.28865814209,
    "query_dur_ms_err": 0.998994429856592,
    "order": [
        0,
        1,
        3,
        4,
        5,
        6,
        7,
        8,
        9,
        2
    ],
    "groupby": false
}