{
    "timestamp": "2022-08-01 13:05:42.605512",
    "dataset": "dmv.csv",
    "model": "dmv.csv-2.6MB-model16.669-data16.507-made-resmade-hidden256_256_256_256_256-emb32-directIo-binaryInone_hotOut-inputNoEmbIfLeq-5epochs-seed0.pt",
    "query": "'SELECT Model Year FROM dmv.csv WHERE Record Type=VEH AND State>=IA<=NE AND County>=DELAWARE<=NEW YORK AND Fuel Type=FLEX AND Scofflaw Indicator=N AND Suspension Indicator=N AND Revocation Indicator=N AND Weight_100<=41.0'",
    "avg_est": 119.79145050048828,
    "avg_real": 1.0,
    "avg_err": 118.79145050048828,
    "count_est": 0.3454904851450138,
    "count_real": 1,
    "count_err": 0.6545095148549862,
    "sum_est": 41.386806349638604,
    "sum_real": 1.0,
    "sum_err": 40.386806349638604,
    "query_dur_ms_est": 20.949363708496094,
    "query_dur_ms_real": 20195.28865814209,
    "query_dur_ms_err": 0.998962660843174,
    "order": [
        0,
        1,
        2,
        3,
        4,
        5,
        6,
        7,
        9,
        8
    ],
    "groupby": false
}