{
    "timestamp": "2022-08-01 13:19:02.828361",
    "dataset": "dmv.csv",
    "model": "dmv.csv-2.6MB-model16.669-data16.507-made-resmade-hidden256_256_256_256_256-emb32-directIo-binaryInone_hotOut-inputNoEmbIfLeq-5epochs-seed0.pt",
    "query": "'SELECT Fuel Type FROM dmv.csv WHERE Record Type=TRL'",
    "avg_est": 6.999886512756348,
    "avg_real": 1.999980649805337,
    "avg_err": 2.499977118997458,
    "count_est": 781843.5492842644,
    "count_real": 775186,
    "count_err": 0.008588324975250385,
    "sum_est": 5472816.115720475,
    "sum_real": 1550357.0,
    "sum_err": 2.5300360599013487,
    "query_dur_ms_est": 20.13254165649414,
    "query_dur_ms_real": 20195.28865814209,
    "query_dur_ms_err": 0.9990031070118734,
    "order": [
        0,
        1,
        2,
        4,
        5,
        6,
        7,
        8,
        9,
        3
    ],
    "groupby": false
}