{
    "timestamp": "2022-08-01 13:08:26.162614",
    "dataset": "dmv.csv",
    "model": "dmv.csv-2.6MB-model16.669-data16.507-made-resmade-hidden256_256_256_256_256-emb32-directIo-binaryInone_hotOut-inputNoEmbIfLeq-5epochs-seed0.pt",
    "query": "'SELECT Revocation Indicator FROM dmv.csv WHERE Scofflaw Indicator=N AND Registration Class>=HIS<=NYS AND Weight_100<=8.0'",
    "avg_est": 1.0004174709320068,
    "avg_real": 1.0000030468669068,
    "avg_err": 0.00041442280240893873,
    "count_est": 299571.630012691,
    "count_real": 328206,
    "count_err": 0.08724511431024716,
    "sum_est": 299696.69246027526,
    "sum_real": 328207.0,
    "sum_err": 0.08686684787260705,
    "query_dur_ms_est": 20.438671112060547,
    "query_dur_ms_real": 20195.28865814209,
    "query_dur_ms_err": 0.9989879485528512,
    "order": [
        0,
        1,
        2,
        3,
        4,
        5,
        7,
        8,
        9,
        6
    ],
    "groupby": false
}