{
    "timestamp": "2022-08-01 14:08:35.943309",
    "dataset": "dmv.csv",
    "model": "dmv.csv-2.6MB-model16.669-data16.507-made-resmade-hidden256_256_256_256_256-emb32-directIo-binaryInone_hotOut-inputNoEmbIfLeq-5epochs-seed0.pt",
    "query": "'SELECT Revocation Indicator FROM dmv.csv WHERE County>=HAMILTON<=SCHOHARIE AND Fuel Type=OTHER'",
    "avg_est": 1.0006675720214844,
    "avg_real": 1.0015243902439024,
    "avg_err": 0.0008555140850931728,
    "count_est": 1289.904517606512,
    "count_real": 1312,
    "count_err": 0.01684106889747565,
    "sum_est": 1290.7656217728525,
    "sum_real": 1314.0,
    "sum_err": 0.017682175210918985,
    "query_dur_ms_est": 20.0960636138916,
    "query_dur_ms_real": 20195.28865814209,
    "query_dur_ms_err": 0.9990049132768504,
    "order": [
        0,
        1,
        2,
        3,
        4,
        5,
        7,
        8,
        9,
        6
    ],
    "groupby": false
}