{
    "timestamp": "2022-08-01 14:03:37.363466",
    "dataset": "dmv.csv",
    "model": "dmv.csv-2.6MB-model16.669-data16.507-made-resmade-hidden256_256_256_256_256-emb32-directIo-binaryInone_hotOut-inputNoEmbIfLeq-5epochs-seed0.pt",
    "query": "'SELECT Scofflaw Indicator FROM dmv.csv WHERE Model Year<=2005.0 AND Weight_100<=41.0'",
    "avg_est": 1.0015469789505005,
    "avg_real": 1.0009859026493821,
    "avg_err": 0.0005605236793378456,
    "count_est": 808749.6497496367,
    "count_real": 756667,
    "count_err": 0.06883166538204606,
    "sum_est": 810000.768434024,
    "sum_real": 757413.0,
    "sum_err": 0.06943077083971883,
    "query_dur_ms_est": 20.074844360351562,
    "query_dur_ms_real": 20195.28865814209,
    "query_dur_ms_err": 0.9990059639800069,
    "order": [
        0,
        1,
        2,
        3,
        5,
        6,
        7,
        8,
        9,
        4
    ],
    "groupby": false
}