{
    "timestamp": "2022-08-01 13:33:56.428825",
    "dataset": "dmv.csv",
    "model": "dmv.csv-2.6MB-model16.669-data16.507-made-resmade-hidden256_256_256_256_256-emb32-directIo-binaryInone_hotOut-inputNoEmbIfLeq-5epochs-seed0.pt",
    "query": "'SELECT Suspension Indicator FROM dmv.csv WHERE Record Type=VEH AND Fuel Type=COMP N/G'",
    "avg_est": 1.0049152374267578,
    "avg_real": 1.0014858841010401,
    "avg_err": 0.0034242652644035777,
    "count_est": 3655.315182045568,
    "count_real": 3365,
    "count_err": 0.08627494265841539,
    "sum_est": 3673.281924034954,
    "sum_real": 3370.0,
    "sum_err": 0.08999463621215253,
    "query_dur_ms_est": 20.172119140625,
    "query_dur_ms_real": 20195.28865814209,
    "query_dur_ms_err": 0.9990011472734017,
    "order": [
        0,
        1,
        2,
        3,
        4,
        6,
        7,
        8,
        9,
        5
    ],
    "groupby": false
}