{
    "timestamp": "2022-08-01 12:39:03.723296",
    "dataset": "dmv.csv",
    "model": "dmv.csv-2.6MB-model16.669-data16.507-made-resmade-hidden256_256_256_256_256-emb32-directIo-binaryInone_hotOut-inputNoEmbIfLeq-5epochs-seed0.pt",
    "query": "'SELECT Weight_100 FROM dmv.csv WHERE County>=WYOMING'",
    "avg_est": 66.87211608886719,
    "avg_real": 29.100629617995327,
    "avg_err": 1.2979611426522066,
    "count_est": 76386.40315627307,
    "count_real": 73219,
    "count_err": 0.043259306413267966,
    "sum_est": 5108120.4194773035,
    "sum_real": 2130719.0,
    "sum_err": 1.3973693478479816,
    "query_dur_ms_est": 20.055532455444336,
    "query_dur_ms_real": 20195.28865814209,
    "query_dur_ms_err": 0.9990069202379359,
    "order": [
        0,
        1,
        2,
        3,
        4,
        5,
        6,
        7,
        8,
        9
    ],
    "groupby": false
}