{
    "timestamp": "2022-08-01 12:54:40.305700",
    "dataset": "dmv.csv",
    "model": "dmv.csv-2.6MB-model16.669-data16.507-made-resmade-hidden256_256_256_256_256-emb32-directIo-binaryInone_hotOut-inputNoEmbIfLeq-5epochs-seed0.pt",
    "query": "'SELECT Suspension Indicator FROM dmv.csv WHERE State>=CT<=VI AND Fuel Type=NONE AND Revocation Indicator=N AND Model Year<=1900.0'",
    "avg_est": 1.0055192708969116,
    "avg_real": 1.0,
    "avg_err": 0.005519270896911621,
    "count_est": 8.548632304297826,
    "count_real": 10,
    "count_err": 0.14513676957021743,
    "sum_est": 8.595814521783335,
    "sum_real": 10.0,
    "sum_err": 0.14041854782166646,
    "query_dur_ms_est": 20.480632781982422,
    "query_dur_ms_real": 20195.28865814209,
    "query_dur_ms_err": 0.9989858707578451,
    "order": [
        0,
        1,
        2,
        3,
        4,
        6,
        7,
        8,
        9,
        5
    ],
    "groupby": false
}