{
    "timestamp": "2022-08-01 13:58:51.550763",
    "dataset": "dmv.csv",
    "model": "dmv.csv-2.6MB-model16.669-data16.507-made-resmade-hidden256_256_256_256_256-emb32-directIo-binaryInone_hotOut-inputNoEmbIfLeq-5epochs-seed0.pt",
    "query": "'SELECT County FROM dmv.csv WHERE State>=LA AND Registration Class>=MOT AND Model Year=2000.0'",
    "avg_est": 34.40425491333008,
    "avg_real": 35.29005895551938,
    "avg_err": 0.025100667678277126,
    "count_est": 100203.79923830181,
    "count_real": 90916,
    "count_err": 0.1021580276112215,
    "sum_est": 3447437.052278686,
    "sum_real": 3208430.9999999995,
    "sum_err": 0.0744931252312069,
    "query_dur_ms_est": 20.30467987060547,
    "query_dur_ms_real": 20195.28865814209,
    "query_dur_ms_err": 0.9989945833300867,
    "order": [
        0,
        1,
        3,
        4,
        5,
        6,
        7,
        8,
        9,
        2
    ],
    "groupby": false
}