{
    "timestamp": "2022-08-01 12:43:47.032841",
    "dataset": "dmv.csv",
    "model": "dmv.csv-2.6MB-model16.669-data16.507-made-resmade-hidden256_256_256_256_256-emb32-directIo-binaryInone_hotOut-inputNoEmbIfLeq-5epochs-seed0.pt",
    "query": "'SELECT State FROM dmv.csv WHERE County=RENSSELAER AND Weight_100<=99.0'",
    "avg_est": 51.858055114746094,
    "avg_real": 13.9940268979817,
    "avg_err": 2.7057278432289826,
    "count_est": 147224.99160002172,
    "count_real": 105138,
    "count_err": 0.40030237972970495,
    "sum_est": 7634801.728661957,
    "sum_real": 1471304.0,
    "sum_err": 4.189139517504171,
    "query_dur_ms_est": 20.389080047607422,
    "query_dur_ms_real": 20195.28865814209,
    "query_dur_ms_err": 0.9989904041287676,
    "order": [
        0,
        2,
        3,
        4,
        5,
        6,
        7,
        8,
        9,
        1
    ],
    "groupby": false
}