{
    "timestamp": "2022-08-01 12:57:58.839499",
    "dataset": "dmv.csv",
    "model": "dmv.csv-2.6MB-model16.669-data16.507-made-resmade-hidden256_256_256_256_256-emb32-directIo-binaryInone_hotOut-inputNoEmbIfLeq-5epochs-seed0.pt",
    "query": "'SELECT State FROM dmv.csv WHERE County>=SULLIVAN AND Suspension Indicator=N'",
    "avg_est": 51.85502243041992,
    "avg_real": 36.96992058037093,
    "avg_err": 0.4026273688548898,
    "count_est": 1423409.2656043172,
    "count_real": 1405446,
    "count_err": 0.012781185192684164,
    "sum_est": 73810919.39557941,
    "sum_real": 51959227.00000001,
    "sum_err": 0.4205546090125514,
    "query_dur_ms_est": 20.3857421875,
    "query_dur_ms_real": 20195.28865814209,
    "query_dur_ms_err": 0.9989905694079158,
    "order": [
        0,
        2,
        3,
        4,
        5,
        6,
        7,
        8,
        9,
        1
    ],
    "groupby": false
}