{
    "timestamp": "2022-08-01 13:43:56.839308",
    "dataset": "dmv.csv",
    "model": "dmv.csv-2.6MB-model16.669-data16.507-made-resmade-hidden256_256_256_256_256-emb32-directIo-binaryInone_hotOut-inputNoEmbIfLeq-5epochs-seed0.pt",
    "query": "'SELECT Weight_100 FROM dmv.csv WHERE Record Type=TRL AND Scofflaw Indicator=N AND Suspension Indicator=N AND Revocation Indicator=N AND Registration Class<=ARG'",
    "avg_est": 97.69139862060547,
    "avg_real": NaN,
    "avg_err": NaN,
    "count_est": 6.729967235778076,
    "count_real": 0,
    "count_err": 0,
    "sum_est": 657.4599119340104,
    "sum_real": NaN,
    "sum_err": NaN,
    "query_dur_ms_est": 20.49422264099121,
    "query_dur_ms_real": 20195.28865814209,
    "query_dur_ms_err": 0.9989851978355987,
    "order": [
        0,
        1,
        2,
        3,
        4,
        5,
        6,
        7,
        8,
        9
    ],
    "groupby": false
}