{
    "timestamp": "2022-08-01 13:26:33.064602",
    "dataset": "dmv.csv",
    "model": "dmv.csv-2.6MB-model16.669-data16.507-made-resmade-hidden256_256_256_256_256-emb32-directIo-binaryInone_hotOut-inputNoEmbIfLeq-5epochs-seed0.pt",
    "query": "'SELECT Weight_100 FROM dmv.csv WHERE Record Type=TRL AND State=NM AND Scofflaw Indicator=N AND Suspension Indicator=N AND Revocation Indicator=N AND Model Year<=1929.0'",
    "avg_est": 99.21754455566406,
    "avg_real": NaN,
    "avg_err": NaN,
    "count_est": 0.0008942961240859526,
    "count_real": 0,
    "count_err": 0,
    "sum_est": 0.08872986553745568,
    "sum_real": NaN,
    "sum_err": NaN,
    "query_dur_ms_est": 20.521163940429688,
    "query_dur_ms_real": 20195.28865814209,
    "query_dur_ms_err": 0.9989838637967595,
    "order": [
        0,
        1,
        2,
        3,
        4,
        5,
        6,
        7,
        8,
        9
    ],
    "groupby": false
}