{
    "timestamp": "2022-08-01 13:17:23.808963",
    "dataset": "dmv.csv",
    "model": "dmv.csv-2.6MB-model16.669-data16.507-made-resmade-hidden256_256_256_256_256-emb32-directIo-binaryInone_hotOut-inputNoEmbIfLeq-5epochs-seed0.pt",
    "query": "'SELECT County FROM dmv.csv WHERE Record Type=VEH AND Registration Class>=NYS'",
    "avg_est": 34.56987762451172,
    "avg_real": 34.621921423992276,
    "avg_err": 0.001503203673857694,
    "count_est": 9974010.538452625,
    "count_real": 10107920,
    "count_err": 0.013247974019123096,
    "sum_est": 344800323.7398975,
    "sum_real": 349955612.0,
    "sum_err": 0.014731263289764047,
    "query_dur_ms_est": 20.15066146850586,
    "query_dur_ms_real": 20195.28865814209,
    "query_dur_ms_err": 0.9990022097822117,
    "order": [
        0,
        1,
        3,
        4,
        5,
        6,
        7,
        8,
        9,
        2
    ],
    "groupby": false
}