{
    "timestamp": "2022-08-01 12:35:50.219703",
    "dataset": "dmv.csv",
    "model": "dmv.csv-2.6MB-model16.669-data16.507-made-resmade-hidden256_256_256_256_256-emb32-directIo-binaryInone_hotOut-inputNoEmbIfLeq-5epochs-seed0.pt",
    "query": "'SELECT County FROM dmv.csv WHERE Record Type=TRL AND Scofflaw Indicator=Y AND Suspension Indicator=N AND Registration Class=JSC AND Model Year<=1990.0 AND Weight_100<=95.0'",
    "avg_est": 32.55683135986328,
    "avg_real": NaN,
    "avg_err": NaN,
    "count_est": 3.6137767515592527e-07,
    "count_real": 0,
    "count_err": 0,
    "sum_est": 1.1765312027270914e-05,
    "sum_real": NaN,
    "sum_err": NaN,
    "query_dur_ms_est": 20.684003829956055,
    "query_dur_ms_real": 20195.28865814209,
    "query_dur_ms_err": 0.9989758005354572,
    "order": [
        0,
        1,
        3,
        4,
        5,
        6,
        7,
        8,
        9,
        2
    ],
    "groupby": false
}