{
    "timestamp": "2022-08-01 14:02:59.449333",
    "dataset": "dmv.csv",
    "model": "dmv.csv-2.6MB-model16.669-data16.507-made-resmade-hidden256_256_256_256_256-emb32-directIo-binaryInone_hotOut-inputNoEmbIfLeq-5epochs-seed0.pt",
    "query": "'SELECT Record Type FROM dmv.csv WHERE Suspension Indicator=Y AND Revocation Indicator=Y'",
    "avg_est": 3.834136962890625,
    "avg_real": 1.0,
    "avg_err": 2.834136962890625,
    "count_est": 50.05436000338523,
    "count_real": 75,
    "count_err": 0.33260853328819695,
    "sum_est": 191.9152718428134,
    "sum_real": 75.0,
    "sum_err": 1.558870291237512,
    "query_dur_ms_est": 20.035266876220703,
    "query_dur_ms_real": 20195.28865814209,
    "query_dur_ms_err": 0.9990079237184786,
    "order": [
        1,
        2,
        3,
        4,
        5,
        6,
        7,
        8,
        9,
        0
    ],
    "groupby": false
}