{
    "timestamp": "2022-08-01 12:56:50.023940",
    "dataset": "dmv.csv",
    "model": "dmv.csv-2.6MB-model16.669-data16.507-made-resmade-hidden256_256_256_256_256-emb32-directIo-binaryInone_hotOut-inputNoEmbIfLeq-5epochs-seed0.pt",
    "query": "'SELECT Record Type FROM dmv.csv WHERE State<=AK AND Fuel Type=COMP N/G'",
    "avg_est": 3.834136962890625,
    "avg_real": NaN,
    "avg_err": NaN,
    "count_est": 0.030354651312742398,
    "count_real": 0,
    "count_err": 0,
    "sum_est": 0.11638389059384206,
    "sum_real": NaN,
    "sum_err": NaN,
    "query_dur_ms_est": 20.203590393066406,
    "query_dur_ms_real": 20195.28865814209,
    "query_dur_ms_err": 0.9989995889271471,
    "order": [
        1,
        2,
        3,
        4,
        5,
        6,
        7,
        8,
        9,
        0
    ],
    "groupby": false
}