{
    "timestamp": "2022-08-01 13:21:03.670622",
    "dataset": "dmv.csv",
    "model": "dmv.csv-2.6MB-model16.669-data16.507-made-resmade-hidden256_256_256_256_256-emb32-directIo-binaryInone_hotOut-inputNoEmbIfLeq-5epochs-seed0.pt",
    "query": "'SELECT Record Type FROM dmv.csv WHERE County>=CHENANGO<=RENSSELAER AND Suspension Indicator=Y AND Model Year>=1903.0<=2001.0 AND Weight_100>=39.0<=87.0'",
    "avg_est": 3.834136962890625,
    "avg_real": 1.0,
    "avg_err": 2.834136962890625,
    "count_est": 1343.7577700576803,
    "count_real": 1324,
    "count_err": 0.01492278705262864,
    "sum_est": 5152.151335349633,
    "sum_real": 1324.0,
    "sum_err": 2.891352972318454,
    "query_dur_ms_est": 20.512819290161133,
    "query_dur_ms_real": 20195.28865814209,
    "query_dur_ms_err": 0.9989842769946301,
    "order": [
        1,
        2,
        3,
        4,
        5,
        6,
        7,
        8,
        9,
        0
    ],
    "groupby": false
}