{
    "timestamp": "2022-08-01 13:04:04.790736",
    "dataset": "dmv.csv",
    "model": "dmv.csv-2.6MB-model16.669-data16.507-made-resmade-hidden256_256_256_256_256-emb32-directIo-binaryInone_hotOut-inputNoEmbIfLeq-5epochs-seed0.pt",
    "query": "'SELECT Scofflaw Indicator FROM dmv.csv WHERE County>=KINGS AND Suspension Indicator=N'",
    "avg_est": 1.001339077949524,
    "avg_real": 1.0013064128042486,
    "avg_err": 3.262252678863099e-05,
    "count_est": 9561017.944738865,
    "count_real": 9550580,
    "count_err": 0.001092912130872146,
    "sum_est": 9573820.893043667,
    "sum_real": 9563057.0,
    "sum_err": 0.0011255703112160763,
    "query_dur_ms_est": 20.153045654296875,
    "query_dur_ms_real": 20195.28865814209,
    "query_dur_ms_err": 0.9990020917256772,
    "order": [
        0,
        1,
        2,
        3,
        5,
        6,
        7,
        8,
        9,
        4
    ],
    "groupby": false
}