{
    "timestamp": "2022-08-01 14:11:23.910488",
    "dataset": "dmv.csv",
    "model": "dmv.csv-2.6MB-model16.669-data16.507-made-resmade-hidden256_256_256_256_256-emb32-directIo-binaryInone_hotOut-inputNoEmbIfLeq-5epochs-seed0.pt",
    "query": "'SELECT County FROM dmv.csv WHERE Fuel Type=GAS AND Scofflaw Indicator=N'",
    "avg_est": 34.40437316894531,
    "avg_real": 34.54883221834033,
    "avg_err": 0.004181300499017471,
    "count_est": 11067175.015051126,
    "count_real": 11128022,
    "count_err": 0.0054679066009101635,
    "sum_est": 380759219.1438469,
    "sum_real": 384460165.0,
    "sum_err": 0.009626344139328637,
    "query_dur_ms_est": 20.337820053100586,
    "query_dur_ms_real": 20195.28865814209,
    "query_dur_ms_err": 0.9989929423442581,
    "order": [
        0,
        1,
        3,
        4,
        5,
        6,
        7,
        8,
        9,
        2
    ],
    "groupby": false
}