{
    "timestamp": "2022-08-01 13:47:55.146496",
    "dataset": "dmv.csv",
    "model": "dmv.csv-2.6MB-model16.669-data16.507-made-resmade-hidden256_256_256_256_256-emb32-directIo-binaryInone_hotOut-inputNoEmbIfLeq-5epochs-seed0.pt",
    "query": "'SELECT Model Year FROM dmv.csv WHERE Record Type=VEH AND Scofflaw Indicator=N AND Revocation Indicator=N'",
    "avg_est": 114.69908905029297,
    "avg_real": 112.80295565765701,
    "avg_err": 0.016809252750348936,
    "count_est": 11363920.538499832,
    "count_real": 11366472,
    "count_err": 0.00022447259802055086,
    "sum_est": 1303431333.8058455,
    "sum_real": 1282171637.0,
    "sum_err": 0.016581006935692727,
    "query_dur_ms_est": 20.330190658569336,
    "query_dur_ms_real": 20195.28865814209,
    "query_dur_ms_err": 0.9989933201251683,
    "order": [
        0,
        1,
        2,
        3,
        4,
        5,
        6,
        7,
        9,
        8
    ],
    "groupby": false
}