{
    "timestamp": "2022-08-01 13:49:05.807988",
    "dataset": "dmv.csv",
    "model": "dmv.csv-2.6MB-model16.669-data16.507-made-resmade-hidden256_256_256_256_256-emb32-directIo-binaryInone_hotOut-inputNoEmbIfLeq-5epochs-seed0.pt",
    "query": "'SELECT Record Type FROM dmv.csv WHERE State>=WA'",
    "avg_est": 3.834136962890625,
    "avg_real": 3.859527687296417,
    "avg_err": 0.00657871285374251,
    "count_est": 6362.513817618834,
    "count_real": 4912,
    "count_err": 0.29530004430350854,
    "sum_est": 24394.749405034712,
    "sum_real": 18958.0,
    "sum_err": 0.28677863725259584,
    "query_dur_ms_est": 20.11251449584961,
    "query_dur_ms_real": 20195.28865814209,
    "query_dur_ms_err": 0.9990040986867628,
    "order": [
        1,
        2,
        3,
        4,
        5,
        6,
        7,
        8,
        9,
        0
    ],
    "groupby": false
}