{
    "timestamp": "2022-08-01 13:50:38.135577",
    "dataset": "dmv.csv",
    "model": "dmv.csv-2.6MB-model16.669-data16.507-made-resmade-hidden256_256_256_256_256-emb32-directIo-binaryInone_hotOut-inputNoEmbIfLeq-5epochs-seed0.pt",
    "query": "'SELECT Record Type FROM dmv.csv WHERE State<=MY AND County>=CHENANGO<=WESTCHESTER AND Fuel Type=FLEX AND Scofflaw Indicator=N AND Suspension Indicator=N AND Revocation Indicator=N AND Registration Class>=NYS AND Model Year>=1906.0<=1914.0 AND Weight_100=92.0'",
    "avg_est": 3.834136962890625,
    "avg_real": NaN,
    "avg_err": NaN,
    "count_est": 7.906075805161392e-08,
    "count_real": 0,
    "count_err": 0,
    "sum_est": 3.0312977475984553e-07,
    "sum_real": NaN,
    "sum_err": NaN,
    "query_dur_ms_est": 20.65300941467285,
    "query_dur_ms_real": 20195.28865814209,
    "query_dur_ms_err": 0.998977335270405,
    "order": [
        1,
        2,
        3,
        4,
        5,
        6,
        7,
        8,
        9,
        0
    ],
    "groupby": false
}