{
    "timestamp": "2022-08-01 12:56:40.385765",
    "dataset": "dmv.csv",
    "model": "dmv.csv-2.6MB-model16.669-data16.507-made-resmade-hidden256_256_256_256_256-emb32-directIo-binaryInone_hotOut-inputNoEmbIfLeq-5epochs-seed0.pt",
    "query": "'SELECT Scofflaw Indicator FROM dmv.csv WHERE Record Type=VEH AND State=AL AND Suspension Indicator=Y AND Revocation Indicator=N AND Model Year>=1994.0 AND Weight_100=99.0'",
    "avg_est": 1.0008374452590942,
    "avg_real": NaN,
    "avg_err": NaN,
    "count_est": 4.08648706237534,
    "count_real": 0,
    "count_err": 0,
    "sum_est": 4.089909271592076,
    "sum_real": NaN,
    "sum_err": NaN,
    "query_dur_ms_est": 20.647764205932617,
    "query_dur_ms_real": 20195.28865814209,
    "query_dur_ms_err": 0.9989775949947807,
    "order": [
        0,
        1,
        2,
        3,
        5,
        6,
        7,
        8,
        9,
        4
    ],
    "groupby": false
}