{
    "timestamp": "2022-08-01 13:49:54.624237",
    "dataset": "dmv.csv",
    "model": "dmv.csv-2.6MB-model16.669-data16.507-made-resmade-hidden256_256_256_256_256-emb32-directIo-binaryInone_hotOut-inputNoEmbIfLeq-5epochs-seed0.pt",
    "query": "'SELECT Revocation Indicator FROM dmv.csv WHERE Fuel Type=GAS AND Registration Class<=CCK AND Model Year>=1932.0<=1985.0'",
    "avg_est": 1.000364899635315,
    "avg_real": 1.0,
    "avg_err": 0.0003648996353149414,
    "count_est": 55206.3861778155,
    "count_real": 49857,
    "count_err": 0.10729458607247723,
    "sum_est": 55226.530967998835,
    "sum_real": 49857.0,
    "sum_err": 0.10769863746312122,
    "query_dur_ms_est": 20.23482322692871,
    "query_dur_ms_real": 20195.28865814209,
    "query_dur_ms_err": 0.9989980423865459,
    "order": [
        0,
        1,
        2,
        3,
        4,
        5,
        7,
        8,
        9,
        6
    ],
    "groupby": false
}