{
    "timestamp": "2022-08-01 13:09:29.288481",
    "dataset": "dmv.csv",
    "model": "dmv.csv-2.6MB-model16.669-data16.507-made-resmade-hidden256_256_256_256_256-emb32-directIo-binaryInone_hotOut-inputNoEmbIfLeq-5epochs-seed0.pt",
    "query": "'SELECT County FROM dmv.csv WHERE Record Type=TRL AND State>=VT AND Fuel Type=ELECTRIC AND Scofflaw Indicator=Y AND Revocation Indicator=N AND Model Year=1929.0 AND Weight_100<=48.0'",
    "avg_est": 38.08373260498047,
    "avg_real": NaN,
    "avg_err": NaN,
    "count_est": 4.856010975386236e-15,
    "count_real": 0,
    "count_err": 0,
    "sum_est": 1.849350235134598e-13,
    "sum_real": NaN,
    "sum_err": NaN,
    "query_dur_ms_est": 20.862102508544922,
    "query_dur_ms_real": 20195.28865814209,
    "query_dur_ms_err": 0.9989669817123344,
    "order": [
        0,
        1,
        3,
        4,
        5,
        6,
        7,
        8,
        9,
        2
    ],
    "groupby": false
}