{
    "timestamp": "2022-08-01 14:07:54.285760",
    "dataset": "dmv.csv",
    "model": "dmv.csv-2.6MB-model16.669-data16.507-made-resmade-hidden256_256_256_256_256-emb32-directIo-binaryInone_hotOut-inputNoEmbIfLeq-5epochs-seed0.pt",
    "query": "'SELECT Revocation Indicator FROM dmv.csv WHERE County>=CAYUGA AND Fuel Type=nan AND Scofflaw Indicator=Y AND Suspension Indicator=N AND Model Year>=1916.0<=1943.0'",
    "avg_est": 1.0004807710647583,
    "avg_real": NaN,
    "avg_err": NaN,
    "count_est": 0.0,
    "count_real": 0,
    "count_err": 0,
    "sum_est": 0.0,
    "sum_real": NaN,
    "sum_err": NaN,
    "query_dur_ms_est": 20.308732986450195,
    "query_dur_ms_real": 20195.28865814209,
    "query_dur_ms_err": 0.9989943826339782,
    "order": [
        0,
        1,
        2,
        3,
        4,
        5,
        7,
        8,
        9,
        6
    ],
    "groupby": false
}