{
    "timestamp": "2022-08-01 13:02:24.768582",
    "dataset": "dmv.csv",
    "model": "dmv.csv-2.6MB-model16.669-data16.507-made-resmade-hidden256_256_256_256_256-emb32-directIo-binaryInone_hotOut-inputNoEmbIfLeq-5epochs-seed0.pt",
    "query": "'SELECT Revocation Indicator FROM dmv.csv WHERE Record Type=VEH AND Scofflaw Indicator=Y'",
    "avg_est": 1.0006077289581299,
    "avg_real": 1.0004920291281243,
    "avg_err": 0.0001156429303154121,
    "count_est": 20126.310250444338,
    "count_real": 20324,
    "count_err": 0.009726911511300052,
    "sum_est": 20138.54159200384,
    "sum_real": 20333.999999999996,
    "sum_err": 0.009612393429534618,
    "query_dur_ms_est": 20.165205001831055,
    "query_dur_ms_real": 20195.28865814209,
    "query_dur_ms_err": 0.9990014896373516,
    "order": [
        0,
        1,
        2,
        3,
        4,
        5,
        7,
        8,
        9,
        6
    ],
    "groupby": false
}