{
    "timestamp": "2022-08-01 12:47:16.509806",
    "dataset": "dmv.csv",
    "model": "dmv.csv-2.6MB-model16.669-data16.507-made-resmade-hidden256_256_256_256_256-emb32-directIo-binaryInone_hotOut-inputNoEmbIfLeq-5epochs-seed0.pt",
    "query": "'SELECT Revocation Indicator FROM dmv.csv WHERE Registration Class>=NYA'",
    "avg_est": 1.0004050731658936,
    "avg_real": 1.000539120622755,
    "avg_err": 0.00013397522805302638,
    "count_est": 10390299.408489466,
    "count_real": 10530111,
    "count_err": 0.01327731412427982,
    "sum_est": 10394508.239965444,
    "sum_real": 10535787.999999998,
    "sum_err": 0.013409510521145047,
    "query_dur_ms_est": 20.119667053222656,
    "query_dur_ms_real": 20195.28865814209,
    "query_dur_ms_err": 0.9990037445171595,
    "order": [
        0,
        1,
        2,
        3,
        4,
        5,
        7,
        8,
        9,
        6
    ],
    "groupby": false
}