{
    "timestamp": "2022-08-01 14:10:46.455554",
    "dataset": "dmv.csv",
    "model": "dmv.csv-2.6MB-model16.669-data16.507-made-resmade-hidden256_256_256_256_256-emb32-directIo-binaryInone_hotOut-inputNoEmbIfLeq-5epochs-seed0.pt",
    "query": "'SELECT Model Year FROM dmv.csv WHERE Weight_100>=59.0<=88.0'",
    "avg_est": 113.947509765625,
    "avg_real": 101.42829489331227,
    "avg_err": 0.12342921554070403,
    "count_est": 2854890.5639263988,
    "count_real": 2909988,
    "count_err": 0.018933904907374618,
    "sum_est": 325307670.412794,
    "sum_real": 295155121.0,
    "sum_err": 0.10215831360348986,
    "query_dur_ms_est": 20.0502872467041,
    "query_dur_ms_real": 20195.28865814209,
    "query_dur_ms_err": 0.9990071799623116,
    "order": [
        0,
        1,
        2,
        3,
        4,
        5,
        6,
        7,
        9,
        8
    ],
    "groupby": false
}