{
    "timestamp": "2022-08-01 14:01:19.400780",
    "dataset": "dmv.csv",
    "model": "dmv.csv-2.6MB-model16.669-data16.507-made-resmade-hidden256_256_256_256_256-emb32-directIo-binaryInone_hotOut-inputNoEmbIfLeq-5epochs-seed0.pt",
    "query": "'SELECT Weight_100 FROM dmv.csv WHERE State<=CN'",
    "avg_est": 70.34661865234375,
    "avg_real": 25.316535433070865,
    "avg_err": 1.77868268501109,
    "count_est": 7295.380321976962,
    "count_real": 6350,
    "count_err": 0.14887879086251363,
    "sum_est": 513205.33743392606,
    "sum_real": 160760.0,
    "sum_err": 2.1923696033461435,
    "query_dur_ms_est": 20.05743980407715,
    "query_dur_ms_real": 20195.28865814209,
    "query_dur_ms_err": 0.9990068257927083,
    "order": [
        0,
        1,
        2,
        3,
        4,
        5,
        6,
        7,
        8,
        9
    ],
    "groupby": false
}