{
    "timestamp": "2022-08-01 13:35:56.273468",
    "dataset": "dmv.csv",
    "model": "dmv.csv-2.6MB-model16.669-data16.507-made-resmade-hidden256_256_256_256_256-emb32-directIo-binaryInone_hotOut-inputNoEmbIfLeq-5epochs-seed0.pt",
    "query": "'SELECT Weight_100 FROM dmv.csv WHERE Scofflaw Indicator=Y AND Revocation Indicator=N'",
    "avg_est": 62.141353607177734,
    "avg_real": 45.32780937438714,
    "avg_err": 0.37093220397920296,
    "count_est": 19368.048152583186,
    "count_real": 20396,
    "count_err": 0.050399678731948144,
    "sum_est": 1203556.728930517,
    "sum_real": 924506.0,
    "sum_err": 0.3018376613353695,
    "query_dur_ms_est": 20.096778869628906,
    "query_dur_ms_real": 20195.28865814209,
    "query_dur_ms_err": 0.99900487785989,
    "order": [
        0,
        1,
        2,
        3,
        4,
        5,
        6,
        7,
        8,
        9
    ],
    "groupby": false
}