{
    "timestamp": "2022-08-01 13:00:40.855882",
    "dataset": "dmv.csv",
    "model": "dmv.csv-2.6MB-model16.669-data16.507-made-resmade-hidden256_256_256_256_256-emb32-directIo-binaryInone_hotOut-inputNoEmbIfLeq-5epochs-seed0.pt",
    "query": "'SELECT State FROM dmv.csv WHERE Scofflaw Indicator=N AND Weight_100>=69.0<=82.0'",
    "avg_est": 51.85493087768555,
    "avg_real": 38.92756617543539,
    "avg_err": 0.33208766877410806,
    "count_est": 1329725.3499887884,
    "count_real": 1356659,
    "count_err": 0.019852925467056668,
    "sum_est": 68952816.10997485,
    "sum_real": 52811433.0,
    "sum_err": 0.3056418315703504,
    "query_dur_ms_est": 20.24531364440918,
    "query_dur_ms_real": 20195.28865814209,
    "query_dur_ms_err": 0.9989975229377943,
    "order": [
        0,
        2,
        3,
        4,
        5,
        6,
        7,
        8,
        9,
        1
    ],
    "groupby": false
}