{
    "timestamp": "2022-08-01 14:07:19.784552",
    "dataset": "dmv.csv",
    "model": "dmv.csv-2.6MB-model16.669-data16.507-made-resmade-hidden256_256_256_256_256-emb32-directIo-binaryInone_hotOut-inputNoEmbIfLeq-5epochs-seed0.pt",
    "query": "'SELECT Scofflaw Indicator FROM dmv.csv WHERE Suspension Indicator=Y AND Registration Class<=VAS AND Model Year=1916.0'",
    "avg_est": 1.0014897584915161,
    "avg_real": NaN,
    "avg_err": NaN,
    "count_est": 0.06850054141948014,
    "count_real": 0,
    "count_err": 0,
    "sum_est": 0.06860259068273326,
    "sum_real": NaN,
    "sum_err": NaN,
    "query_dur_ms_est": 20.40386199951172,
    "query_dur_ms_real": 20195.28865814209,
    "query_dur_ms_err": 0.9989896721782541,
    "order": [
        0,
        1,
        2,
        3,
        5,
        6,
        7,
        8,
        9,
        4
    ],
    "groupby": false
}