{
    "timestamp": "2022-08-01 13:41:20.826199",
    "dataset": "dmv.csv",
    "model": "dmv.csv-2.6MB-model16.669-data16.507-made-resmade-hidden256_256_256_256_256-emb32-directIo-binaryInone_hotOut-inputNoEmbIfLeq-5epochs-seed0.pt",
    "query": "'SELECT Record Type FROM dmv.csv WHERE Fuel Type=DIESEL AND Scofflaw Indicator=Y'",
    "avg_est": 3.834136962890625,
    "avg_real": 1.0,
    "avg_err": 2.834136962890625,
    "count_est": 663.7735505827732,
    "count_real": 675,
    "count_err": 0.01663177691441012,
    "sum_est": 2544.9987052785605,
    "sum_real": 675.0,
    "sum_err": 2.770368452264534,
    "query_dur_ms_est": 20.21169662475586,
    "query_dur_ms_real": 20195.28865814209,
    "query_dur_ms_err": 0.99899918753493,
    "order": [
        1,
        2,
        3,
        4,
        5,
        6,
        7,
        8,
        9,
        0
    ],
    "groupby": false
}