{
    "timestamp": "2022-08-01 12:57:43.231188",
    "dataset": "dmv.csv",
    "model": "dmv.csv-2.6MB-model16.669-data16.507-made-resmade-hidden256_256_256_256_256-emb32-directIo-binaryInone_hotOut-inputNoEmbIfLeq-5epochs-seed0.pt",
    "query": "'SELECT Weight_100 FROM dmv.csv WHERE Record Type=TRL AND State>=NE<=NV AND Scofflaw Indicator=Y'",
    "avg_est": 100.09899139404297,
    "avg_real": NaN,
    "avg_err": NaN,
    "count_est": 0.3044794190975466,
    "count_real": 0,
    "count_err": 0,
    "sum_est": 30.47808275190852,
    "sum_real": NaN,
    "sum_err": NaN,
    "query_dur_ms_est": 20.64204216003418,
    "query_dur_ms_real": 20195.28865814209,
    "query_dur_ms_err": 0.9989778783304634,
    "order": [
        0,
        1,
        2,
        3,
        4,
        5,
        6,
        7,
        8,
        9
    ],
    "groupby": false
}