{
    "timestamp": "2022-08-01 14:00:47.019273",
    "dataset": "dmv.csv",
    "model": "dmv.csv-2.6MB-model16.669-data16.507-made-resmade-hidden256_256_256_256_256-emb32-directIo-binaryInone_hotOut-inputNoEmbIfLeq-5epochs-seed0.pt",
    "query": "'SELECT Model Year FROM dmv.csv WHERE Record Type=TRL AND State>=CA'",
    "avg_est": 109.72062683105469,
    "avg_real": 86.29185854391349,
    "avg_err": 0.2715061267943188,
    "count_est": 779486.3875882179,
    "count_real": 773498,
    "count_err": 0.007741956137207665,
    "sum_est": 85525735.05245371,
    "sum_real": 66746580.0,
    "sum_err": 0.2813500714561512,
    "query_dur_ms_est": 20.235776901245117,
    "query_dur_ms_real": 20195.28865814209,
    "query_dur_ms_err": 0.9989979951639322,
    "order": [
        0,
        1,
        2,
        3,
        4,
        5,
        6,
        7,
        9,
        8
    ],
    "groupby": false
}