{
    "timestamp": "2022-08-01 13:49:56.549092",
    "dataset": "dmv.csv",
    "model": "dmv.csv-2.6MB-model16.669-data16.507-made-resmade-hidden256_256_256_256_256-emb32-directIo-binaryInone_hotOut-inputNoEmbIfLeq-5epochs-seed0.pt",
    "query": "'SELECT Weight_100 FROM dmv.csv WHERE Record Type=SNOW AND County<=RICHMOND AND Fuel Type=nan AND Scofflaw Indicator=Y AND Revocation Indicator=Y AND Registration Class>=HIR<=STG AND Model Year>=1993.0<=2006.0'",
    "avg_est": 100.99962615966797,
    "avg_real": NaN,
    "avg_err": NaN,
    "count_est": 0.0,
    "count_real": 0,
    "count_err": 0,
    "sum_est": 0.0,
    "sum_real": NaN,
    "sum_err": NaN,
    "query_dur_ms_est": 20.783185958862305,
    "query_dur_ms_real": 20195.28865814209,
    "query_dur_ms_err": 0.9989708893836244,
    "order": [
        0,
        1,
        2,
        3,
        4,
        5,
        6,
        7,
        8,
        9
    ],
    "groupby": false
}