{
    "timestamp": "2022-08-01 12:54:16.654298",
    "dataset": "dmv.csv",
    "model": "dmv.csv-2.6MB-model16.669-data16.507-made-resmade-hidden256_256_256_256_256-emb32-directIo-binaryInone_hotOut-inputNoEmbIfLeq-5epochs-seed0.pt",
    "query": "'SELECT Suspension Indicator FROM dmv.csv WHERE Fuel Type=DIESEL'",
    "avg_est": 1.0076154470443726,
    "avg_real": 1.0071152795748277,
    "avg_err": 0.0004966337813442749,
    "count_est": 464864.8497206569,
    "count_real": 481499,
    "count_err": 0.034546593615652633,
    "sum_est": 468405.0033664947,
    "sum_real": 484924.99999999994,
    "sum_err": 0.03406711683972824,
    "query_dur_ms_est": 20.17831802368164,
    "query_dur_ms_real": 20195.28865814209,
    "query_dur_ms_err": 0.9990008403264121,
    "order": [
        0,
        1,
        2,
        3,
        4,
        6,
        7,
        8,
        9,
        5
    ],
    "groupby": false
}