{
    "timestamp": "2022-08-01 12:37:54.315018",
    "dataset": "dmv.csv",
    "model": "dmv.csv-2.6MB-model16.669-data16.507-made-resmade-hidden256_256_256_256_256-emb32-directIo-binaryInone_hotOut-inputNoEmbIfLeq-5epochs-seed0.pt",
    "query": "'SELECT Registration Class FROM dmv.csv WHERE Record Type=VEH AND Scofflaw Indicator=N AND Suspension Indicator=Y AND Revocation Indicator=Y AND Model Year>=1926.0 AND Weight_100>=1.0<=26.0'",
    "avg_est": 47.109352111816406,
    "avg_real": 1.0,
    "avg_err": 46.109352111816406,
    "count_est": 1.466912483008997,
    "count_real": 2,
    "count_err": 0.2665437584955015,
    "sum_est": 69.10529667928974,
    "sum_real": 2.0,
    "sum_err": 33.55264833964487,
    "query_dur_ms_est": 20.672082901000977,
    "query_dur_ms_real": 20195.28865814209,
    "query_dur_ms_err": 0.9989763908181294,
    "order": [
        0,
        1,
        2,
        3,
        4,
        5,
        6,
        8,
        9,
        7
    ],
    "groupby": false
}