{
    "timestamp": "2022-08-01 13:13:33.561291",
    "dataset": "dmv.csv",
    "model": "dmv.csv-2.6MB-model16.669-data16.507-made-resmade-hidden256_256_256_256_256-emb32-directIo-binaryInone_hotOut-inputNoEmbIfLeq-5epochs-seed0.pt",
    "query": "'SELECT Suspension Indicator FROM dmv.csv WHERE Record Type=BOAT AND Revocation Indicator=Y AND Registration Class>=OML'",
    "avg_est": 1.0002129077911377,
    "avg_real": NaN,
    "avg_err": NaN,
    "count_est": 0.00019826339910739704,
    "count_real": 0,
    "count_err": 0,
    "sum_est": 0.00019830561092976445,
    "sum_real": NaN,
    "sum_err": NaN,
    "query_dur_ms_est": 20.35999298095703,
    "query_dur_ms_real": 20195.28865814209,
    "query_dur_ms_err": 0.9989918444184878,
    "order": [
        0,
        1,
        2,
        3,
        4,
        6,
        7,
        8,
        9,
        5
    ],
    "groupby": false
}