{
    "timestamp": "2022-08-01 13:39:27.906492",
    "dataset": "dmv.csv",
    "model": "dmv.csv-2.6MB-model16.669-data16.507-made-resmade-hidden256_256_256_256_256-emb32-directIo-binaryInone_hotOut-inputNoEmbIfLeq-5epochs-seed0.pt",
    "query": "'SELECT Model Year FROM dmv.csv WHERE County>=COLUMBIA<=WARREN AND Revocation Indicator=N'",
    "avg_est": 114.20867156982422,
    "avg_real": 114.19506473520896,
    "avg_err": 0.00011915431412741693,
    "count_est": 10412989.669152021,
    "count_real": 10394498,
    "count_err": 0.001778986262926926,
    "sum_est": 1189253717.1841557,
    "sum_real": 1187000372.0,
    "sum_err": 0.0018983525509423367,
    "query_dur_ms_est": 20.336389541625977,
    "query_dur_ms_real": 20195.28865814209,
    "query_dur_ms_err": 0.9989930131781787,
    "order": [
        0,
        1,
        2,
        3,
        4,
        5,
        6,
        7,
        9,
        8
    ],
    "groupby": false
}