{
    "timestamp": "2022-08-01 13:36:55.826116",
    "dataset": "dmv.csv",
    "model": "dmv.csv-2.6MB-model16.669-data16.507-made-resmade-hidden256_256_256_256_256-emb32-directIo-binaryInone_hotOut-inputNoEmbIfLeq-5epochs-seed0.pt",
    "query": "'SELECT Registration Class FROM dmv.csv WHERE Record Type=TRL AND State<=HI AND County<=ALBANY AND Fuel Type=OTHER AND Scofflaw Indicator=N AND Suspension Indicator=N AND Revocation Indicator=Y AND Model Year>=1955.0<=1998.0 AND Weight_100>=59.0<=76.0'",
    "avg_est": 48.510128021240234,
    "avg_real": NaN,
    "avg_err": NaN,
    "count_est": 3.923198797484243e-15,
    "count_real": 0,
    "count_err": 0,
    "sum_est": 1.9031487591873635e-13,
    "sum_real": NaN,
    "sum_err": NaN,
    "query_dur_ms_est": 20.848512649536133,
    "query_dur_ms_real": 20195.28865814209,
    "query_dur_ms_err": 0.9989676546345808,
    "order": [
        0,
        1,
        2,
        3,
        4,
        5,
        6,
        8,
        9,
        7
    ],
    "groupby": false
}