{
    "timestamp": "2022-08-01 13:05:54.700820",
    "dataset": "dmv.csv",
    "model": "dmv.csv-2.6MB-model16.669-data16.507-made-resmade-hidden256_256_256_256_256-emb32-directIo-binaryInone_hotOut-inputNoEmbIfLeq-5epochs-seed0.pt",
    "query": "'SELECT Fuel Type FROM dmv.csv WHERE Scofflaw Indicator=Y'",
    "avg_est": 5.9056501388549805,
    "avg_real": 4.899049299225718,
    "avg_err": 0.2054686079171225,
    "count_est": 19286.183612176683,
    "count_real": 20406,
    "count_err": 0.054876819946256844,
    "sum_est": 113897.45292723387,
    "sum_real": 99970.0,
    "sum_err": 0.13931632416958958,
    "query_dur_ms_est": 20.051240921020508,
    "query_dur_ms_real": 20195.28865814209,
    "query_dur_ms_err": 0.9990071327396979,
    "order": [
        0,
        1,
        2,
        4,
        5,
        6,
        7,
        8,
        9,
        3
    ],
    "groupby": false
}