{
    "timestamp": "2022-08-01 13:31:00.983527",
    "dataset": "dmv.csv",
    "model": "dmv.csv-2.6MB-model16.669-data16.507-made-resmade-hidden256_256_256_256_256-emb32-directIo-binaryInone_hotOut-inputNoEmbIfLeq-5epochs-seed0.pt",
    "query": "'SELECT Suspension Indicator FROM dmv.csv WHERE State>=OR<=WA'",
    "avg_est": 1.0270638465881348,
    "avg_real": 1.0172034538231722,
    "avg_err": 0.009693628868346958,
    "count_est": 30076.495666578412,
    "count_real": 30459,
    "count_err": 0.012558006941186117,
    "sum_est": 30890.48133120739,
    "sum_real": 30983.000000000004,
    "sum_err": 0.0029861107314531946,
    "query_dur_ms_est": 20.177364349365234,
    "query_dur_ms_real": 20195.28865814209,
    "query_dur_ms_err": 0.9990008875490259,
    "order": [
        0,
        1,
        2,
        3,
        4,
        6,
        7,
        8,
        9,
        5
    ],
    "groupby": false
}