{
    "timestamp": "2022-08-01 14:14:26.677933",
    "dataset": "dmv.csv",
    "model": "dmv.csv-2.6MB-model16.669-data16.507-made-resmade-hidden256_256_256_256_256-emb32-directIo-binaryInone_hotOut-inputNoEmbIfLeq-5epochs-seed0.pt",
    "query": "'SELECT County FROM dmv.csv WHERE Scofflaw Indicator=N'",
    "avg_est": 34.42396926879883,
    "avg_real": 34.37122963810133,
    "avg_err": 0.0015344121014230995,
    "count_est": 12626788.596746922,
    "count_real": 12625910,
    "count_err": 6.958680577649764e-05,
    "sum_est": 434664182.6180355,
    "sum_real": 433968052.0,
    "sum_err": 0.001604105682036463,
    "query_dur_ms_est": 20.093917846679688,
    "query_dur_ms_real": 20195.28865814209,
    "query_dur_ms_err": 0.9990050195277314,
    "order": [
        0,
        1,
        3,
        4,
        5,
        6,
        7,
        8,
        9,
        2
    ],
    "groupby": false
}