{
    "timestamp": "2022-08-01 13:22:23.885246",
    "dataset": "dmv.csv",
    "model": "dmv.csv-2.6MB-model16.669-data16.507-made-resmade-hidden256_256_256_256_256-emb32-directIo-binaryInone_hotOut-inputNoEmbIfLeq-5epochs-seed0.pt",
    "query": "'SELECT Registration Class FROM dmv.csv WHERE Record Type=BOAT AND State>=NU AND County<=COLUMBIA AND Fuel Type=COMP N/G AND Scofflaw Indicator=Y AND Suspension Indicator=Y AND Revocation Indicator=Y AND Model Year>=1948.0<=1951.0 AND Weight_100>=78.0'",
    "avg_est": 12.994345664978027,
    "avg_real": NaN,
    "avg_err": NaN,
    "count_est": 5.4487399591633825e-18,
    "count_real": 0,
    "count_err": 0,
    "sum_est": 7.080281046794726e-17,
    "sum_real": NaN,
    "sum_err": NaN,
    "query_dur_ms_est": 20.678043365478516,
    "query_dur_ms_real": 20195.28865814209,
    "query_dur_ms_err": 0.9989760956767934,
    "order": [
        0,
        1,
        2,
        3,
        4,
        5,
        6,
        8,
        9,
        7
    ],
    "groupby": false
}