{
    "timestamp": "2022-08-01 12:44:22.481061",
    "dataset": "dmv.csv",
    "model": "dmv.csv-2.6MB-model16.669-data16.507-made-resmade-hidden256_256_256_256_256-emb32-directIo-binaryInone_hotOut-inputNoEmbIfLeq-5epochs-seed0.pt",
    "query": "'SELECT County FROM dmv.csv WHERE Record Type=SNOW AND State>=ME<=NU AND Fuel Type=nan AND Scofflaw Indicator=N AND Suspension Indicator=N AND Registration Class>=NYS AND Weight_100<=40.0'",
    "avg_est": 39.6075325012207,
    "avg_real": NaN,
    "avg_err": NaN,
    "count_est": 0.0,
    "count_real": 0,
    "count_err": 0,
    "sum_est": 0.0,
    "sum_real": NaN,
    "sum_err": NaN,
    "query_dur_ms_est": 20.713090896606445,
    "query_dur_ms_real": 20195.28865814209,
    "query_dur_ms_err": 0.998974360245737,
    "order": [
        0,
        1,
        3,
        4,
        5,
        6,
        7,
        8,
        9,
        2
    ],
    "groupby": false
}