{
    "timestamp": "2022-08-01 13:45:01.836720",
    "dataset": "dmv.csv",
    "model": "dmv.csv-2.6MB-model16.669-data16.507-made-resmade-hidden256_256_256_256_256-emb32-directIo-binaryInone_hotOut-inputNoEmbIfLeq-5epochs-seed0.pt",
    "query": "'SELECT Model Year FROM dmv.csv WHERE Revocation Indicator=Y'",
    "avg_est": 115.73038482666016,
    "avg_real": 25.978169014084507,
    "avg_err": 3.4549092264322003,
    "count_est": 5161.970317835221,
    "count_real": 5680,
    "count_err": 0.09120240883182727,
    "sum_est": 597396.8113468674,
    "sum_real": 147556.0,
    "sum_err": 3.048610773854451,
    "query_dur_ms_est": 20.089149475097656,
    "query_dur_ms_real": 20195.28865814209,
    "query_dur_ms_err": 0.9990052556408002,
    "order": [
        0,
        1,
        2,
        3,
        4,
        5,
        6,
        7,
        9,
        8
    ],
    "groupby": false
}