{
    "timestamp": "2022-08-01 13:06:44.842939",
    "dataset": "dmv.csv",
    "model": "dmv.csv-2.6MB-model16.669-data16.507-made-resmade-hidden256_256_256_256_256-emb32-directIo-binaryInone_hotOut-inputNoEmbIfLeq-5epochs-seed0.pt",
    "query": "'SELECT Suspension Indicator FROM dmv.csv WHERE Registration Class<=SEM AND Model Year>=1997.0<=2022.0'",
    "avg_est": 1.0106604099273682,
    "avg_real": 1.0118952026381334,
    "avg_err": 0.0012202772654183506,
    "count_est": 11318342.527031422,
    "count_real": 11346507,
    "count_err": 0.002482215272821701,
    "sum_est": 11439000.69806794,
    "sum_real": 11481475.999999998,
    "sum_err": 0.0036994635473746908,
    "query_dur_ms_est": 20.253658294677734,
    "query_dur_ms_real": 20195.28865814209,
    "query_dur_ms_err": 0.9989971097399238,
    "order": [
        0,
        1,
        2,
        3,
        4,
        6,
        7,
        8,
        9,
        5
    ],
    "groupby": false
}