{
    "timestamp": "2022-08-01 14:08:07.252954",
    "dataset": "dmv.csv",
    "model": "dmv.csv-2.6MB-model16.669-data16.507-made-resmade-hidden256_256_256_256_256-emb32-directIo-binaryInone_hotOut-inputNoEmbIfLeq-5epochs-seed0.pt",
    "query": "'SELECT Scofflaw Indicator FROM dmv.csv WHERE Registration Class<=RGC AND Weight_100=79.0'",
    "avg_est": 1.0015907287597656,
    "avg_real": 1.0015754074852052,
    "avg_err": 1.5297175275954774e-05,
    "count_est": 93011.1441481188,
    "count_real": 99022,
    "count_err": 0.060702226291947305,
    "sum_est": 93159.0996500939,
    "sum_real": 99178.0,
    "sum_err": 0.0606878576892667,
    "query_dur_ms_est": 20.14017105102539,
    "query_dur_ms_real": 20195.28865814209,
    "query_dur_ms_err": 0.9990027292309632,
    "order": [
        0,
        1,
        2,
        3,
        5,
        6,
        7,
        8,
        9,
        4
    ],
    "groupby": false
}