{
    "timestamp": "2022-08-01 13:54:39.189594",
    "dataset": "dmv.csv",
    "model": "dmv.csv-2.6MB-model16.669-data16.507-made-resmade-hidden256_256_256_256_256-emb32-directIo-binaryInone_hotOut-inputNoEmbIfLeq-5epochs-seed0.pt",
    "query": "'SELECT Scofflaw Indicator FROM dmv.csv WHERE County>=SCHOHARIE'",
    "avg_est": 1.0013054609298706,
    "avg_real": 1.001303391920046,
    "avg_err": 2.0663166042128387e-06,
    "count_est": 3187982.376868248,
    "count_real": 3160216,
    "count_err": 0.008786227545284242,
    "sum_est": 3192144.1633063657,
    "sum_real": 3164335.0,
    "sum_err": 0.008788312017016442,
    "query_dur_ms_est": 20.118236541748047,
    "query_dur_ms_real": 20195.28865814209,
    "query_dur_ms_err": 0.9990038153510801,
    "order": [
        0,
        1,
        2,
        3,
        5,
        6,
        7,
        8,
        9,
        4
    ],
    "groupby": false
}