{
    "timestamp": "2022-08-01 14:07:43.842473",
    "dataset": "dmv.csv",
    "model": "dmv.csv-2.6MB-model16.669-data16.507-made-resmade-hidden256_256_256_256_256-emb32-directIo-binaryInone_hotOut-inputNoEmbIfLeq-5epochs-seed0.pt",
    "query": "'SELECT Fuel Type FROM dmv.csv WHERE Scofflaw Indicator=N'",
    "avg_est": 5.895855903625488,
    "avg_real": NaN,
    "avg_err": NaN,
    "count_est": 12626664.976962566,
    "count_real": 12625910,
    "count_err": 5.979584541362767e-05,
    "sum_est": 74444997.24752593,
    "sum_real": NaN,
    "sum_err": NaN,
    "query_dur_ms_est": 20.193815231323242,
    "query_dur_ms_real": 20195.28865814209,
    "query_dur_ms_err": 0.9990000729589383,
    "order": [
        0,
        1,
        2,
        4,
        5,
        6,
        7,
        8,
        9,
        3
    ],
    "groupby": false
}