{
    "timestamp": "2022-08-01 13:43:29.689272",
    "dataset": "dmv.csv",
    "model": "dmv.csv-2.6MB-model16.669-data16.507-made-resmade-hidden256_256_256_256_256-emb32-directIo-binaryInone_hotOut-inputNoEmbIfLeq-5epochs-seed0.pt",
    "query": "'SELECT Record Type FROM dmv.csv WHERE State<=VT AND Revocation Indicator=N'",
    "avg_est": 3.834136962890625,
    "avg_real": 3.8340048421443838,
    "avg_err": 3.446024501298043e-05,
    "count_est": 12634722.876320839,
    "count_real": 12635724,
    "count_err": 7.922962539867693e-05,
    "sum_est": 48443257.995981485,
    "sum_real": 48445427.0,
    "sum_err": 4.477211065794401e-05,
    "query_dur_ms_est": 20.408153533935547,
    "query_dur_ms_real": 20195.28865814209,
    "query_dur_ms_err": 0.998989459676492,
    "order": [
        1,
        2,
        3,
        4,
        5,
        6,
        7,
        8,
        9,
        0
    ],
    "groupby": false
}