{
    "timestamp": "2022-08-01 12:57:29.587756",
    "dataset": "dmv.csv",
    "model": "dmv.csv-2.6MB-model16.669-data16.507-made-resmade-hidden256_256_256_256_256-emb32-directIo-binaryInone_hotOut-inputNoEmbIfLeq-5epochs-seed0.pt",
    "query": "'SELECT County FROM dmv.csv WHERE Suspension Indicator=Y'",
    "avg_est": 34.4267578125,
    "avg_real": 32.406029542623244,
    "avg_err": 0.06235655211073968,
    "count_est": 140159.0538554825,
    "count_real": 140475,
    "count_err": 0.0022491272078128573,
    "sum_est": 4825221.8023118405,
    "sum_real": 4552237.0,
    "sum_err": 0.059967177084989304,
    "query_dur_ms_est": 20.23458480834961,
    "query_dur_ms_real": 20195.28865814209,
    "query_dur_ms_err": 0.9989980541921993,
    "order": [
        0,
        1,
        3,
        4,
        5,
        6,
        7,
        8,
        9,
        2
    ],
    "groupby": false
}