{
    "timestamp": "2022-08-01 12:36:46.144662",
    "dataset": "dmv.csv",
    "model": "dmv.csv-2.6MB-model16.669-data16.507-made-resmade-hidden256_256_256_256_256-emb32-directIo-binaryInone_hotOut-inputNoEmbIfLeq-5epochs-seed0.pt",
    "query": "'SELECT Scofflaw Indicator FROM dmv.csv WHERE County<=GREENE AND Fuel Type=PROPANE AND Suspension Indicator=Y AND Registration Class>=COM<=LMA AND Model Year>=1931.0'",
    "avg_est": 1.000207781791687,
    "avg_real": NaN,
    "avg_err": NaN,
    "count_est": 0.5474667589836599,
    "count_real": 0,
    "count_err": 0,
    "sum_est": 0.5475805126077307,
    "sum_real": NaN,
    "sum_err": NaN,
    "query_dur_ms_est": 20.572423934936523,
    "query_dur_ms_real": 20195.28865814209,
    "query_dur_ms_err": 0.9989813255812691,
    "order": [
        0,
        1,
        2,
        3,
        5,
        6,
        7,
        8,
        9,
        4
    ],
    "groupby": false
}