{
    "timestamp": "2022-08-01 14:17:08.205196",
    "dataset": "dmv.csv",
    "model": "dmv.csv-2.6MB-model16.669-data16.507-made-resmade-hidden256_256_256_256_256-emb32-directIo-binaryInone_hotOut-inputNoEmbIfLeq-5epochs-seed0.pt",
    "query": "'SELECT Revocation Indicator FROM dmv.csv WHERE County>=BROOME<=ONTARIO'",
    "avg_est": 1.0003643035888672,
    "avg_real": 1.0003696603634709,
    "avg_err": 5.354795148150123e-06,
    "count_est": 6091906.464436412,
    "count_real": 6097489,
    "count_err": 0.0009155466395409885,
    "sum_est": 6094125.76782445,
    "sum_real": 6099743.0,
    "sum_err": 0.0009208965321244557,
    "query_dur_ms_est": 20.292282104492188,
    "query_dur_ms_real": 20195.28865814209,
    "query_dur_ms_err": 0.9989951972240658,
    "order": [
        0,
        1,
        2,
        3,
        4,
        5,
        7,
        8,
        9,
        6
    ],
    "groupby": false
}