{
    "timestamp": "2022-08-01 13:20:21.801268",
    "dataset": "dmv.csv",
    "model": "dmv.csv-2.6MB-model16.669-data16.507-made-resmade-hidden256_256_256_256_256-emb32-directIo-binaryInone_hotOut-inputNoEmbIfLeq-5epochs-seed0.pt",
    "query": "'SELECT Record Type FROM dmv.csv WHERE State>=OH AND County>=HAMILTON AND Fuel Type=GAS AND Scofflaw Indicator=N AND Suspension Indicator=N AND Revocation Indicator=Y AND Registration Class>=ORM AND Model Year=1930.0 AND Weight_100>=78.0<=82.0'",
    "avg_est": 3.834136962890625,
    "avg_real": NaN,
    "avg_err": NaN,
    "count_est": 2.018503899017598e-08,
    "count_real": 0,
    "count_err": 0,
    "sum_est": 7.739220408962218e-08,
    "sum_real": NaN,
    "sum_err": NaN,
    "query_dur_ms_est": 20.674943923950195,
    "query_dur_ms_real": 20195.28865814209,
    "query_dur_ms_err": 0.998976249150288,
    "order": [
        1,
        2,
        3,
        4,
        5,
        6,
        7,
        8,
        9,
        0
    ],
    "groupby": false
}