{
    "timestamp": "2022-08-01 12:43:33.075821",
    "dataset": "dmv.csv",
    "model": "dmv.csv-2.6MB-model16.669-data16.507-made-resmade-hidden256_256_256_256_256-emb32-directIo-binaryInone_hotOut-inputNoEmbIfLeq-5epochs-seed0.pt",
    "query": "'SELECT Record Type FROM dmv.csv WHERE Fuel Type=GAS AND Registration Class<=VPL'",
    "avg_est": 3.834136962890625,
    "avg_real": 2.9384097038425545,
    "avg_err": 0.3048340256556903,
    "count_est": 11014836.358181,
    "count_real": 11147584,
    "count_err": 0.011908198388009477,
    "sum_est": 42232391.221093334,
    "sum_real": 32756169.0,
    "sum_err": 0.28929580321475734,
    "query_dur_ms_est": 20.15995979309082,
    "query_dur_ms_real": 20195.28865814209,
    "query_dur_ms_err": 0.9990017493617274,
    "order": [
        1,
        2,
        3,
        4,
        5,
        6,
        7,
        8,
        9,
        0
    ],
    "groupby": false
}