{
    "timestamp": "2022-08-01 12:50:35.013050",
    "dataset": "dmv.csv",
    "model": "dmv.csv-2.6MB-model16.669-data16.507-made-resmade-hidden256_256_256_256_256-emb32-directIo-binaryInone_hotOut-inputNoEmbIfLeq-5epochs-seed0.pt",
    "query": "'SELECT Model Year FROM dmv.csv WHERE County>=BROOME<=KINGS AND Scofflaw Indicator=N AND Revocation Indicator=Y'",
    "avg_est": 115.11933898925781,
    "avg_real": 17.629545454545454,
    "avg_err": 5.529909650028805,
    "count_est": 1069.7278479434317,
    "count_real": 1320,
    "count_err": 0.18960011519436992,
    "sum_est": 123146.36275364915,
    "sum_real": 23271.0,
    "sum_err": 4.291838028174515,
    "query_dur_ms_est": 20.226478576660156,
    "query_dur_ms_real": 20195.28865814209,
    "query_dur_ms_err": 0.9989984555844165,
    "order": [
        0,
        1,
        2,
        3,
        4,
        5,
        6,
        7,
        9,
        8
    ],
    "groupby": false
}