{
    "timestamp": "2022-08-01 13:04:37.068292",
    "dataset": "dmv.csv",
    "model": "dmv.csv-2.6MB-model16.669-data16.507-made-resmade-hidden256_256_256_256_256-emb32-directIo-binaryInone_hotOut-inputNoEmbIfLeq-5epochs-seed0.pt",
    "query": "'SELECT Weight_100 FROM dmv.csv WHERE County>=COLUMBIA'",
    "avg_est": 63.159263610839844,
    "avg_real": 39.236764547595556,
    "avg_err": 0.6096960169645351,
    "count_est": 11363821.793428183,
    "count_real": 11353182,
    "count_err": 0.0009371639975632031,
    "sum_est": 717730616.2777374,
    "sum_real": 445462129.0,
    "sum_err": 0.6112045661186551,
    "query_dur_ms_est": 20.076990127563477,
    "query_dur_ms_real": 20195.28865814209,
    "query_dur_ms_err": 0.9990058577291259,
    "order": [
        0,
        1,
        2,
        3,
        4,
        5,
        6,
        7,
        8,
        9
    ],
    "groupby": false
}