{
    "timestamp": "2022-08-01 12:38:40.080328",
    "dataset": "dmv.csv",
    "model": "dmv.csv-2.6MB-model16.669-data16.507-made-resmade-hidden256_256_256_256_256-emb32-directIo-binaryInone_hotOut-inputNoEmbIfLeq-5epochs-seed0.pt",
    "query": "'SELECT Fuel Type FROM dmv.csv WHERE Suspension Indicator=N AND Registration Class>=ORG<=SRF'",
    "avg_est": 5.903230667114258,
    "avg_real": NaN,
    "avg_err": NaN,
    "count_est": 9702445.762053728,
    "count_real": 9848292,
    "count_err": 0.014809292610969688,
    "sum_est": 57275775.36856833,
    "sum_real": NaN,
    "sum_err": NaN,
    "query_dur_ms_est": 20.328283309936523,
    "query_dur_ms_real": 20195.28865814209,
    "query_dur_ms_err": 0.9989934145703958,
    "order": [
        0,
        1,
        2,
        4,
        5,
        6,
        7,
        8,
        9,
        3
    ],
    "groupby": false
}