{
    "timestamp": "2022-08-01 13:32:17.828859",
    "dataset": "dmv.csv",
    "model": "dmv.csv-2.6MB-model16.669-data16.507-made-resmade-hidden256_256_256_256_256-emb32-directIo-binaryInone_hotOut-inputNoEmbIfLeq-5epochs-seed0.pt",
    "query": "'SELECT Scofflaw Indicator FROM dmv.csv WHERE State<=TN'",
    "avg_est": 1.0015841722488403,
    "avg_real": 1.0016144884163565,
    "avg_err": 3.0267301308784895e-05,
    "count_est": 12626641.609808207,
    "count_real": 12630007,
    "count_err": 0.00026645988333921284,
    "sum_est": 12646644.385042517,
    "sum_real": 12650398.000000002,
    "sum_err": 0.0002967191196265404,
    "query_dur_ms_est": 20.261049270629883,
    "query_dur_ms_real": 20195.28865814209,
    "query_dur_ms_err": 0.9989967437646671,
    "order": [
        0,
        1,
        2,
        3,
        5,
        6,
        7,
        8,
        9,
        4
    ],
    "groupby": false
}