{
    "timestamp": "2022-08-01 13:58:17.525725",
    "dataset": "dmv.csv",
    "model": "dmv.csv-2.6MB-model16.669-data16.507-made-resmade-hidden256_256_256_256_256-emb32-directIo-binaryInone_hotOut-inputNoEmbIfLeq-5epochs-seed0.pt",
    "query": "'SELECT Suspension Indicator FROM dmv.csv WHERE Registration Class<=USC'",
    "avg_est": 1.010911226272583,
    "avg_real": 1.0111081252331016,
    "avg_err": 0.00019473581074542476,
    "count_est": 12644148.88487792,
    "count_real": 12644708,
    "count_err": 4.421732175071573e-05,
    "sum_est": 12782112.054385051,
    "sum_real": 12785167.000000002,
    "sum_err": 0.0002389445218002026,
    "query_dur_ms_est": 20.05147933959961,
    "query_dur_ms_real": 20195.28865814209,
    "query_dur_ms_err": 0.9990071209340444,
    "order": [
        0,
        1,
        2,
        3,
        4,
        6,
        7,
        8,
        9,
        5
    ],
    "groupby": false
}