{
    "timestamp": "2022-08-01 13:48:20.356718",
    "dataset": "dmv.csv",
    "model": "dmv.csv-2.6MB-model16.669-data16.507-made-resmade-hidden256_256_256_256_256-emb32-directIo-binaryInone_hotOut-inputNoEmbIfLeq-5epochs-seed0.pt",
    "query": "'SELECT Record Type FROM dmv.csv WHERE Fuel Type=ELECTRIC AND Registration Class>=STA'",
    "avg_est": 3.834136962890625,
    "avg_real": 1.0,
    "avg_err": 2.834136962890625,
    "count_est": 201.04011471325794,
    "count_real": 218,
    "count_err": 0.07779763893000947,
    "sum_est": 770.8153348458736,
    "sum_real": 218.0,
    "sum_err": 2.535850159843457,
    "query_dur_ms_est": 20.06697654724121,
    "query_dur_ms_real": 20195.28865814209,
    "query_dur_ms_err": 0.9990063535665705,
    "order": [
        1,
        2,
        3,
        4,
        5,
        6,
        7,
        8,
        9,
        0
    ],
    "groupby": false
}