{
    "timestamp": "2022-08-01 14:16:52.212576",
    "dataset": "dmv.csv",
    "model": "dmv.csv-2.6MB-model16.669-data16.507-made-resmade-hidden256_256_256_256_256-emb32-directIo-binaryInone_hotOut-inputNoEmbIfLeq-5epochs-seed0.pt",
    "query": "'SELECT Weight_100 FROM dmv.csv WHERE Fuel Type=FLEX'",
    "avg_est": 86.48475646972656,
    "avg_real": 61.18808936143282,
    "avg_err": 0.41342469379732527,
    "count_est": 18028.60464571882,
    "count_real": 15801,
    "count_err": 0.14097871310162777,
    "sum_est": 1559199.482273973,
    "sum_real": 966833.0,
    "sum_err": 0.6126874881949345,
    "query_dur_ms_est": 20.016908645629883,
    "query_dur_ms_real": 20195.28865814209,
    "query_dur_ms_err": 0.9990088327537938,
    "order": [
        0,
        1,
        2,
        3,
        4,
        5,
        6,
        7,
        8,
        9
    ],
    "groupby": false
}