{
    "timestamp": "2022-08-01 14:10:07.807802",
    "dataset": "dmv.csv",
    "model": "dmv.csv-2.6MB-model16.669-data16.507-made-resmade-hidden256_256_256_256_256-emb32-directIo-binaryInone_hotOut-inputNoEmbIfLeq-5epochs-seed0.pt",
    "query": "'SELECT Weight_100 FROM dmv.csv WHERE Record Type=TRL AND Model Year<=2003.0'",
    "avg_est": 96.47555541992188,
    "avg_real": 8.725618263087272,
    "avg_err": 10.056586766814068,
    "count_est": 241370.24362496287,
    "count_real": 225066,
    "count_err": 0.07244205533027141,
    "sum_est": 23286328.31556015,
    "sum_real": 1963840.0,
    "sum_err": 10.857548637139558,
    "query_dur_ms_est": 20.2023983001709,
    "query_dur_ms_real": 20195.28865814209,
    "query_dur_ms_err": 0.9989996479554143,
    "order": [
        0,
        1,
        2,
        3,
        4,
        5,
        6,
        7,
        8,
        9
    ],
    "groupby": false
}