{
    "timestamp": "2022-08-01 14:05:43.689437",
    "dataset": "dmv.csv",
    "model": "dmv.csv-2.6MB-model16.669-data16.507-made-resmade-hidden256_256_256_256_256-emb32-directIo-binaryInone_hotOut-inputNoEmbIfLeq-5epochs-seed0.pt",
    "query": "'SELECT Weight_100 FROM dmv.csv WHERE Record Type=BOAT AND Scofflaw Indicator=N AND Suspension Indicator=N AND Revocation Indicator=N AND Model Year>=1900.0<=1911.0'",
    "avg_est": 100.9731216430664,
    "avg_real": 1.0,
    "avg_err": 99.9731216430664,
    "count_est": 32.67108119354998,
    "count_real": 51,
    "count_err": 0.3593905648323533,
    "sum_est": 3298.9010555668215,
    "sum_real": 51.0,
    "sum_err": 63.684334422878855,
    "query_dur_ms_est": 20.377635955810547,
    "query_dur_ms_real": 20195.28865814209,
    "query_dur_ms_err": 0.9989909708001329,
    "order": [
        0,
        1,
        2,
        3,
        4,
        5,
        6,
        7,
        8,
        9
    ],
    "groupby": false
}