{
    "timestamp": "2022-08-01 13:47:48.008547",
    "dataset": "dmv.csv",
    "model": "dmv.csv-2.6MB-model16.669-data16.507-made-resmade-hidden256_256_256_256_256-emb32-directIo-binaryInone_hotOut-inputNoEmbIfLeq-5epochs-seed0.pt",
    "query": "'SELECT Scofflaw Indicator FROM dmv.csv WHERE Registration Class<=ORC'",
    "avg_est": 1.0015101432800293,
    "avg_real": 1.0004319038644789,
    "avg_err": 0.0010777739208289677,
    "count_est": 2570003.305980921,
    "count_real": 2357006,
    "count_err": 0.09036774025221862,
    "sum_est": 2573884.379203101,
    "sum_real": 2358024.0,
    "sum_err": 0.09154291016677572,
    "query_dur_ms_est": 20.37811279296875,
    "query_dur_ms_real": 20195.28865814209,
    "query_dur_ms_err": 0.998990947188826,
    "order": [
        0,
        1,
        2,
        3,
        5,
        6,
        7,
        8,
        9,
        4
    ],
    "groupby": false
}