{
    "timestamp": "2022-08-01 12:47:32.090418",
    "dataset": "dmv.csv",
    "model": "dmv.csv-2.6MB-model16.669-data16.507-made-resmade-hidden256_256_256_256_256-emb32-directIo-binaryInone_hotOut-inputNoEmbIfLeq-5epochs-seed0.pt",
    "query": "'SELECT Model Year FROM dmv.csv WHERE Record Type=SNOW AND State<=YH AND County>=JEFFERSON<=ONTARIO AND Suspension Indicator=N AND Revocation Indicator=N AND Registration Class<=FAR AND Weight_100<=46.0'",
    "avg_est": 109.94322967529297,
    "avg_real": NaN,
    "avg_err": NaN,
    "count_est": 1.290039648789334e-06,
    "count_real": 0,
    "count_err": 0,
    "sum_est": 0.00014183112539708004,
    "sum_real": NaN,
    "sum_err": NaN,
    "query_dur_ms_est": 20.634174346923828,
    "query_dur_ms_real": 20195.28865814209,
    "query_dur_ms_err": 0.998978267917027,
    "order": [
        0,
        1,
        2,
        3,
        4,
        5,
        6,
        7,
        9,
        8
    ],
    "groupby": false
}