{
    "timestamp": "2022-08-01 12:52:14.662103",
    "dataset": "dmv.csv",
    "model": "dmv.csv-2.6MB-model16.669-data16.507-made-resmade-hidden256_256_256_256_256-emb32-directIo-binaryInone_hotOut-inputNoEmbIfLeq-5epochs-seed0.pt",
    "query": "'SELECT County FROM dmv.csv WHERE Record Type=VEH AND State>=AR<=FL'",
    "avg_est": 37.56636047363281,
    "avg_real": 37.43950166329659,
    "avg_err": 0.0033883680257578864,
    "count_est": 15861.529273712542,
    "count_real": 15331,
    "count_err": 0.03460500122056891,
    "sum_est": 595859.9263593646,
    "sum_real": 573985.0,
    "sum_err": 0.03811062372599396,
    "query_dur_ms_est": 20.4617977142334,
    "query_dur_ms_real": 20195.28865814209,
    "query_dur_ms_err": 0.9989868034044671,
    "order": [
        0,
        1,
        3,
        4,
        5,
        6,
        7,
        8,
        9,
        2
    ],
    "groupby": false
}