{
    "timestamp": "2022-08-01 13:30:50.939044",
    "dataset": "dmv.csv",
    "model": "dmv.csv-2.6MB-model16.669-data16.507-made-resmade-hidden256_256_256_256_256-emb32-directIo-binaryInone_hotOut-inputNoEmbIfLeq-5epochs-seed0.pt",
    "query": "'SELECT Registration Class FROM dmv.csv WHERE Scofflaw Indicator=N AND Revocation Indicator=N AND Model Year<=2000.0'",
    "avg_est": 46.41313934326172,
    "avg_real": 30.131378542593765,
    "avg_err": 0.5403589742053132,
    "count_est": 1077659.8043463826,
    "count_real": 1040657,
    "count_err": 0.03555715701367753,
    "sum_est": 50017574.66376082,
    "sum_real": 31356430.0,
    "sum_err": 0.5951297601085589,
    "query_dur_ms_est": 20.389795303344727,
    "query_dur_ms_real": 20195.28865814209,
    "query_dur_ms_err": 0.9989903687118072,
    "order": [
        0,
        1,
        2,
        3,
        4,
        5,
        6,
        8,
        9,
        7
    ],
    "groupby": false
}