{
    "timestamp": "2022-08-01 13:50:50.516536",
    "dataset": "dmv.csv",
    "model": "dmv.csv-2.6MB-model16.669-data16.507-made-resmade-hidden256_256_256_256_256-emb32-directIo-binaryInone_hotOut-inputNoEmbIfLeq-5epochs-seed0.pt",
    "query": "'SELECT Record Type FROM dmv.csv WHERE Registration Class>=AMB<=HIS'",
    "avg_est": 3.834136962890625,
    "avg_real": 1.7112898921260378,
    "avg_err": 1.24049530154546,
    "count_est": 1255316.6984930038,
    "count_real": 1266478,
    "count_err": 0.00881286647458239,
    "sum_est": 4813056.153825852,
    "sum_real": 2167311.0,
    "sum_err": 1.2207501156160108,
    "query_dur_ms_est": 20.162105560302734,
    "query_dur_ms_real": 20195.28865814209,
    "query_dur_ms_err": 0.9990016431108464,
    "order": [
        1,
        2,
        3,
        4,
        5,
        6,
        7,
        8,
        9,
        0
    ],
    "groupby": false
}