{
    "timestamp": "2022-08-01 12:40:54.105392",
    "dataset": "dmv.csv",
    "model": "dmv.csv-2.6MB-model16.669-data16.507-made-resmade-hidden256_256_256_256_256-emb32-directIo-binaryInone_hotOut-inputNoEmbIfLeq-5epochs-seed0.pt",
    "query": "'SELECT State FROM dmv.csv WHERE Record Type=BOAT AND Fuel Type=COMP N/G AND Scofflaw Indicator=N AND Registration Class>=LUA<=ORM AND Model Year<=1951.0'",
    "avg_est": 51.559146881103516,
    "avg_real": NaN,
    "avg_err": NaN,
    "count_est": 3.0965137924508437e-10,
    "count_real": 0,
    "count_err": 0,
    "sum_est": 1.5965360944433593e-08,
    "sum_real": NaN,
    "sum_err": NaN,
    "query_dur_ms_est": 20.479202270507812,
    "query_dur_ms_real": 20195.28865814209,
    "query_dur_ms_err": 0.9989859415917657,
    "order": [
        0,
        2,
        3,
        4,
        5,
        6,
        7,
        8,
        9,
        1
    ],
    "groupby": false
}