{
    "timestamp": "2022-08-01 14:04:21.934532",
    "dataset": "dmv.csv",
    "model": "dmv.csv-2.6MB-model16.669-data16.507-made-resmade-hidden256_256_256_256_256-emb32-directIo-binaryInone_hotOut-inputNoEmbIfLeq-5epochs-seed0.pt",
    "query": "'SELECT Fuel Type FROM dmv.csv WHERE Scofflaw Indicator=N'",
    "avg_est": 5.887443542480469,
    "avg_real": NaN,
    "avg_err": NaN,
    "count_est": 12626768.244709253,
    "count_real": 12625910,
    "count_err": 6.797487937529343e-05,
    "sum_est": 74339385.16471094,
    "sum_real": NaN,
    "sum_err": NaN,
    "query_dur_ms_est": 20.054101943969727,
    "query_dur_ms_real": 20195.28865814209,
    "query_dur_ms_err": 0.9990069910718565,
    "order": [
        0,
        1,
        2,
        4,
        5,
        6,
        7,
        8,
        9,
        3
    ],
    "groupby": false
}