{
    "timestamp": "2022-08-01 13:18:20.313680",
    "dataset": "dmv.csv",
    "model": "dmv.csv-2.6MB-model16.669-data16.507-made-resmade-hidden256_256_256_256_256-emb32-directIo-binaryInone_hotOut-inputNoEmbIfLeq-5epochs-seed0.pt",
    "query": "'SELECT Weight_100 FROM dmv.csv WHERE Fuel Type=OTHER AND Registration Class>=NYA<=SUP'",
    "avg_est": 63.2451171875,
    "avg_real": 45.373937677053824,
    "avg_err": 0.3938644170061497,
    "count_est": 1205.4594429099816,
    "count_real": 1059,
    "count_err": 0.13829975723322152,
    "sum_est": 76239.42373162025,
    "sum_real": 48051.0,
    "sum_err": 0.5866355274941261,
    "query_dur_ms_est": 20.208358764648438,
    "query_dur_ms_real": 20195.28865814209,
    "query_dur_ms_err": 0.9989993528140781,
    "order": [
        0,
        1,
        2,
        3,
        4,
        5,
        6,
        7,
        8,
        9
    ],
    "groupby": false
}