{
    "timestamp": "2022-08-01 12:36:09.174608",
    "dataset": "dmv.csv",
    "model": "dmv.csv-2.6MB-model16.669-data16.507-made-resmade-hidden256_256_256_256_256-emb32-directIo-binaryInone_hotOut-inputNoEmbIfLeq-5epochs-seed0.pt",
    "query": "'SELECT Fuel Type FROM dmv.csv WHERE State>=NT AND Scofflaw Indicator=N AND Revocation Indicator=N AND Model Year>=1992.0 AND Weight_100>=91.0'",
    "avg_est": 5.8954758644104,
    "avg_real": 4.650231311814037,
    "avg_err": 0.26778120680422646,
    "count_est": 3366762.213537693,
    "count_real": 840424,
    "count_err": 3.0060281638050474,
    "sum_est": 19848665.371120404,
    "sum_real": 3908166.0,
    "sum_err": 4.078767220000482,
    "query_dur_ms_est": 20.46799659729004,
    "query_dur_ms_real": 20195.28865814209,
    "query_dur_ms_err": 0.9989864964574776,
    "order": [
        0,
        1,
        2,
        4,
        5,
        6,
        7,
        8,
        9,
        3
    ],
    "groupby": false
}