{
    "timestamp": "2022-08-01 12:41:42.556330",
    "dataset": "dmv.csv",
    "model": "dmv.csv-2.6MB-model16.669-data16.507-made-resmade-hidden256_256_256_256_256-emb32-directIo-binaryInone_hotOut-inputNoEmbIfLeq-5epochs-seed0.pt",
    "query": "'SELECT Record Type FROM dmv.csv WHERE State>=OK<=RI AND County>=CHEMUNG AND Fuel Type=nan AND Scofflaw Indicator=N AND Revocation Indicator=Y AND Registration Class>=CBS AND Weight_100>=7.0<=15.0'",
    "avg_est": 3.834136962890625,
    "avg_real": NaN,
    "avg_err": NaN,
    "count_est": 0.0,
    "count_real": 0,
    "count_err": 0,
    "sum_est": 0.0,
    "sum_real": NaN,
    "sum_err": NaN,
    "query_dur_ms_est": 20.70903778076172,
    "query_dur_ms_real": 20195.28865814209,
    "query_dur_ms_err": 0.9989745609418456,
    "order": [
        1,
        2,
        3,
        4,
        5,
        6,
        7,
        8,
        9,
        0
    ],
    "groupby": false
}