{
    "timestamp": "2022-08-01 12:47:44.182449",
    "dataset": "dmv.csv",
    "model": "dmv.csv-2.6MB-model16.669-data16.507-made-resmade-hidden256_256_256_256_256-emb32-directIo-binaryInone_hotOut-inputNoEmbIfLeq-5epochs-seed0.pt",
    "query": "'SELECT Fuel Type FROM dmv.csv WHERE Record Type=SNOW AND County>=MADISON<=WARREN AND Suspension Indicator=N AND Revocation Indicator=Y AND Registration Class=SPO AND Model Year>=2003.0 AND Weight_100>=42.0<=66.0'",
    "avg_est": 1.0000054836273193,
    "avg_real": NaN,
    "avg_err": NaN,
    "count_est": 5.192620970771707e-20,
    "count_real": 0,
    "count_err": 0,
    "sum_est": 5.192649445169921e-20,
    "sum_real": NaN,
    "sum_err": NaN,
    "query_dur_ms_est": 20.89405059814453,
    "query_dur_ms_real": 20195.28865814209,
    "query_dur_ms_err": 0.9989653997547729,
    "order": [
        0,
        1,
        2,
        4,
        5,
        6,
        7,
        8,
        9,
        3
    ],
    "groupby": false
}