{
    "timestamp": "2022-08-01 13:18:22.192040",
    "dataset": "dmv.csv",
    "model": "dmv.csv-2.6MB-model16.669-data16.507-made-resmade-hidden256_256_256_256_256-emb32-directIo-binaryInone_hotOut-inputNoEmbIfLeq-5epochs-seed0.pt",
    "query": "'SELECT Weight_100 FROM dmv.csv WHERE Record Type=BOAT AND Registration Class>=PSD<=SOS'",
    "avg_est": 89.49880981445312,
    "avg_real": NaN,
    "avg_err": NaN,
    "count_est": 0.0021980410170472364,
    "count_real": 0,
    "count_err": 0,
    "sum_est": 0.19672205494907774,
    "sum_real": NaN,
    "sum_err": NaN,
    "query_dur_ms_est": 20.192623138427734,
    "query_dur_ms_real": 20195.28865814209,
    "query_dur_ms_err": 0.9990001319872055,
    "order": [
        0,
        1,
        2,
        3,
        4,
        5,
        6,
        7,
        8,
        9
    ],
    "groupby": false
}