{
    "timestamp": "2022-08-01 13:37:41.005865",
    "dataset": "dmv.csv",
    "model": "dmv.csv-2.6MB-model16.669-data16.507-made-resmade-hidden256_256_256_256_256-emb32-directIo-binaryInone_hotOut-inputNoEmbIfLeq-5epochs-seed0.pt",
    "query": "'SELECT State FROM dmv.csv WHERE Record Type=VEH'",
    "avg_est": 51.8746452331543,
    "avg_real": 49.87500625413321,
    "avg_err": 0.040093007083189545,
    "count_est": 11388790.728530407,
    "count_real": 11392466,
    "count_err": 0.0003226054367503092,
    "sum_est": 590789478.6771517,
    "sum_real": 568199313.0,
    "sum_err": 0.03975746742437839,
    "query_dur_ms_est": 20.427942276000977,
    "query_dur_ms_real": 20195.28865814209,
    "query_dur_ms_err": 0.9989884798072561,
    "order": [
        0,
        2,
        3,
        4,
        5,
        6,
        7,
        8,
        9,
        1
    ],
    "groupby": false
}