{
    "timestamp": "2022-08-01 13:21:44.976990",
    "dataset": "dmv.csv",
    "model": "dmv.csv-2.6MB-model16.669-data16.507-made-resmade-hidden256_256_256_256_256-emb32-directIo-binaryInone_hotOut-inputNoEmbIfLeq-5epochs-seed0.pt",
    "query": "'SELECT State FROM dmv.csv WHERE Record Type=SNOW AND County>=LIVINGSTON AND Fuel Type=COMP N/G AND Scofflaw Indicator=Y AND Suspension Indicator=N AND Revocation Indicator=Y AND Registration Class<=NYA AND Model Year>=1916.0<=1978.0 AND Weight_100>=16.0<=44.0'",
    "avg_est": 51.671268463134766,
    "avg_real": NaN,
    "avg_err": NaN,
    "count_est": 4.40976508658543e-30,
    "count_real": 0,
    "count_err": 0,
    "sum_est": 2.2785815564831446e-28,
    "sum_real": NaN,
    "sum_err": NaN,
    "query_dur_ms_est": 20.848512649536133,
    "query_dur_ms_real": 20195.28865814209,
    "query_dur_ms_err": 0.9989676546345808,
    "order": [
        0,
        2,
        3,
        4,
        5,
        6,
        7,
        8,
        9,
        1
    ],
    "groupby": false
}