{
    "timestamp": "2022-08-01 14:02:49.902696",
    "dataset": "dmv.csv",
    "model": "dmv.csv-2.6MB-model16.669-data16.507-made-resmade-hidden256_256_256_256_256-emb32-directIo-binaryInone_hotOut-inputNoEmbIfLeq-5epochs-seed0.pt",
    "query": "'SELECT Registration Class FROM dmv.csv WHERE Weight_100>=20.0<=36.0'",
    "avg_est": 46.23786163330078,
    "avg_real": 22.115527423517022,
    "avg_err": 1.090741981768554,
    "count_est": 1692173.3754863143,
    "count_real": 1660108,
    "count_err": 0.019315234602998298,
    "sum_est": 78242478.39529173,
    "sum_real": 36714164.0,
    "sum_err": 1.131125153640751,
    "query_dur_ms_est": 20.143747329711914,
    "query_dur_ms_real": 20195.28865814209,
    "query_dur_ms_err": 0.9990025521461615,
    "order": [
        0,
        1,
        2,
        3,
        4,
        5,
        6,
        8,
        9,
        7
    ],
    "groupby": false
}