{
    "timestamp": "2022-08-01 13:24:38.127113",
    "dataset": "dmv.csv",
    "model": "dmv.csv-2.6MB-model16.669-data16.507-made-resmade-hidden256_256_256_256_256-emb32-directIo-binaryInone_hotOut-inputNoEmbIfLeq-5epochs-seed0.pt",
    "query": "'SELECT County FROM dmv.csv WHERE Record Type=TRL AND Registration Class<=STA'",
    "avg_est": 32.51182556152344,
    "avg_real": 32.11668156940582,
    "avg_err": 0.01230338792205822,
    "count_est": 521337.56135334074,
    "count_real": 508855,
    "count_err": 0.024530684287942035,
    "sum_est": 16949635.853389837,
    "sum_real": 16342733.999999998,
    "sum_err": 0.037135882734788364,
    "query_dur_ms_est": 20.120620727539062,
    "query_dur_ms_real": 20195.28865814209,
    "query_dur_ms_err": 0.9990036972945456,
    "order": [
        0,
        1,
        3,
        4,
        5,
        6,
        7,
        8,
        9,
        2
    ],
    "groupby": false
}