{
    "timestamp": "2022-08-01 14:07:29.435934",
    "dataset": "dmv.csv",
    "model": "dmv.csv-2.6MB-model16.669-data16.507-made-resmade-hidden256_256_256_256_256-emb32-directIo-binaryInone_hotOut-inputNoEmbIfLeq-5epochs-seed0.pt",
    "query": "'SELECT Scofflaw Indicator FROM dmv.csv WHERE State<=BY AND County>=ESSEX'",
    "avg_est": 1.0006262063980103,
    "avg_real": 1.0003050640634534,
    "avg_err": 0.00032104439544899856,
    "count_est": 4492.011904242798,
    "count_real": 3278,
    "count_err": 0.370351404589017,
    "sum_est": 4494.824830837173,
    "sum_real": 3279.0000000000005,
    "sum_err": 0.370791348227256,
    "query_dur_ms_est": 20.25151252746582,
    "query_dur_ms_real": 20195.28865814209,
    "query_dur_ms_err": 0.9989972159908048,
    "order": [
        0,
        1,
        2,
        3,
        5,
        6,
        7,
        8,
        9,
        4
    ],
    "groupby": false
}