{
    "timestamp": "2022-08-01 12:56:18.952629",
    "dataset": "dmv.csv",
    "model": "dmv.csv-2.6MB-model16.669-data16.507-made-resmade-hidden256_256_256_256_256-emb32-directIo-binaryInone_hotOut-inputNoEmbIfLeq-5epochs-seed0.pt",
    "query": "'SELECT Fuel Type FROM dmv.csv WHERE Record Type=BOAT AND State>=AB<=PA AND County=MADISON AND Scofflaw Indicator=Y AND Suspension Indicator=N AND Model Year>=1915.0 AND Weight_100>=7.0<=72.0'",
    "avg_est": 5.920725345611572,
    "avg_real": NaN,
    "avg_err": NaN,
    "count_est": 1.8766721982466843e-07,
    "count_real": 0,
    "count_err": 0,
    "sum_est": 1.111126064956373e-06,
    "sum_real": NaN,
    "sum_err": NaN,
    "query_dur_ms_est": 20.717620849609375,
    "query_dur_ms_real": 20195.28865814209,
    "query_dur_ms_err": 0.9989741359383216,
    "order": [
        0,
        1,
        2,
        4,
        5,
        6,
        7,
        8,
        9,
        3
    ],
    "groupby": false
}