{
    "timestamp": "2022-08-01 13:45:16.912625",
    "dataset": "dmv.csv",
    "model": "dmv.csv-2.6MB-model16.669-data16.507-made-resmade-hidden256_256_256_256_256-emb32-directIo-binaryInone_hotOut-inputNoEmbIfLeq-5epochs-seed0.pt",
    "query": "'SELECT Registration Class FROM dmv.csv WHERE Scofflaw Indicator=Y'",
    "avg_est": 48.14052200317383,
    "avg_real": 15.537390963442125,
    "avg_err": 2.0983658785727606,
    "count_est": 20054.920590536203,
    "count_real": 20406,
    "count_err": 0.01720471476349097,
    "sum_est": 965454.345960612,
    "sum_real": 317056.0,
    "sum_err": 2.045059377398983,
    "query_dur_ms_est": 19.97661590576172,
    "query_dur_ms_real": 20195.28865814209,
    "query_dur_ms_err": 0.9990108279092259,
    "order": [
        0,
        1,
        2,
        3,
        4,
        5,
        6,
        8,
        9,
        7
    ],
    "groupby": false
}