{
    "timestamp": "2022-08-01 13:35:54.319222",
    "dataset": "dmv.csv",
    "model": "dmv.csv-2.6MB-model16.669-data16.507-made-resmade-hidden256_256_256_256_256-emb32-directIo-binaryInone_hotOut-inputNoEmbIfLeq-5epochs-seed0.pt",
    "query": "'SELECT State FROM dmv.csv WHERE Registration Class>=LMA<=PSD'",
    "avg_est": 51.858673095703125,
    "avg_real": 49.90182714759455,
    "avg_err": 0.03921391379760129,
    "count_est": 10447131.343009233,
    "count_real": 10497291,
    "count_err": 0.004778343002091351,
    "sum_est": 541774369.1049898,
    "sum_real": 523834000.99999994,
    "sum_err": 0.03424819326493056,
    "query_dur_ms_est": 20.430803298950195,
    "query_dur_ms_real": 20195.28865814209,
    "query_dur_ms_err": 0.9989883381394149,
    "order": [
        0,
        2,
        3,
        4,
        5,
        6,
        7,
        8,
        9,
        1
    ],
    "groupby": false
}