{
    "timestamp": "2022-08-01 12:57:09.938997",
    "dataset": "dmv.csv",
    "model": "dmv.csv-2.6MB-model16.669-data16.507-made-resmade-hidden256_256_256_256_256-emb32-directIo-binaryInone_hotOut-inputNoEmbIfLeq-5epochs-seed0.pt",
    "query": "'SELECT County FROM dmv.csv WHERE Fuel Type=ELECTRIC AND Scofflaw Indicator=Y'",
    "avg_est": 34.42978286743164,
    "avg_real": 10.113636363636363,
    "avg_err": 2.404293137453915,
    "count_est": 63.32338543019432,
    "count_real": 44,
    "count_err": 0.4391678506862346,
    "sum_est": 2180.2104107922746,
    "sum_real": 445.0,
    "sum_err": 3.8993492377354486,
    "query_dur_ms_est": 20.440101623535156,
    "query_dur_ms_real": 20195.28865814209,
    "query_dur_ms_err": 0.9989878777189305,
    "order": [
        0,
        1,
        3,
        4,
        5,
        6,
        7,
        8,
        9,
        2
    ],
    "groupby": false
}