{
    "timestamp": "2022-08-01 13:42:19.835371",
    "dataset": "dmv.csv",
    "model": "dmv.csv-2.6MB-model16.669-data16.507-made-resmade-hidden256_256_256_256_256-emb32-directIo-binaryInone_hotOut-inputNoEmbIfLeq-5epochs-seed0.pt",
    "query": "'SELECT Registration Class FROM dmv.csv WHERE State>=LA AND Fuel Type=OTHER'",
    "avg_est": 47.017913818359375,
    "avg_real": 8.706130088909687,
    "avg_err": 4.4005526379916144,
    "count_est": 2165.2262574727647,
    "count_real": 2137,
    "count_err": 0.013208356327919842,
    "sum_est": 101804.42157110326,
    "sum_real": 18605.0,
    "sum_err": 4.4718850616018955,
    "query_dur_ms_est": 20.336151123046875,
    "query_dur_ms_real": 20195.28865814209,
    "query_dur_ms_err": 0.9989930249838321,
    "order": [
        0,
        1,
        2,
        3,
        4,
        5,
        6,
        8,
        9,
        7
    ],
    "groupby": false
}