{
    "timestamp": "2022-08-01 13:53:56.539126",
    "dataset": "dmv.csv",
    "model": "dmv.csv-2.6MB-model16.669-data16.507-made-resmade-hidden256_256_256_256_256-emb32-directIo-binaryInone_hotOut-inputNoEmbIfLeq-5epochs-seed0.pt",
    "query": "'SELECT Registration Class FROM dmv.csv WHERE Model Year<=1943.0'",
    "avg_est": 46.349754333496094,
    "avg_real": 11.738299763033176,
    "avg_err": 2.9485918122029044,
    "count_est": 12001.756643805886,
    "count_real": 13504,
    "count_err": 0.11124432436271581,
    "sum_est": 556278.4720108074,
    "sum_real": 158514.0,
    "sum_err": 2.5093333838702407,
    "query_dur_ms_est": 20.201444625854492,
    "query_dur_ms_real": 20195.28865814209,
    "query_dur_ms_err": 0.9989996951780281,
    "order": [
        0,
        1,
        2,
        3,
        4,
        5,
        6,
        8,
        9,
        7
    ],
    "groupby": false
}