{
    "timestamp": "2022-08-01 14:00:49.937211",
    "dataset": "dmv.csv",
    "model": "dmv.csv-2.6MB-model16.669-data16.507-made-resmade-hidden256_256_256_256_256-emb32-directIo-binaryInone_hotOut-inputNoEmbIfLeq-5epochs-seed0.pt",
    "query": "'SELECT Model Year FROM dmv.csv WHERE County>=QUEENS'",
    "avg_est": 114.31343078613281,
    "avg_real": 113.14351086369531,
    "avg_err": 0.010340141591035747,
    "count_est": 5098941.099511981,
    "count_real": 5097851,
    "count_err": 0.00021383510659315276,
    "sum_est": 582877450.4616308,
    "sum_real": 576788760.0,
    "sum_err": 0.010556187782908288,
    "query_dur_ms_est": 20.040512084960938,
    "query_dur_ms_real": 20195.28865814209,
    "query_dur_ms_err": 0.9990076639941028,
    "order": [
        0,
        1,
        2,
        3,
        4,
        5,
        6,
        7,
        9,
        8
    ],
    "groupby": false
}