{
    "timestamp": "2022-08-01 12:42:40.431017",
    "dataset": "dmv.csv",
    "model": "dmv.csv-2.6MB-model16.669-data16.507-made-resmade-hidden256_256_256_256_256-emb32-directIo-binaryInone_hotOut-inputNoEmbIfLeq-5epochs-seed0.pt",
    "query": "'SELECT Scofflaw Indicator FROM dmv.csv WHERE Record Type=BOAT AND State>=ND<=SS'",
    "avg_est": 1.0000437498092651,
    "avg_real": 1.0,
    "avg_err": 4.374980926513672e-05,
    "count_est": 356988.7091710195,
    "count_real": 358537,
    "count_err": 0.0043183571820495665,
    "sum_est": 357004.3273589555,
    "sum_real": 358537.0,
    "sum_err": 0.0042747963000875295,
    "query_dur_ms_est": 20.352602005004883,
    "query_dur_ms_real": 20195.28865814209,
    "query_dur_ms_err": 0.9989922103937445,
    "order": [
        0,
        1,
        2,
        3,
        5,
        6,
        7,
        8,
        9,
        4
    ],
    "groupby": false
}