{
    "timestamp": "2022-08-01 13:54:24.749770",
    "dataset": "dmv.csv",
    "model": "dmv.csv-2.6MB-model16.669-data16.507-made-resmade-hidden256_256_256_256_256-emb32-directIo-binaryInone_hotOut-inputNoEmbIfLeq-5epochs-seed0.pt",
    "query": "'SELECT Fuel Type FROM dmv.csv WHERE Record Type=TRL AND State>=MA<=NC AND County>=OSWEGO AND Scofflaw Indicator=N AND Revocation Indicator=Y AND Registration Class>=IRP<=TRC AND Model Year>=1965.0<=1972.0 AND Weight_100>=10.0<=65.0'",
    "avg_est": 6.999767303466797,
    "avg_real": NaN,
    "avg_err": NaN,
    "count_est": 2.515260683674024e-08,
    "count_real": 0,
    "count_err": 0,
    "sum_est": 1.7606239493276976e-07,
    "sum_real": NaN,
    "sum_err": NaN,
    "query_dur_ms_est": 20.746469497680664,
    "query_dur_ms_real": 20195.28865814209,
    "query_dur_ms_err": 0.9989727074542548,
    "order": [
        0,
        1,
        2,
        4,
        5,
        6,
        7,
        8,
        9,
        3
    ],
    "groupby": false
}