{
    "timestamp": "2022-08-01 12:35:30.346214",
    "dataset": "dmv.csv",
    "model": "dmv.csv-2.6MB-model16.669-data16.507-made-resmade-hidden256_256_256_256_256-emb32-directIo-binaryInone_hotOut-inputNoEmbIfLeq-5epochs-seed0.pt",
    "query": "'SELECT Registration Class FROM dmv.csv WHERE County=ROCKLAND'",
    "avg_est": 48.02985382080078,
    "avg_real": 36.340220099227146,
    "avg_err": 0.3216720671931825,
    "count_est": 229546.8168528825,
    "count_real": 235621,
    "count_err": 0.025779464254533747,
    "sum_est": 11025100.058474075,
    "sum_real": 8562519.0,
    "sum_err": 0.28760006938075994,
    "query_dur_ms_est": 20.091772079467773,
    "query_dur_ms_real": 20195.28865814209,
    "query_dur_ms_err": 0.9990051257786123,
    "order": [
        0,
        1,
        2,
        3,
        4,
        5,
        6,
        8,
        9,
        7
    ],
    "groupby": false
}