{
    "timestamp": "2022-08-01 14:10:19.923274",
    "dataset": "dmv.csv",
    "model": "dmv.csv-2.6MB-model16.669-data16.507-made-resmade-hidden256_256_256_256_256-emb32-directIo-binaryInone_hotOut-inputNoEmbIfLeq-5epochs-seed0.pt",
    "query": "'SELECT Fuel Type FROM dmv.csv WHERE Record Type=TRL AND State<=NC AND Model Year<=1943.0'",
    "avg_est": 6.999766826629639,
    "avg_real": 1.0,
    "avg_err": 5.999766826629639,
    "count_est": 0.5767620945086946,
    "count_real": 1,
    "count_err": 0.42323790549130536,
    "sum_est": 4.03720017599939,
    "sum_real": 1.0,
    "sum_err": 3.0372001759993896,
    "query_dur_ms_est": 20.165443420410156,
    "query_dur_ms_real": 20195.28865814209,
    "query_dur_ms_err": 0.9990014778316981,
    "order": [
        0,
        1,
        2,
        4,
        5,
        6,
        7,
        8,
        9,
        3
    ],
    "groupby": false
}