{
    "timestamp": "2022-08-01 13:19:23.227002",
    "dataset": "dmv.csv",
    "model": "dmv.csv-2.6MB-model16.669-data16.507-made-resmade-hidden256_256_256_256_256-emb32-directIo-binaryInone_hotOut-inputNoEmbIfLeq-5epochs-seed0.pt",
    "query": "'SELECT Fuel Type FROM dmv.csv WHERE County>=ONTARIO'",
    "avg_est": 5.912550926208496,
    "avg_real": NaN,
    "avg_err": NaN,
    "count_est": 6062981.696234822,
    "count_real": 6052074,
    "count_err": 0.001802307148726581,
    "sum_est": 35847688.04365836,
    "sum_real": NaN,
    "sum_err": NaN,
    "query_dur_ms_est": 20.33686637878418,
    "query_dur_ms_real": 20195.28865814209,
    "query_dur_ms_err": 0.9989929895668719,
    "order": [
        0,
        1,
        2,
        4,
        5,
        6,
        7,
        8,
        9,
        3
    ],
    "groupby": false
}