{
    "timestamp": "2022-08-01 13:02:13.784899",
    "dataset": "dmv.csv",
    "model": "dmv.csv-2.6MB-model16.669-data16.507-made-resmade-hidden256_256_256_256_256-emb32-directIo-binaryInone_hotOut-inputNoEmbIfLeq-5epochs-seed0.pt",
    "query": "'SELECT Suspension Indicator FROM dmv.csv WHERE Model Year>=2009.0 AND Weight_100=46.0'",
    "avg_est": 1.0108363628387451,
    "avg_real": 1.0113574528051792,
    "avg_err": 0.0005152381731985448,
    "count_est": 76455.09128340334,
    "count_real": 71671,
    "count_err": 0.06675072600359053,
    "sum_est": 77283.58639341967,
    "sum_real": 72485.0,
    "sum_err": 0.0662010953082661,
    "query_dur_ms_est": 20.07770538330078,
    "query_dur_ms_real": 20195.28865814209,
    "query_dur_ms_err": 0.9990058223121656,
    "order": [
        0,
        1,
        2,
        3,
        4,
        6,
        7,
        8,
        9,
        5
    ],
    "groupby": false
}