{
    "timestamp": "2022-08-01 13:24:18.214987",
    "dataset": "dmv.csv",
    "model": "dmv.csv-2.6MB-model16.669-data16.507-made-resmade-hidden256_256_256_256_256-emb32-directIo-binaryInone_hotOut-inputNoEmbIfLeq-5epochs-seed0.pt",
    "query": "'SELECT Fuel Type FROM dmv.csv WHERE Record Type=TRL AND State>=BY AND County<=SARATOGA AND Scofflaw Indicator=Y AND Suspension Indicator=N AND Revocation Indicator=N AND Registration Class>=HOU AND Model Year>=1980.0 AND Weight_100>=90.0'",
    "avg_est": 6.999880313873291,
    "avg_real": 1.0,
    "avg_err": 5.999880313873291,
    "count_est": 67.97666867372209,
    "count_real": 33,
    "count_err": 1.059899050718851,
    "sum_est": 475.8285448518745,
    "sum_real": 33.0,
    "sum_err": 13.419046813693166,
    "query_dur_ms_est": 20.600557327270508,
    "query_dur_ms_real": 20195.28865814209,
    "query_dur_ms_err": 0.9989799325141626,
    "order": [
        0,
        1,
        2,
        4,
        5,
        6,
        7,
        8,
        9,
        3
    ],
    "groupby": false
}