{
    "timestamp": "2022-08-01 12:59:35.727251",
    "dataset": "dmv.csv",
    "model": "dmv.csv-2.6MB-model16.669-data16.507-made-resmade-hidden256_256_256_256_256-emb32-directIo-binaryInone_hotOut-inputNoEmbIfLeq-5epochs-seed0.pt",
    "query": "'SELECT Weight_100 FROM dmv.csv WHERE County>=CHEMUNG<=ONEIDA'",
    "avg_est": 61.826416015625,
    "avg_real": 39.38079743081167,
    "avg_err": 0.5699635367782523,
    "count_est": 5103255.731497645,
    "count_real": 5109785,
    "count_err": 0.0012777971093411214,
    "sum_est": 315516011.8896961,
    "sum_real": 201227408.0,
    "sum_err": 0.5679574419091863,
    "query_dur_ms_est": 20.119428634643555,
    "query_dur_ms_real": 20195.28865814209,
    "query_dur_ms_err": 0.9990037563228128,
    "order": [
        0,
        1,
        2,
        3,
        4,
        5,
        6,
        7,
        8,
        9
    ],
    "groupby": false
}