{
    "timestamp": "2022-08-01 12:45:13.012361",
    "dataset": "dmv.csv",
    "model": "dmv.csv-2.6MB-model16.669-data16.507-made-resmade-hidden256_256_256_256_256-emb32-directIo-binaryInone_hotOut-inputNoEmbIfLeq-5epochs-seed0.pt",
    "query": "'SELECT State FROM dmv.csv WHERE Record Type=TRL AND County>=ERIE<=NASSAU AND Fuel Type=PROPANE AND Scofflaw Indicator=N AND Suspension Indicator=N AND Revocation Indicator=Y AND Registration Class>=HAC<=OMR AND Model Year<=2024.0 AND Weight_100>=68.0<=87.0'",
    "avg_est": 51.76096725463867,
    "avg_real": NaN,
    "avg_err": NaN,
    "count_est": 1.8625488481405848e-10,
    "count_real": 0,
    "count_err": 0,
    "sum_est": 9.640732993876979e-09,
    "sum_real": NaN,
    "sum_err": NaN,
    "query_dur_ms_est": 20.805835723876953,
    "query_dur_ms_real": 20195.28865814209,
    "query_dur_ms_err": 0.9989697678465472,
    "order": [
        0,
        2,
        3,
        4,
        5,
        6,
        7,
        8,
        9,
        1
    ],
    "groupby": false
}