{
    "timestamp": "2022-08-01 12:34:26.103516",
    "dataset": "dmv.csv",
    "model": "dmv.csv-2.6MB-model16.669-data16.507-made-resmade-hidden256_256_256_256_256-emb32-directIo-binaryInone_hotOut-inputNoEmbIfLeq-5epochs-seed0.pt",
    "query": "'SELECT Registration Class FROM dmv.csv WHERE Record Type=VEH AND State>=AE<=CT'",
    "avg_est": 40.882537841796875,
    "avg_real": 17.283496833478207,
    "avg_err": 1.3654089352223693,
    "count_est": 8507.108314683428,
    "count_real": 8053,
    "count_err": 0.056389955877738485,
    "sum_est": 347792.17759931006,
    "sum_real": 139184.0,
    "sum_err": 1.4987942407123669,
    "query_dur_ms_est": 20.257234573364258,
    "query_dur_ms_real": 20195.28865814209,
    "query_dur_ms_err": 0.9989969326551221,
    "order": [
        0,
        1,
        2,
        3,
        4,
        5,
        6,
        8,
        9,
        7
    ],
    "groupby": false
}