{
    "timestamp": "2022-08-01 13:44:37.282849",
    "dataset": "dmv.csv",
    "model": "dmv.csv-2.6MB-model16.669-data16.507-made-resmade-hidden256_256_256_256_256-emb32-directIo-binaryInone_hotOut-inputNoEmbIfLeq-5epochs-seed0.pt",
    "query": "'SELECT Suspension Indicator FROM dmv.csv WHERE Registration Class>=OMV'",
    "avg_est": 1.0109866857528687,
    "avg_real": 1.0129592794535327,
    "avg_err": 0.0019473573525366353,
    "count_est": 10100762.275271177,
    "count_real": 10294631,
    "count_err": 0.018832022704730524,
    "sum_est": 10211736.176254012,
    "sum_real": 10428042.0,
    "sum_err": 0.02074270737938995,
    "query_dur_ms_est": 20.278215408325195,
    "query_dur_ms_real": 20195.28865814209,
    "query_dur_ms_err": 0.9989958937576191,
    "order": [
        0,
        1,
        2,
        3,
        4,
        6,
        7,
        8,
        9,
        5
    ],
    "groupby": false
}