{
    "timestamp": "2022-08-01 13:39:20.912333",
    "dataset": "dmv.csv",
    "model": "dmv.csv-2.6MB-model16.669-data16.507-made-resmade-hidden256_256_256_256_256-emb32-directIo-binaryInone_hotOut-inputNoEmbIfLeq-5epochs-seed0.pt",
    "query": "'SELECT Record Type FROM dmv.csv WHERE State>=VT AND County>=GREENE<=ROCKLAND AND Fuel Type=NONE AND Scofflaw Indicator=Y AND Suspension Indicator=N AND Revocation Indicator=Y AND Registration Class>=HSM<=RGC AND Model Year>=1941.0 AND Weight_100>=19.0'",
    "avg_est": 3.834136962890625,
    "avg_real": NaN,
    "avg_err": NaN,
    "count_est": 1.1092397593582713e-05,
    "count_real": 0,
    "count_err": 0,
    "sum_est": 4.25297716206345e-05,
    "sum_real": NaN,
    "sum_err": NaN,
    "query_dur_ms_est": 20.705461502075195,
    "query_dur_ms_real": 20195.28865814209,
    "query_dur_ms_err": 0.9989747380266473,
    "order": [
        1,
        2,
        3,
        4,
        5,
        6,
        7,
        8,
        9,
        0
    ],
    "groupby": false
}