{
    "timestamp": "2022-08-01 13:39:43.899871",
    "dataset": "dmv.csv",
    "model": "dmv.csv-2.6MB-model16.669-data16.507-made-resmade-hidden256_256_256_256_256-emb32-directIo-binaryInone_hotOut-inputNoEmbIfLeq-5epochs-seed0.pt",
    "query": "'SELECT Registration Class FROM dmv.csv WHERE Fuel Type=NONE'",
    "avg_est": 47.6452751159668,
    "avg_real": 20.646955765407554,
    "avg_err": 1.3076174355830668,
    "count_est": 785763.3894281238,
    "count_real": 804800,
    "count_err": 0.023653840173802395,
    "sum_est": 37437912.86535752,
    "sum_real": 16616670.0,
    "sum_err": 1.2530334215795054,
    "query_dur_ms_est": 20.389080047607422,
    "query_dur_ms_real": 20195.28865814209,
    "query_dur_ms_err": 0.9989904041287676,
    "order": [
        0,
        1,
        2,
        3,
        4,
        5,
        6,
        8,
        9,
        7
    ],
    "groupby": false
}