{
    "timestamp": "2022-08-01 13:09:09.808707",
    "dataset": "dmv.csv",
    "model": "dmv.csv-2.6MB-model16.669-data16.507-made-resmade-hidden256_256_256_256_256-emb32-directIo-binaryInone_hotOut-inputNoEmbIfLeq-5epochs-seed0.pt",
    "query": "'SELECT State FROM dmv.csv WHERE County>=CHAUTAUQUA<=TIOGA AND Registration Class>=HOU<=TRL'",
    "avg_est": 51.8603401184082,
    "avg_real": 47.88098473520603,
    "avg_err": 0.0831093053998162,
    "count_est": 9282877.952614784,
    "count_real": 9340054,
    "count_err": 0.006121597089825793,
    "sum_est": 481413207.90027547,
    "sum_real": 447210983.0,
    "sum_err": 0.07647894662791739,
    "query_dur_ms_est": 20.731449127197266,
    "query_dur_ms_real": 20195.28865814209,
    "query_dur_ms_err": 0.9989734512104218,
    "order": [
        0,
        2,
        3,
        4,
        5,
        6,
        7,
        8,
        9,
        1
    ],
    "groupby": false
}