{
    "timestamp": "2022-08-01 13:27:41.412741",
    "dataset": "dmv.csv",
    "model": "dmv.csv-2.6MB-model16.669-data16.507-made-resmade-hidden256_256_256_256_256-emb32-directIo-binaryInone_hotOut-inputNoEmbIfLeq-5epochs-seed0.pt",
    "query": "'SELECT Weight_100 FROM dmv.csv WHERE Suspension Indicator=N AND Revocation Indicator=Y'",
    "avg_est": 100.11102294921875,
    "avg_real": 1.0528099910793933,
    "avg_err": 94.08935496193375,
    "count_est": 5065.730236933101,
    "count_real": 5605,
    "count_err": 0.09621226816537003,
    "sum_est": 507135.436004161,
    "sum_real": 5901.0,
    "sum_err": 84.94059244266413,
    "query_dur_ms_est": 20.441055297851562,
    "query_dur_ms_real": 20195.28865814209,
    "query_dur_ms_err": 0.9989878304963168,
    "order": [
        0,
        1,
        2,
        3,
        4,
        5,
        6,
        7,
        8,
        9
    ],
    "groupby": false
}