{
    "timestamp": "2022-08-01 13:15:18.777078",
    "dataset": "dmv.csv",
    "model": "dmv.csv-2.6MB-model16.669-data16.507-made-resmade-hidden256_256_256_256_256-emb32-directIo-binaryInone_hotOut-inputNoEmbIfLeq-5epochs-seed0.pt",
    "query": "'SELECT County FROM dmv.csv WHERE Revocation Indicator=N AND Weight_100<=14.0'",
    "avg_est": 34.44503402709961,
    "avg_real": 34.026441269285314,
    "avg_err": 0.012301984638991523,
    "count_est": 1393397.5478354096,
    "count_real": 1456095,
    "count_err": 0.043058627469080214,
    "sum_est": 47995625.94846784,
    "sum_real": 49545731.0,
    "sum_err": 0.03128634940378933,
    "query_dur_ms_est": 20.380496978759766,
    "query_dur_ms_real": 20195.28865814209,
    "query_dur_ms_err": 0.9989908291322915,
    "order": [
        0,
        1,
        3,
        4,
        5,
        6,
        7,
        8,
        9,
        2
    ],
    "groupby": false
}