{
    "timestamp": "2022-08-01 14:13:00.264966",
    "dataset": "dmv.csv",
    "model": "dmv.csv-2.6MB-model16.669-data16.507-made-resmade-hidden256_256_256_256_256-emb32-directIo-binaryInone_hotOut-inputNoEmbIfLeq-5epochs-seed0.pt",
    "query": "'SELECT County FROM dmv.csv WHERE Scofflaw Indicator=Y'",
    "avg_est": 34.43212127685547,
    "avg_real": 31.646231500539056,
    "avg_err": 0.08803227569983992,
    "count_est": 19689.51583089959,
    "count_real": 20406,
    "count_err": 0.03511144609920667,
    "sum_est": 677951.7969721003,
    "sum_real": 645773.0,
    "sum_err": 0.049829889097407716,
    "query_dur_ms_est": 20.084142684936523,
    "query_dur_ms_real": 20195.28865814209,
    "query_dur_ms_err": 0.9990055035595226,
    "order": [
        0,
        1,
        3,
        4,
        5,
        6,
        7,
        8,
        9,
        2
    ],
    "groupby": false
}