{
    "timestamp": "2022-08-01 12:49:51.164667",
    "dataset": "dmv.csv",
    "model": "dmv.csv-2.6MB-model16.669-data16.507-made-resmade-hidden256_256_256_256_256-emb32-directIo-binaryInone_hotOut-inputNoEmbIfLeq-5epochs-seed0.pt",
    "query": "'SELECT Registration Class FROM dmv.csv WHERE Record Type=SNOW AND Scofflaw Indicator=Y AND Model Year>=1920.0<=1953.0'",
    "avg_est": 57.9999885559082,
    "avg_real": NaN,
    "avg_err": NaN,
    "count_est": 1.0863462985835712e-05,
    "count_real": 0,
    "count_err": 0,
    "sum_est": 0.0006300807288560036,
    "sum_real": NaN,
    "sum_err": NaN,
    "query_dur_ms_est": 20.524024963378906,
    "query_dur_ms_real": 20195.28865814209,
    "query_dur_ms_err": 0.9989837221289182,
    "order": [
        0,
        1,
        2,
        3,
        4,
        5,
        6,
        8,
        9,
        7
    ],
    "groupby": false
}