{
    "timestamp": "2022-08-01 13:35:26.365947",
    "dataset": "dmv.csv",
    "model": "dmv.csv-2.6MB-model16.669-data16.507-made-resmade-hidden256_256_256_256_256-emb32-directIo-binaryInone_hotOut-inputNoEmbIfLeq-5epochs-seed0.pt",
    "query": "'SELECT County FROM dmv.csv WHERE Record Type=BOAT AND Model Year=1935.0'",
    "avg_est": 34.96383285522461,
    "avg_real": 3.9166666666666665,
    "avg_err": 7.926936048142453,
    "count_est": 15.815876820293852,
    "count_real": 12,
    "count_err": 0.31798973502448763,
    "sum_est": 552.9836736035755,
    "sum_real": 47.0,
    "sum_err": 10.76561007667182,
    "query_dur_ms_est": 20.123958587646484,
    "query_dur_ms_real": 20195.28865814209,
    "query_dur_ms_err": 0.9990035320153974,
    "order": [
        0,
        1,
        3,
        4,
        5,
        6,
        7,
        8,
        9,
        2
    ],
    "groupby": false
}