{
    "timestamp": "2022-08-01 13:35:07.157263",
    "dataset": "dmv.csv",
    "model": "dmv.csv-2.6MB-model16.669-data16.507-made-resmade-hidden256_256_256_256_256-emb32-directIo-binaryInone_hotOut-inputNoEmbIfLeq-5epochs-seed0.pt",
    "query": "'SELECT Revocation Indicator FROM dmv.csv WHERE Record Type=BOAT AND County>=ONONDAGA<=STEUBEN AND Fuel Type=NONE AND Scofflaw Indicator=Y AND Suspension Indicator=Y AND Registration Class>=OML AND Model Year>=1941.0'",
    "avg_est": 1.0000019073486328,
    "avg_real": NaN,
    "avg_err": NaN,
    "count_est": 8.518921249461159e-06,
    "count_real": 0,
    "count_err": 0,
    "sum_est": 8.518937498013957e-06,
    "sum_real": NaN,
    "sum_err": NaN,
    "query_dur_ms_est": 20.833969116210938,
    "query_dur_ms_real": 20195.28865814209,
    "query_dur_ms_err": 0.9989683747794409,
    "order": [
        0,
        1,
        2,
        3,
        4,
        5,
        7,
        8,
        9,
        6
    ],
    "groupby": false
}