{
    "timestamp": "2022-08-01 13:28:17.844278",
    "dataset": "dmv.csv",
    "model": "dmv.csv-2.6MB-model16.669-data16.507-made-resmade-hidden256_256_256_256_256-emb32-directIo-binaryInone_hotOut-inputNoEmbIfLeq-5epochs-seed0.pt",
    "query": "'SELECT Model Year FROM dmv.csv WHERE Record Type=SNOW AND County>=ERIE AND Fuel Type=NONE AND Scofflaw Indicator=Y AND Suspension Indicator=Y AND Revocation Indicator=Y AND Registration Class>=ORM AND Weight_100<=48.0'",
    "avg_est": 111.10908508300781,
    "avg_real": NaN,
    "avg_err": NaN,
    "count_est": 1.3536975756456653e-20,
    "count_real": 0,
    "count_err": 0,
    "sum_est": 1.5040809910907563e-18,
    "sum_real": NaN,
    "sum_err": NaN,
    "query_dur_ms_est": 20.578622817993164,
    "query_dur_ms_real": 20195.28865814209,
    "query_dur_ms_err": 0.9989810186342795,
    "order": [
        0,
        1,
        2,
        3,
        4,
        5,
        6,
        7,
        9,
        8
    ],
    "groupby": false
}