{
    "timestamp": "2022-08-01 13:07:08.833222",
    "dataset": "dmv.csv",
    "model": "dmv.csv-2.6MB-model16.669-data16.507-made-resmade-hidden256_256_256_256_256-emb32-directIo-binaryInone_hotOut-inputNoEmbIfLeq-5epochs-seed0.pt",
    "query": "'SELECT Revocation Indicator FROM dmv.csv WHERE Record Type=TRL AND County=RICHMOND AND Suspension Indicator=Y AND Registration Class>=OMS'",
    "avg_est": 1.0000030994415283,
    "avg_real": 1.0,
    "avg_err": 3.0994415283203125e-06,
    "count_est": 1.1290648033337334,
    "count_real": 2,
    "count_err": 0.4354675983331333,
    "sum_est": 1.1290683028040729,
    "sum_real": 2.0,
    "sum_err": 0.43546584859796356,
    "query_dur_ms_est": 20.291566848754883,
    "query_dur_ms_real": 20195.28865814209,
    "query_dur_ms_err": 0.9989952326410262,
    "order": [
        0,
        1,
        2,
        3,
        4,
        5,
        7,
        8,
        9,
        6
    ],
    "groupby": false
}