{
    "timestamp": "2022-08-01 13:43:54.457076",
    "dataset": "dmv.csv",
    "model": "dmv.csv-2.6MB-model16.669-data16.507-made-resmade-hidden256_256_256_256_256-emb32-directIo-binaryInone_hotOut-inputNoEmbIfLeq-5epochs-seed0.pt",
    "query": "'SELECT Suspension Indicator FROM dmv.csv WHERE Fuel Type=PROPANE AND Scofflaw Indicator=N AND Revocation Indicator=N AND Registration Class<=AYG AND Weight_100<=11.0'",
    "avg_est": 1.0100603103637695,
    "avg_real": NaN,
    "avg_err": NaN,
    "count_est": 0.00653880805027196,
    "count_real": 0,
    "count_err": 0,
    "sum_est": 0.006604590488666811,
    "sum_real": NaN,
    "sum_err": NaN,
    "query_dur_ms_est": 20.730257034301758,
    "query_dur_ms_real": 20195.28865814209,
    "query_dur_ms_err": 0.9989735102386891,
    "order": [
        0,
        1,
        2,
        3,
        4,
        6,
        7,
        8,
        9,
        5
    ],
    "groupby": false
}