{
    "timestamp": "2022-08-01 13:08:13.311216",
    "dataset": "dmv.csv",
    "model": "dmv.csv-2.6MB-model16.669-data16.507-made-resmade-hidden256_256_256_256_256-emb32-directIo-binaryInone_hotOut-inputNoEmbIfLeq-5epochs-seed0.pt",
    "query": "'SELECT Registration Class FROM dmv.csv WHERE Suspension Indicator=Y'",
    "avg_est": 48.2811393737793,
    "avg_real": 28.234767752269086,
    "avg_err": 0.7099888972842422,
    "count_est": 137128.77913583815,
    "count_real": 140475,
    "count_err": 0.02382075717502651,
    "sum_est": 6620733.697613601,
    "sum_real": 3966279.0,
    "sum_err": 0.669255666990043,
    "query_dur_ms_est": 20.01190185546875,
    "query_dur_ms_real": 20195.28865814209,
    "query_dur_ms_err": 0.9990090806725161,
    "order": [
        0,
        1,
        2,
        3,
        4,
        5,
        6,
        8,
        9,
        7
    ],
    "groupby": false
}