{
    "timestamp": "2022-08-01 13:47:03.358409",
    "dataset": "dmv.csv",
    "model": "dmv.csv-2.6MB-model16.669-data16.507-made-resmade-hidden256_256_256_256_256-emb32-directIo-binaryInone_hotOut-inputNoEmbIfLeq-5epochs-seed0.pt",
    "query": "'SELECT County FROM dmv.csv WHERE Record Type=BOAT AND State>=AA AND Suspension Indicator=Y'",
    "avg_est": 34.963356018066406,
    "avg_real": 5.071428571428571,
    "avg_err": 5.894182876801827,
    "count_est": 77.83543453350103,
    "count_real": 14,
    "count_err": 4.559673895250073,
    "sum_est": 2721.388008415697,
    "sum_real": 71.0,
    "sum_err": 37.32940856923517,
    "query_dur_ms_est": 20.302772521972656,
    "query_dur_ms_real": 20195.28865814209,
    "query_dur_ms_err": 0.9989946777753144,
    "order": [
        0,
        1,
        3,
        4,
        5,
        6,
        7,
        8,
        9,
        2
    ],
    "groupby": false
}