{
    "timestamp": "2022-08-01 13:17:41.810440",
    "dataset": "dmv.csv",
    "model": "dmv.csv-2.6MB-model16.669-data16.507-made-resmade-hidden256_256_256_256_256-emb32-directIo-binaryInone_hotOut-inputNoEmbIfLeq-5epochs-seed0.pt",
    "query": "'SELECT Weight_100 FROM dmv.csv WHERE Fuel Type=FLEX AND Registration Class=CCK'",
    "avg_est": 97.22649383544922,
    "avg_real": NaN,
    "avg_err": NaN,
    "count_est": 0.009156874517860292,
    "count_real": 0,
    "count_err": 0,
    "sum_est": 0.8902908038627257,
    "sum_real": NaN,
    "sum_err": NaN,
    "query_dur_ms_est": 20.416736602783203,
    "query_dur_ms_real": 20195.28865814209,
    "query_dur_ms_err": 0.9989890346729681,
    "order": [
        0,
        1,
        2,
        3,
        4,
        5,
        6,
        7,
        8,
        9
    ],
    "groupby": false
}