{
    "timestamp": "2022-08-01 12:43:50.645408",
    "dataset": "dmv.csv",
    "model": "dmv.csv-2.6MB-model16.669-data16.507-made-resmade-hidden256_256_256_256_256-emb32-directIo-binaryInone_hotOut-inputNoEmbIfLeq-5epochs-seed0.pt",
    "query": "'SELECT Model Year FROM dmv.csv WHERE Scofflaw Indicator=N AND Weight_100>=64.0'",
    "avg_est": 114.11053466796875,
    "avg_real": 100.9259406785648,
    "avg_err": 0.1306363250197,
    "count_est": 6379179.621908903,
    "count_real": 3482114,
    "count_err": 0.83198471443178,
    "sum_est": 727931597.3990357,
    "sum_real": 351435631.0,
    "sum_err": 1.0713084650174123,
    "query_dur_ms_est": 20.22695541381836,
    "query_dur_ms_real": 20195.28865814209,
    "query_dur_ms_err": 0.9989984319731096,
    "order": [
        0,
        1,
        2,
        3,
        4,
        5,
        6,
        7,
        9,
        8
    ],
    "groupby": false
}