{
    "timestamp": "2022-08-01 13:38:31.065314",
    "dataset": "dmv.csv",
    "model": "dmv.csv-2.6MB-model16.669-data16.507-made-resmade-hidden256_256_256_256_256-emb32-directIo-binaryInone_hotOut-inputNoEmbIfLeq-5epochs-seed0.pt",
    "query": "'SELECT State FROM dmv.csv WHERE Record Type=SNOW AND County>=JEFFERSON<=NASSAU AND Fuel Type=DIESEL AND Suspension Indicator=Y AND Revocation Indicator=N AND Registration Class<=CCK AND Model Year>=1920.0 AND Weight_100>=12.0'",
    "avg_est": 51.671268463134766,
    "avg_real": NaN,
    "avg_err": NaN,
    "count_est": 1.9426460053569896e-16,
    "count_real": 0,
    "count_err": 0,
    "sum_est": 1.0037898327163735e-14,
    "sum_real": NaN,
    "sum_err": NaN,
    "query_dur_ms_est": 20.87235450744629,
    "query_dur_ms_real": 20195.28865814209,
    "query_dur_ms_err": 0.9989664740692363,
    "order": [
        0,
        2,
        3,
        4,
        5,
        6,
        7,
        8,
        9,
        1
    ],
    "groupby": false
}