{
    "timestamp": "2022-08-01 13:36:09.611318",
    "dataset": "dmv.csv",
    "model": "dmv.csv-2.6MB-model16.669-data16.507-made-resmade-hidden256_256_256_256_256-emb32-directIo-binaryInone_hotOut-inputNoEmbIfLeq-5epochs-seed0.pt",
    "query": "'SELECT Revocation Indicator FROM dmv.csv WHERE County>=ONTARIO<=STEUBEN'",
    "avg_est": 1.0005919933319092,
    "avg_real": 1.0006872195881926,
    "avg_err": 9.516085987650633e-05,
    "count_est": 3202734.2121714354,
    "count_real": 3204216,
    "count_err": 0.0004624494193165017,
    "sum_est": 3204630.2094689184,
    "sum_real": 3206418.0,
    "sum_err": 0.0005575662721085065,
    "query_dur_ms_est": 20.215511322021484,
    "query_dur_ms_real": 20195.28865814209,
    "query_dur_ms_err": 0.9989989986444748,
    "order": [
        0,
        1,
        2,
        3,
        4,
        5,
        7,
        8,
        9,
        6
    ],
    "groupby": false
}