{
    "timestamp": "2022-08-01 13:59:22.345450",
    "dataset": "dmv.csv",
    "model": "dmv.csv-2.6MB-model16.669-data16.507-made-resmade-hidden256_256_256_256_256-emb32-directIo-binaryInone_hotOut-inputNoEmbIfLeq-5epochs-seed0.pt",
    "query": "'SELECT Model Year FROM dmv.csv WHERE Weight_100>=35.0<=64.0'",
    "avg_est": 114.04669952392578,
    "avg_real": 102.02362693616492,
    "avg_err": 0.11784596322265206,
    "count_est": 2815238.575870514,
    "count_real": 2908714,
    "count_err": 0.03213634070915397,
    "sum_est": 321068667.95046926,
    "sum_real": 296757552.0,
    "sum_err": 0.08192248448817659,
    "query_dur_ms_est": 20.13707160949707,
    "query_dur_ms_real": 20195.28865814209,
    "query_dur_ms_err": 0.999002882704458,
    "order": [
        0,
        1,
        2,
        3,
        4,
        5,
        6,
        7,
        9,
        8
    ],
    "groupby": false
}