{
    "timestamp": "2022-08-01 12:50:49.829476",
    "dataset": "dmv.csv",
    "model": "dmv.csv-2.6MB-model16.669-data16.507-made-resmade-hidden256_256_256_256_256-emb32-directIo-binaryInone_hotOut-inputNoEmbIfLeq-5epochs-seed0.pt",
    "query": "'SELECT Registration Class FROM dmv.csv WHERE Record Type=SNOW AND State<=VA AND County<=CHENANGO AND Revocation Indicator=Y AND Model Year>=2020.0'",
    "avg_est": 57.97304916381836,
    "avg_real": NaN,
    "avg_err": NaN,
    "count_est": 7.171704575839426e-05,
    "count_real": 0,
    "count_err": 0,
    "sum_est": 0.004157655819635201,
    "sum_real": NaN,
    "sum_err": NaN,
    "query_dur_ms_est": 20.427465438842773,
    "query_dur_ms_real": 20195.28865814209,
    "query_dur_ms_err": 0.998988503418563,
    "order": [
        0,
        1,
        2,
        3,
        4,
        5,
        6,
        8,
        9,
        7
    ],
    "groupby": false
}