{
    "timestamp": "2022-08-01 14:18:03.319021",
    "dataset": "dmv.csv",
    "model": "dmv.csv-2.6MB-model16.669-data16.507-made-resmade-hidden256_256_256_256_256-emb32-directIo-binaryInone_hotOut-inputNoEmbIfLeq-5epochs-seed0.pt",
    "query": "'SELECT Suspension Indicator FROM dmv.csv WHERE State<=FL AND Fuel Type=NONE'",
    "avg_est": 1.0187418460845947,
    "avg_real": 1.0002554931016863,
    "avg_err": 0.018481631053666337,
    "count_est": 5861.908016080968,
    "count_real": 3914,
    "count_err": 0.49767706082804497,
    "sum_est": 5971.77099388041,
    "sum_real": 3915.0,
    "sum_err": 0.5253565757038084,
    "query_dur_ms_est": 20.289897918701172,
    "query_dur_ms_real": 20195.28865814209,
    "query_dur_ms_err": 0.9989953152806003,
    "order": [
        0,
        1,
        2,
        3,
        4,
        6,
        7,
        8,
        9,
        5
    ],
    "groupby": false
}