{
    "timestamp": "2022-08-01 14:17:53.346947",
    "dataset": "dmv.csv",
    "model": "dmv.csv-2.6MB-model16.669-data16.507-made-resmade-hidden256_256_256_256_256-emb32-directIo-binaryInone_hotOut-inputNoEmbIfLeq-5epochs-seed0.pt",
    "query": "'SELECT Scofflaw Indicator FROM dmv.csv WHERE Suspension Indicator=Y AND Weight_100=13.0'",
    "avg_est": 1.0016289949417114,
    "avg_real": 1.025753768844221,
    "avg_err": 0.023519069230125773,
    "count_est": 1483.7662705095136,
    "count_real": 1592,
    "count_err": 0.06798601098648646,
    "sum_est": 1486.1833182588555,
    "sum_real": 1633.0,
    "sum_err": 0.08990611251754105,
    "query_dur_ms_est": 20.300626754760742,
    "query_dur_ms_real": 20195.28865814209,
    "query_dur_ms_err": 0.9989947840261953,
    "order": [
        0,
        1,
        2,
        3,
        5,
        6,
        7,
        8,
        9,
        4
    ],
    "groupby": false
}