{
    "timestamp": "2022-08-01 12:33:57.441802",
    "dataset": "dmv.csv",
    "model": "dmv.csv-2.6MB-model16.669-data16.507-made-resmade-hidden256_256_256_256_256-emb32-directIo-binaryInone_hotOut-inputNoEmbIfLeq-5epochs-seed0.pt",
    "query": "'SELECT Record Type FROM dmv.csv WHERE State>=AY AND Fuel Type=NONE AND Suspension Indicator=Y AND Revocation Indicator=Y AND Registration Class>=SUP'",
    "avg_est": 3.834136962890625,
    "avg_real": NaN,
    "avg_err": NaN,
    "count_est": 2.0863897365685103e-05,
    "count_real": 0,
    "count_err": 0,
    "sum_est": 7.99950400797296e-05,
    "sum_real": NaN,
    "sum_err": NaN,
    "query_dur_ms_est": 20.52783966064453,
    "query_dur_ms_real": 20195.28865814209,
    "query_dur_ms_err": 0.9989835332384631,
    "order": [
        1,
        2,
        3,
        4,
        5,
        6,
        7,
        8,
        9,
        0
    ],
    "groupby": false
}