{
    "timestamp": "2022-08-01 14:10:05.821400",
    "dataset": "dmv.csv",
    "model": "dmv.csv-2.6MB-model16.669-data16.507-made-resmade-hidden256_256_256_256_256-emb32-directIo-binaryInone_hotOut-inputNoEmbIfLeq-5epochs-seed0.pt",
    "query": "'SELECT State FROM dmv.csv WHERE Suspension Indicator=N AND Model Year<=1921.0'",
    "avg_est": 51.85720443725586,
    "avg_real": 5.954792043399638,
    "avg_err": 7.708482858731398,
    "count_est": 608.7753211860545,
    "count_real": 553,
    "count_err": 0.10085953198201536,
    "sum_est": 31569.386287101326,
    "sum_real": 3293.0,
    "sum_err": 8.58681636413645,
    "query_dur_ms_est": 20.108938217163086,
    "query_dur_ms_real": 20195.28865814209,
    "query_dur_ms_err": 0.9990042757715644,
    "order": [
        0,
        2,
        3,
        4,
        5,
        6,
        7,
        8,
        9,
        1
    ],
    "groupby": false
}