{
    "timestamp": "2022-08-01 14:04:48.149626",
    "dataset": "dmv.csv",
    "model": "dmv.csv-2.6MB-model16.669-data16.507-made-resmade-hidden256_256_256_256_256-emb32-directIo-binaryInone_hotOut-inputNoEmbIfLeq-5epochs-seed0.pt",
    "query": "'SELECT Record Type FROM dmv.csv WHERE County>=DUTCHESS AND Suspension Indicator=Y AND Registration Class>=THC'",
    "avg_est": 3.834136962890625,
    "avg_real": 1.8986175115207373,
    "avg_err": 1.0194362158914214,
    "count_est": 200.3723916892195,
    "count_real": 217,
    "count_err": 0.07662492309115432,
    "sum_est": 768.2551933184349,
    "sum_real": 412.0,
    "sum_err": 0.8646970711612497,
    "query_dur_ms_est": 20.22695541381836,
    "query_dur_ms_real": 20195.28865814209,
    "query_dur_ms_err": 0.9989984319731096,
    "order": [
        1,
        2,
        3,
        4,
        5,
        6,
        7,
        8,
        9,
        0
    ],
    "groupby": false
}