{
    "timestamp": "2022-08-01 13:05:16.827697",
    "dataset": "dmv.csv",
    "model": "dmv.csv-2.6MB-model16.669-data16.507-made-resmade-hidden256_256_256_256_256-emb32-directIo-binaryInone_hotOut-inputNoEmbIfLeq-5epochs-seed0.pt",
    "query": "'SELECT Record Type FROM dmv.csv WHERE Suspension Indicator=Y AND Revocation Indicator=N'",
    "avg_est": 3.834136962890625,
    "avg_real": 3.997934472934473,
    "avg_err": 0.04097053394765144,
    "count_est": 138781.6755284071,
    "count_real": 140400,
    "count_err": 0.011526527575448028,
    "sum_est": 532107.951915359,
    "sum_real": 561310.0,
    "sum_err": 0.05202481353377099,
    "query_dur_ms_est": 20.152568817138672,
    "query_dur_ms_real": 20195.28865814209,
    "query_dur_ms_err": 0.9990021153369841,
    "order": [
        1,
        2,
        3,
        4,
        5,
        6,
        7,
        8,
        9,
        0
    ],
    "groupby": false
}