{
    "timestamp": "2022-08-01 13:33:04.041336",
    "dataset": "dmv.csv",
    "model": "dmv.csv-2.6MB-model16.669-data16.507-made-resmade-hidden256_256_256_256_256-emb32-directIo-binaryInone_hotOut-inputNoEmbIfLeq-5epochs-seed0.pt",
    "query": "'SELECT Suspension Indicator FROM dmv.csv WHERE Scofflaw Indicator=N'",
    "avg_est": 1.0106958150863647,
    "avg_real": 1.010945428883938,
    "avg_err": 0.0002469112480667966,
    "count_est": 12626962.71973586,
    "count_real": 12625910,
    "count_err": 8.337773165346692e-05,
    "sum_est": 12762018.378088577,
    "sum_real": 12764106.0,
    "sum_err": 0.00016355410331309384,
    "query_dur_ms_est": 20.174741744995117,
    "query_dur_ms_real": 20195.28865814209,
    "query_dur_ms_err": 0.9990010174112138,
    "order": [
        0,
        1,
        2,
        3,
        4,
        6,
        7,
        8,
        9,
        5
    ],
    "groupby": false
}