{
    "timestamp": "2022-08-01 14:17:43.555719",
    "dataset": "dmv.csv",
    "model": "dmv.csv-2.6MB-model16.669-data16.507-made-resmade-hidden256_256_256_256_256-emb32-directIo-binaryInone_hotOut-inputNoEmbIfLeq-5epochs-seed0.pt",
    "query": "'SELECT County FROM dmv.csv WHERE Record Type=SNOW AND State>=VI<=YH AND Scofflaw Indicator=Y AND Suspension Indicator=N AND Revocation Indicator=N AND Registration Class<=CME AND Weight_100>=12.0<=43.0'",
    "avg_est": 39.63998031616211,
    "avg_real": NaN,
    "avg_err": NaN,
    "count_est": 4.40582469359234e-14,
    "count_real": 0,
    "count_err": 0,
    "sum_est": 1.7464680413046132e-12,
    "sum_real": NaN,
    "sum_err": NaN,
    "query_dur_ms_est": 20.77317237854004,
    "query_dur_ms_real": 20195.28865814209,
    "query_dur_ms_err": 0.9989713852210691,
    "order": [
        0,
        1,
        3,
        4,
        5,
        6,
        7,
        8,
        9,
        2
    ],
    "groupby": false
}