{
    "timestamp": "2022-08-01 14:10:42.427162",
    "dataset": "dmv.csv",
    "model": "dmv.csv-2.6MB-model16.669-data16.507-made-resmade-hidden256_256_256_256_256-emb32-directIo-binaryInone_hotOut-inputNoEmbIfLeq-5epochs-seed0.pt",
    "query": "'SELECT Record Type FROM dmv.csv WHERE County>=GENESEE AND Scofflaw Indicator=N AND Suspension Indicator=Y AND Model Year>=1956.0'",
    "avg_est": 3.834136962890625,
    "avg_real": 3.997914863116349,
    "avg_err": 0.04096582989715294,
    "count_est": 107462.8340068981,
    "count_real": 107427,
    "count_err": 0.0003335661137154081,
    "sum_est": 412027.22400282766,
    "sum_real": 429484.0,
    "sum_err": 0.04064592859611148,
    "query_dur_ms_est": 20.349979400634766,
    "query_dur_ms_real": 20195.28865814209,
    "query_dur_ms_err": 0.9989923402559324,
    "order": [
        1,
        2,
        3,
        4,
        5,
        6,
        7,
        8,
        9,
        0
    ],
    "groupby": false
}