{
    "timestamp": "2022-08-01 14:20:27.674333",
    "dataset": "dmv.csv",
    "model": "dmv.csv-2.6MB-model16.669-data16.507-made-resmade-hidden256_256_256_256_256-emb32-directIo-binaryInone_hotOut-inputNoEmbIfLeq-5epochs-seed0.pt",
    "query": "'SELECT Registration Class FROM dmv.csv WHERE Fuel Type=OTHER AND Suspension Indicator=N'",
    "avg_est": 46.90528106689453,
    "avg_real": 8.661682242990654,
    "avg_err": 4.415262272505088,
    "count_est": 2210.433868922293,
    "count_real": 2140,
    "count_err": 0.03291302286088467,
    "sum_est": 103681.02190158327,
    "sum_real": 18536.0,
    "sum_err": 4.593494923477734,
    "query_dur_ms_est": 20.122766494750977,
    "query_dur_ms_real": 20195.28865814209,
    "query_dur_ms_err": 0.9990035910436647,
    "order": [
        0,
        1,
        2,
        3,
        4,
        5,
        6,
        8,
        9,
        7
    ],
    "groupby": false
}