{
    "timestamp": "2022-08-01 13:09:49.312687",
    "dataset": "dmv.csv",
    "model": "dmv.csv-2.6MB-model16.669-data16.507-made-resmade-hidden256_256_256_256_256-emb32-directIo-binaryInone_hotOut-inputNoEmbIfLeq-5epochs-seed0.pt",
    "query": "'SELECT County FROM dmv.csv WHERE Record Type=TRL AND State<=CT AND Fuel Type=NONE AND Scofflaw Indicator=Y AND Suspension Indicator=Y AND Revocation Indicator=Y AND Registration Class>=TRL AND Weight_100>=24.0<=30.0'",
    "avg_est": 39.354557037353516,
    "avg_real": NaN,
    "avg_err": NaN,
    "count_est": 2.57577920706901e-22,
    "count_real": 0,
    "count_err": 0,
    "sum_est": 1.0136864972022657e-20,
    "sum_real": NaN,
    "sum_err": NaN,
    "query_dur_ms_est": 20.821094512939453,
    "query_dur_ms_real": 20195.28865814209,
    "query_dur_ms_err": 0.9989690122847269,
    "order": [
        0,
        1,
        3,
        4,
        5,
        6,
        7,
        8,
        9,
        2
    ],
    "groupby": false
}