{
    "timestamp": "2022-08-01 13:07:31.069551",
    "dataset": "dmv.csv",
    "model": "dmv.csv-2.6MB-model16.669-data16.507-made-resmade-hidden256_256_256_256_256-emb32-directIo-binaryInone_hotOut-inputNoEmbIfLeq-5epochs-seed0.pt",
    "query": "'SELECT Revocation Indicator FROM dmv.csv WHERE County>=YATES AND Model Year>=1912.0'",
    "avg_est": 1.0000361204147339,
    "avg_real": 1.0,
    "avg_err": 3.612041473388672e-05,
    "count_est": 27868.853136155754,
    "count_real": 26879,
    "count_err": 0.03682626348285853,
    "sum_est": 27869.85977068919,
    "sum_real": 26879.0,
    "sum_err": 0.03686371407750246,
    "query_dur_ms_est": 20.207881927490234,
    "query_dur_ms_real": 20195.28865814209,
    "query_dur_ms_err": 0.998999376425385,
    "order": [
        0,
        1,
        2,
        3,
        4,
        5,
        7,
        8,
        9,
        6
    ],
    "groupby": false
}