{
    "timestamp": "2022-08-01 13:57:03.293114",
    "dataset": "dmv.csv",
    "model": "dmv.csv-2.6MB-model16.669-data16.507-made-resmade-hidden256_256_256_256_256-emb32-directIo-binaryInone_hotOut-inputNoEmbIfLeq-5epochs-seed0.pt",
    "query": "'SELECT Revocation Indicator FROM dmv.csv WHERE Record Type=BOAT AND Fuel Type=COMP N/G AND Scofflaw Indicator=Y AND Suspension Indicator=N AND Registration Class<=CHC AND Model Year>=2000.0 AND Weight_100>=93.0'",
    "avg_est": 1.0000065565109253,
    "avg_real": NaN,
    "avg_err": NaN,
    "count_est": 0.0012281990597012848,
    "count_real": 0,
    "count_err": 0,
    "sum_est": 0.0012282071124018383,
    "sum_real": NaN,
    "sum_err": NaN,
    "query_dur_ms_est": 20.46823501586914,
    "query_dur_ms_real": 20195.28865814209,
    "query_dur_ms_err": 0.9989864846518242,
    "order": [
        0,
        1,
        2,
        3,
        4,
        5,
        7,
        8,
        9,
        6
    ],
    "groupby": false
}