{
    "timestamp": "2022-08-01 12:33:30.541375",
    "dataset": "dmv.csv",
    "model": "dmv.csv-2.6MB-model16.669-data16.507-made-resmade-hidden256_256_256_256_256-emb32-directIo-binaryInone_hotOut-inputNoEmbIfLeq-5epochs-seed0.pt",
    "query": "'SELECT Model Year FROM dmv.csv WHERE County>=CAYUGA<=LIVINGSTON'",
    "avg_est": 113.760498046875,
    "avg_real": 108.76020875933202,
    "avg_err": 0.04597535573518234,
    "count_est": 2821131.9983338118,
    "count_real": 2794414,
    "count_err": 0.009561216889770721,
    "sum_est": 320933381.18643016,
    "sum_real": 303921050.0,
    "sum_err": 0.05597615297272156,
    "query_dur_ms_est": 20.25771141052246,
    "query_dur_ms_real": 20195.28865814209,
    "query_dur_ms_err": 0.9989969090438152,
    "order": [
        0,
        1,
        2,
        3,
        4,
        5,
        6,
        7,
        9,
        8
    ],
    "groupby": false
}