{
    "timestamp": "2022-08-01 13:55:10.777108",
    "dataset": "dmv.csv",
    "model": "dmv.csv-2.6MB-model16.669-data16.507-made-resmade-hidden256_256_256_256_256-emb32-directIo-binaryInone_hotOut-inputNoEmbIfLeq-5epochs-seed0.pt",
    "query": "'SELECT County FROM dmv.csv WHERE Record Type=TRL AND Weight_100>=85.0'",
    "avg_est": 32.53911209106445,
    "avg_real": 31.102959289684794,
    "avg_err": 0.04617415301237768,
    "count_est": 756627.1390573382,
    "count_real": 93367,
    "count_err": 7.103796191987943,
    "sum_est": 24619975.28892814,
    "sum_real": 2903990.0,
    "sum_err": 7.477982117337918,
    "query_dur_ms_est": 20.26510238647461,
    "query_dur_ms_real": 20195.28865814209,
    "query_dur_ms_err": 0.9989965430685585,
    "order": [
        0,
        1,
        3,
        4,
        5,
        6,
        7,
        8,
        9,
        2
    ],
    "groupby": false
}