{
    "timestamp": "2022-08-01 14:13:09.750844",
    "dataset": "dmv.csv",
    "model": "dmv.csv-2.6MB-model16.669-data16.507-made-resmade-hidden256_256_256_256_256-emb32-directIo-binaryInone_hotOut-inputNoEmbIfLeq-5epochs-seed0.pt",
    "query": "'SELECT Revocation Indicator FROM dmv.csv WHERE Record Type=TRL AND State>=CA<=PQ AND Fuel Type=PROPANE AND Weight_100>=8.0<=98.0'",
    "avg_est": 1.0000022649765015,
    "avg_real": NaN,
    "avg_err": NaN,
    "count_est": 0.04053676738121137,
    "count_real": 0,
    "count_err": 0,
    "sum_est": 0.04053685919603693,
    "sum_real": NaN,
    "sum_err": NaN,
    "query_dur_ms_est": 20.373106002807617,
    "query_dur_ms_real": 20195.28865814209,
    "query_dur_ms_err": 0.9989911951075483,
    "order": [
        0,
        1,
        2,
        3,
        4,
        5,
        7,
        8,
        9,
        6
    ],
    "groupby": false
}