{
    "timestamp": "2022-08-01 12:34:07.175742",
    "dataset": "dmv.csv",
    "model": "dmv.csv-2.6MB-model16.669-data16.507-made-resmade-hidden256_256_256_256_256-emb32-directIo-binaryInone_hotOut-inputNoEmbIfLeq-5epochs-seed0.pt",
    "query": "'SELECT Revocation Indicator FROM dmv.csv WHERE State<=ME AND County>=CHEMUNG AND Fuel Type=COMP N/G AND Suspension Indicator=Y AND Weight_100>=64.0'",
    "avg_est": 1.0001623630523682,
    "avg_real": NaN,
    "avg_err": NaN,
    "count_est": 0.1493468603123489,
    "count_real": 0,
    "count_err": 0,
    "sum_est": 0.1493711087244508,
    "sum_real": NaN,
    "sum_err": NaN,
    "query_dur_ms_est": 20.41316032409668,
    "query_dur_ms_real": 20195.28865814209,
    "query_dur_ms_err": 0.9989892117577697,
    "order": [
        0,
        1,
        2,
        3,
        4,
        5,
        7,
        8,
        9,
        6
    ],
    "groupby": false
}