{
    "timestamp": "2022-08-01 12:51:37.214865",
    "dataset": "dmv.csv",
    "model": "dmv.csv-2.6MB-model16.669-data16.507-made-resmade-hidden256_256_256_256_256-emb32-directIo-binaryInone_hotOut-inputNoEmbIfLeq-5epochs-seed0.pt",
    "query": "'SELECT Record Type FROM dmv.csv WHERE State>=AR<=TX AND County>=GREENE AND Fuel Type=PROPANE AND Scofflaw Indicator=Y AND Suspension Indicator=N AND Revocation Indicator=Y AND Registration Class>=OMT AND Model Year>=1923.0<=2002.0'",
    "avg_est": 3.834136962890625,
    "avg_real": NaN,
    "avg_err": NaN,
    "count_est": 5.459798501238658e-07,
    "count_real": 0,
    "count_err": 0,
    "sum_est": 2.0933615243533973e-06,
    "sum_real": NaN,
    "sum_err": NaN,
    "query_dur_ms_est": 20.77031135559082,
    "query_dur_ms_real": 20195.28865814209,
    "query_dur_ms_err": 0.9989715268889104,
    "order": [
        1,
        2,
        3,
        4,
        5,
        6,
        7,
        8,
        9,
        0
    ],
    "groupby": false
}