{
    "timestamp": "2022-08-01 13:07:21.822429",
    "dataset": "dmv.csv",
    "model": "dmv.csv-2.6MB-model16.669-data16.507-made-resmade-hidden256_256_256_256_256-emb32-directIo-binaryInone_hotOut-inputNoEmbIfLeq-5epochs-seed0.pt",
    "query": "'SELECT Record Type FROM dmv.csv WHERE County<=WASHINGTON AND Registration Class>=GSM<=JCA'",
    "avg_est": 3.834136962890625,
    "avg_real": 1.535227128005416,
    "avg_err": 1.497439559885825,
    "count_est": 151340.13121645898,
    "count_real": 149189,
    "count_err": 0.014418832597972882,
    "sum_est": 580258.7910657427,
    "sum_real": 229039.0,
    "sum_err": 1.5334497228233739,
    "query_dur_ms_est": 20.29275894165039,
    "query_dur_ms_real": 20195.28865814209,
    "query_dur_ms_err": 0.998995173612759,
    "order": [
        1,
        2,
        3,
        4,
        5,
        6,
        7,
        8,
        9,
        0
    ],
    "groupby": false
}