{
    "timestamp": "2022-08-01 13:18:50.202848",
    "dataset": "dmv.csv",
    "model": "dmv.csv-2.6MB-model16.669-data16.507-made-resmade-hidden256_256_256_256_256-emb32-directIo-binaryInone_hotOut-inputNoEmbIfLeq-5epochs-seed0.pt",
    "query": "'SELECT Scofflaw Indicator FROM dmv.csv WHERE Record Type=BOAT AND State>=DC<=NB AND County<=FULTON AND Fuel Type=PROPANE AND Suspension Indicator=N AND Revocation Indicator=Y AND Registration Class>=OMT<=TRC AND Model Year<=1963.0 AND Weight_100>=17.0<=57.0'",
    "avg_est": 1.0000333786010742,
    "avg_real": NaN,
    "avg_err": NaN,
    "count_est": 3.7559024468140453e-17,
    "count_real": 0,
    "count_err": 0,
    "sum_est": 3.756027813583491e-17,
    "sum_real": NaN,
    "sum_err": NaN,
    "query_dur_ms_est": 20.779848098754883,
    "query_dur_ms_real": 20195.28865814209,
    "query_dur_ms_err": 0.9989710546627727,
    "order": [
        0,
        1,
        2,
        3,
        5,
        6,
        7,
        8,
        9,
        4
    ],
    "groupby": false
}