{
    "timestamp": "2022-08-01 13:16:17.004401",
    "dataset": "dmv.csv",
    "model": "dmv.csv-2.6MB-model16.669-data16.507-made-resmade-hidden256_256_256_256_256-emb32-directIo-binaryInone_hotOut-inputNoEmbIfLeq-5epochs-seed0.pt",
    "query": "'SELECT Fuel Type FROM dmv.csv WHERE Scofflaw Indicator=N AND Registration Class>=HIS<=PAS'",
    "avg_est": 5.888262748718262,
    "avg_real": 5.000430605331284,
    "avg_err": 0.17755113778409437,
    "count_est": 10555349.911303759,
    "count_real": 10459694,
    "count_err": 0.009145192135043207,
    "sum_est": 62152673.68241653,
    "sum_real": 52302974.0,
    "sum_err": 0.1883200691879687,
    "query_dur_ms_est": 20.251750946044922,
    "query_dur_ms_real": 20195.28865814209,
    "query_dur_ms_err": 0.9989972041851514,
    "order": [
        0,
        1,
        2,
        4,
        5,
        6,
        7,
        8,
        9,
        3
    ],
    "groupby": false
}