{
    "timestamp": "2022-08-01 13:34:25.312984",
    "dataset": "dmv.csv",
    "model": "dmv.csv-2.6MB-model16.669-data16.507-made-resmade-hidden256_256_256_256_256-emb32-directIo-binaryInone_hotOut-inputNoEmbIfLeq-5epochs-seed0.pt",
    "query": "'SELECT Suspension Indicator FROM dmv.csv WHERE Record Type=SNOW AND State>=MN AND County>=MADISON<=ONTARIO AND Scofflaw Indicator=N AND Revocation Indicator=N'",
    "avg_est": 1.0000563859939575,
    "avg_real": 1.0000451161741484,
    "avg_err": 1.1269311380930638e-05,
    "count_est": 23397.086165216286,
    "count_real": 22165,
    "count_err": 0.05558701399577197,
    "sum_est": 23398.40543317542,
    "sum_real": 22166.0,
    "sum_err": 0.05559890973452222,
    "query_dur_ms_est": 20.496368408203125,
    "query_dur_ms_real": 20195.28865814209,
    "query_dur_ms_err": 0.9989850915847177,
    "order": [
        0,
        1,
        2,
        3,
        4,
        6,
        7,
        8,
        9,
        5
    ],
    "groupby": false
}