{
    "timestamp": "2022-08-01 13:13:35.431763",
    "dataset": "dmv.csv",
    "model": "dmv.csv-2.6MB-model16.669-data16.507-made-resmade-hidden256_256_256_256_256-emb32-directIo-binaryInone_hotOut-inputNoEmbIfLeq-5epochs-seed0.pt",
    "query": "'SELECT Model Year FROM dmv.csv WHERE Record Type=BOAT AND County<=NIAGARA AND Fuel Type=PROPANE AND Scofflaw Indicator=N AND Suspension Indicator=N AND Revocation Indicator=Y AND Registration Class<=FAR AND Weight_100=57.0'",
    "avg_est": 109.28364562988281,
    "avg_real": NaN,
    "avg_err": NaN,
    "count_est": 9.459539233854949e-21,
    "count_real": 0,
    "count_err": 0,
    "sum_est": 1.0337729334545773e-18,
    "sum_real": NaN,
    "sum_err": NaN,
    "query_dur_ms_est": 20.701169967651367,
    "query_dur_ms_real": 20195.28865814209,
    "query_dur_ms_err": 0.9989749505284092,
    "order": [
        0,
        1,
        2,
        3,
        4,
        5,
        6,
        7,
        9,
        8
    ],
    "groupby": false
}