{
    "timestamp": "2022-08-01 13:34:02.157516",
    "dataset": "dmv.csv",
    "model": "dmv.csv-2.6MB-model16.669-data16.507-made-resmade-hidden256_256_256_256_256-emb32-directIo-binaryInone_hotOut-inputNoEmbIfLeq-5epochs-seed0.pt",
    "query": "'SELECT Model Year FROM dmv.csv WHERE Scofflaw Indicator=N AND Revocation Indicator=N'",
    "avg_est": 114.02232360839844,
    "avg_real": 114.1309747675163,
    "avg_err": 0.0009519866043305993,
    "count_est": 12622960.906106949,
    "count_real": 12620240,
    "count_err": 0.00021559860247894274,
    "sum_est": 1439299333.332289,
    "sum_real": 1440360293.0,
    "sum_err": 0.0007365932488330679,
    "query_dur_ms_est": 20.22552490234375,
    "query_dur_ms_real": 20195.28865814209,
    "query_dur_ms_err": 0.9989985028070302,
    "order": [
        0,
        1,
        2,
        3,
        4,
        5,
        6,
        7,
        9,
        8
    ],
    "groupby": false
}