{
    "timestamp": "2022-08-01 13:14:56.977243",
    "dataset": "dmv.csv",
    "model": "dmv.csv-2.6MB-model16.669-data16.507-made-resmade-hidden256_256_256_256_256-emb32-directIo-binaryInone_hotOut-inputNoEmbIfLeq-5epochs-seed0.pt",
    "query": "'SELECT State FROM dmv.csv WHERE Model Year>=1907.0<=1983.0'",
    "avg_est": 51.85634231567383,
    "avg_real": 37.874937894538185,
    "avg_err": 0.3691465966245678,
    "count_est": 250009.5422815308,
    "count_real": 259639,
    "count_err": 0.0370878709225856,
    "sum_est": 12964580.40673599,
    "sum_real": 9833811.0,
    "sum_err": 0.31836786437485837,
    "query_dur_ms_est": 20.134925842285156,
    "query_dur_ms_real": 20195.28865814209,
    "query_dur_ms_err": 0.999002988955339,
    "order": [
        0,
        2,
        3,
        4,
        5,
        6,
        7,
        8,
        9,
        1
    ],
    "groupby": false
}