{
    "timestamp": "2022-08-01 13:19:07.909509",
    "dataset": "dmv.csv",
    "model": "dmv.csv-2.6MB-model16.669-data16.507-made-resmade-hidden256_256_256_256_256-emb32-directIo-binaryInone_hotOut-inputNoEmbIfLeq-5epochs-seed0.pt",
    "query": "'SELECT Model Year FROM dmv.csv WHERE County>=JEFFERSON<=TOMPKINS'",
    "avg_est": 114.18881225585938,
    "avg_real": 113.34619444198144,
    "avg_err": 0.007434019448348109,
    "count_est": 8568623.94442749,
    "count_real": 8559993,
    "count_err": 0.00100828872494291,
    "sum_est": 978440990.8812919,
    "sum_real": 970242631.0,
    "sum_err": 0.008449803811281785,
    "query_dur_ms_est": 20.119428634643555,
    "query_dur_ms_real": 20195.28865814209,
    "query_dur_ms_err": 0.9990037563228128,
    "order": [
        0,
        1,
        2,
        3,
        4,
        5,
        6,
        7,
        9,
        8
    ],
    "groupby": false
}