{
    "timestamp": "2022-08-01 12:53:24.595635",
    "dataset": "dmv.csv",
    "model": "dmv.csv-2.6MB-model16.669-data16.507-made-resmade-hidden256_256_256_256_256-emb32-directIo-binaryInone_hotOut-inputNoEmbIfLeq-5epochs-seed0.pt",
    "query": "'SELECT Registration Class FROM dmv.csv WHERE Record Type=BOAT AND State>=KY AND County>=CAYUGA<=WESTCHESTER AND Fuel Type=COMP N/G AND Scofflaw Indicator=Y AND Suspension Indicator=Y AND Revocation Indicator=N AND Weight_100>=23.0<=80.0'",
    "avg_est": 7.8405842781066895,
    "avg_real": NaN,
    "avg_err": NaN,
    "count_est": 1.1994304706509479e-08,
    "count_real": 0,
    "count_err": 0,
    "sum_est": 9.404235690867929e-08,
    "sum_real": NaN,
    "sum_err": NaN,
    "query_dur_ms_est": 20.842552185058594,
    "query_dur_ms_real": 20195.28865814209,
    "query_dur_ms_err": 0.9989679497759169,
    "order": [
        0,
        1,
        2,
        3,
        4,
        5,
        6,
        8,
        9,
        7
    ],
    "groupby": false
}