{
    "timestamp": "2022-08-01 14:18:19.974289",
    "dataset": "dmv.csv",
    "model": "dmv.csv-2.6MB-model16.669-data16.507-made-resmade-hidden256_256_256_256_256-emb32-directIo-binaryInone_hotOut-inputNoEmbIfLeq-5epochs-seed0.pt",
    "query": "'SELECT Weight_100 FROM dmv.csv WHERE Scofflaw Indicator=N AND Registration Class>=ORM<=SRN'",
    "avg_est": 59.87750244140625,
    "avg_real": 47.34208111531896,
    "avg_err": 0.264783909595201,
    "count_est": 9715391.165569067,
    "count_real": 9897366,
    "count_err": 0.018386188247553236,
    "sum_est": 581733358.2355785,
    "sum_real": 468561904.0,
    "sum_err": 0.24152935454090724,
    "query_dur_ms_est": 20.168304443359375,
    "query_dur_ms_real": 20195.28865814209,
    "query_dur_ms_err": 0.9990013361638568,
    "order": [
        0,
        1,
        2,
        3,
        4,
        5,
        6,
        7,
        8,
        9
    ],
    "groupby": false
}