{
    "timestamp": "2022-08-01 14:05:41.658431",
    "dataset": "dmv.csv",
    "model": "dmv.csv-2.6MB-model16.669-data16.507-made-resmade-hidden256_256_256_256_256-emb32-directIo-binaryInone_hotOut-inputNoEmbIfLeq-5epochs-seed0.pt",
    "query": "'SELECT Registration Class FROM dmv.csv WHERE State<=OH'",
    "avg_est": 46.29780578613281,
    "avg_real": 46.586702051541614,
    "avg_err": 0.006201260288594348,
    "count_est": 12567744.3203547,
    "count_real": 12571473,
    "count_err": 0.0002965984690338126,
    "sum_est": 581858985.7135556,
    "sum_real": 585663467.0,
    "sum_err": 0.006496019473320547,
    "query_dur_ms_est": 20.415306091308594,
    "query_dur_ms_real": 20195.28865814209,
    "query_dur_ms_err": 0.9989891055068887,
    "order": [
        0,
        1,
        2,
        3,
        4,
        5,
        6,
        8,
        9,
        7
    ],
    "groupby": false
}