{
    "timestamp": "2022-08-01 13:01:25.412265",
    "dataset": "dmv.csv",
    "model": "dmv.csv-2.6MB-model16.669-data16.507-made-resmade-hidden256_256_256_256_256-emb32-directIo-binaryInone_hotOut-inputNoEmbIfLeq-5epochs-seed0.pt",
    "query": "'SELECT County FROM dmv.csv WHERE Fuel Type=DIESEL AND Model Year<=1922.0'",
    "avg_est": 34.43987274169922,
    "avg_real": 2.8,
    "avg_err": 11.299954550606865,
    "count_est": 8.068237684156202,
    "count_real": 5,
    "count_err": 0.6136475368312404,
    "sum_est": 277.8690790921216,
    "sum_real": 14.0,
    "sum_err": 18.84779136372297,
    "query_dur_ms_est": 20.354509353637695,
    "query_dur_ms_real": 20195.28865814209,
    "query_dur_ms_err": 0.998992115948517,
    "order": [
        0,
        1,
        3,
        4,
        5,
        6,
        7,
        8,
        9,
        2
    ],
    "groupby": false
}