{
    "timestamp": "2022-08-01 12:53:37.890904",
    "dataset": "dmv.csv",
    "model": "dmv.csv-2.6MB-model16.669-data16.507-made-resmade-hidden256_256_256_256_256-emb32-directIo-binaryInone_hotOut-inputNoEmbIfLeq-5epochs-seed0.pt",
    "query": "'SELECT Record Type FROM dmv.csv WHERE Fuel Type=ELECTRIC'",
    "avg_est": 3.834136962890625,
    "avg_real": 1.8851425829626651,
    "avg_err": 1.0338710703064944,
    "count_est": 80391.90323645249,
    "count_real": 77113,
    "count_err": 0.042520758321586374,
    "sum_est": 308233.567716009,
    "sum_real": 145369.0,
    "sum_err": 1.120352810544263,
    "query_dur_ms_est": 20.173311233520508,
    "query_dur_ms_real": 20195.28865814209,
    "query_dur_ms_err": 0.9990010882451344,
    "order": [
        1,
        2,
        3,
        4,
        5,
        6,
        7,
        8,
        9,
        0
    ],
    "groupby": false
}