{
    "timestamp": "2022-08-01 13:48:41.886161",
    "dataset": "dmv.csv",
    "model": "dmv.csv-2.6MB-model16.669-data16.507-made-resmade-hidden256_256_256_256_256-emb32-directIo-binaryInone_hotOut-inputNoEmbIfLeq-5epochs-seed0.pt",
    "query": "'SELECT Scofflaw Indicator FROM dmv.csv WHERE Fuel Type=NONE AND Weight_100<=67.0'",
    "avg_est": 1.0005296468734741,
    "avg_real": 1.00015019525383,
    "avg_err": 0.00037939463637032196,
    "count_est": 37820.831722275354,
    "count_real": 26632,
    "count_err": 0.4201273551470169,
    "sum_est": 37840.863407549245,
    "sum_real": 26636.000000000004,
    "sum_err": 0.4206661438485223,
    "query_dur_ms_est": 20.166873931884766,
    "query_dur_ms_real": 20195.28865814209,
    "query_dur_ms_err": 0.9990014069977775,
    "order": [
        0,
        1,
        2,
        3,
        5,
        6,
        7,
        8,
        9,
        4
    ],
    "groupby": false
}