{
    "timestamp": "2022-08-01 13:48:56.177792",
    "dataset": "dmv.csv",
    "model": "dmv.csv-2.6MB-model16.669-data16.507-made-resmade-hidden256_256_256_256_256-emb32-directIo-binaryInone_hotOut-inputNoEmbIfLeq-5epochs-seed0.pt",
    "query": "'SELECT Fuel Type FROM dmv.csv WHERE Weight_100>=73.0'",
    "avg_est": 5.871993064880371,
    "avg_real": 4.855289957237793,
    "avg_err": 0.20940111025232927,
    "count_est": 5497850.8369385,
    "count_real": 2619369,
    "count_err": 1.0989218536748737,
    "sum_est": 32283341.98624962,
    "sum_real": 12717796.0,
    "sum_err": 1.5384384201672694,
    "query_dur_ms_est": 20.101070404052734,
    "query_dur_ms_real": 20195.28865814209,
    "query_dur_ms_err": 0.999004665358128,
    "order": [
        0,
        1,
        2,
        4,
        5,
        6,
        7,
        8,
        9,
        3
    ],
    "groupby": false
}