{
    "timestamp": "2022-08-01 13:53:02.608401",
    "dataset": "dmv.csv",
    "model": "dmv.csv-2.6MB-model16.669-data16.507-made-resmade-hidden256_256_256_256_256-emb32-directIo-binaryInone_hotOut-inputNoEmbIfLeq-5epochs-seed0.pt",
    "query": "'SELECT Registration Class FROM dmv.csv WHERE Revocation Indicator=N AND Model Year<=2013.0'",
    "avg_est": 46.571685791015625,
    "avg_real": 44.941398625153084,
    "avg_err": 0.0362758440043317,
    "count_est": 5652269.661408663,
    "count_real": 5593350,
    "count_err": 0.010533877087731467,
    "sum_est": 263235726.67721453,
    "sum_real": 251372972.0,
    "sum_err": 0.0471918463740586,
    "query_dur_ms_est": 20.14446258544922,
    "query_dur_ms_real": 20195.28865814209,
    "query_dur_ms_err": 0.9990025167292013,
    "order": [
        0,
        1,
        2,
        3,
        4,
        5,
        6,
        8,
        9,
        7
    ],
    "groupby": false
}