{
    "timestamp": "2022-08-01 13:32:33.005745",
    "dataset": "dmv.csv",
    "model": "dmv.csv-2.6MB-model16.669-data16.507-made-resmade-hidden256_256_256_256_256-emb32-directIo-binaryInone_hotOut-inputNoEmbIfLeq-5epochs-seed0.pt",
    "query": "'SELECT State FROM dmv.csv WHERE Registration Class>=NLM<=OML'",
    "avg_est": 51.8578987121582,
    "avg_real": 9.975661625708884,
    "avg_err": 4.198442034011264,
    "count_est": 11516.849912991049,
    "count_real": 8464,
    "count_err": 0.36068642639308235,
    "sum_est": 597239.6362710178,
    "sum_real": 84434.0,
    "sum_err": 6.073449514070372,
    "query_dur_ms_est": 20.16448974609375,
    "query_dur_ms_real": 20195.28865814209,
    "query_dur_ms_err": 0.999001525054312,
    "order": [
        0,
        2,
        3,
        4,
        5,
        6,
        7,
        8,
        9,
        1
    ],
    "groupby": false
}