{
    "timestamp": "2022-08-01 13:06:59.522910",
    "dataset": "dmv.csv",
    "model": "dmv.csv-2.6MB-model16.669-data16.507-made-resmade-hidden256_256_256_256_256-emb32-directIo-binaryInone_hotOut-inputNoEmbIfLeq-5epochs-seed0.pt",
    "query": "'SELECT Registration Class FROM dmv.csv WHERE State<=AN AND Fuel Type=COMP N/G'",
    "avg_est": 25.51663589477539,
    "avg_real": 1.0,
    "avg_err": 24.51663589477539,
    "count_est": 0.28409846223720336,
    "count_real": 2,
    "count_err": 0.8579507688813983,
    "sum_est": 7.249237019172314,
    "sum_real": 2.0,
    "sum_err": 2.624618509586157,
    "query_dur_ms_est": 20.11895179748535,
    "query_dur_ms_real": 20195.28865814209,
    "query_dur_ms_err": 0.9990037799341197,
    "order": [
        0,
        1,
        2,
        3,
        4,
        5,
        6,
        8,
        9,
        7
    ],
    "groupby": false
}