{
    "timestamp": "2022-08-01 13:48:32.068733",
    "dataset": "dmv.csv",
    "model": "dmv.csv-2.6MB-model16.669-data16.507-made-resmade-hidden256_256_256_256_256-emb32-directIo-binaryInone_hotOut-inputNoEmbIfLeq-5epochs-seed0.pt",
    "query": "'SELECT Fuel Type FROM dmv.csv WHERE Weight_100=41.0'",
    "avg_est": 5.895852088928223,
    "avg_real": 3.9957705990549934,
    "avg_err": 0.4755231670012792,
    "count_est": 115197.62121158838,
    "count_real": 90793,
    "count_err": 0.26879408337193816,
    "sum_est": 679188.1356599055,
    "sum_real": 362788.0,
    "sum_err": 0.8721350641694474,
    "query_dur_ms_est": 20.105361938476562,
    "query_dur_ms_real": 20195.28865814209,
    "query_dur_ms_err": 0.9990044528563661,
    "order": [
        0,
        1,
        2,
        4,
        5,
        6,
        7,
        8,
        9,
        3
    ],
    "groupby": false
}