{
    "timestamp": "2022-08-01 13:38:58.249535",
    "dataset": "dmv.csv",
    "model": "dmv.csv-2.6MB-model16.669-data16.507-made-resmade-hidden256_256_256_256_256-emb32-directIo-binaryInone_hotOut-inputNoEmbIfLeq-5epochs-seed0.pt",
    "query": "'SELECT Model Year FROM dmv.csv WHERE Weight_100>=28.0<=58.0'",
    "avg_est": 114.06954193115234,
    "avg_real": 101.72407768606044,
    "avg_err": 0.12136226275938641,
    "count_est": 2986153.8575395346,
    "count_real": 3004400,
    "count_err": 0.0060731402145072,
    "sum_est": 340629202.6654783,
    "sum_real": 305619819.0,
    "sum_err": 0.11455207250639164,
    "query_dur_ms_est": 20.013809204101562,
    "query_dur_ms_real": 20195.28865814209,
    "query_dur_ms_err": 0.9990089862272886,
    "order": [
        0,
        1,
        2,
        3,
        4,
        5,
        6,
        7,
        9,
        8
    ],
    "groupby": false
}