{
    "timestamp": "2022-08-01 14:09:36.508354",
    "dataset": "dmv.csv",
    "model": "dmv.csv-2.6MB-model16.669-data16.507-made-resmade-hidden256_256_256_256_256-emb32-directIo-binaryInone_hotOut-inputNoEmbIfLeq-5epochs-seed0.pt",
    "query": "'SELECT Weight_100 FROM dmv.csv WHERE Record Type=VEH AND State>=CT<=VA AND Fuel Type=ELECTRIC AND Suspension Indicator=Y AND Revocation Indicator=N AND Registration Class<=STG AND Model Year<=1926.0'",
    "avg_est": 6.7260284423828125,
    "avg_real": NaN,
    "avg_err": NaN,
    "count_est": 0.00047634151989539575,
    "count_real": 0,
    "count_err": 0,
    "sum_est": 0.00320388661110429,
    "sum_real": NaN,
    "sum_err": NaN,
    "query_dur_ms_est": 20.548582077026367,
    "query_dur_ms_real": 20195.28865814209,
    "query_dur_ms_err": 0.9989825061466134,
    "order": [
        0,
        1,
        2,
        3,
        4,
        5,
        6,
        7,
        8,
        9
    ],
    "groupby": false
}