{
    "timestamp": "2022-08-01 14:05:10.438018",
    "dataset": "dmv.csv",
    "model": "dmv.csv-2.6MB-model16.669-data16.507-made-resmade-hidden256_256_256_256_256-emb32-directIo-binaryInone_hotOut-inputNoEmbIfLeq-5epochs-seed0.pt",
    "query": "'SELECT Suspension Indicator FROM dmv.csv WHERE Registration Class>=VAS'",
    "avg_est": 1.0108355283737183,
    "avg_real": 1.0099502487562189,
    "avg_err": 0.0008765576508245306,
    "count_est": 1961.7119537183899,
    "count_real": 1608,
    "count_err": 0.21997012047163547,
    "sum_est": 1982.9681392539678,
    "sum_real": 1624.0,
    "sum_err": 0.2210394946145122,
    "query_dur_ms_est": 20.04528045654297,
    "query_dur_ms_real": 20195.28865814209,
    "query_dur_ms_err": 0.9990074278810339,
    "order": [
        0,
        1,
        2,
        3,
        4,
        6,
        7,
        8,
        9,
        5
    ],
    "groupby": false
}