{
    "timestamp": "2022-08-01 13:43:07.698751",
    "dataset": "dmv.csv",
    "model": "dmv.csv-2.6MB-model16.669-data16.507-made-resmade-hidden256_256_256_256_256-emb32-directIo-binaryInone_hotOut-inputNoEmbIfLeq-5epochs-seed0.pt",
    "query": "'SELECT Model Year FROM dmv.csv WHERE State>=AA AND County=SCHOHARIE AND Fuel Type=OTHER AND Suspension Indicator=Y AND Revocation Indicator=N AND Registration Class=IRP AND Weight_100<=29.0'",
    "avg_est": 114.09600830078125,
    "avg_real": NaN,
    "avg_err": NaN,
    "count_est": 1.1641855237425454e-07,
    "count_real": 0,
    "count_err": 0,
    "sum_est": 1.3282892118057883e-05,
    "sum_real": NaN,
    "sum_err": NaN,
    "query_dur_ms_est": 20.6298828125,
    "query_dur_ms_real": 20195.28865814209,
    "query_dur_ms_err": 0.998978480418789,
    "order": [
        0,
        1,
        2,
        3,
        4,
        5,
        6,
        7,
        9,
        8
    ],
    "groupby": false
}