{
    "timestamp": "2022-08-01 13:20:51.222709",
    "dataset": "dmv.csv",
    "model": "dmv.csv-2.6MB-model16.669-data16.507-made-resmade-hidden256_256_256_256_256-emb32-directIo-binaryInone_hotOut-inputNoEmbIfLeq-5epochs-seed0.pt",
    "query": "'SELECT Weight_100 FROM dmv.csv WHERE Fuel Type=GAS'",
    "avg_est": 60.41714096069336,
    "avg_real": 41.26659367630133,
    "avg_err": 0.46406901026555636,
    "count_est": 11137298.337726593,
    "count_real": 11147590,
    "count_err": 0.0009232185856680217,
    "sum_est": 672883723.5917234,
    "sum_real": 460023067.0,
    "sum_err": 0.46271735454457863,
    "query_dur_ms_est": 20.067214965820312,
    "query_dur_ms_real": 20195.28865814209,
    "query_dur_ms_err": 0.9990063417609171,
    "order": [
        0,
        1,
        2,
        3,
        4,
        5,
        6,
        7,
        8,
        9
    ],
    "groupby": false
}