{
    "timestamp": "2022-08-01 13:51:05.245573",
    "dataset": "dmv.csv",
    "model": "dmv.csv-2.6MB-model16.669-data16.507-made-resmade-hidden256_256_256_256_256-emb32-directIo-binaryInone_hotOut-inputNoEmbIfLeq-5epochs-seed0.pt",
    "query": "'SELECT Record Type FROM dmv.csv WHERE State>=PK AND Model Year>=1969.0'",
    "avg_est": 3.834136962890625,
    "avg_real": 3.657990028863815,
    "avg_err": 0.04815402246504255,
    "count_est": 23056.20131207304,
    "count_real": 19055,
    "count_err": 0.20998170097470695,
    "sum_est": 88400.63367446658,
    "sum_real": 69703.0,
    "sum_err": 0.2682471869857334,
    "query_dur_ms_est": 20.136594772338867,
    "query_dur_ms_real": 20195.28865814209,
    "query_dur_ms_err": 0.9990029063157648,
    "order": [
        1,
        2,
        3,
        4,
        5,
        6,
        7,
        8,
        9,
        0
    ],
    "groupby": false
}