{
    "timestamp": "2022-08-01 13:31:02.963609",
    "dataset": "dmv.csv",
    "model": "dmv.csv-2.6MB-model16.669-data16.507-made-resmade-hidden256_256_256_256_256-emb32-directIo-binaryInone_hotOut-inputNoEmbIfLeq-5epochs-seed0.pt",
    "query": "'SELECT Weight_100 FROM dmv.csv WHERE Suspension Indicator=Y'",
    "avg_est": 60.92172622680664,
    "avg_real": 45.14937177433707,
    "avg_err": 0.34933718527252217,
    "count_est": 140697.86463050917,
    "count_real": 140475,
    "count_err": 0.0015865074248739485,
    "sum_est": 8571556.78971618,
    "sum_real": 6342358.0,
    "sum_err": 0.35147791873561546,
    "query_dur_ms_est": 19.973278045654297,
    "query_dur_ms_real": 20195.28865814209,
    "query_dur_ms_err": 0.999010993188374,
    "order": [
        0,
        1,
        2,
        3,
        4,
        5,
        6,
        7,
        8,
        9
    ],
    "groupby": false
}