{
    "timestamp": "2022-08-01 14:14:59.966215",
    "dataset": "dmv.csv",
    "model": "dmv.csv-2.6MB-model16.669-data16.507-made-resmade-hidden256_256_256_256_256-emb32-directIo-binaryInone_hotOut-inputNoEmbIfLeq-5epochs-seed0.pt",
    "query": "'SELECT Fuel Type FROM dmv.csv WHERE Scofflaw Indicator=Y'",
    "avg_est": 5.90900182723999,
    "avg_real": 4.899049299225718,
    "avg_err": 0.20615275869420072,
    "count_est": 18786.731298884843,
    "count_real": 20406,
    "count_err": 0.07935257772788187,
    "sum_est": 111010.82957297725,
    "sum_real": 99970.0,
    "sum_err": 0.11044142815821997,
    "query_dur_ms_est": 20.00904083251953,
    "query_dur_ms_real": 20195.28865814209,
    "query_dur_ms_err": 0.9990092223403575,
    "order": [
        0,
        1,
        2,
        4,
        5,
        6,
        7,
        8,
        9,
        3
    ],
    "groupby": false
}