{
    "timestamp": "2022-08-01 12:40:40.133274",
    "dataset": "dmv.csv",
    "model": "dmv.csv-2.6MB-model16.669-data16.507-made-resmade-hidden256_256_256_256_256-emb32-directIo-binaryInone_hotOut-inputNoEmbIfLeq-5epochs-seed0.pt",
    "query": "'SELECT County FROM dmv.csv WHERE Model Year>=1978.0'",
    "avg_est": 34.437217712402344,
    "avg_real": 34.3730302729095,
    "avg_err": 0.0018673779699728418,
    "count_est": 12446706.22966671,
    "count_real": 12454898,
    "count_err": 0.0006577147667760989,
    "sum_est": 428629932.233347,
    "sum_real": 428112586.0,
    "sum_err": 0.001208435001130751,
    "query_dur_ms_est": 20.03955841064453,
    "query_dur_ms_real": 20195.28865814209,
    "query_dur_ms_err": 0.9990077112167166,
    "order": [
        0,
        1,
        3,
        4,
        5,
        6,
        7,
        8,
        9,
        2
    ],
    "groupby": false
}