{
    "timestamp": "2022-08-01 13:50:28.586383",
    "dataset": "dmv.csv",
    "model": "dmv.csv-2.6MB-model16.669-data16.507-made-resmade-hidden256_256_256_256_256-emb32-directIo-binaryInone_hotOut-inputNoEmbIfLeq-5epochs-seed0.pt",
    "query": "'SELECT State FROM dmv.csv WHERE Suspension Indicator=N AND Revocation Indicator=N'",
    "avg_est": 51.85743713378906,
    "avg_real": 51.862162842365535,
    "avg_err": 9.112054564396855e-05,
    "count_est": 12503215.546700478,
    "count_real": 12500236,
    "count_err": 0.0002383592358158358,
    "sum_est": 648384714.1832341,
    "sum_real": 648289275.0,
    "sum_err": 0.00014721697074827526,
    "query_dur_ms_est": 20.30634880065918,
    "query_dur_ms_real": 20195.28865814209,
    "query_dur_ms_err": 0.9989945006905127,
    "order": [
        0,
        2,
        3,
        4,
        5,
        6,
        7,
        8,
        9,
        1
    ],
    "groupby": false
}