{
    "timestamp": "2022-08-01 14:08:09.024537",
    "dataset": "dmv.csv",
    "model": "dmv.csv-2.6MB-model16.669-data16.507-made-resmade-hidden256_256_256_256_256-emb32-directIo-binaryInone_hotOut-inputNoEmbIfLeq-5epochs-seed0.pt",
    "query": "'SELECT Model Year FROM dmv.csv WHERE State>=OK'",
    "avg_est": 119.37126159667969,
    "avg_real": 87.65752308165092,
    "avg_err": 0.3617914059183279,
    "count_est": 77941.82059064694,
    "count_real": 74843,
    "count_err": 0.04140428083651026,
    "sum_est": 9304013.45504759,
    "sum_real": 6560552.0,
    "sum_err": 0.41817539972971646,
    "query_dur_ms_est": 20.061016082763672,
    "query_dur_ms_real": 20195.28865814209,
    "query_dur_ms_err": 0.9990066487079067,
    "order": [
        0,
        1,
        2,
        3,
        4,
        5,
        6,
        7,
        9,
        8
    ],
    "groupby": false
}