{
    "timestamp": "2022-08-01 12:37:20.908024",
    "dataset": "dmv.csv",
    "model": "dmv.csv-2.6MB-model16.669-data16.507-made-resmade-hidden256_256_256_256_256-emb32-directIo-binaryInone_hotOut-inputNoEmbIfLeq-5epochs-seed0.pt",
    "query": "'SELECT Suspension Indicator FROM dmv.csv WHERE Registration Class<=LTR'",
    "avg_est": 1.0109761953353882,
    "avg_real": 1.0036309511261219,
    "avg_err": 0.007318670474465325,
    "count_est": 1733571.3045514226,
    "count_real": 1802558,
    "count_err": 0.0382715537855522,
    "sum_est": 1752599.3218180027,
    "sum_real": 1809103.0,
    "sum_err": 0.0312329802017891,
    "query_dur_ms_est": 20.09105682373047,
    "query_dur_ms_real": 20195.28865814209,
    "query_dur_ms_err": 0.9990051611955727,
    "order": [
        0,
        1,
        2,
        3,
        4,
        6,
        7,
        8,
        9,
        5
    ],
    "groupby": false
}