{
    "timestamp": "2022-08-01 13:08:40.072776",
    "dataset": "dmv.csv",
    "model": "dmv.csv-2.6MB-model16.669-data16.507-made-resmade-hidden256_256_256_256_256-emb32-directIo-binaryInone_hotOut-inputNoEmbIfLeq-5epochs-seed0.pt",
    "query": "'SELECT State FROM dmv.csv WHERE County=MONROE AND Fuel Type=COMP N/G AND Weight_100>=90.0<=98.0'",
    "avg_est": 51.856266021728516,
    "avg_real": 1.0,
    "avg_err": 50.856266021728516,
    "count_est": 72.697058920794,
    "count_real": 8,
    "count_err": 8.08713236509925,
    "sum_est": 3769.798026393966,
    "sum_real": 8.0,
    "sum_err": 470.2247532992458,
    "query_dur_ms_est": 20.43747901916504,
    "query_dur_ms_real": 20195.28865814209,
    "query_dur_ms_err": 0.9989880075811184,
    "order": [
        0,
        2,
        3,
        4,
        5,
        6,
        7,
        8,
        9,
        1
    ],
    "groupby": false
}