{
    "timestamp": "2022-08-01 13:42:51.983067",
    "dataset": "dmv.csv",
    "model": "dmv.csv-2.6MB-model16.669-data16.507-made-resmade-hidden256_256_256_256_256-emb32-directIo-binaryInone_hotOut-inputNoEmbIfLeq-5epochs-seed0.pt",
    "query": "'SELECT State FROM dmv.csv WHERE Fuel Type=GAS AND Suspension Indicator=N'",
    "avg_est": 51.85620880126953,
    "avg_real": 50.88041719422282,
    "avg_err": 0.019178136911139645,
    "count_est": 10986256.820840597,
    "count_real": 11011466,
    "count_err": 0.0022893572172318242,
    "sum_est": 569705627.6458817,
    "sum_real": 560267984.0,
    "sum_err": 0.016844874087757356,
    "query_dur_ms_est": 20.415067672729492,
    "query_dur_ms_real": 20195.28865814209,
    "query_dur_ms_err": 0.9989891173125421,
    "order": [
        0,
        2,
        3,
        4,
        5,
        6,
        7,
        8,
        9,
        1
    ],
    "groupby": false
}