{
    "timestamp": "2022-08-01 12:35:14.642337",
    "dataset": "dmv.csv",
    "model": "dmv.csv-2.6MB-model16.669-data16.507-made-resmade-hidden256_256_256_256_256-emb32-directIo-binaryInone_hotOut-inputNoEmbIfLeq-5epochs-seed0.pt",
    "query": "'SELECT Registration Class FROM dmv.csv WHERE Record Type=TRL AND Fuel Type=OTHER'",
    "avg_est": 45.9932861328125,
    "avg_real": 1.0,
    "avg_err": 44.9932861328125,
    "count_est": 0.9416797892247359,
    "count_real": 2,
    "count_err": 0.529160105387632,
    "sum_est": 43.31094799129985,
    "sum_real": 2.0,
    "sum_err": 20.655473995649924,
    "query_dur_ms_est": 20.267009735107422,
    "query_dur_ms_real": 20195.28865814209,
    "query_dur_ms_err": 0.9989964486233309,
    "order": [
        0,
        1,
        2,
        3,
        4,
        5,
        6,
        8,
        9,
        7
    ],
    "groupby": false
}