{
    "timestamp": "2022-08-01 13:22:26.184399",
    "dataset": "dmv.csv",
    "model": "dmv.csv-2.6MB-model16.669-data16.507-made-resmade-hidden256_256_256_256_256-emb32-directIo-binaryInone_hotOut-inputNoEmbIfLeq-5epochs-seed0.pt",
    "query": "'SELECT Model Year FROM dmv.csv WHERE Weight_100>=46.0<=74.0'",
    "avg_est": 113.99748229980469,
    "avg_real": 103.13528249771126,
    "avg_err": 0.10531992097209293,
    "count_est": 2689528.9387584925,
    "count_real": 2811598,
    "count_err": 0.043416256961879875,
    "sum_est": 306599527.59093374,
    "sum_real": 289974954.0,
    "sum_err": 0.05733106725808375,
    "query_dur_ms_est": 20.107746124267578,
    "query_dur_ms_real": 20195.28865814209,
    "query_dur_ms_err": 0.9990043347998316,
    "order": [
        0,
        1,
        2,
        3,
        4,
        5,
        6,
        7,
        9,
        8
    ],
    "groupby": false
}