{
    "timestamp": "2022-08-01 12:37:36.010499",
    "dataset": "dmv.csv",
    "model": "dmv.csv-2.6MB-model16.669-data16.507-made-resmade-hidden256_256_256_256_256-emb32-directIo-binaryInone_hotOut-inputNoEmbIfLeq-5epochs-seed0.pt",
    "query": "'SELECT Registration Class FROM dmv.csv WHERE Suspension Indicator=Y AND Revocation Indicator=Y'",
    "avg_est": 46.839637756347656,
    "avg_real": 2.88,
    "avg_err": 15.263763109842936,
    "count_est": 48.159917043962196,
    "count_real": 75,
    "count_err": 0.35786777274717074,
    "sum_est": 2255.793068714943,
    "sum_real": 216.0,
    "sum_err": 9.443486429235847,
    "query_dur_ms_est": 20.186901092529297,
    "query_dur_ms_real": 20195.28865814209,
    "query_dur_ms_err": 0.9990004153228882,
    "order": [
        0,
        1,
        2,
        3,
        4,
        5,
        6,
        8,
        9,
        7
    ],
    "groupby": false
}