{
    "timestamp": "2022-08-01 14:14:35.867910",
    "dataset": "dmv.csv",
    "model": "dmv.csv-2.6MB-model16.669-data16.507-made-resmade-hidden256_256_256_256_256-emb32-directIo-binaryInone_hotOut-inputNoEmbIfLeq-5epochs-seed0.pt",
    "query": "'SELECT Revocation Indicator FROM dmv.csv WHERE State<=NT AND County>=OUT-OF-STATE<=ST LAWRENCE AND Suspension Indicator=Y AND Weight_100>=5.0<=8.0'",
    "avg_est": 1.0007414817810059,
    "avg_real": 1.0,
    "avg_err": 0.0007414817810058594,
    "count_est": 64.74483011834309,
    "count_real": 64,
    "count_err": 0.011637970599110758,
    "sum_est": 64.79283723029016,
    "sum_real": 64.0,
    "sum_err": 0.012388081723283761,
    "query_dur_ms_est": 20.439863204956055,
    "query_dur_ms_real": 20195.28865814209,
    "query_dur_ms_err": 0.998987889524584,
    "order": [
        0,
        1,
        2,
        3,
        4,
        5,
        7,
        8,
        9,
        6
    ],
    "groupby": false
}