{
    "timestamp": "2022-08-01 12:43:12.610500",
    "dataset": "dmv.csv",
    "model": "dmv.csv-2.6MB-model16.669-data16.507-made-resmade-hidden256_256_256_256_256-emb32-directIo-binaryInone_hotOut-inputNoEmbIfLeq-5epochs-seed0.pt",
    "query": "'SELECT Record Type FROM dmv.csv WHERE State>=GL<=UT AND Fuel Type=ELECTRIC AND Scofflaw Indicator=Y AND Suspension Indicator=N AND Registration Class>=IRP AND Model Year>=2012.0 AND Weight_100>=7.0'",
    "avg_est": 3.834136962890625,
    "avg_real": 1.0,
    "avg_err": 2.834136962890625,
    "count_est": 54.192560045315986,
    "count_real": 36,
    "count_err": 0.5053488901476663,
    "sum_est": 207.78169758341568,
    "sum_real": 36.0,
    "sum_err": 4.771713821761547,
    "query_dur_ms_est": 20.600080490112305,
    "query_dur_ms_real": 20195.28865814209,
    "query_dur_ms_err": 0.9989799561254695,
    "order": [
        1,
        2,
        3,
        4,
        5,
        6,
        7,
        8,
        9,
        0
    ],
    "groupby": false
}