{
    "timestamp": "2022-08-01 14:18:12.995440",
    "dataset": "dmv.csv",
    "model": "dmv.csv-2.6MB-model16.669-data16.507-made-resmade-hidden256_256_256_256_256-emb32-directIo-binaryInone_hotOut-inputNoEmbIfLeq-5epochs-seed0.pt",
    "query": "'SELECT Scofflaw Indicator FROM dmv.csv WHERE Fuel Type=DIESEL AND Suspension Indicator=N AND Revocation Indicator=Y AND Registration Class>=GSM AND Model Year>=1906.0 AND Weight_100>=5.0'",
    "avg_est": 1.0012602806091309,
    "avg_real": NaN,
    "avg_err": NaN,
    "count_est": 307.8579478319225,
    "count_real": 0,
    "count_err": 0,
    "sum_est": 308.2459352339419,
    "sum_real": NaN,
    "sum_err": NaN,
    "query_dur_ms_est": 20.452022552490234,
    "query_dur_ms_real": 20195.28865814209,
    "query_dur_ms_err": 0.9989872874362583,
    "order": [
        0,
        1,
        2,
        3,
        5,
        6,
        7,
        8,
        9,
        4
    ],
    "groupby": false
}