{
    "timestamp": "2022-08-01 13:57:11.336647",
    "dataset": "dmv.csv",
    "model": "dmv.csv-2.6MB-model16.669-data16.507-made-resmade-hidden256_256_256_256_256-emb32-directIo-binaryInone_hotOut-inputNoEmbIfLeq-5epochs-seed0.pt",
    "query": "'SELECT Weight_100 FROM dmv.csv WHERE State>=GL<=WI AND County>=GREENE<=NEW YORK AND Fuel Type=GAS AND Scofflaw Indicator=Y AND Suspension Indicator=N AND Revocation Indicator=Y'",
    "avg_est": 92.9898681640625,
    "avg_real": 1.0,
    "avg_err": 91.9898681640625,
    "count_est": 2.3382459964046234,
    "count_real": 3,
    "count_err": 0.22058466786512554,
    "sum_est": 217.43318694081287,
    "sum_real": 3.0,
    "sum_err": 71.47772898027095,
    "query_dur_ms_est": 20.474910736083984,
    "query_dur_ms_real": 20195.28865814209,
    "query_dur_ms_err": 0.9989861540935276,
    "order": [
        0,
        1,
        2,
        3,
        4,
        5,
        6,
        7,
        8,
        9
    ],
    "groupby": false
}