{
    "timestamp": "2022-08-01 13:49:58.481856",
    "dataset": "dmv.csv",
    "model": "dmv.csv-2.6MB-model16.669-data16.507-made-resmade-hidden256_256_256_256_256-emb32-directIo-binaryInone_hotOut-inputNoEmbIfLeq-5epochs-seed0.pt",
    "query": "'SELECT Model Year FROM dmv.csv WHERE Suspension Indicator=Y'",
    "avg_est": 113.09262084960938,
    "avg_real": 81.95326570564157,
    "avg_err": 0.3799647869532575,
    "count_est": 141222.53026824445,
    "count_real": 140475,
    "count_err": 0.005321447006545259,
    "sum_est": 15971226.071049053,
    "sum_real": 11512385.0,
    "sum_err": 0.3873081964379278,
    "query_dur_ms_est": 20.079612731933594,
    "query_dur_ms_real": 20195.28865814209,
    "query_dur_ms_err": 0.999005727866938,
    "order": [
        0,
        1,
        2,
        3,
        4,
        5,
        6,
        7,
        9,
        8
    ],
    "groupby": false
}