{
    "timestamp": "2022-08-01 13:13:05.528803",
    "dataset": "dmv.csv",
    "model": "dmv.csv-2.6MB-model16.669-data16.507-made-resmade-hidden256_256_256_256_256-emb32-directIo-binaryInone_hotOut-inputNoEmbIfLeq-5epochs-seed0.pt",
    "query": "'SELECT Suspension Indicator FROM dmv.csv WHERE State>=MI'",
    "avg_est": 1.0105586051940918,
    "avg_real": 1.0110454197898098,
    "avg_err": 0.0004814962673182208,
    "count_est": 12570998.385044098,
    "count_real": 12574805,
    "count_err": 0.0003027176131878069,
    "sum_est": 12703730.593887344,
    "sum_real": 12713698.999999998,
    "sum_err": 0.0007840681231051747,
    "query_dur_ms_est": 20.160913467407227,
    "query_dur_ms_real": 20195.28865814209,
    "query_dur_ms_err": 0.9990017021391135,
    "order": [
        0,
        1,
        2,
        3,
        4,
        6,
        7,
        8,
        9,
        5
    ],
    "groupby": false
}