{
    "timestamp": "2022-08-01 12:40:00.875560",
    "dataset": "dmv.csv",
    "model": "dmv.csv-2.6MB-model16.669-data16.507-made-resmade-hidden256_256_256_256_256-emb32-directIo-binaryInone_hotOut-inputNoEmbIfLeq-5epochs-seed0.pt",
    "query": "'SELECT Model Year FROM dmv.csv WHERE Record Type=VEH AND State=SK AND Fuel Type=DIESEL AND Scofflaw Indicator=Y AND Suspension Indicator=N'",
    "avg_est": 116.08064270019531,
    "avg_real": NaN,
    "avg_err": NaN,
    "count_est": 4.1897878626860987e-07,
    "count_real": 0,
    "count_err": 0,
    "sum_est": 4.8635326787808e-05,
    "sum_real": NaN,
    "sum_err": NaN,
    "query_dur_ms_est": 20.43008804321289,
    "query_dur_ms_real": 20195.28865814209,
    "query_dur_ms_err": 0.9989883735563752,
    "order": [
        0,
        1,
        2,
        3,
        4,
        5,
        6,
        7,
        9,
        8
    ],
    "groupby": false
}