{
    "timestamp": "2022-08-01 13:07:49.123832",
    "dataset": "dmv.csv",
    "model": "dmv.csv-2.6MB-model16.669-data16.507-made-resmade-hidden256_256_256_256_256-emb32-directIo-binaryInone_hotOut-inputNoEmbIfLeq-5epochs-seed0.pt",
    "query": "'SELECT Registration Class FROM dmv.csv WHERE Record Type=VEH AND State>=IN<=IO AND County>=CHENANGO AND Revocation Indicator=N AND Weight_100<=52.0'",
    "avg_est": 25.398117065429688,
    "avg_real": 4.790123456790123,
    "avg_err": 4.302184232731455,
    "count_est": 249.5747015044908,
    "count_real": 81,
    "count_err": 2.0811691543764295,
    "sum_est": 6338.7274853807285,
    "sum_real": 388.0,
    "sum_err": 15.336926508713217,
    "query_dur_ms_est": 20.69687843322754,
    "query_dur_ms_real": 20195.28865814209,
    "query_dur_ms_err": 0.9989751630301712,
    "order": [
        0,
        1,
        2,
        3,
        4,
        5,
        6,
        8,
        9,
        7
    ],
    "groupby": false
}