{
    "timestamp": "2022-08-01 13:25:57.299796",
    "dataset": "dmv.csv",
    "model": "dmv.csv-2.6MB-model16.669-data16.507-made-resmade-hidden256_256_256_256_256-emb32-directIo-binaryInone_hotOut-inputNoEmbIfLeq-5epochs-seed0.pt",
    "query": "'SELECT Suspension Indicator FROM dmv.csv WHERE Fuel Type=PROPANE'",
    "avg_est": 1.009834885597229,
    "avg_real": 1.0041797283176594,
    "avg_err": 0.005631618643650431,
    "count_est": 836.473864145868,
    "count_real": 957,
    "count_err": 0.12594162576189344,
    "sum_est": 844.7004889048147,
    "sum_real": 961.0000000000001,
    "sum_err": 0.12101926232589529,
    "query_dur_ms_est": 20.203828811645508,
    "query_dur_ms_real": 20195.28865814209,
    "query_dur_ms_err": 0.9989995771214937,
    "order": [
        0,
        1,
        2,
        3,
        4,
        6,
        7,
        8,
        9,
        5
    ],
    "groupby": false
}