{
    "timestamp": "2022-07-26 14:36:38.217916",
    "dataset": "dmv.csv",
    "model": "dmv.csv-32.5MB*",
    "query": "'SELECT Model Year FROM dmv.csv WHERE Revocation Indicator=N'",
    "avg_est": 2012.02783203125,
    "avg_real": 2012.1336450903414,
    "avg_err": 5.258749057228244e-05,
    "count_est": 12639249.320254087,
    "count_real": 12640636,
    "count_err": 0.00010970015637761833,
    "sum_est": 25430521408.333282,
    "sum_real": 25434604724.0,
    "sum_err": 0.00016054173874636738,
    "query_dur_ms_est": 93.64724159240723,
    "query_dur_ms_real": 715.0382995605469,
    "query_dur_ms_err": 0.869031852349781,
    "order": [
        0,
        1,
        2,
        3,
        4,
        5,
        6,
        7,
        9,
        8
    ],
    "groupby": false
}