{
    "timestamp": "2022-07-26 14:36:32.745258",
    "dataset": "dmv.csv",
    "model": "dmv.csv-32.5MB*",
    "query": "'SELECT Unladen Weight FROM dmv.csv WHERE Fuel Type=OTHER'",
    "avg_est": 4597.17333984375,
    "avg_real": 4992.717086834734,
    "avg_err": 0.0792241459132525,
    "count_est": 1809.5341338681756,
    "count_real": 2149,
    "count_err": 0.15796457242057907,
    "sum_est": 8318742.077756028,
    "sum_real": 5347200.0,
    "sum_err": 0.5557192694786108,
    "query_dur_ms_est": 90.73710441589355,
    "query_dur_ms_real": 715.0382995605469,
    "query_dur_ms_err": 0.8731017562672386,
    "order": [
        0,
        1,
        2,
        3,
        4,
        5,
        6,
        7,
        8,
        9
    ],
    "groupby": false
}