{
    "timestamp": "2022-07-26 14:35:52.831657",
    "dataset": "dmv.csv",
    "model": "dmv.csv-32.5MB*",
    "query": "'SELECT Model Year FROM dmv.csv WHERE Scofflaw Indicator=N'",
    "avg_est": 2011.9173583984375,
    "avg_real": 2012.132893623007,
    "avg_err": 0.0001071177879217673,
    "count_est": 12623089.802345514,
    "count_real": 12625910,
    "count_err": 0.00022336589239791053,
    "sum_est": 25396613489.961243,
    "sum_real": 25404964556.0,
    "sum_err": 0.00032871787797023386,
    "query_dur_ms_est": 90.84320068359375,
    "query_dur_ms_real": 715.0382995605469,
    "query_dur_ms_err": 0.8729533778268593,
    "order": [
        0,
        1,
        2,
        3,
        4,
        5,
        6,
        7,
        9,
        8
    ],
    "groupby": false
}