{
    "timestamp": "2022-07-26 14:36:30.788525",
    "dataset": "dmv.csv",
    "model": "dmv.csv-32.5MB*",
    "query": "'SELECT Model Year FROM dmv.csv WHERE Revocation Indicator=N'",
    "avg_est": 2011.9765625,
    "avg_real": 2012.1336450903414,
    "avg_err": 7.806767245537902e-05,
    "count_est": 12639366.90980506,
    "count_real": 12640636,
    "count_err": 0.00010039765364183946,
    "sum_est": 25430109987.36583,
    "sum_real": 25434604724.0,
    "sum_err": 0.00017671737709095653,
    "query_dur_ms_est": 90.69395065307617,
    "query_dur_ms_real": 715.0382995605469,
    "query_dur_ms_err": 0.8731621079474827,
    "order": [
        0,
        1,
        2,
        3,
        4,
        5,
        6,
        7,
        9,
        8
    ],
    "groupby": false
}