{
    "timestamp": "2022-07-26 14:35:58.476169",
    "dataset": "dmv.csv",
    "model": "dmv.csv-32.5MB*",
    "query": "'SELECT Unladen Weight FROM dmv.csv WHERE County>=CHEMUNG AND Fuel Type=FLEX AND Model Year<=1948.0'",
    "avg_est": 2971.11328125,
    "avg_real": 1999.8,
    "avg_err": 0.48570521114611465,
    "count_est": 7.6393055209166505,
    "count_real": 5,
    "count_err": 0.5278611041833301,
    "sum_est": 22697.24209272191,
    "sum_real": 9999.0,
    "sum_err": 1.2699512043926302,
    "query_dur_ms_est": 90.8656120300293,
    "query_dur_ms_real": 715.0382995605469,
    "query_dur_ms_err": 0.8729220349652961,
    "order": [
        0,
        1,
        2,
        3,
        4,
        5,
        6,
        7,
        8,
        9
    ],
    "groupby": false
}