{
    "timestamp": "2022-07-26 14:35:43.764667",
    "dataset": "dmv.csv",
    "model": "dmv.csv-32.5MB*",
    "query": "'SELECT Model Year FROM dmv.csv WHERE Fuel Type=NONE AND Unladen Weight=20060.0'",
    "avg_est": 2008.0859375,
    "avg_real": 2011.5,
    "avg_err": 0.001697271936365896,
    "count_est": 3.1787568666931065,
    "count_real": 6,
    "count_err": 0.47020718888448226,
    "sum_est": 6383.216962737989,
    "sum_real": 12069.0,
    "sum_err": 0.47110639135487703,
    "query_dur_ms_est": 93.33968162536621,
    "query_dur_ms_real": 715.0382995605469,
    "query_dur_ms_err": 0.8694619831095319,
    "order": [
        0,
        1,
        2,
        3,
        4,
        5,
        6,
        7,
        9,
        8
    ],
    "groupby": false
}