{
    "timestamp": "2022-07-26 14:36:35.030372",
    "dataset": "dmv.csv",
    "model": "dmv.csv-32.5MB*",
    "query": "'SELECT Model Year FROM dmv.csv WHERE County<=CLINTON'",
    "avg_est": 2011.460205078125,
    "avg_real": 2011.4877765671072,
    "avg_err": 1.3707012940058904e-05,
    "count_est": 1309114.38917467,
    "count_real": 1293134,
    "count_err": 0.012357875653002691,
    "sum_est": 2633231497.720006,
    "sum_real": 2601117200.0,
    "sum_err": 0.01234634783853876,
    "query_dur_ms_est": 91.37749671936035,
    "query_dur_ms_real": 715.0382995605469,
    "query_dur_ms_err": 0.8722061506698037,
    "order": [
        0,
        1,
        2,
        3,
        4,
        5,
        6,
        7,
        9,
        8
    ],
    "groupby": false
}