{
    "timestamp": "2022-07-26 14:36:01.666846",
    "dataset": "dmv.csv",
    "model": "dmv.csv-32.5MB*",
    "query": "'SELECT Model Year FROM dmv.csv WHERE Revocation Indicator=N'",
    "avg_est": 2011.9908447265625,
    "avg_real": 2012.1336450903414,
    "avg_err": 7.096962178794498e-05,
    "count_est": 12639458.11708498,
    "count_real": 12640636,
    "count_err": 9.318225087883149e-05,
    "sum_est": 25430474013.879814,
    "sum_real": 25434604724.0,
    "sum_err": 0.00016240512345325065,
    "query_dur_ms_est": 91.28046035766602,
    "query_dur_ms_real": 715.0382995605469,
    "query_dur_ms_err": 0.8723418585916786,
    "order": [
        0,
        1,
        2,
        3,
        4,
        5,
        6,
        7,
        9,
        8
    ],
    "groupby": false
}