{
    "timestamp": "2022-07-26 14:36:18.051788",
    "dataset": "dmv.csv",
    "model": "dmv.csv-32.5MB*",
    "query": "'SELECT Unladen Weight FROM dmv.csv WHERE Fuel Type=NONE AND Suspension Indicator=Y'",
    "avg_est": 6257.2490234375,
    "avg_real": 12893.085324232083,
    "avg_err": 0.5146817952350606,
    "count_est": 392.0240589044988,
    "count_real": 327,
    "count_err": 0.19885033304128077,
    "sum_est": 2452992.1597441803,
    "sum_real": 3777674.0,
    "sum_err": 0.35066070821776035,
    "query_dur_ms_est": 90.80672264099121,
    "query_dur_ms_real": 715.0382995605469,
    "query_dur_ms_err": 0.873004393335574,
    "order": [
        0,
        1,
        2,
        3,
        4,
        5,
        6,
        7,
        8,
        9
    ],
    "groupby": false
}