{
    "timestamp": "2022-07-26 14:36:25.642918",
    "dataset": "dmv.csv",
    "model": "dmv.csv-32.5MB*",
    "query": "'SELECT Model Year FROM dmv.csv WHERE County=STEUBEN AND Suspension Indicator=Y'",
    "avg_est": 2009.0869140625,
    "avg_real": 2009.9722675367047,
    "avg_err": 0.00044048044269276513,
    "count_est": 605.4754209812672,
    "count_real": 613,
    "count_err": 0.012275006555844643,
    "sum_est": 1216452.7450799472,
    "sum_real": 1232113.0,
    "sum_err": 0.012710080098215691,
    "query_dur_ms_est": 90.75546264648438,
    "query_dur_ms_real": 715.0382995605469,
    "query_dur_ms_err": 0.8730760817955325,
    "order": [
        0,
        1,
        2,
        3,
        4,
        5,
        6,
        7,
        9,
        8
    ],
    "groupby": false
}