{
    "timestamp": "2022-07-26 14:36:15.979770",
    "dataset": "dmv.csv",
    "model": "dmv.csv-32.5MB*",
    "query": "'SELECT Model Year FROM dmv.csv WHERE Record Type=VEH AND State>=NJ<=SS AND County<=DELAWARE AND Fuel Type=ELECTRIC AND Scofflaw Indicator=N AND Suspension Indicator=Y AND Revocation Indicator=N AND Registration Class<=CMH AND Unladen Weight>=9142.0'",
    "avg_est": 2016.615478515625,
    "avg_real": NaN,
    "avg_err": NaN,
    "count_est": 0.00013143617647888572,
    "count_real": 0,
    "count_err": "result=0!",
    "sum_est": 0.2650562279242323,
    "sum_real": 0.0,
    "sum_err": "result=0!",
    "query_dur_ms_est": 94.26689147949219,
    "query_dur_ms_real": 715.0382995605469,
    "query_dur_ms_err": 0.868165255571027,
    "order": [
        0,
        1,
        2,
        3,
        4,
        5,
        6,
        7,
        9,
        8
    ],
    "groupby": false
}