{
    "timestamp": "2022-07-26 14:35:49.644224",
    "dataset": "dmv.csv",
    "model": "dmv.csv-32.5MB*",
    "query": "'SELECT Model Year FROM dmv.csv WHERE State>=GA<=NU AND Scofflaw Indicator=N AND Revocation Indicator=N AND Registration Class>=BOB<=SUP AND Unladen Weight<=38681.0'",
    "avg_est": 2016.2852783203125,
    "avg_real": 2017.541573356302,
    "avg_err": 0.0006226860712959691,
    "count_est": 35323.60254476499,
    "count_real": 34830,
    "count_err": 0.014171764133361704,
    "sum_est": 71222459.78824757,
    "sum_real": 70270973.0,
    "sum_err": 0.013540253501934154,
    "query_dur_ms_est": 95.97611427307129,
    "query_dur_ms_real": 715.0382995605469,
    "query_dur_ms_err": 0.865774862224783,
    "order": [
        0,
        1,
        2,
        3,
        4,
        5,
        6,
        7,
        9,
        8
    ],
    "groupby": false
}