{
    "timestamp": "2022-07-26 14:35:54.789802",
    "dataset": "dmv.csv",
    "model": "dmv.csv-32.5MB*",
    "query": "'SELECT Unladen Weight FROM dmv.csv WHERE State>=TX AND Registration Class>=TOW<=USC'",
    "avg_est": 273.96368408203125,
    "avg_real": NaN,
    "avg_err": NaN,
    "count_est": 692.2993811571068,
    "count_real": 858,
    "count_err": 0.19312426438565636,
    "sum_est": 189664.88894951137,
    "sum_real": 0.0,
    "sum_err": "result=0!",
    "query_dur_ms_est": 90.76189994812012,
    "query_dur_ms_real": 715.0382995605469,
    "query_dur_ms_err": 0.8730670790587005,
    "order": [
        0,
        1,
        2,
        3,
        4,
        5,
        6,
        7,
        8,
        9
    ],
    "groupby": false
}