{
    "timestamp": "2022-07-26 14:35:45.825922",
    "dataset": "dmv.csv",
    "model": "dmv.csv-32.5MB*",
    "query": "'SELECT Model Year FROM dmv.csv WHERE Record Type=BOAT AND State>=IN AND County>=STEUBEN AND Scofflaw Indicator=Y AND Suspension Indicator=Y AND Revocation Indicator=Y AND Registration Class>=FAR<=SEM AND Unladen Weight>=8446.0<=20130.0'",
    "avg_est": 2007.468017578125,
    "avg_real": NaN,
    "avg_err": NaN,
    "count_est": 8.929919826089975e-12,
    "count_real": 0,
    "count_err": "result=0!",
    "sum_est": 1.7926528450412437e-08,
    "sum_real": 0.0,
    "sum_err": "result=0!",
    "query_dur_ms_est": 93.51539611816406,
    "query_dur_ms_real": 715.0382995605469,
    "query_dur_ms_err": 0.8692162417374882,
    "order": [
        0,
        1,
        2,
        3,
        4,
        5,
        6,
        7,
        9,
        8
    ],
    "groupby": false
}