{
    "timestamp": "2022-07-26 14:36:03.628123",
    "dataset": "dmv.csv",
    "model": "dmv.csv-32.5MB*",
    "query": "'SELECT Unladen Weight FROM dmv.csv WHERE Fuel Type=OTHER AND Registration Class>=ATV'",
    "avg_est": 4424.189453125,
    "avg_real": 4992.717086834734,
    "avg_err": 0.11387138983077592,
    "count_est": 1983.815755045507,
    "count_real": 2149,
    "count_err": 0.07686563283131359,
    "sum_est": 8776776.740415541,
    "sum_real": 5347200.0,
    "sum_err": 0.6413780558826192,
    "query_dur_ms_est": 90.82961082458496,
    "query_dur_ms_real": 715.0382995605469,
    "query_dur_ms_err": 0.8729723836046158,
    "order": [
        0,
        1,
        2,
        3,
        4,
        5,
        6,
        7,
        8,
        9
    ],
    "groupby": false
}