{
    "timestamp": "2022-07-26 14:36:27.611085",
    "dataset": "dmv.csv",
    "model": "dmv.csv-32.5MB*",
    "query": "'SELECT Model Year FROM dmv.csv WHERE Record Type=SNOW'",
    "avg_est": 2009.7564697265625,
    "avg_real": 2009.872658579531,
    "avg_err": 5.780906191865444e-05,
    "count_est": 111555.17180335522,
    "count_real": 113019,
    "count_err": 0.012952054049715384,
    "sum_est": 224198728.26325133,
    "sum_real": 227153798.0,
    "sum_err": 0.013009114365539535,
    "query_dur_ms_est": 92.88191795349121,
    "query_dur_ms_real": 715.0382995605469,
    "query_dur_ms_err": 0.8701021777286961,
    "order": [
        0,
        1,
        2,
        3,
        4,
        5,
        6,
        7,
        9,
        8
    ],
    "groupby": false
}