{
    "timestamp": "2022-07-26 14:35:41.692245",
    "dataset": "dmv.csv",
    "model": "dmv.csv-32.5MB*",
    "query": "'SELECT Model Year FROM dmv.csv WHERE Registration Class>=SPC'",
    "avg_est": 2010.6939697265625,
    "avg_real": 2010.6144794855234,
    "avg_err": 3.953529721892717e-05,
    "count_est": 514790.5181247443,
    "count_real": 569744,
    "count_err": 0.09645293653861331,
    "sum_est": 1035086190.465836,
    "sum_real": 1145535536.0,
    "sum_err": 0.09641721453690805,
    "query_dur_ms_est": 96.36998176574707,
    "query_dur_ms_real": 715.0382995605469,
    "query_dur_ms_err": 0.8652240281045438,
    "order": [
        0,
        1,
        2,
        3,
        4,
        5,
        6,
        7,
        9,
        8
    ],
    "groupby": false
}