{
    "timestamp": "2022-07-26 14:36:05.596206",
    "dataset": "dmv.csv",
    "model": "dmv.csv-32.5MB*",
    "query": "'SELECT Model Year FROM dmv.csv WHERE Fuel Type=ELECTRIC AND Scofflaw Indicator=Y AND Suspension Indicator=Y AND Revocation Indicator=Y'",
    "avg_est": 2017.887939453125,
    "avg_real": NaN,
    "avg_err": NaN,
    "count_est": 0.004723793666507881,
    "count_real": 0,
    "count_err": "result=0!",
    "sum_est": 9.532086268111309,
    "sum_real": 0.0,
    "sum_err": "result=0!",
    "query_dur_ms_est": 91.77875518798828,
    "query_dur_ms_real": 715.0382995605469,
    "query_dur_ms_err": 0.8716449800739425,
    "order": [
        0,
        1,
        2,
        3,
        4,
        5,
        6,
        7,
        9,
        8
    ],
    "groupby": false
}