{
    "timestamp": "2022-07-26 14:36:08.838764",
    "dataset": "dmv.csv",
    "model": "dmv.csv-32.5MB*",
    "query": "'SELECT Unladen Weight FROM dmv.csv WHERE Record Type=VEH'",
    "avg_est": 3479.2822265625,
    "avg_real": 4112.141570091906,
    "avg_err": 0.1539001838196105,
    "count_est": 11406692.230107546,
    "count_real": 11392466,
    "count_err": 0.0012487401856231875,
    "sum_est": 39687101540.08175,
    "sum_real": 39428257858.0,
    "sum_err": 0.006564928204892257,
    "query_dur_ms_est": 91.56584739685059,
    "query_dur_ms_real": 715.0382995605469,
    "query_dur_ms_err": 0.8719427372587933,
    "order": [
        0,
        1,
        2,
        3,
        4,
        5,
        6,
        7,
        8,
        9
    ],
    "groupby": false
}