{
    "timestamp": "2022-07-26 14:36:23.581559",
    "dataset": "dmv.csv",
    "model": "dmv.csv-32.5MB*",
    "query": "'SELECT Unladen Weight FROM dmv.csv WHERE Scofflaw Indicator=N AND Registration Class>=AGR<=GSM'",
    "avg_est": 269.1129150390625,
    "avg_real": 2316.381815360974,
    "avg_err": 0.8838218668207231,
    "count_est": 1207393.868462503,
    "count_real": 1240576,
    "count_err": 0.026747358918354894,
    "sum_est": 324925283.54223454,
    "sum_real": 313536177.0,
    "sum_err": 0.03632469672625542,
    "query_dur_ms_est": 91.81976318359375,
    "query_dur_ms_real": 715.0382995605469,
    "query_dur_ms_err": 0.8715876293059757,
    "order": [
        0,
        1,
        2,
        3,
        4,
        5,
        6,
        7,
        8,
        9
    ],
    "groupby": false
}