{
    "timestamp": "2022-07-21 18:56:19.765945",
    "dataset": "store_sales_1G.csv",
    "model": "store_sales_1G.csv-275.8MB-model32.963-data21.235-made-resmade-hidden256_256_256_256_256-emb32-directIo-binaryInone_hotOut-inputNoEmbIfLeq-10epochs-seed0.pt",
    "query": "'SELECT ss_quantity FROM store_sales_1G.csv WHERE ss_store_sk=8.0 AND ss_sales_price>=27.63<=32.36'",
    "avg_est": 49.317161560058594,
    "avg_real": 50.808889282394084,
    "avg_err": 0.029359581431597885,
    "count_est": 22715.423857182264,
    "count_real": 22875,
    "count_err": 0.006976006243398281,
    "sum_est": 1120260.2282698671,
    "sum_real": 1147722.0,
    "sum_err": 0.023927198163085545,
    "query_dur_ms_est": 353.3298969268799,
    "query_dur_ms_real": 48.85458946228027,
    "query_dur_ms_err": 6.232276451727824,
    "order": [
        0,
        1,
        2,
        4,
        3
    ],
    "groupby": false
}