{
    "timestamp": "2022-07-21 19:48:49.665040",
    "dataset": "store_sales_1G.csv",
    "model": "store_sales_1G.csv-275.8MB-model32.963-data21.235-made-resmade-hidden256_256_256_256_256-emb32-directIo-binaryInone_hotOut-inputNoEmbIfLeq-10epochs-seed0.pt",
    "query": "'SELECT ss_sales_price FROM store_sales_1G.csv WHERE ss_store_sk=7.0'",
    "avg_est": 37.056121826171875,
    "avg_real": 37.837386629830306,
    "avg_err": 0.020647958890545992,
    "count_est": 452115.19542753696,
    "count_real": 458194,
    "count_err": 0.013266879471278619,
    "sum_est": 16753635.761226315,
    "sum_real": 16927841.380000003,
    "sum_err": 0.010291071074160054,
    "query_dur_ms_est": 352.6654243469238,
    "query_dur_ms_real": 48.85458946228027,
    "query_dur_ms_err": 6.218675424940584,
    "order": [
        0,
        1,
        3,
        4,
        2
    ],
    "groupby": false
}