{
    "timestamp": "2022-07-21 19:34:44.494268",
    "dataset": "store_sales_1G.csv",
    "model": "store_sales_1G.csv-275.8MB-model32.963-data21.235-made-resmade-hidden256_256_256_256_256-emb32-directIo-binaryInone_hotOut-inputNoEmbIfLeq-10epochs-seed0.pt",
    "query": "'SELECT ss_sales_price FROM store_sales_1G.csv WHERE ss_sold_date_sk>=2450884.0<=2451172.0 AND ss_store_sk=1.0 AND ss_ext_discount_amt>=1761.34'",
    "avg_est": 37.589439392089844,
    "avg_real": 76.16099047619046,
    "avg_err": 0.5064476032012596,
    "count_est": 991.3987625726731,
    "count_real": 2642,
    "count_err": 0.6247544426295711,
    "sum_est": 37266.12369911837,
    "sum_real": 199922.59999999998,
    "sum_err": 0.8135972436376958,
    "query_dur_ms_est": 362.8509044647217,
    "query_dur_ms_real": 48.85458946228027,
    "query_dur_ms_err": 6.427161060167585,
    "order": [
        0,
        1,
        3,
        4,
        2
    ],
    "groupby": false
}