{
    "timestamp": "2022-07-21 18:51:46.676344",
    "dataset": "store_sales_1G.csv",
    "model": "store_sales_1G.csv-275.8MB-model32.963-data21.235-made-resmade-hidden256_256_256_256_256-emb32-directIo-binaryInone_hotOut-inputNoEmbIfLeq-10epochs-seed0.pt",
    "query": "'SELECT ss_sales_price FROM store_sales_1G.csv WHERE ss_sold_date_sk>=2451412.0<=2452324.0 AND ss_store_sk=1.0 AND ss_quantity>=87.0 AND ss_ext_discount_amt>=1611.04'",
    "avg_est": 37.492401123046875,
    "avg_real": 66.85889393314072,
    "avg_err": 0.43923090979429763,
    "count_est": 645.294503301091,
    "count_real": 2428,
    "count_err": 0.7342279640440317,
    "sum_est": 24193.6403602618,
    "sum_real": 161999.09999999998,
    "sum_err": 0.8506557112955454,
    "query_dur_ms_est": 362.85948753356934,
    "query_dur_ms_real": 48.85458946228027,
    "query_dur_ms_err": 6.427336746197129,
    "order": [
        0,
        1,
        3,
        4,
        2
    ],
    "groupby": false
}