{
    "timestamp": "2022-07-21 19:33:08.309802",
    "dataset": "store_sales_1G.csv",
    "model": "store_sales_1G.csv-275.8MB-model32.963-data21.235-made-resmade-hidden256_256_256_256_256-emb32-directIo-binaryInone_hotOut-inputNoEmbIfLeq-10epochs-seed0.pt",
    "query": "'SELECT ss_quantity FROM store_sales_1G.csv WHERE ss_ext_discount_amt>=1750.7<=2305.15'",
    "avg_est": 47.958595275878906,
    "avg_real": 65.24040711712047,
    "avg_err": 0.26489429794968966,
    "count_est": 11371.206673787907,
    "count_real": 27520,
    "count_err": 0.5868020830745674,
    "sum_est": 545347.0986665674,
    "sum_real": 1756337.0,
    "sum_err": 0.6894974605291767,
    "query_dur_ms_est": 362.70999908447266,
    "query_dur_ms_real": 48.85458946228027,
    "query_dur_ms_err": 6.424276881182562,
    "order": [
        0,
        1,
        2,
        4,
        3
    ],
    "groupby": false
}