{
    "timestamp": "2022-07-21 19:35:42.493567",
    "dataset": "store_sales_1G.csv",
    "model": "store_sales_1G.csv-275.8MB-model32.963-data21.235-made-resmade-hidden256_256_256_256_256-emb32-directIo-binaryInone_hotOut-inputNoEmbIfLeq-10epochs-seed0.pt",
    "query": "'SELECT ss_ext_discount_amt FROM store_sales_1G.csv WHERE ss_sold_date_sk<=2452424.0 AND ss_sales_price>=5.54 AND ss_quantity>=30.0'",
    "avg_est": 110.92485809326172,
    "avg_real": 289.4625009590201,
    "avg_err": 0.6167902311154092,
    "count_est": 1337482.6767822504,
    "count_real": 1342941,
    "count_err": 0.00406445496693421,
    "sum_est": 148360076.12426695,
    "sum_real": 386344442.18000025,
    "sum_err": 0.615990137486836,
    "query_dur_ms_est": 371.6275691986084,
    "query_dur_ms_real": 48.85458946228027,
    "query_dur_ms_err": 6.606809785711846,
    "order": [
        0,
        1,
        2,
        3,
        4
    ],
    "groupby": false
}