{
    "timestamp": "2022-07-21 19:13:09.236276",
    "dataset": "store_sales_1G.csv",
    "model": "store_sales_1G.csv-275.8MB-model32.963-data21.235-made-resmade-hidden256_256_256_256_256-emb32-directIo-binaryInone_hotOut-inputNoEmbIfLeq-10epochs-seed0.pt",
    "query": "'SELECT ss_ext_discount_amt FROM store_sales_1G.csv WHERE ss_sold_date_sk>=2452494.0 AND ss_store_sk=8.0 AND ss_sales_price=119.6 AND ss_quantity<=73.0'",
    "avg_est": 105.6876220703125,
    "avg_real": 0.0,
    "avg_err": "result=0!",
    "count_est": 0.5133541318358539,
    "count_real": 1,
    "count_err": 0.4866458681641461,
    "sum_est": 54.2551774737011,
    "sum_real": 0.0,
    "sum_err": "result=0!",
    "query_dur_ms_est": 361.53483390808105,
    "query_dur_ms_real": 48.85458946228027,
    "query_dur_ms_err": 6.400222535637423,
    "order": [
        0,
        1,
        2,
        3,
        4
    ],
    "groupby": false
}