{
    "timestamp": "2022-07-21 19:40:11.330390",
    "dataset": "store_sales_1G.csv",
    "model": "store_sales_1G.csv-275.8MB-model32.963-data21.235-made-resmade-hidden256_256_256_256_256-emb32-directIo-binaryInone_hotOut-inputNoEmbIfLeq-10epochs-seed0.pt",
    "query": "'SELECT ss_sales_price FROM store_sales_1G.csv WHERE ss_sold_date_sk>=2451447.0 AND ss_store_sk=2.0 AND ss_quantity>=4.0<=27.0 AND ss_ext_discount_amt=5898.06'",
    "avg_est": 37.47254943847656,
    "avg_real": NaN,
    "avg_err": NaN,
    "count_est": 4.9049674439478885e-05,
    "count_real": 0,
    "count_err": "result=0!",
    "sum_est": 0.0018380163503745528,
    "sum_real": 0.0,
    "sum_err": "result=0!",
    "query_dur_ms_est": 362.7820014953613,
    "query_dur_ms_real": 48.85458946228027,
    "query_dur_ms_err": 6.425750691763741,
    "order": [
        0,
        1,
        3,
        4,
        2
    ],
    "groupby": false
}