{
    "timestamp": "2022-07-21 19:15:24.538145",
    "dataset": "store_sales_1G.csv",
    "model": "store_sales_1G.csv-275.8MB-model32.963-data21.235-made-resmade-hidden256_256_256_256_256-emb32-directIo-binaryInone_hotOut-inputNoEmbIfLeq-10epochs-seed0.pt",
    "query": "'SELECT ss_ext_discount_amt FROM store_sales_1G.csv WHERE ss_sales_price>=75.96'",
    "avg_est": 144.73284912109375,
    "avg_real": 522.6387360090503,
    "avg_err": 0.7230728624780167,
    "count_est": 411611.5057288408,
    "count_real": 409218,
    "count_err": 0.005848974700137404,
    "sum_est": 59573705.95515853,
    "sum_real": 208817171.14,
    "sum_err": 0.7147087778752746,
    "query_dur_ms_est": 364.6702766418457,
    "query_dur_ms_real": 48.85458946228027,
    "query_dur_ms_err": 6.464401618263539,
    "order": [
        0,
        1,
        2,
        3,
        4
    ],
    "groupby": false
}