{
    "timestamp": "2022-07-21 18:54:03.246945",
    "dataset": "store_sales_1G.csv",
    "model": "store_sales_1G.csv-275.8MB-model32.963-data21.235-made-resmade-hidden256_256_256_256_256-emb32-directIo-binaryInone_hotOut-inputNoEmbIfLeq-10epochs-seed0.pt",
    "query": "'SELECT ss_sales_price FROM store_sales_1G.csv WHERE ss_sold_date_sk>=2452405.0 AND ss_store_sk=7.0 AND ss_quantity=4.0 AND ss_ext_discount_amt>=623.37<=2448.58'",
    "avg_est": 37.456241607666016,
    "avg_real": NaN,
    "avg_err": NaN,
    "count_est": 3.393718910746884,
    "count_real": 0,
    "count_err": "result=0!",
    "sum_est": 127.11595546944042,
    "sum_real": 0.0,
    "sum_err": "result=0!",
    "query_dur_ms_est": 363.4486198425293,
    "query_dur_ms_real": 48.85458946228027,
    "query_dur_ms_err": 6.4393956400583665,
    "order": [
        0,
        1,
        3,
        4,
        2
    ],
    "groupby": false
}