{
    "timestamp": "2022-07-21 19:26:03.151509",
    "dataset": "store_sales_1G.csv",
    "model": "store_sales_1G.csv-275.8MB-model32.963-data21.235-made-resmade-hidden256_256_256_256_256-emb32-directIo-binaryInone_hotOut-inputNoEmbIfLeq-10epochs-seed0.pt",
    "query": "'SELECT ss_sales_price FROM store_sales_1G.csv WHERE ss_sold_date_sk>=2452597.0 AND ss_store_sk=2.0 AND ss_quantity>=20.0<=90.0'",
    "avg_est": 37.27816390991211,
    "avg_real": 37.81189064926996,
    "avg_err": 0.014115314791014228,
    "count_est": 15902.585447885096,
    "count_real": 16188,
    "count_err": 0.017631242408877187,
    "sum_est": 592819.1869176436,
    "sum_real": 608582.38,
    "sum_err": 0.025901494358670653,
    "query_dur_ms_est": 352.9856204986572,
    "query_dur_ms_real": 48.85458946228027,
    "query_dur_ms_err": 6.225229489876092,
    "order": [
        0,
        1,
        3,
        4,
        2
    ],
    "groupby": false
}