{
    "timestamp": "2022-07-21 19:07:40.616631",
    "dataset": "store_sales_1G.csv",
    "model": "store_sales_1G.csv-275.8MB-model32.963-data21.235-made-resmade-hidden256_256_256_256_256-emb32-directIo-binaryInone_hotOut-inputNoEmbIfLeq-10epochs-seed0.pt",
    "query": "'SELECT ss_ext_discount_amt FROM store_sales_1G.csv WHERE ss_store_sk=4.0'",
    "avg_est": 75.53494262695312,
    "avg_real": 188.79524141984595,
    "avg_err": 0.5999107707435418,
    "count_est": 462577.5355056524,
    "count_real": 458272,
    "count_err": 0.009395152890973979,
    "sum_est": 34940767.60493683,
    "sum_real": 84477752.34,
    "sum_err": 0.5863908942047874,
    "query_dur_ms_est": 365.006685256958,
    "query_dur_ms_real": 48.85458946228027,
    "query_dur_ms_err": 6.471287534588187,
    "order": [
        0,
        1,
        2,
        3,
        4
    ],
    "groupby": false
}