{
    "timestamp": "2022-07-21 19:30:33.608895",
    "dataset": "store_sales_1G.csv",
    "model": "store_sales_1G.csv-275.8MB-model32.963-data21.235-made-resmade-hidden256_256_256_256_256-emb32-directIo-binaryInone_hotOut-inputNoEmbIfLeq-10epochs-seed0.pt",
    "query": "'SELECT ss_sales_price FROM store_sales_1G.csv WHERE ss_ext_discount_amt>=460.9<=1615.47'",
    "avg_est": 36.372833251953125,
    "avg_real": 44.1504611617187,
    "avg_err": 0.17616187249498727,
    "count_est": 98896.48898434639,
    "count_real": 149445,
    "count_err": 0.33824156723646565,
    "sum_est": 3597145.50303125,
    "sum_real": 6436430.829999999,
    "sum_err": 0.44112729585082006,
    "query_dur_ms_est": 362.8578186035156,
    "query_dur_ms_real": 48.85458946228027,
    "query_dur_ms_err": 6.427302585024718,
    "order": [
        0,
        1,
        3,
        4,
        2
    ],
    "groupby": false
}