{
    "timestamp": "2022-07-21 18:53:04.546566",
    "dataset": "store_sales_1G.csv",
    "model": "store_sales_1G.csv-275.8MB-model32.963-data21.235-made-resmade-hidden256_256_256_256_256-emb32-directIo-binaryInone_hotOut-inputNoEmbIfLeq-10epochs-seed0.pt",
    "query": "'SELECT ss_sales_price FROM store_sales_1G.csv WHERE ss_sold_date_sk>=2451101.0<=2452297.0'",
    "avg_est": 37.2425537109375,
    "avg_real": 37.91400115356589,
    "avg_err": 0.017709748963417975,
    "count_est": 1888152.3637633324,
    "count_real": 1887271,
    "count_err": 0.000467004348253307,
    "sum_est": 70319615.8218895,
    "sum_real": 69874783.76000002,
    "sum_err": 0.00636613149913073,
    "query_dur_ms_est": 352.74243354797363,
    "query_dur_ms_real": 48.85458946228027,
    "query_dur_ms_err": 6.220251719038997,
    "order": [
        0,
        1,
        3,
        4,
        2
    ],
    "groupby": false
}