{
    "timestamp": "2022-07-21 19:47:32.891833",
    "dataset": "store_sales_1G.csv",
    "model": "store_sales_1G.csv-275.8MB-model32.963-data21.235-made-resmade-hidden256_256_256_256_256-emb32-directIo-binaryInone_hotOut-inputNoEmbIfLeq-10epochs-seed0.pt",
    "query": "'SELECT ss_ext_discount_amt FROM store_sales_1G.csv WHERE ss_store_sk=8.0'",
    "avg_est": 80.89917755126953,
    "avg_real": 191.59610905029632,
    "avg_err": 0.5777618973982791,
    "count_est": 460924.80545163155,
    "count_real": 459357,
    "count_err": 0.003413043562265397,
    "sum_est": 37288437.67401591,
    "sum_real": 85946565.79000002,
    "sum_err": 0.5661439484955609,
    "query_dur_ms_est": 367.2914505004883,
    "query_dur_ms_real": 48.85458946228027,
    "query_dur_ms_err": 6.518054179619445,
    "order": [
        0,
        1,
        2,
        3,
        4
    ],
    "groupby": false
}