{
    "timestamp": "2022-07-21 18:59:14.837958",
    "dataset": "store_sales_1G.csv",
    "model": "store_sales_1G.csv-275.8MB-model32.963-data21.235-made-resmade-hidden256_256_256_256_256-emb32-directIo-binaryInone_hotOut-inputNoEmbIfLeq-10epochs-seed0.pt",
    "query": "'SELECT ss_ext_discount_amt FROM store_sales_1G.csv WHERE ss_store_sk=1.0 AND ss_sales_price>=25.78 AND ss_quantity>=5.0<=44.0'",
    "avg_est": 89.99146270751953,
    "avg_real": 155.8037538110592,
    "avg_err": 0.4224050415585572,
    "count_est": 90228.84137269855,
    "count_real": 91758,
    "count_err": 0.01666512595415609,
    "sum_est": 8119825.413533896,
    "sum_real": 14206497.88,
    "sum_err": 0.42844285184703834,
    "query_dur_ms_est": 354.14648056030273,
    "query_dur_ms_real": 48.85458946228027,
    "query_dur_ms_err": 6.248991025371991,
    "order": [
        0,
        1,
        2,
        3,
        4
    ],
    "groupby": false
}