{
    "timestamp": "2022-07-21 19:45:37.896478",
    "dataset": "store_sales_1G.csv",
    "model": "store_sales_1G.csv-275.8MB-model32.963-data21.235-made-resmade-hidden256_256_256_256_256-emb32-directIo-binaryInone_hotOut-inputNoEmbIfLeq-10epochs-seed0.pt",
    "query": "'SELECT ss_quantity FROM store_sales_1G.csv WHERE ss_store_sk=7.0 AND ss_sales_price<=10.67 AND ss_ext_discount_amt<=329.61'",
    "avg_est": 48.785316467285156,
    "avg_real": 50.08833981910905,
    "avg_err": 0.026014504703683217,
    "count_est": 110391.19517746568,
    "count_real": 113271,
    "count_err": 0.025424025765944706,
    "sum_est": 5385469.391934506,
    "sum_real": 5637643.0,
    "sum_err": 0.04473032578783267,
    "query_dur_ms_est": 362.7912998199463,
    "query_dur_ms_real": 48.85458946228027,
    "query_dur_ms_err": 6.425941018295748,
    "order": [
        0,
        1,
        2,
        4,
        3
    ],
    "groupby": false
}