{
    "timestamp": "2022-07-21 19:50:05.987064",
    "dataset": "store_sales_1G.csv",
    "model": "store_sales_1G.csv-275.8MB-model32.963-data21.235-made-resmade-hidden256_256_256_256_256-emb32-directIo-binaryInone_hotOut-inputNoEmbIfLeq-10epochs-seed0.pt",
    "query": "'SELECT ss_quantity FROM store_sales_1G.csv WHERE ss_sales_price<=32.99 AND ss_ext_discount_amt<=2448.34'",
    "avg_est": 48.47344207763672,
    "avg_real": 50.49333339647366,
    "avg_err": 0.04000312878883938,
    "count_est": 1481208.04134655,
    "count_real": 1496345,
    "count_err": 0.010115954979266154,
    "sum_est": 71799252.19714172,
    "sum_real": 74638690.0,
    "sum_err": 0.03804243888602919,
    "query_dur_ms_est": 378.3748149871826,
    "query_dur_ms_real": 48.85458946228027,
    "query_dur_ms_err": 6.744918525603799,
    "order": [
        0,
        1,
        2,
        4,
        3
    ],
    "groupby": false
}