{
    "timestamp": "2022-07-21 18:52:06.159205",
    "dataset": "store_sales_1G.csv",
    "model": "store_sales_1G.csv-275.8MB-model32.963-data21.235-made-resmade-hidden256_256_256_256_256-emb32-directIo-binaryInone_hotOut-inputNoEmbIfLeq-10epochs-seed0.pt",
    "query": "'SELECT ss_ext_discount_amt FROM store_sales_1G.csv WHERE ss_sold_date_sk=2452059.0 AND ss_store_sk=1.0 AND ss_sales_price>=118.9<=174.08 AND ss_quantity>=79.0'",
    "avg_est": 175.45513916015625,
    "avg_real": 6360.2266666666665,
    "avg_err": 0.97241369712817,
    "count_est": 0.8047050122670498,
    "count_real": 3,
    "count_err": 0.7317649959109834,
    "sum_est": 141.18962991019046,
    "sum_real": 19080.68,
    "sum_err": 0.9926003879363738,
    "query_dur_ms_est": 368.621826171875,
    "query_dur_ms_real": 48.85458946228027,
    "query_dur_ms_err": 6.545285514198848,
    "order": [
        0,
        1,
        2,
        3,
        4
    ],
    "groupby": false
}