{
    "timestamp": "2022-07-21 19:49:08.660679",
    "dataset": "store_sales_1G.csv",
    "model": "store_sales_1G.csv-275.8MB-model32.963-data21.235-made-resmade-hidden256_256_256_256_256-emb32-directIo-binaryInone_hotOut-inputNoEmbIfLeq-10epochs-seed0.pt",
    "query": "'SELECT ss_sales_price FROM store_sales_1G.csv WHERE ss_quantity>=41.0<=64.0'",
    "avg_est": 36.19219207763672,
    "avg_real": 37.86306678914913,
    "avg_err": 0.044129407710609796,
    "count_est": 661495.1819832921,
    "count_real": 660150,
    "count_err": 0.00203769140845581,
    "sum_est": 23940960.684770565,
    "sum_real": 24400701.94,
    "sum_err": 0.018841312695016505,
    "query_dur_ms_est": 367.78950691223145,
    "query_dur_ms_real": 48.85458946228027,
    "query_dur_ms_err": 6.528248849500515,
    "order": [
        0,
        1,
        3,
        4,
        2
    ],
    "groupby": false
}