{
    "timestamp": "2022-07-21 19:25:04.852025",
    "dataset": "store_sales_1G.csv",
    "model": "store_sales_1G.csv-275.8MB-model32.963-data21.235-made-resmade-hidden256_256_256_256_256-emb32-directIo-binaryInone_hotOut-inputNoEmbIfLeq-10epochs-seed0.pt",
    "query": "'SELECT ss_ext_discount_amt FROM store_sales_1G.csv WHERE ss_sold_date_sk<=2451084.0 AND ss_store_sk=7.0 AND ss_sales_price>=118.87 AND ss_quantity<=74.0'",
    "avg_est": 162.40956115722656,
    "avg_real": 559.8531720430108,
    "avg_err": 0.7099068661796393,
    "count_est": 1197.099065692746,
    "count_real": 1119,
    "count_err": 0.06979362439030035,
    "sum_est": 194420.33392088482,
    "sum_real": 624796.14,
    "sum_err": 0.6888259682255963,
    "query_dur_ms_est": 355.696439743042,
    "query_dur_ms_real": 48.85458946228027,
    "query_dur_ms_err": 6.280716994207241,
    "order": [
        0,
        1,
        2,
        3,
        4
    ],
    "groupby": false
}