{
    "timestamp": "2022-07-21 19:26:41.713534",
    "dataset": "store_sales_1G.csv",
    "model": "store_sales_1G.csv-275.8MB-model32.963-data21.235-made-resmade-hidden256_256_256_256_256-emb32-directIo-binaryInone_hotOut-inputNoEmbIfLeq-10epochs-seed0.pt",
    "query": "'SELECT ss_sales_price FROM store_sales_1G.csv WHERE ss_sold_date_sk>=2452442.0 AND ss_store_sk=4.0 AND ss_quantity<=67.0 AND ss_ext_discount_amt<=1641.61'",
    "avg_est": 37.35009765625,
    "avg_real": 36.969428516819576,
    "avg_err": 0.010296862967660832,
    "count_est": 43702.08246347308,
    "count_real": 41976,
    "count_err": 0.04112069905358018,
    "sum_est": 1632277.0477922102,
    "sum_real": 1547392.4000000001,
    "sum_err": 0.05485657535361431,
    "query_dur_ms_est": 362.71214485168457,
    "query_dur_ms_real": 48.85458946228027,
    "query_dur_ms_err": 6.424320802689948,
    "order": [
        0,
        1,
        3,
        4,
        2
    ],
    "groupby": false
}