{
    "timestamp": "2022-07-21 18:49:11.069455",
    "dataset": "store_sales_1G.csv",
    "model": "store_sales_1G.csv-275.8MB-model32.963-data21.235-made-resmade-hidden256_256_256_256_256-emb32-directIo-binaryInone_hotOut-inputNoEmbIfLeq-10epochs-seed0.pt",
    "query": "'SELECT ss_quantity FROM store_sales_1G.csv WHERE ss_sold_date_sk>=2451043.0<=2452487.0 AND ss_store_sk=1.0'",
    "avg_est": 50.034080505371094,
    "avg_real": 50.55699903127595,
    "avg_err": 0.01034314804922192,
    "count_est": 350592.970521003,
    "count_real": 351102,
    "count_err": 0.0014498051249978415,
    "sum_est": 17541596.91166506,
    "sum_real": 17535594.0,
    "sum_err": 0.00034232724965345494,
    "query_dur_ms_est": 363.96193504333496,
    "query_dur_ms_real": 48.85458946228027,
    "query_dur_ms_err": 6.449902640658627,
    "order": [
        0,
        1,
        2,
        4,
        3
    ],
    "groupby": false
}