{
    "timestamp": "2022-07-21 19:02:49.296677",
    "dataset": "store_sales_1G.csv",
    "model": "store_sales_1G.csv-275.8MB-model32.963-data21.235-made-resmade-hidden256_256_256_256_256-emb32-directIo-binaryInone_hotOut-inputNoEmbIfLeq-10epochs-seed0.pt",
    "query": "'SELECT ss_ext_discount_amt FROM store_sales_1G.csv WHERE ss_store_sk=10.0 AND ss_sales_price<=79.59'",
    "avg_est": 73.49455261230469,
    "avg_real": 138.71696890133313,
    "avg_err": 0.47018340153770205,
    "count_est": 389377.294747591,
    "count_real": 389029,
    "count_err": 0.0008952925041347012,
    "sum_est": 28617110.0748637,
    "sum_real": 53307960.13000001,
    "sum_err": 0.4631737923365237,
    "query_dur_ms_est": 370.55301666259766,
    "query_dur_ms_real": 48.85458946228027,
    "query_dur_ms_err": 6.584814870846367,
    "order": [
        0,
        1,
        2,
        3,
        4
    ],
    "groupby": false
}