{
    "timestamp": "2022-07-21 18:53:43.712878",
    "dataset": "store_sales_1G.csv",
    "model": "store_sales_1G.csv-275.8MB-model32.963-data21.235-made-resmade-hidden256_256_256_256_256-emb32-directIo-binaryInone_hotOut-inputNoEmbIfLeq-10epochs-seed0.pt",
    "query": "'SELECT ss_sales_price FROM store_sales_1G.csv WHERE ss_quantity>=12.0<=22.0'",
    "avg_est": 36.25699996948242,
    "avg_real": 37.92736924357126,
    "avg_err": 0.04404126379980787,
    "count_est": 307547.3488639295,
    "count_real": 302812,
    "count_err": 0.015637916806234595,
    "sum_est": 11150744.218373893,
    "sum_real": 11212316.459999999,
    "sum_err": 0.005491482678513892,
    "query_dur_ms_est": 367.8464889526367,
    "query_dur_ms_real": 48.85458946228027,
    "query_dur_ms_err": 6.529415209529991,
    "order": [
        0,
        1,
        3,
        4,
        2
    ],
    "groupby": false
}