{
    "timestamp": "2022-07-21 19:20:15.543464",
    "dataset": "store_sales_1G.csv",
    "model": "store_sales_1G.csv-275.8MB-model32.963-data21.235-made-resmade-hidden256_256_256_256_256-emb32-directIo-binaryInone_hotOut-inputNoEmbIfLeq-10epochs-seed0.pt",
    "query": "'SELECT ss_ext_discount_amt FROM store_sales_1G.csv WHERE ss_quantity>=47.0<=87.0'",
    "avg_est": 97.68641662597656,
    "avg_real": 253.5967453914381,
    "avg_err": 0.6147962527074504,
    "count_est": 1126438.586010933,
    "count_real": 1127055,
    "count_err": 0.0005469244970893858,
    "sum_est": 110037749.01663993,
    "sum_real": 279029709.39000005,
    "sum_err": 0.6056414592653999,
    "query_dur_ms_est": 370.3491687774658,
    "query_dur_ms_real": 48.85458946228027,
    "query_dur_ms_err": 6.580642327644685,
    "order": [
        0,
        1,
        2,
        3,
        4
    ],
    "groupby": false
}