{
    "timestamp": "2022-07-21 19:37:56.771000",
    "dataset": "store_sales_1G.csv",
    "model": "store_sales_1G.csv-275.8MB-model32.963-data21.235-made-resmade-hidden256_256_256_256_256-emb32-directIo-binaryInone_hotOut-inputNoEmbIfLeq-10epochs-seed0.pt",
    "query": "'SELECT ss_sales_price FROM store_sales_1G.csv WHERE ss_store_sk=4.0'",
    "avg_est": 36.78605651855469,
    "avg_real": 37.900212821590124,
    "avg_err": 0.029397098857469984,
    "count_est": 462558.04920625687,
    "count_real": 458272,
    "count_err": 0.009352631638539702,
    "sum_est": 17015686.541213766,
    "sum_real": 16958980.830000002,
    "sum_err": 0.0033436980548649984,
    "query_dur_ms_est": 352.7960777282715,
    "query_dur_ms_real": 48.85458946228027,
    "query_dur_ms_err": 6.221349756723651,
    "order": [
        0,
        1,
        3,
        4,
        2
    ],
    "groupby": false
}