{
    "timestamp": "2022-07-21 19:35:23.139758",
    "dataset": "store_sales_1G.csv",
    "model": "store_sales_1G.csv-275.8MB-model32.963-data21.235-made-resmade-hidden256_256_256_256_256-emb32-directIo-binaryInone_hotOut-inputNoEmbIfLeq-10epochs-seed0.pt",
    "query": "'SELECT ss_quantity FROM store_sales_1G.csv WHERE ss_store_sk=8.0'",
    "avg_est": 48.870147705078125,
    "avg_real": 50.47613176523048,
    "avg_err": 0.031816702349972935,
    "count_est": 457674.3705326319,
    "count_real": 459357,
    "count_err": 0.003663010397943486,
    "sum_est": 22366614.088758375,
    "sum_real": 22639807.0,
    "sum_err": 0.012066927568844756,
    "query_dur_ms_est": 352.3821830749512,
    "query_dur_ms_real": 48.85458946228027,
    "query_dur_ms_err": 6.212877785965614,
    "order": [
        0,
        1,
        2,
        4,
        3
    ],
    "groupby": false
}