{
    "timestamp": "2022-07-21 19:07:59.800078",
    "dataset": "store_sales_1G.csv",
    "model": "store_sales_1G.csv-275.8MB-model32.963-data21.235-made-resmade-hidden256_256_256_256_256-emb32-directIo-binaryInone_hotOut-inputNoEmbIfLeq-10epochs-seed0.pt",
    "query": "'SELECT ss_ext_discount_amt FROM store_sales_1G.csv WHERE ss_sales_price>=20.94'",
    "avg_est": 102.5567626953125,
    "avg_real": 297.2209157519939,
    "avg_err": 0.6549476929110616,
    "count_est": 1602548.7984690666,
    "count_real": 1600494,
    "count_err": 0.0012838526536598199,
    "sum_est": 164352216.83225024,
    "sum_real": 464458802.85999984,
    "sum_err": 0.6461425301442928,
    "query_dur_ms_est": 353.8246154785156,
    "query_dur_ms_real": 48.85458946228027,
    "query_dur_ms_err": 6.242402799264071,
    "order": [
        0,
        1,
        2,
        3,
        4
    ],
    "groupby": false
}