{
    "timestamp": "2022-07-21 18:49:49.899319",
    "dataset": "store_sales_1G.csv",
    "model": "store_sales_1G.csv-275.8MB-model32.963-data21.235-made-resmade-hidden256_256_256_256_256-emb32-directIo-binaryInone_hotOut-inputNoEmbIfLeq-10epochs-seed0.pt",
    "query": "'SELECT ss_sales_price FROM store_sales_1G.csv WHERE ss_sold_date_sk<=2451757.0 AND ss_quantity>=35.0'",
    "avg_est": 37.29695510864258,
    "avg_real": 37.95176771375785,
    "avg_err": 0.017253810416791193,
    "count_est": 827187.3145078421,
    "count_real": 827869,
    "count_err": 0.0008234219328878556,
    "sum_est": 30851568.135637596,
    "sum_real": 31038967.080000002,
    "sum_err": 0.006037538036604203,
    "query_dur_ms_est": 370.08070945739746,
    "query_dur_ms_real": 48.85458946228027,
    "query_dur_ms_err": 6.575147259053931,
    "order": [
        0,
        1,
        3,
        4,
        2
    ],
    "groupby": false
}