{
    "timestamp": "2022-07-21 19:40:30.532710",
    "dataset": "store_sales_1G.csv",
    "model": "store_sales_1G.csv-275.8MB-model32.963-data21.235-made-resmade-hidden256_256_256_256_256-emb32-directIo-binaryInone_hotOut-inputNoEmbIfLeq-10epochs-seed0.pt",
    "query": "'SELECT ss_ext_discount_amt FROM store_sales_1G.csv WHERE ss_sales_price>=180.16 AND ss_quantity<=44.0'",
    "avg_est": 154.01058959960938,
    "avg_real": 410.8912707182321,
    "avg_err": 0.6251792126651874,
    "count_est": 450.2756679074955,
    "count_real": 548,
    "count_err": 0.17832907316150454,
    "sum_est": 69347.2210967913,
    "sum_real": 223113.96000000002,
    "sum_err": 0.6891847507130827,
    "query_dur_ms_est": 364.50886726379395,
    "query_dur_ms_real": 48.85458946228027,
    "query_dur_ms_err": 6.461097744874604,
    "order": [
        0,
        1,
        2,
        3,
        4
    ],
    "groupby": false
}