{
    "timestamp": "2022-07-21 18:52:25.600802",
    "dataset": "store_sales_1G.csv",
    "model": "store_sales_1G.csv-275.8MB-model32.963-data21.235-made-resmade-hidden256_256_256_256_256-emb32-directIo-binaryInone_hotOut-inputNoEmbIfLeq-10epochs-seed0.pt",
    "query": "'SELECT ss_ext_discount_amt FROM store_sales_1G.csv WHERE ss_sold_date_sk<=2451602.0'",
    "avg_est": 83.30450439453125,
    "avg_real": 191.2970610013115,
    "avg_err": 0.5645280488968928,
    "count_est": 1151352.9786649942,
    "count_real": 1150285,
    "count_err": 0.0009284470066063974,
    "sum_est": 95912889.27085465,
    "sum_real": 214847068.28999996,
    "sum_err": 0.5535759922895866,
    "query_dur_ms_est": 352.68664360046387,
    "query_dur_ms_real": 48.85458946228027,
    "query_dur_ms_err": 6.219109759846958,
    "order": [
        0,
        1,
        2,
        3,
        4
    ],
    "groupby": false
}