{
    "timestamp": "2022-07-21 18:58:55.358515",
    "dataset": "store_sales_1G.csv",
    "model": "store_sales_1G.csv-275.8MB-model32.963-data21.235-made-resmade-hidden256_256_256_256_256-emb32-directIo-binaryInone_hotOut-inputNoEmbIfLeq-10epochs-seed0.pt",
    "query": "'SELECT ss_sales_price FROM store_sales_1G.csv WHERE ss_quantity>=42.0<=68.0 AND ss_ext_discount_amt<=1960.77'",
    "avg_est": 36.35359191894531,
    "avg_real": 36.21810215465543,
    "avg_err": 0.0037409404753270164,
    "count_est": 720593.3938913345,
    "count_real": 700476,
    "count_err": 0.02871960479921444,
    "sum_est": 26196158.181013394,
    "sum_real": 25062564.510000013,
    "sum_err": 0.04523055374325621,
    "query_dur_ms_est": 380.138635635376,
    "query_dur_ms_real": 48.85458946228027,
    "query_dur_ms_err": 6.781022004675201,
    "order": [
        0,
        1,
        3,
        4,
        2
    ],
    "groupby": false
}