{
    "timestamp": "2022-07-21 19:30:14.364821",
    "dataset": "store_sales_1G.csv",
    "model": "store_sales_1G.csv-275.8MB-model32.963-data21.235-made-resmade-hidden256_256_256_256_256-emb32-directIo-binaryInone_hotOut-inputNoEmbIfLeq-10epochs-seed0.pt",
    "query": "'SELECT ss_ext_discount_amt FROM store_sales_1G.csv WHERE ss_store_sk=4.0 AND ss_quantity=67.0'",
    "avg_est": 84.1602554321289,
    "avg_real": 211.95166859791425,
    "avg_err": 0.6029271390555256,
    "count_est": 4392.450365589932,
    "count_real": 4376,
    "count_err": 0.0037592243121415923,
    "sum_est": 369669.7447409966,
    "sum_real": 914571.45,
    "sum_err": 0.5958000386508931,
    "query_dur_ms_est": 362.78414726257324,
    "query_dur_ms_real": 48.85458946228027,
    "query_dur_ms_err": 6.425794613271128,
    "order": [
        0,
        1,
        2,
        3,
        4
    ],
    "groupby": false
}