{
    "timestamp": "2022-07-21 19:19:56.070145",
    "dataset": "store_sales_1G.csv",
    "model": "store_sales_1G.csv-275.8MB-model32.963-data21.235-made-resmade-hidden256_256_256_256_256-emb32-directIo-binaryInone_hotOut-inputNoEmbIfLeq-10epochs-seed0.pt",
    "query": "'SELECT ss_ext_discount_amt FROM store_sales_1G.csv WHERE ss_quantity>=66.0'",
    "avg_est": 106.40640258789062,
    "avg_real": 314.4701759402974,
    "avg_err": 0.6616327692452081,
    "count_est": 960599.1044427156,
    "count_real": 963361,
    "count_err": 0.002866937271992903,
    "sum_est": 102213895.0328988,
    "sum_real": 295809515.70000017,
    "sum_err": 0.6544604226438726,
    "query_dur_ms_est": 353.08146476745605,
    "query_dur_ms_real": 48.85458946228027,
    "query_dur_ms_err": 6.227191317206007,
    "order": [
        0,
        1,
        2,
        3,
        4
    ],
    "groupby": false
}