{
    "timestamp": "2022-07-21 19:01:11.748541",
    "dataset": "store_sales_1G.csv",
    "model": "store_sales_1G.csv-275.8MB-model32.963-data21.235-made-resmade-hidden256_256_256_256_256-emb32-directIo-binaryInone_hotOut-inputNoEmbIfLeq-10epochs-seed0.pt",
    "query": "'SELECT ss_quantity FROM store_sales_1G.csv WHERE ss_sold_date_sk=2452308.0'",
    "avg_est": 48.50056457519531,
    "avg_real": 49.1662817551963,
    "avg_err": 0.013540116442314261,
    "count_est": 868.8527346429182,
    "count_real": 886,
    "count_err": 0.019353572637789817,
    "sum_est": 42139.84816288389,
    "sum_real": 42578.0,
    "sum_err": 0.010290568770635243,
    "query_dur_ms_est": 366.2419319152832,
    "query_dur_ms_real": 48.85458946228027,
    "query_dur_ms_err": 6.496571682340138,
    "order": [
        0,
        1,
        2,
        4,
        3
    ],
    "groupby": false
}