{
    "timestamp": "2022-07-21 18:51:07.414916",
    "dataset": "store_sales_1G.csv",
    "model": "store_sales_1G.csv-275.8MB-model32.963-data21.235-made-resmade-hidden256_256_256_256_256-emb32-directIo-binaryInone_hotOut-inputNoEmbIfLeq-10epochs-seed0.pt",
    "query": "'SELECT ss_quantity FROM store_sales_1G.csv WHERE ss_sold_date_sk=2452310.0'",
    "avg_est": 48.50453567504883,
    "avg_real": 50.58854860186418,
    "avg_err": 0.04119534923242607,
    "count_est": 764.9703745697625,
    "count_real": 769,
    "count_err": 0.005240085084834202,
    "sum_est": 37104.53282367451,
    "sum_real": 37992.0,
    "sum_err": 0.02335931712796084,
    "query_dur_ms_est": 352.672815322876,
    "query_dur_ms_real": 48.85458946228027,
    "query_dur_ms_err": 6.218826710132692,
    "order": [
        0,
        1,
        2,
        4,
        3
    ],
    "groupby": false
}