{
    "timestamp": "2022-07-21 19:28:57.280434",
    "dataset": "store_sales_1G.csv",
    "model": "store_sales_1G.csv-275.8MB-model32.963-data21.235-made-resmade-hidden256_256_256_256_256-emb32-directIo-binaryInone_hotOut-inputNoEmbIfLeq-10epochs-seed0.pt",
    "query": "'SELECT ss_quantity FROM store_sales_1G.csv WHERE ss_sold_date_sk>=2451065.0<=2451553.0'",
    "avg_est": 49.135276794433594,
    "avg_real": 50.500041592373044,
    "avg_err": 0.027025023245635688,
    "count_est": 850488.5506057739,
    "count_real": 849551,
    "count_err": 0.0011035836645168164,
    "sum_est": 41788990.344511345,
    "sum_real": 41888724.0,
    "sum_err": 0.002380918919579765,
    "query_dur_ms_est": 352.9367446899414,
    "query_dur_ms_real": 48.85458946228027,
    "query_dur_ms_err": 6.224229055541186,
    "order": [
        0,
        1,
        2,
        4,
        3
    ],
    "groupby": false
}