{
    "timestamp": "2022-07-21 19:20:54.294033",
    "dataset": "store_sales_1G.csv",
    "model": "store_sales_1G.csv-275.8MB-model32.963-data21.235-made-resmade-hidden256_256_256_256_256-emb32-directIo-binaryInone_hotOut-inputNoEmbIfLeq-10epochs-seed0.pt",
    "query": "'SELECT ss_sales_price FROM store_sales_1G.csv WHERE ss_store_sk=7.0 AND ss_ext_discount_amt=1659.04'",
    "avg_est": 36.89971923828125,
    "avg_real": 17.82,
    "avg_err": 1.0706913152795314,
    "count_est": 0.026843215960237643,
    "count_real": 1,
    "count_err": 0.9731567840397624,
    "sum_est": 0.9905071323853193,
    "sum_real": 17.82,
    "sum_err": 0.9444159858369631,
    "query_dur_ms_est": 370.87202072143555,
    "query_dur_ms_real": 48.85458946228027,
    "query_dur_ms_err": 6.591344534944439,
    "order": [
        0,
        1,
        3,
        4,
        2
    ],
    "groupby": false
}