{
    "timestamp": "2022-07-21 19:35:03.926646",
    "dataset": "store_sales_1G.csv",
    "model": "store_sales_1G.csv-275.8MB-model32.963-data21.235-made-resmade-hidden256_256_256_256_256-emb32-directIo-binaryInone_hotOut-inputNoEmbIfLeq-10epochs-seed0.pt",
    "query": "'SELECT ss_ext_discount_amt FROM store_sales_1G.csv WHERE ss_sales_price<=131.97 AND ss_quantity>=44.0<=47.0'",
    "avg_est": 79.69345092773438,
    "avg_real": 162.74630733372976,
    "avg_err": 0.510320988332387,
    "count_est": 110223.5228677988,
    "count_real": 105531,
    "count_err": 0.044465823955035066,
    "sum_est": 8784092.910746932,
    "sum_real": 16967604.509999998,
    "sum_err": 0.4823021183944997,
    "query_dur_ms_est": 366.9869899749756,
    "query_dur_ms_real": 48.85458946228027,
    "query_dur_ms_err": 6.511822205738101,
    "order": [
        0,
        1,
        2,
        3,
        4
    ],
    "groupby": false
}