{
    "timestamp": "2022-07-21 19:50:25.029881",
    "dataset": "store_sales_1G.csv",
    "model": "store_sales_1G.csv-275.8MB-model32.963-data21.235-made-resmade-hidden256_256_256_256_256-emb32-directIo-binaryInone_hotOut-inputNoEmbIfLeq-10epochs-seed0.pt",
    "query": "'SELECT ss_sales_price FROM store_sales_1G.csv WHERE ss_sold_date_sk>=2451387.0 AND ss_store_sk=nan AND ss_quantity<=13.0 AND ss_ext_discount_amt>=1659.09'",
    "avg_est": 34.6707878112793,
    "avg_real": NaN,
    "avg_err": NaN,
    "count_est": 0.0,
    "count_real": 0,
    "count_err": "result=0!",
    "sum_est": 0.0,
    "sum_real": 0.0,
    "sum_err": "result=0!",
    "query_dur_ms_est": 362.82801628112793,
    "query_dur_ms_real": 48.85458946228027,
    "query_dur_ms_err": 6.4266925640888,
    "order": [
        0,
        1,
        3,
        4,
        2
    ],
    "groupby": false
}