{
    "timestamp": "2022-07-21 19:02:29.780791",
    "dataset": "store_sales_1G.csv",
    "model": "store_sales_1G.csv-275.8MB-model32.963-data21.235-made-resmade-hidden256_256_256_256_256-emb32-directIo-binaryInone_hotOut-inputNoEmbIfLeq-10epochs-seed0.pt",
    "query": "'SELECT ss_ext_discount_amt FROM store_sales_1G.csv WHERE ss_sold_date_sk>=2451522.0<=2451993.0'",
    "avg_est": 83.05703735351562,
    "avg_real": 191.69000039641057,
    "avg_err": 0.5667116845857606,
    "count_est": 698900.4642353654,
    "count_real": 697658,
    "count_err": 0.0017809073147091996,
    "sum_est": 58048601.96438616,
    "sum_real": 130562359.55,
    "sum_err": 0.5553955813569995,
    "query_dur_ms_est": 352.8094291687012,
    "query_dur_ms_real": 48.85458946228027,
    "query_dur_ms_err": 6.221623046102942,
    "order": [
        0,
        1,
        2,
        3,
        4
    ],
    "groupby": false
}