{
    "timestamp": "2022-07-21 19:06:03.535027",
    "dataset": "store_sales_1G.csv",
    "model": "store_sales_1G.csv-275.8MB-model32.963-data21.235-made-resmade-hidden256_256_256_256_256-emb32-directIo-binaryInone_hotOut-inputNoEmbIfLeq-10epochs-seed0.pt",
    "query": "'SELECT ss_ext_discount_amt FROM store_sales_1G.csv WHERE ss_sold_date_sk<=2451072.0'",
    "avg_est": 92.69432830810547,
    "avg_real": 193.5083862609175,
    "avg_err": 0.5209803042689796,
    "count_est": 275261.963013947,
    "count_real": 275060,
    "count_err": 0.0007342507596415693,
    "sum_est": 25515222.77034839,
    "sum_real": 51977513.6,
    "sum_err": 0.5091103632485339,
    "query_dur_ms_est": 364.0012741088867,
    "query_dur_ms_real": 48.85458946228027,
    "query_dur_ms_err": 6.45070786829404,
    "order": [
        0,
        1,
        2,
        3,
        4
    ],
    "groupby": false
}