{
    "timestamp": "2022-07-21 19:46:16.245611",
    "dataset": "store_sales_1G.csv",
    "model": "store_sales_1G.csv-275.8MB-model32.963-data21.235-made-resmade-hidden256_256_256_256_256-emb32-directIo-binaryInone_hotOut-inputNoEmbIfLeq-10epochs-seed0.pt",
    "query": "'SELECT ss_quantity FROM store_sales_1G.csv WHERE ss_sold_date_sk=2451051.0 AND ss_ext_discount_amt<=3182.73'",
    "avg_est": 48.78662872314453,
    "avg_real": 50.124043715846994,
    "avg_err": 0.02668210490526789,
    "count_est": 1884.3786691268906,
    "count_real": 1857,
    "count_err": 0.014743494414049865,
    "sum_est": 91932.48250450683,
    "sum_real": 91727.0,
    "sum_err": 0.0022401528939879015,
    "query_dur_ms_est": 362.7314567565918,
    "query_dur_ms_real": 48.85458946228027,
    "query_dur_ms_err": 6.424716096256423,
    "order": [
        0,
        1,
        2,
        4,
        3
    ],
    "groupby": false
}