{
    "timestamp": "2022-07-21 19:17:40.894826",
    "dataset": "store_sales_1G.csv",
    "model": "store_sales_1G.csv-275.8MB-model32.963-data21.235-made-resmade-hidden256_256_256_256_256-emb32-directIo-binaryInone_hotOut-inputNoEmbIfLeq-10epochs-seed0.pt",
    "query": "'SELECT ss_sales_price FROM store_sales_1G.csv WHERE ss_sold_date_sk<=2452229.0 AND ss_quantity>=56.0<=90.0'",
    "avg_est": 37.28577423095703,
    "avg_real": 37.918011201498906,
    "avg_err": 0.01667379038373412,
    "count_est": 701071.0834711194,
    "count_real": 703404,
    "count_err": 0.0033166096992348583,
    "sum_est": 26139978.13815659,
    "sum_real": 26349491.41,
    "sum_err": 0.007951321282956446,
    "query_dur_ms_est": 364.20369148254395,
    "query_dur_ms_real": 48.85458946228027,
    "query_dur_ms_err": 6.454851130490798,
    "order": [
        0,
        1,
        3,
        4,
        2
    ],
    "groupby": false
}