{
    "timestamp": "2022-07-21 19:52:40.174856",
    "dataset": "store_sales_1G.csv",
    "model": "store_sales_1G.csv-275.8MB-model32.963-data21.235-made-resmade-hidden256_256_256_256_256-emb32-directIo-binaryInone_hotOut-inputNoEmbIfLeq-10epochs-seed0.pt",
    "query": "'SELECT ss_sales_price FROM store_sales_1G.csv WHERE ss_quantity<=83.0'",
    "avg_est": 36.27974319458008,
    "avg_real": 37.887070075386944,
    "avg_err": 0.04242415361252899,
    "count_est": 2292421.3117001057,
    "count_real": 2281802,
    "count_err": 0.004653914625416959,
    "sum_est": 83168456.48226224,
    "sum_real": 84411331.29,
    "sum_err": 0.014724028027324903,
    "query_dur_ms_est": 352.5083065032959,
    "query_dur_ms_real": 48.85458946228027,
    "query_dur_ms_err": 6.215459394566421,
    "order": [
        0,
        1,
        3,
        4,
        2
    ],
    "groupby": false
}