{
    "timestamp": "2022-07-21 19:21:32.911631",
    "dataset": "store_sales_1G.csv",
    "model": "store_sales_1G.csv-275.8MB-model32.963-data21.235-made-resmade-hidden256_256_256_256_256-emb32-directIo-binaryInone_hotOut-inputNoEmbIfLeq-10epochs-seed0.pt",
    "query": "'SELECT ss_sales_price FROM store_sales_1G.csv WHERE ss_quantity>=28.0<=82.0'",
    "avg_est": 36.37841796875,
    "avg_real": 37.89719079468373,
    "avg_err": 0.04007613213765665,
    "count_est": 1507155.0361831188,
    "count_real": 1511833,
    "count_err": 0.003094233170516307,
    "sum_est": 54827915.849976026,
    "sum_real": 55941824.50000001,
    "sum_err": 0.01991191134683106,
    "query_dur_ms_est": 366.5487766265869,
    "query_dur_ms_real": 48.85458946228027,
    "query_dur_ms_err": 6.502852457896355,
    "order": [
        0,
        1,
        3,
        4,
        2
    ],
    "groupby": false
}