{
    "timestamp": "2022-07-21 19:41:27.988100",
    "dataset": "store_sales_1G.csv",
    "model": "store_sales_1G.csv-275.8MB-model32.963-data21.235-made-resmade-hidden256_256_256_256_256-emb32-directIo-binaryInone_hotOut-inputNoEmbIfLeq-10epochs-seed0.pt",
    "query": "'SELECT ss_ext_discount_amt FROM store_sales_1G.csv WHERE ss_sold_date_sk>=2451499.0<=2452040.0 AND ss_quantity>=66.0'",
    "avg_est": 98.85230255126953,
    "avg_real": 315.544144344746,
    "avg_err": 0.6867243321642217,
    "count_est": 275828.97569712996,
    "count_real": 275506,
    "count_err": 0.0011723000483835737,
    "sum_est": 27266329.358019464,
    "sum_real": 85876601.06,
    "sum_err": 0.6824940784630134,
    "query_dur_ms_est": 363.1901741027832,
    "query_dur_ms_real": 48.85458946228027,
    "query_dur_ms_err": 6.434105538502082,
    "order": [
        0,
        1,
        2,
        3,
        4
    ],
    "groupby": false
}