{
    "timestamp": "2022-07-21 19:10:15.017662",
    "dataset": "store_sales_1G.csv",
    "model": "store_sales_1G.csv-275.8MB-model32.963-data21.235-made-resmade-hidden256_256_256_256_256-emb32-directIo-binaryInone_hotOut-inputNoEmbIfLeq-10epochs-seed0.pt",
    "query": "'SELECT ss_quantity FROM store_sales_1G.csv WHERE ss_store_sk=8.0 AND ss_sales_price<=187.47 AND ss_ext_discount_amt>=137.32'",
    "avg_est": 49.021331787109375,
    "avg_real": 56.70224293524801,
    "avg_err": 0.13546044654547382,
    "count_est": 38116.40341591835,
    "count_real": 61078,
    "count_err": 0.3759389073656906,
    "sum_est": 1868516.8583830425,
    "sum_real": 3443187.0,
    "sum_err": 0.45732925386188944,
    "query_dur_ms_est": 363.4922504425049,
    "query_dur_ms_real": 48.85458946228027,
    "query_dur_ms_err": 6.440288710708551,
    "order": [
        0,
        1,
        2,
        4,
        3
    ],
    "groupby": false
}