{
    "timestamp": "2022-07-21 19:51:22.853041",
    "dataset": "store_sales_1G.csv",
    "model": "store_sales_1G.csv-275.8MB-model32.963-data21.235-made-resmade-hidden256_256_256_256_256-emb32-directIo-binaryInone_hotOut-inputNoEmbIfLeq-10epochs-seed0.pt",
    "query": "'SELECT ss_sales_price FROM store_sales_1G.csv WHERE ss_quantity=80.0'",
    "avg_est": 36.089019775390625,
    "avg_real": 38.30063804233599,
    "avg_err": 0.05774364031483577,
    "count_est": 26596.781370818615,
    "count_real": 27272,
    "count_err": 0.024758676634694377,
    "sum_est": 959851.768853214,
    "sum_real": 1020482.2000000001,
    "sum_err": 0.05941351171709421,
    "query_dur_ms_est": 352.384090423584,
    "query_dur_ms_real": 48.85458946228027,
    "query_dur_ms_err": 6.212916827305513,
    "order": [
        0,
        1,
        3,
        4,
        2
    ],
    "groupby": false
}