{
    "timestamp": "2022-07-21 19:24:06.758639",
    "dataset": "store_sales_1G.csv",
    "model": "store_sales_1G.csv-275.8MB-model32.963-data21.235-made-resmade-hidden256_256_256_256_256-emb32-directIo-binaryInone_hotOut-inputNoEmbIfLeq-10epochs-seed0.pt",
    "query": "'SELECT ss_ext_discount_amt FROM store_sales_1G.csv WHERE ss_store_sk=10.0 AND ss_sales_price>=116.23<=126.86 AND ss_quantity>=19.0<=27.0'",
    "avg_est": 121.73725891113281,
    "avg_real": 261.8697955390335,
    "avg_err": 0.535122946651604,
    "count_est": 558.2017737816204,
    "count_real": 541,
    "count_err": 0.03179625467952021,
    "sum_est": 67953.95385950671,
    "sum_real": 140885.95,
    "sum_err": 0.5176669223616215,
    "query_dur_ms_est": 362.4918460845947,
    "query_dur_ms_real": 48.85458946228027,
    "query_dur_ms_err": 6.419811527931639,
    "order": [
        0,
        1,
        2,
        3,
        4
    ],
    "groupby": false
}