{
    "timestamp": "2022-07-21 19:09:55.727468",
    "dataset": "store_sales_1G.csv",
    "model": "store_sales_1G.csv-275.8MB-model32.963-data21.235-made-resmade-hidden256_256_256_256_256-emb32-directIo-binaryInone_hotOut-inputNoEmbIfLeq-10epochs-seed0.pt",
    "query": "'SELECT ss_ext_discount_amt FROM store_sales_1G.csv WHERE ss_sold_date_sk>=2451783.0'",
    "avg_est": 79.43501281738281,
    "avg_real": 191.40742554514978,
    "avg_err": 0.5849951349006288,
    "count_est": 1417252.890774846,
    "count_real": 1417529,
    "count_err": 0.0001947820645319588,
    "sum_est": 112579501.54417273,
    "sum_real": 264938693.55000007,
    "sum_err": 0.5750733875989074,
    "query_dur_ms_est": 361.74511909484863,
    "query_dur_ms_real": 48.85458946228027,
    "query_dur_ms_err": 6.404526843361264,
    "order": [
        0,
        1,
        2,
        3,
        4
    ],
    "groupby": false
}