{
    "timestamp": "2022-07-21 19:03:27.979619",
    "dataset": "store_sales_1G.csv",
    "model": "store_sales_1G.csv-275.8MB-model32.963-data21.235-made-resmade-hidden256_256_256_256_256-emb32-directIo-binaryInone_hotOut-inputNoEmbIfLeq-10epochs-seed0.pt",
    "query": "'SELECT ss_quantity FROM store_sales_1G.csv WHERE ss_ext_discount_amt>=644.57<=2061.68'",
    "avg_est": 48.09064483642578,
    "avg_real": 58.86409149401131,
    "avg_err": 0.1830223891025583,
    "count_est": 77349.84606827796,
    "count_real": 134537,
    "count_err": 0.42506636785213026,
    "sum_est": 3719803.97542176,
    "sum_real": 7730680.0,
    "sum_err": 0.5188257727105817,
    "query_dur_ms_est": 362.9767894744873,
    "query_dur_ms_real": 48.85458946228027,
    "query_dur_ms_err": 6.429737788600905,
    "order": [
        0,
        1,
        2,
        4,
        3
    ],
    "groupby": false
}