{
    "timestamp": "2022-07-21 19:27:01.118228",
    "dataset": "store_sales_1G.csv",
    "model": "store_sales_1G.csv-275.8MB-model32.963-data21.235-made-resmade-hidden256_256_256_256_256-emb32-directIo-binaryInone_hotOut-inputNoEmbIfLeq-10epochs-seed0.pt",
    "query": "'SELECT ss_sales_price FROM store_sales_1G.csv WHERE ss_sold_date_sk>=2451245.0'",
    "avg_est": 37.262779235839844,
    "avg_real": 37.894658705327664,
    "avg_err": 0.016674631493619543,
    "count_est": 2138762.999165058,
    "count_real": 2138007,
    "count_err": 0.00035359994848386183,
    "sum_est": 79696253.47567028,
    "sum_real": 79114801.08000006,
    "sum_err": 0.007349476807535188,
    "query_dur_ms_est": 369.04263496398926,
    "query_dur_ms_real": 48.85458946228027,
    "query_dur_ms_err": 6.553899009814017,
    "order": [
        0,
        1,
        3,
        4,
        2
    ],
    "groupby": false
}