{
    "timestamp": "2022-07-21 19:09:16.862529",
    "dataset": "store_sales_1G.csv",
    "model": "store_sales_1G.csv-275.8MB-model32.963-data21.235-made-resmade-hidden256_256_256_256_256-emb32-directIo-binaryInone_hotOut-inputNoEmbIfLeq-10epochs-seed0.pt",
    "query": "'SELECT ss_sales_price FROM store_sales_1G.csv WHERE ss_sold_date_sk=2450955.0 AND ss_quantity>=53.0'",
    "avg_est": 38.31394958496094,
    "avg_real": 35.23507552870091,
    "avg_err": 0.08738094101010552,
    "count_est": 317.9259015767311,
    "count_real": 335,
    "count_err": 0.0509674579799071,
    "sum_est": 12180.99696476413,
    "sum_real": 11662.810000000001,
    "sum_err": 0.04443071307550485,
    "query_dur_ms_est": 365.2219772338867,
    "query_dur_ms_real": 48.85458946228027,
    "query_dur_ms_err": 6.475694325829262,
    "order": [
        0,
        1,
        3,
        4,
        2
    ],
    "groupby": false
}