{
    "timestamp": "2022-07-21 19:36:20.897660",
    "dataset": "store_sales_1G.csv",
    "model": "store_sales_1G.csv-275.8MB-model32.963-data21.235-made-resmade-hidden256_256_256_256_256-emb32-directIo-binaryInone_hotOut-inputNoEmbIfLeq-10epochs-seed0.pt",
    "query": "'SELECT ss_sales_price FROM store_sales_1G.csv WHERE ss_sold_date_sk>=2451981.0 AND ss_store_sk=1.0 AND ss_quantity>=52.0 AND ss_ext_discount_amt<=1774.99'",
    "avg_est": 37.515071868896484,
    "avg_real": 35.93549655190566,
    "avg_err": 0.043955850581033976,
    "count_est": 79975.37274881452,
    "count_real": 76209,
    "count_err": 0.049421626695200345,
    "sum_est": 3000281.8564135623,
    "sum_real": 2730522.7699999996,
    "sum_err": 0.09879393403247935,
    "query_dur_ms_est": 362.84780502319336,
    "query_dur_ms_real": 48.85458946228027,
    "query_dur_ms_err": 6.427097617990249,
    "order": [
        0,
        1,
        3,
        4,
        2
    ],
    "groupby": false
}