{
    "timestamp": "2022-07-21 19:14:06.975016",
    "dataset": "store_sales_1G.csv",
    "model": "store_sales_1G.csv-275.8MB-model32.963-data21.235-made-resmade-hidden256_256_256_256_256-emb32-directIo-binaryInone_hotOut-inputNoEmbIfLeq-10epochs-seed0.pt",
    "query": "'SELECT ss_sales_price FROM store_sales_1G.csv WHERE ss_store_sk=7.0 AND ss_quantity>=49.0<=63.0'",
    "avg_est": 36.98994445800781,
    "avg_real": 37.59748787878788,
    "avg_err": 0.01615914932238965,
    "count_est": 65193.57679157704,
    "count_real": 66802,
    "count_err": 0.024077470860497573,
    "sum_est": 2411506.784539302,
    "sum_real": 2481434.2,
    "sum_err": 0.02818024167664744,
    "query_dur_ms_est": 352.74314880371094,
    "query_dur_ms_real": 48.85458946228027,
    "query_dur_ms_err": 6.220266359541459,
    "order": [
        0,
        1,
        3,
        4,
        2
    ],
    "groupby": false
}