{
    "timestamp": "2022-07-21 19:37:18.349650",
    "dataset": "store_sales_1G.csv",
    "model": "store_sales_1G.csv-275.8MB-model32.963-data21.235-made-resmade-hidden256_256_256_256_256-emb32-directIo-binaryInone_hotOut-inputNoEmbIfLeq-10epochs-seed0.pt",
    "query": "'SELECT ss_ext_discount_amt FROM store_sales_1G.csv WHERE ss_quantity>=30.0<=60.0'",
    "avg_est": 79.02278900146484,
    "avg_real": 170.92520150091738,
    "avg_err": 0.5376761980822312,
    "count_est": 847999.6265323162,
    "count_real": 851853,
    "count_err": 0.004523519278189773,
    "sum_est": 67011295.56078421,
    "sum_real": 142168403.75000003,
    "sum_err": 0.5286484634193256,
    "query_dur_ms_est": 363.50011825561523,
    "query_dur_ms_real": 48.85458946228027,
    "query_dur_ms_err": 6.440449756235634,
    "order": [
        0,
        1,
        2,
        3,
        4
    ],
    "groupby": false
}