{
    "timestamp": "2022-07-21 19:27:39.781937",
    "dataset": "store_sales_1G.csv",
    "model": "store_sales_1G.csv-275.8MB-model32.963-data21.235-made-resmade-hidden256_256_256_256_256-emb32-directIo-binaryInone_hotOut-inputNoEmbIfLeq-10epochs-seed0.pt",
    "query": "'SELECT ss_quantity FROM store_sales_1G.csv WHERE ss_ext_discount_amt>=2338.28<=2631.02'",
    "avg_est": 48.20558166503906,
    "avg_real": 67.51640916893871,
    "avg_err": 0.28601680304976435,
    "count_est": 4275.124145609327,
    "count_real": 10150,
    "count_err": 0.5788055028956328,
    "sum_est": 206084.84612935074,
    "sum_real": 668615.0,
    "sum_err": 0.6917735226859243,
    "query_dur_ms_est": 362.9465103149414,
    "query_dur_ms_real": 48.85458946228027,
    "query_dur_ms_err": 6.429118007330011,
    "order": [
        0,
        1,
        2,
        4,
        3
    ],
    "groupby": false
}