{
    "timestamp": "2022-07-21 19:25:24.219897",
    "dataset": "store_sales_1G.csv",
    "model": "store_sales_1G.csv-275.8MB-model32.963-data21.235-made-resmade-hidden256_256_256_256_256-emb32-directIo-binaryInone_hotOut-inputNoEmbIfLeq-10epochs-seed0.pt",
    "query": "'SELECT ss_sales_price FROM store_sales_1G.csv WHERE ss_sold_date_sk>=2451868.0<=2452146.0'",
    "avg_est": 37.24598693847656,
    "avg_real": 37.87944631173319,
    "avg_err": 0.016723036763618505,
    "count_est": 359598.25904497504,
    "count_real": 359761,
    "count_err": 0.00045235852420067113,
    "sum_est": 13393592.059488053,
    "sum_real": 13309738.930000003,
    "sum_err": 0.006300133303069158,
    "query_dur_ms_est": 352.6480197906494,
    "query_dur_ms_real": 48.85458946228027,
    "query_dur_ms_err": 6.218319172714008,
    "order": [
        0,
        1,
        3,
        4,
        2
    ],
    "groupby": false
}