{
    "timestamp": "2022-07-21 19:25:43.708230",
    "dataset": "store_sales_1G.csv",
    "model": "store_sales_1G.csv-275.8MB-model32.963-data21.235-made-resmade-hidden256_256_256_256_256-emb32-directIo-binaryInone_hotOut-inputNoEmbIfLeq-10epochs-seed0.pt",
    "query": "'SELECT ss_quantity FROM store_sales_1G.csv WHERE ss_sold_date_sk>=2451308.0<=2451989.0 AND ss_ext_discount_amt>=433.84'",
    "avg_est": 49.301639556884766,
    "avg_real": 61.56959093612093,
    "avg_err": 0.19925341703121413,
    "count_est": 51283.749810926616,
    "count_real": 97024,
    "count_err": 0.4714323279711554,
    "sum_est": 2528372.9483037614,
    "sum_real": 5901630.0,
    "sum_err": 0.5715805720955462,
    "query_dur_ms_est": 371.523380279541,
    "query_dur_ms_real": 48.85458946228027,
    "query_dur_ms_err": 6.604677152519875,
    "order": [
        0,
        1,
        2,
        4,
        3
    ],
    "groupby": false
}