{
    "timestamp": "2022-07-21 19:18:19.534345",
    "dataset": "store_sales_1G.csv",
    "model": "store_sales_1G.csv-275.8MB-model32.963-data21.235-made-resmade-hidden256_256_256_256_256-emb32-directIo-binaryInone_hotOut-inputNoEmbIfLeq-10epochs-seed0.pt",
    "query": "'SELECT ss_quantity FROM store_sales_1G.csv WHERE ss_sold_date_sk=2451440.0 AND ss_ext_discount_amt=1079.98'",
    "avg_est": 48.608089447021484,
    "avg_real": NaN,
    "avg_err": NaN,
    "count_est": 3.5667375693076986e-06,
    "count_real": 0,
    "count_err": "result=0!",
    "sum_est": 0.0001733722988029606,
    "sum_real": 0.0,
    "sum_err": "result=0!",
    "query_dur_ms_est": 362.7734184265137,
    "query_dur_ms_real": 48.85458946228027,
    "query_dur_ms_err": 6.4255750057341965,
    "order": [
        0,
        1,
        2,
        4,
        3
    ],
    "groupby": false
}