{
    "timestamp": "2022-07-21 18:50:28.781531",
    "dataset": "store_sales_1G.csv",
    "model": "store_sales_1G.csv-275.8MB-model32.963-data21.235-made-resmade-hidden256_256_256_256_256-emb32-directIo-binaryInone_hotOut-inputNoEmbIfLeq-10epochs-seed0.pt",
    "query": "'SELECT ss_quantity FROM store_sales_1G.csv WHERE ss_sold_date_sk<=2451607.0 AND ss_ext_discount_amt>=154.54'",
    "avg_est": 49.1549072265625,
    "avg_real": 57.24557290969004,
    "avg_err": 0.14133260044215615,
    "count_est": 99975.07067836821,
    "count_real": 151143,
    "count_err": 0.33853985511490303,
    "sum_est": 4914265.324164218,
    "sum_real": 8547222.0,
    "sum_err": 0.4250453159910649,
    "query_dur_ms_est": 372.4544048309326,
    "query_dur_ms_real": 48.85458946228027,
    "query_dur_ms_err": 6.623734206557969,
    "order": [
        0,
        1,
        2,
        4,
        3
    ],
    "groupby": false
}