{
    "timestamp": "2022-07-21 19:08:18.918680",
    "dataset": "store_sales_1G.csv",
    "model": "store_sales_1G.csv-275.8MB-model32.963-data21.235-made-resmade-hidden256_256_256_256_256-emb32-directIo-binaryInone_hotOut-inputNoEmbIfLeq-10epochs-seed0.pt",
    "query": "'SELECT ss_sales_price FROM store_sales_1G.csv WHERE ss_ext_discount_amt<=2355.91'",
    "avg_est": 36.23511505126953,
    "avg_real": 36.78734453805872,
    "avg_err": 0.015011398450297838,
    "count_est": 2732707.464967251,
    "count_real": 2685262,
    "count_err": 0.017668840123329053,
    "sum_est": 99019969.39455144,
    "sum_real": 96447257.32999998,
    "sum_err": 0.02667480792894682,
    "query_dur_ms_est": 373.72899055480957,
    "query_dur_ms_real": 48.85458946228027,
    "query_dur_ms_err": 6.649823581945332,
    "order": [
        0,
        1,
        3,
        4,
        2
    ],
    "groupby": false
}