{
    "timestamp": "2022-07-21 19:15:05.131056",
    "dataset": "store_sales_1G.csv",
    "model": "store_sales_1G.csv-275.8MB-model32.963-data21.235-made-resmade-hidden256_256_256_256_256-emb32-directIo-binaryInone_hotOut-inputNoEmbIfLeq-10epochs-seed0.pt",
    "query": "'SELECT ss_ext_discount_amt FROM store_sales_1G.csv WHERE ss_quantity>=80.0'",
    "avg_est": 113.81137084960938,
    "avg_real": 340.1252506749622,
    "avg_err": 0.6653839412870518,
    "count_est": 579151.8322004676,
    "count_real": 578060,
    "count_err": 0.001888786977939291,
    "sum_est": 65914063.95279816,
    "sum_real": 191992540.99999997,
    "sum_err": 0.6566842461197585,
    "query_dur_ms_est": 352.70023345947266,
    "query_dur_ms_real": 48.85458946228027,
    "query_dur_ms_err": 6.219387929393736,
    "order": [
        0,
        1,
        2,
        3,
        4
    ],
    "groupby": false
}