{
    "timestamp": "2022-07-21 19:08:57.602659",
    "dataset": "store_sales_1G.csv",
    "model": "store_sales_1G.csv-275.8MB-model32.963-data21.235-made-resmade-hidden256_256_256_256_256-emb32-directIo-binaryInone_hotOut-inputNoEmbIfLeq-10epochs-seed0.pt",
    "query": "'SELECT ss_sales_price FROM store_sales_1G.csv WHERE ss_store_sk=2.0'",
    "avg_est": 36.88480758666992,
    "avg_real": 37.991814003911706,
    "avg_err": 0.029138024763118837,
    "count_est": 458380.98495322466,
    "count_real": 458159,
    "count_err": 0.00048451509896053327,
    "sum_est": 16907294.43138793,
    "sum_real": 16996587.79,
    "sum_err": 0.005253605000916952,
    "query_dur_ms_est": 352.3881435394287,
    "query_dur_ms_real": 48.85458946228027,
    "query_dur_ms_err": 6.212999790152798,
    "order": [
        0,
        1,
        3,
        4,
        2
    ],
    "groupby": false
}