{
    "timestamp": "2022-07-21 19:22:30.874427",
    "dataset": "store_sales_1G.csv",
    "model": "store_sales_1G.csv-275.8MB-model32.963-data21.235-made-resmade-hidden256_256_256_256_256-emb32-directIo-binaryInone_hotOut-inputNoEmbIfLeq-10epochs-seed0.pt",
    "query": "'SELECT ss_sales_price FROM store_sales_1G.csv WHERE ss_sold_date_sk<=2450950.0 AND ss_store_sk=8.0 AND ss_quantity>=89.0 AND ss_ext_discount_amt<=79.14'",
    "avg_est": 37.3770637512207,
    "avg_real": 36.422031413612565,
    "avg_err": 0.026221281475563143,
    "count_est": 2024.82609154284,
    "count_real": 1916,
    "count_err": 0.056798586400229646,
    "sum_est": 75682.05390873177,
    "sum_real": 69566.08,
    "sum_err": 0.08791603477918795,
    "query_dur_ms_est": 370.2702522277832,
    "query_dur_ms_real": 48.85458946228027,
    "query_dur_ms_err": 6.579026992206373,
    "order": [
        0,
        1,
        3,
        4,
        2
    ],
    "groupby": false
}