{
    "timestamp": "2022-07-21 19:31:51.056215",
    "dataset": "store_sales_1G.csv",
    "model": "store_sales_1G.csv-275.8MB-model32.963-data21.235-made-resmade-hidden256_256_256_256_256-emb32-directIo-binaryInone_hotOut-inputNoEmbIfLeq-10epochs-seed0.pt",
    "query": "'SELECT ss_sales_price FROM store_sales_1G.csv WHERE ss_quantity<=45.0'",
    "avg_est": 36.26004409790039,
    "avg_real": 37.87905679696191,
    "avg_err": 0.042741631813582384,
    "count_est": 1244805.5793287754,
    "count_real": 1237148,
    "count_err": 0.006189703518718379,
    "sum_est": 45136705.19977384,
    "sum_real": 45762749.13,
    "sum_err": 0.013680208075955729,
    "query_dur_ms_est": 367.82026290893555,
    "query_dur_ms_real": 48.85458946228027,
    "query_dur_ms_err": 6.528878391106383,
    "order": [
        0,
        1,
        3,
        4,
        2
    ],
    "groupby": false
}