{
    "timestamp": "2022-07-21 18:55:40.830719",
    "dataset": "store_sales_1G.csv",
    "model": "store_sales_1G.csv-275.8MB-model32.963-data21.235-made-resmade-hidden256_256_256_256_256-emb32-directIo-binaryInone_hotOut-inputNoEmbIfLeq-10epochs-seed0.pt",
    "query": "'SELECT ss_sales_price FROM store_sales_1G.csv WHERE ss_quantity>=48.0 AND ss_ext_discount_amt>=3011.11'",
    "avg_est": 36.51215362548828,
    "avg_real": 87.54899037502493,
    "avg_err": 0.5829517454275054,
    "count_est": 7614.730881542899,
    "count_real": 40569,
    "count_err": 0.8123017357700979,
    "sum_est": 278030.2237636441,
    "sum_real": 3511064.71,
    "sum_err": 0.9208131302815993,
    "query_dur_ms_est": 363.30723762512207,
    "query_dur_ms_real": 48.85458946228027,
    "query_dur_ms_err": 6.436501700738369,
    "order": [
        0,
        1,
        3,
        4,
        2
    ],
    "groupby": false
}