{
    "timestamp": "2022-07-21 18:53:24.092737",
    "dataset": "store_sales_1G.csv",
    "model": "store_sales_1G.csv-275.8MB-model32.963-data21.235-made-resmade-hidden256_256_256_256_256-emb32-directIo-binaryInone_hotOut-inputNoEmbIfLeq-10epochs-seed0.pt",
    "query": "'SELECT ss_sales_price FROM store_sales_1G.csv WHERE ss_sold_date_sk<=2450935.0 AND ss_store_sk=8.0 AND ss_quantity<=7.0 AND ss_ext_discount_amt>=214.39<=2088.36'",
    "avg_est": 37.43071746826172,
    "avg_real": 83.42636363636365,
    "avg_err": 0.5513322667230994,
    "count_est": 23.690667609236698,
    "count_real": 22,
    "count_err": 0.07684852769257718,
    "sum_est": 886.7586859158382,
    "sum_real": 1835.38,
    "sum_err": 0.5168528119976037,
    "query_dur_ms_est": 440.30022621154785,
    "query_dur_ms_real": 48.85458946228027,
    "query_dur_ms_err": 8.012463947762686,
    "order": [
        0,
        1,
        3,
        4,
        2
    ],
    "groupby": false
}