{
    "timestamp": "2022-07-21 19:17:02.029399",
    "dataset": "store_sales_1G.csv",
    "model": "store_sales_1G.csv-275.8MB-model32.963-data21.235-made-resmade-hidden256_256_256_256_256-emb32-directIo-binaryInone_hotOut-inputNoEmbIfLeq-10epochs-seed0.pt",
    "query": "'SELECT ss_sales_price FROM store_sales_1G.csv WHERE ss_store_sk=8.0'",
    "avg_est": 36.62146759033203,
    "avg_real": 37.87582902934588,
    "avg_err": 0.03311772893583345,
    "count_est": 456906.3785610795,
    "count_real": 459357,
    "count_err": 0.0053348951663314105,
    "sum_est": 16732582.134290552,
    "sum_real": 16991665.040000003,
    "sum_err": 0.015247646719703169,
    "query_dur_ms_est": 364.8645877838135,
    "query_dur_ms_real": 48.85458946228027,
    "query_dur_ms_err": 6.468378954765727,
    "order": [
        0,
        1,
        3,
        4,
        2
    ],
    "groupby": false
}