{
    "timestamp": "2022-07-21 19:36:59.328664",
    "dataset": "store_sales_1G.csv",
    "model": "store_sales_1G.csv-275.8MB-model32.963-data21.235-made-resmade-hidden256_256_256_256_256-emb32-directIo-binaryInone_hotOut-inputNoEmbIfLeq-10epochs-seed0.pt",
    "query": "'SELECT ss_sales_price FROM store_sales_1G.csv WHERE ss_quantity<=67.0 AND ss_ext_discount_amt>=1984.32<=8103.26'",
    "avg_est": 36.16987991333008,
    "avg_real": 89.0218091884641,
    "avg_err": 0.5936964184051075,
    "count_est": 10155.116329512559,
    "count_real": 30204,
    "count_err": 0.6637824020158735,
    "sum_est": 367309.3381443666,
    "sum_real": 2654630.3499999996,
    "sum_err": 0.8616344689405188,
    "query_dur_ms_est": 362.7617359161377,
    "query_dur_ms_real": 48.85458946228027,
    "query_dur_ms_err": 6.425335877527317,
    "order": [
        0,
        1,
        3,
        4,
        2
    ],
    "groupby": false
}