{
    "timestamp": "2022-07-21 19:22:50.243595",
    "dataset": "store_sales_1G.csv",
    "model": "store_sales_1G.csv-275.8MB-model32.963-data21.235-made-resmade-hidden256_256_256_256_256-emb32-directIo-binaryInone_hotOut-inputNoEmbIfLeq-10epochs-seed0.pt",
    "query": "'SELECT ss_quantity FROM store_sales_1G.csv WHERE ss_ext_discount_amt>=6465.81'",
    "avg_est": 48.32015609741211,
    "avg_real": 84.5119305856833,
    "avg_err": 0.4282445595249748,
    "count_est": 1305.16718092456,
    "count_real": 7085,
    "count_err": 0.8157844487050727,
    "sum_est": 63065.88191549405,
    "sum_real": 584400.0,
    "sum_err": 0.8920843909728028,
    "query_dur_ms_est": 362.30921745300293,
    "query_dur_ms_real": 48.85458946228027,
    "query_dur_ms_err": 6.41607331963633,
    "order": [
        0,
        1,
        2,
        4,
        3
    ],
    "groupby": false
}