{
    "timestamp": "2022-07-21 19:23:09.503811",
    "dataset": "store_sales_1G.csv",
    "model": "store_sales_1G.csv-275.8MB-model32.963-data21.235-made-resmade-hidden256_256_256_256_256-emb32-directIo-binaryInone_hotOut-inputNoEmbIfLeq-10epochs-seed0.pt",
    "query": "'SELECT ss_ext_discount_amt FROM store_sales_1G.csv WHERE ss_sold_date_sk>=2451653.0 AND ss_quantity<=91.0'",
    "avg_est": 75.0345687866211,
    "avg_real": 173.83652697613667,
    "avg_err": 0.5683613214562125,
    "count_est": 1377948.8532085419,
    "count_real": 1382597,
    "count_err": 0.0033618956148885972,
    "sum_est": 103393798.010522,
    "sum_real": 237451656.34999993,
    "sum_err": 0.5645690596568373,
    "query_dur_ms_est": 369.8246479034424,
    "query_dur_ms_real": 48.85458946228027,
    "query_dur_ms_err": 6.569905959172519,
    "order": [
        0,
        1,
        2,
        3,
        4
    ],
    "groupby": false
}