{
    "timestamp": "2022-07-21 19:37:37.453114",
    "dataset": "store_sales_1G.csv",
    "model": "store_sales_1G.csv-275.8MB-model32.963-data21.235-made-resmade-hidden256_256_256_256_256-emb32-directIo-binaryInone_hotOut-inputNoEmbIfLeq-10epochs-seed0.pt",
    "query": "'SELECT ss_sales_price FROM store_sales_1G.csv WHERE ss_store_sk=1.0 AND ss_quantity=23.0 AND ss_ext_discount_amt<=16.04'",
    "avg_est": 36.68244171142578,
    "avg_real": 36.755228070175434,
    "avg_err": 0.0019802994722460847,
    "count_est": 3706.1099184923805,
    "count_real": 3729,
    "count_err": 0.006138396757205543,
    "sum_est": 135949.1610612337,
    "sum_real": 136178.12,
    "sum_err": 0.0016813195744389774,
    "query_dur_ms_est": 362.89286613464355,
    "query_dur_ms_real": 48.85458946228027,
    "query_dur_ms_err": 6.428019969645359,
    "order": [
        0,
        1,
        3,
        4,
        2
    ],
    "groupby": false
}