{
    "timestamp": "2022-07-21 19:44:40.298774",
    "dataset": "store_sales_1G.csv",
    "model": "store_sales_1G.csv-275.8MB-model32.963-data21.235-made-resmade-hidden256_256_256_256_256-emb32-directIo-binaryInone_hotOut-inputNoEmbIfLeq-10epochs-seed0.pt",
    "query": "'SELECT ss_ext_discount_amt FROM store_sales_1G.csv WHERE ss_sold_date_sk<=2451554.0'",
    "avg_est": 80.17517852783203,
    "avg_real": 191.24984103667086,
    "avg_err": 0.5807830318015323,
    "count_est": 1109636.3312109709,
    "count_real": 1108539,
    "count_err": 0.0009898895852747433,
    "sum_est": 88965290.95580815,
    "sum_real": 207006532.9400001,
    "sum_err": 0.570229549317681,
    "query_dur_ms_est": 352.7059555053711,
    "query_dur_ms_real": 48.85458946228027,
    "query_dur_ms_err": 6.2195050534134335,
    "order": [
        0,
        1,
        2,
        3,
        4
    ],
    "groupby": false
}