{
    "timestamp": "2022-07-21 19:16:03.266829",
    "dataset": "store_sales_1G.csv",
    "model": "store_sales_1G.csv-275.8MB-model32.963-data21.235-made-resmade-hidden256_256_256_256_256-emb32-directIo-binaryInone_hotOut-inputNoEmbIfLeq-10epochs-seed0.pt",
    "query": "'SELECT ss_ext_discount_amt FROM store_sales_1G.csv WHERE ss_quantity<=66.0'",
    "avg_est": 69.45700073242188,
    "avg_real": 126.87779088490005,
    "avg_err": 0.4525677011871108,
    "count_est": 1811851.5694904327,
    "count_real": 1814620,
    "count_err": 0.0015256254805784467,
    "sum_est": 125845775.78913671,
    "sum_real": 224814123.27999997,
    "sum_err": 0.44022299865743236,
    "query_dur_ms_est": 365.497350692749,
    "query_dur_ms_real": 48.85458946228027,
    "query_dur_ms_err": 6.481330919277149,
    "order": [
        0,
        1,
        2,
        3,
        4
    ],
    "groupby": false
}