{
    "timestamp": "2022-07-21 19:18:00.339010",
    "dataset": "store_sales_1G.csv",
    "model": "store_sales_1G.csv-275.8MB-model32.963-data21.235-made-resmade-hidden256_256_256_256_256-emb32-directIo-binaryInone_hotOut-inputNoEmbIfLeq-10epochs-seed0.pt",
    "query": "'SELECT ss_ext_discount_amt FROM store_sales_1G.csv WHERE ss_store_sk=10.0'",
    "avg_est": 86.95216369628906,
    "avg_real": 191.7820512900522,
    "avg_err": 0.5466094813806004,
    "count_est": 460027.1051171422,
    "count_real": 459492,
    "count_err": 0.0011645580709614106,
    "sum_est": 40000352.14887572,
    "sum_real": 86045702.25999999,
    "sum_err": 0.5351266699177065,
    "query_dur_ms_est": 352.4465560913086,
    "query_dur_ms_real": 48.85458946228027,
    "query_dur_ms_err": 6.214195431187198,
    "order": [
        0,
        1,
        2,
        3,
        4
    ],
    "groupby": false
}