{
    "timestamp": "2022-07-21 19:11:32.522516",
    "dataset": "store_sales_1G.csv",
    "model": "store_sales_1G.csv-275.8MB-model32.963-data21.235-made-resmade-hidden256_256_256_256_256-emb32-directIo-binaryInone_hotOut-inputNoEmbIfLeq-10epochs-seed0.pt",
    "query": "'SELECT ss_quantity FROM store_sales_1G.csv WHERE ss_sales_price>=81.97<=182.98'",
    "avg_est": 48.34831237792969,
    "avg_real": 50.57721302626844,
    "avg_err": 0.04406926588029119,
    "count_est": 347459.43193769455,
    "count_real": 341611,
    "count_err": 0.017120151100797544,
    "sum_est": 16799077.153981656,
    "sum_real": 16866489.0,
    "sum_err": 0.003996791864527595,
    "query_dur_ms_est": 370.4402446746826,
    "query_dur_ms_real": 48.85458946228027,
    "query_dur_ms_err": 6.582506551624852,
    "order": [
        0,
        1,
        2,
        4,
        3
    ],
    "groupby": false
}