{
    "timestamp": "2022-07-21 19:32:10.404669",
    "dataset": "store_sales_1G.csv",
    "model": "store_sales_1G.csv-275.8MB-model32.963-data21.235-made-resmade-hidden256_256_256_256_256-emb32-directIo-binaryInone_hotOut-inputNoEmbIfLeq-10epochs-seed0.pt",
    "query": "'SELECT ss_ext_discount_amt FROM store_sales_1G.csv WHERE ss_sales_price>=49.84<=188.56'",
    "avg_est": 119.64532470703125,
    "avg_real": 415.9326030283327,
    "avg_err": 0.7123444427392455,
    "count_est": 824045.8998541832,
    "count_real": 819106,
    "count_err": 0.006030843204888252,
    "sum_est": 98593239.2615515,
    "sum_real": 332654577.24999994,
    "sum_err": 0.7036167664470292,
    "query_dur_ms_est": 354.3586730957031,
    "query_dur_ms_real": 48.85458946228027,
    "query_dur_ms_err": 6.253334374435731,
    "order": [
        0,
        1,
        2,
        3,
        4
    ],
    "groupby": false
}