{
    "timestamp": "2022-07-21 19:26:22.572870",
    "dataset": "store_sales_1G.csv",
    "model": "store_sales_1G.csv-275.8MB-model32.963-data21.235-made-resmade-hidden256_256_256_256_256-emb32-directIo-binaryInone_hotOut-inputNoEmbIfLeq-10epochs-seed0.pt",
    "query": "'SELECT ss_ext_discount_amt FROM store_sales_1G.csv WHERE ss_sales_price>=47.91<=154.53'",
    "avg_est": 118.71376037597656,
    "avg_real": 401.7826416789748,
    "avg_err": 0.7045323812898091,
    "count_est": 850000.1913226843,
    "count_real": 844529,
    "count_err": 0.0064783936640237195,
    "sum_est": 100906719.03221537,
    "sum_real": 331328448.32999986,
    "sum_err": 0.6954480681003484,
    "query_dur_ms_est": 365.5085563659668,
    "query_dur_ms_real": 48.85458946228027,
    "query_dur_ms_err": 6.481560287149055,
    "order": [
        0,
        1,
        2,
        3,
        4
    ],
    "groupby": false
}