{
    "timestamp": "2022-07-21 19:18:58.184573",
    "dataset": "store_sales_1G.csv",
    "model": "store_sales_1G.csv-275.8MB-model32.963-data21.235-made-resmade-hidden256_256_256_256_256-emb32-directIo-binaryInone_hotOut-inputNoEmbIfLeq-10epochs-seed0.pt",
    "query": "'SELECT ss_quantity FROM store_sales_1G.csv WHERE ss_store_sk=8.0 AND ss_ext_discount_amt<=185.09'",
    "avg_est": 48.78398132324219,
    "avg_real": 49.419372032549774,
    "avg_err": 0.012857118234709454,
    "count_est": 412564.8750728369,
    "count_real": 391243,
    "count_err": 0.05449778033814503,
    "sum_est": 20126557.16017902,
    "sum_real": 19099846.0,
    "sum_err": 0.05375494442096648,
    "query_dur_ms_est": 362.687349319458,
    "query_dur_ms_real": 48.85458946228027,
    "query_dur_ms_err": 6.4238132652712645,
    "order": [
        0,
        1,
        2,
        4,
        3
    ],
    "groupby": false
}