{
    "timestamp": "2022-07-21 19:51:42.244729",
    "dataset": "store_sales_1G.csv",
    "model": "store_sales_1G.csv-275.8MB-model32.963-data21.235-made-resmade-hidden256_256_256_256_256-emb32-directIo-binaryInone_hotOut-inputNoEmbIfLeq-10epochs-seed0.pt",
    "query": "'SELECT ss_sales_price FROM store_sales_1G.csv WHERE ss_sold_date_sk>=2451167.0<=2451724.0 AND ss_quantity<=86.0'",
    "avg_est": 37.217041015625,
    "avg_real": 37.90399463755008,
    "avg_err": 0.018123515172845085,
    "count_est": 628997.7002115846,
    "count_real": 626731,
    "count_err": 0.0036167035164760765,
    "sum_est": 23409433.20750834,
    "sum_real": 23467121.160000004,
    "sum_err": 0.0024582458196872148,
    "query_dur_ms_est": 366.5659427642822,
    "query_dur_ms_real": 48.85458946228027,
    "query_dur_ms_err": 6.503203829955444,
    "order": [
        0,
        1,
        3,
        4,
        2
    ],
    "groupby": false
}