{
    "timestamp": "2022-07-21 19:49:27.633474",
    "dataset": "store_sales_1G.csv",
    "model": "store_sales_1G.csv-275.8MB-model32.963-data21.235-made-resmade-hidden256_256_256_256_256-emb32-directIo-binaryInone_hotOut-inputNoEmbIfLeq-10epochs-seed0.pt",
    "query": "'SELECT ss_quantity FROM store_sales_1G.csv WHERE ss_ext_discount_amt>=3454.41'",
    "avg_est": 48.145263671875,
    "avg_real": 77.25950653120465,
    "avg_err": 0.376837028431842,
    "count_est": 10345.392773304135,
    "count_real": 35294,
    "count_err": 0.7068795610215862,
    "sum_est": 498081.6628598377,
    "sum_real": 2661590.0,
    "sum_err": 0.8128631145819463,
    "query_dur_ms_est": 362.49828338623047,
    "query_dur_ms_real": 48.85458946228027,
    "query_dur_ms_err": 6.419943292453797,
    "order": [
        0,
        1,
        2,
        4,
        3
    ],
    "groupby": false
}