{
    "timestamp": "2022-07-21 19:41:08.858131",
    "dataset": "store_sales_1G.csv",
    "model": "store_sales_1G.csv-275.8MB-model32.963-data21.235-made-resmade-hidden256_256_256_256_256-emb32-directIo-binaryInone_hotOut-inputNoEmbIfLeq-10epochs-seed0.pt",
    "query": "'SELECT ss_ext_discount_amt FROM store_sales_1G.csv WHERE ss_sales_price>=51.34<=161.39'",
    "avg_est": 136.35108947753906,
    "avg_real": 417.73158355733295,
    "avg_err": 0.6735916199670713,
    "count_est": 784703.5764309168,
    "count_real": 781043,
    "count_err": 0.004686779640707088,
    "sum_est": 106995187.56327684,
    "sum_real": 318582992.2,
    "sum_err": 0.6641528575508281,
    "query_dur_ms_est": 354.42090034484863,
    "query_dur_ms_real": 48.85458946228027,
    "query_dur_ms_err": 6.254608098149928,
    "order": [
        0,
        1,
        2,
        3,
        4
    ],
    "groupby": false
}