{
    "timestamp": "2022-07-21 19:10:54.017580",
    "dataset": "store_sales_1G.csv",
    "model": "store_sales_1G.csv-275.8MB-model32.963-data21.235-made-resmade-hidden256_256_256_256_256-emb32-directIo-binaryInone_hotOut-inputNoEmbIfLeq-10epochs-seed0.pt",
    "query": "'SELECT ss_ext_discount_amt FROM store_sales_1G.csv WHERE ss_store_sk=10.0'",
    "avg_est": 83.76387023925781,
    "avg_real": 191.7820512900522,
    "avg_err": 0.5632340478381218,
    "count_est": 462667.670370698,
    "count_real": 459492,
    "count_err": 0.006911263679667927,
    "sum_est": 38754834.704830855,
    "sum_real": 86045702.25999999,
    "sum_err": 0.5496017385304461,
    "query_dur_ms_est": 352.46801376342773,
    "query_dur_ms_real": 48.85458946228027,
    "query_dur_ms_err": 6.21463464626106,
    "order": [
        0,
        1,
        2,
        3,
        4
    ],
    "groupby": false
}