{
    "timestamp": "2022-07-21 19:18:38.883998",
    "dataset": "store_sales_1G.csv",
    "model": "store_sales_1G.csv-275.8MB-model32.963-data21.235-made-resmade-hidden256_256_256_256_256-emb32-directIo-binaryInone_hotOut-inputNoEmbIfLeq-10epochs-seed0.pt",
    "query": "'SELECT ss_ext_discount_amt FROM store_sales_1G.csv WHERE ss_quantity=20.0'",
    "avg_est": 65.27662658691406,
    "avg_real": 76.78883776792313,
    "avg_err": 0.14992037274743128,
    "count_est": 25620.87294539064,
    "count_real": 27746,
    "count_err": 0.07659219543751741,
    "sum_est": 1672444.156087034,
    "sum_real": 2077905.95,
    "sum_err": 0.19513000283432752,
    "query_dur_ms_est": 364.0563488006592,
    "query_dur_ms_real": 48.85458946228027,
    "query_dur_ms_err": 6.451835186983617,
    "order": [
        0,
        1,
        2,
        3,
        4
    ],
    "groupby": false
}