{
    "timestamp": "2022-07-21 19:52:20.920316",
    "dataset": "store_sales_1G.csv",
    "model": "store_sales_1G.csv-275.8MB-model32.963-data21.235-made-resmade-hidden256_256_256_256_256-emb32-directIo-binaryInone_hotOut-inputNoEmbIfLeq-10epochs-seed0.pt",
    "query": "'SELECT ss_sales_price FROM store_sales_1G.csv WHERE ss_sold_date_sk<=2451975.0 AND ss_store_sk=1.0 AND ss_quantity<=75.0'",
    "avg_est": 37.485015869140625,
    "avg_real": 37.879957432234086,
    "avg_err": 0.010426135346112718,
    "count_est": 204076.3223323822,
    "count_real": 205645,
    "count_err": 0.0076280856214242885,
    "sum_est": 7649804.181145204,
    "sum_real": 7741905.700000002,
    "sum_err": 0.011896491952207296,
    "query_dur_ms_est": 361.4082336425781,
    "query_dur_ms_real": 48.85458946228027,
    "query_dur_ms_err": 6.3976311667016414,
    "order": [
        0,
        1,
        3,
        4,
        2
    ],
    "groupby": false
}