{
    "timestamp": "2022-07-21 19:47:52.073334",
    "dataset": "store_sales_1G.csv",
    "model": "store_sales_1G.csv-275.8MB-model32.963-data21.235-made-resmade-hidden256_256_256_256_256-emb32-directIo-binaryInone_hotOut-inputNoEmbIfLeq-10epochs-seed0.pt",
    "query": "'SELECT ss_ext_discount_amt FROM store_sales_1G.csv WHERE ss_store_sk=8.0 AND ss_quantity>=68.0<=75.0'",
    "avg_est": 105.78926849365234,
    "avg_real": 268.9578270803949,
    "avg_err": 0.6066696788785753,
    "count_est": 36320.76667943597,
    "count_real": 35849,
    "count_err": 0.013159828152416201,
    "sum_est": 3842347.3381461534,
    "sum_real": 9534554.969999999,
    "sum_err": 0.5970082137828239,
    "query_dur_ms_est": 352.5874614715576,
    "query_dur_ms_real": 48.85458946228027,
    "query_dur_ms_err": 6.217079610172221,
    "order": [
        0,
        1,
        2,
        3,
        4
    ],
    "groupby": false
}