{
    "timestamp": "2022-07-21 19:15:43.865602",
    "dataset": "store_sales_1G.csv",
    "model": "store_sales_1G.csv-275.8MB-model32.963-data21.235-made-resmade-hidden256_256_256_256_256-emb32-directIo-binaryInone_hotOut-inputNoEmbIfLeq-10epochs-seed0.pt",
    "query": "'SELECT ss_ext_discount_amt FROM store_sales_1G.csv WHERE ss_store_sk=2.0 AND ss_sales_price<=169.93'",
    "avg_est": 84.97821044921875,
    "avg_real": 191.94646013227685,
    "avg_err": 0.5572817003728155,
    "count_est": 450587.1519368291,
    "count_real": 446732,
    "count_err": 0.008629674921046824,
    "sum_est": 38290089.823001966,
    "sum_real": 84714994.33999999,
    "sum_err": 0.5480128385616561,
    "query_dur_ms_est": 353.6183834075928,
    "query_dur_ms_real": 48.85458946228027,
    "query_dur_ms_err": 6.238181454387514,
    "order": [
        0,
        1,
        2,
        3,
        4
    ],
    "groupby": false
}