{
    "timestamp": "2022-07-21 19:01:31.286646",
    "dataset": "store_sales_1G.csv",
    "model": "store_sales_1G.csv-275.8MB-model32.963-data21.235-made-resmade-hidden256_256_256_256_256-emb32-directIo-binaryInone_hotOut-inputNoEmbIfLeq-10epochs-seed0.pt",
    "query": "'SELECT ss_ext_discount_amt FROM store_sales_1G.csv WHERE ss_sold_date_sk<=2451421.0 AND ss_sales_price>=108.34<=122.99 AND ss_quantity>=58.0<=66.0'",
    "avg_est": 168.77487182617188,
    "avg_real": 658.4233823529412,
    "avg_err": 0.743668168006066,
    "count_est": 1573.8469575638883,
    "count_real": 1642,
    "count_err": 0.041506115978143555,
    "sum_est": 265625.8185368558,
    "sum_real": 1074546.96,
    "sum_err": 0.7528020380450793,
    "query_dur_ms_est": 355.0271987915039,
    "query_dur_ms_real": 48.85458946228027,
    "query_dur_ms_err": 6.267018364070255,
    "order": [
        0,
        1,
        2,
        3,
        4
    ],
    "groupby": false
}