{
    "timestamp": "2022-07-21 19:28:37.785803",
    "dataset": "store_sales_1G.csv",
    "model": "store_sales_1G.csv-275.8MB-model32.963-data21.235-made-resmade-hidden256_256_256_256_256-emb32-directIo-binaryInone_hotOut-inputNoEmbIfLeq-10epochs-seed0.pt",
    "query": "'SELECT ss_ext_discount_amt FROM store_sales_1G.csv WHERE ss_store_sk=4.0 AND ss_quantity>=12.0<=24.0'",
    "avg_est": 53.977378845214844,
    "avg_real": 66.88033153284167,
    "avg_err": 0.1929259677980336,
    "count_est": 59690.51600514352,
    "count_real": 58454,
    "count_err": 0.02115365937563765,
    "sum_est": 3221937.595875992,
    "sum_real": 3863141.71,
    "sum_err": 0.16597996197349127,
    "query_dur_ms_est": 362.14613914489746,
    "query_dur_ms_real": 48.85458946228027,
    "query_dur_ms_err": 6.412735285074984,
    "order": [
        0,
        1,
        2,
        3,
        4
    ],
    "groupby": false
}