{
    "timestamp": "2022-07-21 19:04:26.238609",
    "dataset": "store_sales_1G.csv",
    "model": "store_sales_1G.csv-275.8MB-model32.963-data21.235-made-resmade-hidden256_256_256_256_256-emb32-directIo-binaryInone_hotOut-inputNoEmbIfLeq-10epochs-seed0.pt",
    "query": "'SELECT ss_ext_discount_amt FROM store_sales_1G.csv WHERE ss_store_sk=2.0 AND ss_quantity>=70.0'",
    "avg_est": 110.61845397949219,
    "avg_real": 323.81895417754475,
    "avg_err": 0.6583941348941488,
    "count_est": 140839.10669110715,
    "count_real": 139157,
    "count_err": 0.012087833821562364,
    "sum_est": 15579404.242023027,
    "sum_real": 44528020.57,
    "sum_err": 0.6501213383709361,
    "query_dur_ms_est": 365.82255363464355,
    "query_dur_ms_real": 48.85458946228027,
    "query_dur_ms_err": 6.4879874677298925,
    "order": [
        0,
        1,
        2,
        3,
        4
    ],
    "groupby": false
}