{
    "timestamp": "2022-07-21 19:33:46.733666",
    "dataset": "store_sales_1G.csv",
    "model": "store_sales_1G.csv-275.8MB-model32.963-data21.235-made-resmade-hidden256_256_256_256_256-emb32-directIo-binaryInone_hotOut-inputNoEmbIfLeq-10epochs-seed0.pt",
    "query": "'SELECT ss_ext_discount_amt FROM store_sales_1G.csv WHERE ss_sold_date_sk<=2451678.0 AND ss_store_sk=1.0'",
    "avg_est": 77.65113830566406,
    "avg_real": 190.83247654310819,
    "avg_err": 0.5930926448563747,
    "count_est": 195001.15782731771,
    "count_real": 196586,
    "count_err": 0.008061826237281827,
    "sum_est": 15142061.876213674,
    "sum_real": 37056995.29000001,
    "sum_err": 0.5913845211217158,
    "query_dur_ms_est": 352.96130180358887,
    "query_dur_ms_real": 48.85458946228027,
    "query_dur_ms_err": 6.224731712792383,
    "order": [
        0,
        1,
        2,
        3,
        4
    ],
    "groupby": false
}