{
    "timestamp": "2022-07-21 19:02:10.219276",
    "dataset": "store_sales_1G.csv",
    "model": "store_sales_1G.csv-275.8MB-model32.963-data21.235-made-resmade-hidden256_256_256_256_256-emb32-directIo-binaryInone_hotOut-inputNoEmbIfLeq-10epochs-seed0.pt",
    "query": "'SELECT ss_sales_price FROM store_sales_1G.csv WHERE ss_sold_date_sk<=2451594.0 AND ss_quantity=92.0'",
    "avg_est": 37.27345657348633,
    "avg_real": 37.6532473632899,
    "avg_err": 0.010086534798426163,
    "count_est": 10560.949900672771,
    "count_real": 11423,
    "count_err": 0.07546617345068975,
    "sum_est": 393643.1074974913,
    "sum_real": 424841.58999999997,
    "sum_err": 0.0734355657187628,
    "query_dur_ms_est": 367.68317222595215,
    "query_dur_ms_real": 48.85458946228027,
    "query_dur_ms_err": 6.526072294801158,
    "order": [
        0,
        1,
        3,
        4,
        2
    ],
    "groupby": false
}