{
    "timestamp": "2022-07-21 19:48:30.505617",
    "dataset": "store_sales_1G.csv",
    "model": "store_sales_1G.csv-275.8MB-model32.963-data21.235-made-resmade-hidden256_256_256_256_256-emb32-directIo-binaryInone_hotOut-inputNoEmbIfLeq-10epochs-seed0.pt",
    "query": "'SELECT ss_sales_price FROM store_sales_1G.csv WHERE ss_sold_date_sk>=2450985.0 AND ss_store_sk=7.0 AND ss_quantity>=55.0<=80.0'",
    "avg_est": 37.746253967285156,
    "avg_real": 37.83260733975608,
    "avg_err": 0.002282511794532874,
    "count_est": 105843.99853932858,
    "count_real": 108420,
    "count_err": 0.023759467447624284,
    "sum_est": 3995214.4497784553,
    "sum_real": 4076160.78,
    "sum_err": 0.01985847335039235,
    "query_dur_ms_est": 371.51026725769043,
    "query_dur_ms_real": 48.85458946228027,
    "query_dur_ms_err": 6.6044087433080705,
    "order": [
        0,
        1,
        3,
        4,
        2
    ],
    "groupby": false
}