{
    "timestamp": "2022-07-21 19:19:36.787329",
    "dataset": "store_sales_1G.csv",
    "model": "store_sales_1G.csv-275.8MB-model32.963-data21.235-made-resmade-hidden256_256_256_256_256-emb32-directIo-binaryInone_hotOut-inputNoEmbIfLeq-10epochs-seed0.pt",
    "query": "'SELECT ss_quantity FROM store_sales_1G.csv WHERE ss_sold_date_sk>=2451312.0<=2451800.0 AND ss_store_sk=2.0 AND ss_sales_price=124.69'",
    "avg_est": 50.02555847167969,
    "avg_real": 75.5,
    "avg_err": 0.33740982156715643,
    "count_est": 0.8052259256602383,
    "count_real": 2,
    "count_err": 0.5973870371698808,
    "sum_est": 40.28187662702865,
    "sum_real": 151.0,
    "sum_err": 0.7332326051190156,
    "query_dur_ms_est": 355.46302795410156,
    "query_dur_ms_real": 48.85458946228027,
    "query_dur_ms_err": 6.275939310237128,
    "order": [
        0,
        1,
        2,
        4,
        3
    ],
    "groupby": false
}