{
    "timestamp": "2022-07-21 18:57:18.515275",
    "dataset": "store_sales_1G.csv",
    "model": "store_sales_1G.csv-275.8MB-model32.963-data21.235-made-resmade-hidden256_256_256_256_256-emb32-directIo-binaryInone_hotOut-inputNoEmbIfLeq-10epochs-seed0.pt",
    "query": "'SELECT ss_sales_price FROM store_sales_1G.csv WHERE ss_quantity>=9.0<=67.0'",
    "avg_est": 36.31792068481445,
    "avg_real": 37.88269529323896,
    "avg_err": 0.04130578873314163,
    "count_est": 1620403.0559082031,
    "count_real": 1622278,
    "count_err": 0.001155747715124581,
    "sum_est": 58849669.66190508,
    "sum_real": 60002893.550000004,
    "sum_err": 0.01921947125989767,
    "query_dur_ms_est": 352.71763801574707,
    "query_dur_ms_real": 48.85458946228027,
    "query_dur_ms_err": 6.219744181620313,
    "order": [
        0,
        1,
        3,
        4,
        2
    ],
    "groupby": false
}