{
    "timestamp": "2022-07-21 19:20:34.943291",
    "dataset": "store_sales_1G.csv",
    "model": "store_sales_1G.csv-275.8MB-model32.963-data21.235-made-resmade-hidden256_256_256_256_256-emb32-directIo-binaryInone_hotOut-inputNoEmbIfLeq-10epochs-seed0.pt",
    "query": "'SELECT ss_quantity FROM store_sales_1G.csv WHERE ss_ext_discount_amt>=1722.12'",
    "avg_est": 48.30896759033203,
    "avg_real": 70.8560647814474,
    "avg_err": 0.31820984217315706,
    "count_est": 34576.15003218874,
    "count_real": 96572,
    "count_err": 0.6419650620035958,
    "sum_est": 1670338.1113034638,
    "sum_real": 6685128.0,
    "sum_err": 0.7501411923147225,
    "query_dur_ms_est": 362.567663192749,
    "query_dur_ms_real": 48.85458946228027,
    "query_dur_ms_err": 6.421363421192615,
    "order": [
        0,
        1,
        2,
        4,
        3
    ],
    "groupby": false
}