{
    "timestamp": "2022-07-21 19:00:13.036615",
    "dataset": "store_sales_1G.csv",
    "model": "store_sales_1G.csv-275.8MB-model32.963-data21.235-made-resmade-hidden256_256_256_256_256-emb32-directIo-binaryInone_hotOut-inputNoEmbIfLeq-10epochs-seed0.pt",
    "query": "'SELECT ss_sales_price FROM store_sales_1G.csv WHERE ss_sold_date_sk>=2451347.0<=2451688.0'",
    "avg_est": 37.112754821777344,
    "avg_real": 37.91832878285425,
    "avg_err": 0.0212449753703589,
    "count_est": 525137.6988160014,
    "count_real": 524345,
    "count_err": 0.0015117886429763137,
    "sum_est": 19489306.663830616,
    "sum_real": 19415473.559999995,
    "sum_err": 0.0038027969599841514,
    "query_dur_ms_est": 353.11007499694824,
    "query_dur_ms_real": 48.85458946228027,
    "query_dur_ms_err": 6.227776937304489,
    "order": [
        0,
        1,
        3,
        4,
        2
    ],
    "groupby": false
}