{
    "timestamp": "2022-07-21 19:42:25.421194",
    "dataset": "store_sales_1G.csv",
    "model": "store_sales_1G.csv-275.8MB-model32.963-data21.235-made-resmade-hidden256_256_256_256_256-emb32-directIo-binaryInone_hotOut-inputNoEmbIfLeq-10epochs-seed0.pt",
    "query": "'SELECT ss_quantity FROM store_sales_1G.csv WHERE ss_sold_date_sk<=2451604.0 AND ss_store_sk=2.0 AND ss_ext_discount_amt=604.26'",
    "avg_est": 50.000221252441406,
    "avg_real": NaN,
    "avg_err": NaN,
    "count_est": 0.0023866983405180786,
    "count_real": 0,
    "count_err": "result=0!",
    "sum_est": 0.11933544508873867,
    "sum_real": 0.0,
    "sum_err": "result=0!",
    "query_dur_ms_est": 363.4207248687744,
    "query_dur_ms_real": 48.85458946228027,
    "query_dur_ms_err": 6.438824660462347,
    "order": [
        0,
        1,
        2,
        4,
        3
    ],
    "groupby": false
}