{
    "timestamp": "2022-07-21 19:36:01.785377",
    "dataset": "store_sales_1G.csv",
    "model": "store_sales_1G.csv-275.8MB-model32.963-data21.235-made-resmade-hidden256_256_256_256_256-emb32-directIo-binaryInone_hotOut-inputNoEmbIfLeq-10epochs-seed0.pt",
    "query": "'SELECT ss_quantity FROM store_sales_1G.csv WHERE ss_store_sk=1.0'",
    "avg_est": 48.85392761230469,
    "avg_real": 50.550020846689414,
    "avg_err": 0.03355277022592574,
    "count_est": 453427.4732198715,
    "count_real": 456896,
    "count_err": 0.007591501742471983,
    "sum_est": 22151712.954113826,
    "sum_real": 22551072.0,
    "sum_err": 0.017709093646908397,
    "query_dur_ms_est": 352.71239280700684,
    "query_dur_ms_real": 48.85458946228027,
    "query_dur_ms_err": 6.219636817935592,
    "order": [
        0,
        1,
        2,
        4,
        3
    ],
    "groupby": false
}