{
    "timestamp": "2022-07-21 19:12:10.942621",
    "dataset": "store_sales_1G.csv",
    "model": "store_sales_1G.csv-275.8MB-model32.963-data21.235-made-resmade-hidden256_256_256_256_256-emb32-directIo-binaryInone_hotOut-inputNoEmbIfLeq-10epochs-seed0.pt",
    "query": "'SELECT ss_quantity FROM store_sales_1G.csv WHERE ss_store_sk=7.0'",
    "avg_est": 48.594818115234375,
    "avg_real": 50.55502265092984,
    "avg_err": 0.03877368524251693,
    "count_est": 448300.1299610734,
    "count_real": 458194,
    "count_err": 0.021593189869196457,
    "sum_est": 21785063.276494294,
    "sum_real": 22620491.0,
    "sum_err": 0.036932342605017085,
    "query_dur_ms_est": 368.3924674987793,
    "query_dur_ms_real": 48.85458946228027,
    "query_dur_ms_err": 6.540590793076018,
    "order": [
        0,
        1,
        2,
        4,
        3
    ],
    "groupby": false
}