{
    "timestamp": "2022-07-21 18:50:09.342833",
    "dataset": "store_sales_1G.csv",
    "model": "store_sales_1G.csv-275.8MB-model32.963-data21.235-made-resmade-hidden256_256_256_256_256-emb32-directIo-binaryInone_hotOut-inputNoEmbIfLeq-10epochs-seed0.pt",
    "query": "'SELECT ss_sales_price FROM store_sales_1G.csv WHERE ss_quantity<=7.0'",
    "avg_est": 36.02252960205078,
    "avg_real": 37.79948109138543,
    "avg_err": 0.0470099439999884,
    "count_est": 196107.60621711612,
    "count_real": 192333,
    "count_err": 0.019625369630360455,
    "sum_est": 7064292.050143383,
    "sum_real": 7098666.950000001,
    "sum_err": 0.004842444377055563,
    "query_dur_ms_est": 352.8594970703125,
    "query_dur_ms_real": 48.85458946228027,
    "query_dur_ms_err": 6.222647881275285,
    "order": [
        0,
        1,
        3,
        4,
        2
    ],
    "groupby": false
}