{
    "timestamp": "2022-07-21 18:49:30.364944",
    "dataset": "store_sales_1G.csv",
    "model": "store_sales_1G.csv-275.8MB-model32.963-data21.235-made-resmade-hidden256_256_256_256_256-emb32-directIo-binaryInone_hotOut-inputNoEmbIfLeq-10epochs-seed0.pt",
    "query": "'SELECT ss_ext_discount_amt FROM store_sales_1G.csv WHERE ss_sales_price=3.23'",
    "avg_est": 21.264507293701172,
    "avg_real": 16.301482035928142,
    "avg_err": 0.30445239560640075,
    "count_est": 616.4941840200336,
    "count_real": 684,
    "count_err": 0.09869271342100355,
    "sum_est": 13109.445072618357,
    "sum_real": 10889.39,
    "sum_err": 0.20387322638075756,
    "query_dur_ms_est": 352.8270721435547,
    "query_dur_ms_real": 48.85458946228027,
    "query_dur_ms_err": 6.221984178497006,
    "order": [
        0,
        1,
        2,
        3,
        4
    ],
    "groupby": false
}