{
    "timestamp": "2022-07-21 19:05:44.096999",
    "dataset": "store_sales_1G.csv",
    "model": "store_sales_1G.csv-275.8MB-model32.963-data21.235-made-resmade-hidden256_256_256_256_256-emb32-directIo-binaryInone_hotOut-inputNoEmbIfLeq-10epochs-seed0.pt",
    "query": "'SELECT ss_ext_discount_amt FROM store_sales_1G.csv WHERE ss_sold_date_sk<=2451432.0 AND ss_store_sk=7.0 AND ss_quantity>=75.0'",
    "avg_est": 116.47984313964844,
    "avg_real": 332.4509724425642,
    "avg_err": 0.6496330202199302,
    "count_est": 33346.506596487015,
    "count_real": 34206,
    "count_err": 0.025126977825907282,
    "sum_est": 3884195.8576140595,
    "sum_real": 11315966.2,
    "sum_err": 0.6567508431039624,
    "query_dur_ms_est": 352.77485847473145,
    "query_dur_ms_real": 48.85458946228027,
    "query_dur_ms_err": 6.220915421817277,
    "order": [
        0,
        1,
        2,
        3,
        4
    ],
    "groupby": false
}