{
    "timestamp": "2022-07-21 19:11:13.326693",
    "dataset": "store_sales_1G.csv",
    "model": "store_sales_1G.csv-275.8MB-model32.963-data21.235-made-resmade-hidden256_256_256_256_256-emb32-directIo-binaryInone_hotOut-inputNoEmbIfLeq-10epochs-seed0.pt",
    "query": "'SELECT ss_quantity FROM store_sales_1G.csv WHERE ss_store_sk=10.0 AND ss_ext_discount_amt>=1821.44<=2725.08'",
    "avg_est": 48.801475524902344,
    "avg_real": 66.23330026455027,
    "avg_err": 0.2631882251076333,
    "count_est": 2109.5436432987917,
    "count_real": 6134,
    "count_err": 0.6560900483699394,
    "sum_est": 102948.8424771593,
    "sum_real": 400579.0,
    "sum_err": 0.7429999014497533,
    "query_dur_ms_est": 362.9956245422363,
    "query_dur_ms_real": 48.85458946228027,
    "query_dur_ms_err": 6.430123321832405,
    "order": [
        0,
        1,
        2,
        4,
        3
    ],
    "groupby": false
}