{
    "timestamp": "2022-07-21 18:52:44.940829",
    "dataset": "store_sales_1G.csv",
    "model": "store_sales_1G.csv-275.8MB-model32.963-data21.235-made-resmade-hidden256_256_256_256_256-emb32-directIo-binaryInone_hotOut-inputNoEmbIfLeq-10epochs-seed0.pt",
    "query": "'SELECT ss_ext_discount_amt FROM store_sales_1G.csv WHERE ss_sold_date_sk<=2452011.0'",
    "avg_est": 81.81737518310547,
    "avg_real": 191.48803026865343,
    "avg_err": 0.572728514318532,
    "count_est": 1739961.374613762,
    "count_real": 1737946,
    "count_err": 0.001159630169039718,
    "sum_est": 142359072.5908861,
    "sum_real": 324930485.4100002,
    "sum_err": 0.5618783740428168,
    "query_dur_ms_est": 364.7005558013916,
    "query_dur_ms_real": 48.85458946228027,
    "query_dur_ms_err": 6.465021399534432,
    "order": [
        0,
        1,
        2,
        3,
        4
    ],
    "groupby": false
}