{
    "timestamp": "2022-07-21 19:22:11.572232",
    "dataset": "store_sales_1G.csv",
    "model": "store_sales_1G.csv-275.8MB-model32.963-data21.235-made-resmade-hidden256_256_256_256_256-emb32-directIo-binaryInone_hotOut-inputNoEmbIfLeq-10epochs-seed0.pt",
    "query": "'SELECT ss_quantity FROM store_sales_1G.csv WHERE ss_store_sk=4.0 AND ss_ext_discount_amt=127.79'",
    "avg_est": 48.65898132324219,
    "avg_real": 5.0,
    "avg_err": 8.731796264648438,
    "count_est": 0.20579509216577208,
    "count_real": 1,
    "count_err": 0.7942049078342279,
    "sum_est": 10.013779546109207,
    "sum_real": 5.0,
    "sum_err": 1.0027559092218414,
    "query_dur_ms_est": 362.7665042877197,
    "query_dur_ms_real": 48.85458946228027,
    "query_dur_ms_err": 6.4254334808770635,
    "order": [
        0,
        1,
        2,
        4,
        3
    ],
    "groupby": false
}