{
    "timestamp": "2022-07-21 19:50:44.406371",
    "dataset": "store_sales_1G.csv",
    "model": "store_sales_1G.csv-275.8MB-model32.963-data21.235-made-resmade-hidden256_256_256_256_256-emb32-directIo-binaryInone_hotOut-inputNoEmbIfLeq-10epochs-seed0.pt",
    "query": "'SELECT ss_sales_price FROM store_sales_1G.csv WHERE ss_sold_date_sk>=2451487.0 AND ss_store_sk=10.0 AND ss_ext_discount_amt<=5174.7'",
    "avg_est": 37.85016632080078,
    "avg_real": 37.48501277337079,
    "avg_err": 0.00974132114180295,
    "count_est": 293593.4845634997,
    "count_real": 292235,
    "count_err": 0.004648603225143084,
    "sum_est": 11112562.22143192,
    "sum_real": 10887446.99,
    "sum_err": 0.020676585763281873,
    "query_dur_ms_est": 379.91881370544434,
    "query_dur_ms_real": 48.85458946228027,
    "query_dur_ms_err": 6.776522490251866,
    "order": [
        0,
        1,
        3,
        4,
        2
    ],
    "groupby": false
}