{
    "timestamp": "2022-07-21 19:30:53.160294",
    "dataset": "store_sales_1G.csv",
    "model": "store_sales_1G.csv-275.8MB-model32.963-data21.235-made-resmade-hidden256_256_256_256_256-emb32-directIo-binaryInone_hotOut-inputNoEmbIfLeq-10epochs-seed0.pt",
    "query": "'SELECT ss_quantity FROM store_sales_1G.csv WHERE ss_sold_date_sk>=2451204.0 AND ss_ext_discount_amt<=1146.2'",
    "avg_est": 49.105918884277344,
    "avg_real": 49.572775629599526,
    "avg_err": 0.009417603500971327,
    "count_est": 2084543.3582882881,
    "count_real": 2012579,
    "count_err": 0.03575728370826095,
    "sum_est": 102363417.06286377,
    "sum_real": 98562972.0,
    "sum_err": 0.03855854775628891,
    "query_dur_ms_est": 372.7428913116455,
    "query_dur_ms_real": 48.85458946228027,
    "query_dur_ms_err": 6.62963920921766,
    "order": [
        0,
        1,
        2,
        4,
        3
    ],
    "groupby": false
}