{
    "timestamp": "2022-07-21 19:52:01.522140",
    "dataset": "store_sales_1G.csv",
    "model": "store_sales_1G.csv-275.8MB-model32.963-data21.235-made-resmade-hidden256_256_256_256_256-emb32-directIo-binaryInone_hotOut-inputNoEmbIfLeq-10epochs-seed0.pt",
    "query": "'SELECT ss_ext_discount_amt FROM store_sales_1G.csv WHERE ss_sold_date_sk=2451574.0 AND ss_quantity=46.0'",
    "avg_est": 72.02595520019531,
    "avg_real": 955.805,
    "avg_err": 0.9246436718784738,
    "count_est": 8.131948117581487,
    "count_real": 7,
    "count_err": 0.16170687394021246,
    "sum_est": 585.7113308072368,
    "sum_real": 5734.83,
    "sum_err": 0.897867708230717,
    "query_dur_ms_est": 353.0263900756836,
    "query_dur_ms_real": 48.85458946228027,
    "query_dur_ms_err": 6.226063998516429,
    "order": [
        0,
        1,
        2,
        3,
        4
    ],
    "groupby": false
}