{
    "timestamp": "2022-07-21 19:29:35.578817",
    "dataset": "store_sales_1G.csv",
    "model": "store_sales_1G.csv-275.8MB-model32.963-data21.235-made-resmade-hidden256_256_256_256_256-emb32-directIo-binaryInone_hotOut-inputNoEmbIfLeq-10epochs-seed0.pt",
    "query": "'SELECT ss_sales_price FROM store_sales_1G.csv WHERE ss_store_sk=10.0 AND ss_ext_discount_amt<=1432.94'",
    "avg_est": 37.0305290222168,
    "avg_real": 36.307508252030324,
    "avg_err": 0.019913808603101848,
    "count_est": 445845.3712936044,
    "count_real": 429574,
    "count_err": 0.03787792392836711,
    "sum_est": 16509889.961108841,
    "sum_real": 15410395.110000003,
    "sum_err": 0.07134760940654672,
    "query_dur_ms_est": 375.41842460632324,
    "query_dur_ms_real": 48.85458946228027,
    "query_dur_ms_err": 6.684404448760682,
    "order": [
        0,
        1,
        3,
        4,
        2
    ],
    "groupby": false
}