{
    "timestamp": "2022-07-21 18:56:39.465286",
    "dataset": "store_sales_1G.csv",
    "model": "store_sales_1G.csv-275.8MB-model32.963-data21.235-made-resmade-hidden256_256_256_256_256-emb32-directIo-binaryInone_hotOut-inputNoEmbIfLeq-10epochs-seed0.pt",
    "query": "'SELECT ss_quantity FROM store_sales_1G.csv WHERE ss_sales_price<=155.38 AND ss_ext_discount_amt>=824.84<=845.47'",
    "avg_est": 48.49007797241211,
    "avg_real": 56.188048615800135,
    "avg_err": 0.13700370155270614,
    "count_est": 2123.771572581958,
    "count_real": 2988,
    "count_err": 0.28923307477176774,
    "sum_est": 102981.84915009142,
    "sum_real": 166429.0,
    "sum_err": 0.381226534137131,
    "query_dur_ms_est": 371.870756149292,
    "query_dur_ms_real": 48.85458946228027,
    "query_dur_ms_err": 6.611787556548941,
    "order": [
        0,
        1,
        2,
        4,
        3
    ],
    "groupby": false
}