{
    "timestamp": "2022-07-21 19:12:30.320174",
    "dataset": "store_sales_1G.csv",
    "model": "store_sales_1G.csv-275.8MB-model32.963-data21.235-made-resmade-hidden256_256_256_256_256-emb32-directIo-binaryInone_hotOut-inputNoEmbIfLeq-10epochs-seed0.pt",
    "query": "'SELECT ss_sales_price FROM store_sales_1G.csv WHERE ss_ext_discount_amt<=465.34'",
    "avg_est": 36.563194274902344,
    "avg_real": 35.98773235753427,
    "avg_err": 0.015990502309256974,
    "count_est": 2610477.0338053703,
    "count_real": 2498728,
    "count_err": 0.044722368263120406,
    "sum_est": 95447378.93719657,
    "sum_real": 87799630.50999993,
    "sum_err": 0.0871045627729105,
    "query_dur_ms_est": 362.7629280090332,
    "query_dur_ms_real": 48.85458946228027,
    "query_dur_ms_err": 6.425360278364754,
    "order": [
        0,
        1,
        3,
        4,
        2
    ],
    "groupby": false
}