{
    "timestamp": "2022-07-21 19:27:59.030336",
    "dataset": "store_sales_1G.csv",
    "model": "store_sales_1G.csv-275.8MB-model32.963-data21.235-made-resmade-hidden256_256_256_256_256-emb32-directIo-binaryInone_hotOut-inputNoEmbIfLeq-10epochs-seed0.pt",
    "query": "'SELECT ss_quantity FROM store_sales_1G.csv WHERE ss_sold_date_sk=2451237.0'",
    "avg_est": 48.78091812133789,
    "avg_real": 49.76263736263736,
    "avg_err": 0.01972803881243972,
    "count_est": 901.6679619333008,
    "count_real": 931,
    "count_err": 0.03150594851417741,
    "sum_est": 43984.191023701955,
    "sum_real": 45284.0,
    "sum_err": 0.02870349298423384,
    "query_dur_ms_est": 361.01818084716797,
    "query_dur_ms_real": 48.85458946228027,
    "query_dur_ms_err": 6.389647212692339,
    "order": [
        0,
        1,
        2,
        4,
        3
    ],
    "groupby": false
}