{
    "timestamp": "2022-07-21 19:32:48.927040",
    "dataset": "store_sales_1G.csv",
    "model": "store_sales_1G.csv-275.8MB-model32.963-data21.235-made-resmade-hidden256_256_256_256_256-emb32-directIo-binaryInone_hotOut-inputNoEmbIfLeq-10epochs-seed0.pt",
    "query": "'SELECT ss_ext_discount_amt FROM store_sales_1G.csv WHERE ss_sold_date_sk>=2451049.0 AND ss_store_sk=nan AND ss_sales_price>=67.85 AND ss_quantity<=51.0'",
    "avg_est": 101.84815979003906,
    "avg_real": NaN,
    "avg_err": NaN,
    "count_est": 0.0,
    "count_real": 0,
    "count_err": "result=0!",
    "sum_est": 0.0,
    "sum_real": 0.0,
    "sum_err": "result=0!",
    "query_dur_ms_est": 355.0844192504883,
    "query_dur_ms_real": 48.85458946228027,
    "query_dur_ms_err": 6.268189604267218,
    "order": [
        0,
        1,
        2,
        3,
        4
    ],
    "groupby": false
}