{
    "timestamp": "2022-07-21 18:55:01.667479",
    "dataset": "store_sales_1G.csv",
    "model": "store_sales_1G.csv-275.8MB-model32.963-data21.235-made-resmade-hidden256_256_256_256_256-emb32-directIo-binaryInone_hotOut-inputNoEmbIfLeq-10epochs-seed0.pt",
    "query": "'SELECT ss_sales_price FROM store_sales_1G.csv WHERE ss_sold_date_sk=2451653.0 AND ss_quantity<=82.0 AND ss_ext_discount_amt=14.12'",
    "avg_est": 39.13920593261719,
    "avg_real": NaN,
    "avg_err": NaN,
    "count_est": 0.0004083462764808976,
    "count_real": 0,
    "count_err": "result=0!",
    "sum_est": 0.015982349007003287,
    "sum_real": 0.0,
    "sum_err": "result=0!",
    "query_dur_ms_est": 373.1119632720947,
    "query_dur_ms_real": 48.85458946228027,
    "query_dur_ms_err": 6.637193708488075,
    "order": [
        0,
        1,
        3,
        4,
        2
    ],
    "groupby": false
}