{
    "timestamp": "2022-07-21 18:48:50.106664",
    "dataset": "store_sales_1G.csv",
    "model": "store_sales_1G.csv-275.8MB-model32.963-data21.235-made-resmade-hidden256_256_256_256_256-emb32-directIo-binaryInone_hotOut-inputNoEmbIfLeq-10epochs-seed0.pt",
    "query": "'SELECT ss_ext_discount_amt FROM store_sales_1G.csv WHERE ss_quantity<=15.0'",
    "avg_est": 34.93909454345703,
    "avg_real": 30.11839187536661,
    "avg_err": 0.1600584349934435,
    "count_est": 416554.2871211171,
    "count_real": 412066,
    "count_err": 0.010892155919481625,
    "sum_est": 14554029.620207056,
    "sum_real": 12117592.839999998,
    "sum_err": 0.20106607082591652,
    "query_dur_ms_est": 372.6351261138916,
    "query_dur_ms_real": 48.85458946228027,
    "query_dur_ms_err": 6.627433373513379,
    "order": [
        0,
        1,
        2,
        3,
        4
    ],
    "groupby": false
}