{
    "timestamp": "2022-07-21 18:54:41.991430",
    "dataset": "store_sales_1G.csv",
    "model": "store_sales_1G.csv-275.8MB-model32.963-data21.235-made-resmade-hidden256_256_256_256_256-emb32-directIo-binaryInone_hotOut-inputNoEmbIfLeq-10epochs-seed0.pt",
    "query": "'SELECT ss_ext_discount_amt FROM store_sales_1G.csv WHERE ss_sold_date_sk<=2452500.0 AND ss_store_sk=1.0 AND ss_sales_price>=92.02<=181.74 AND ss_quantity>=40.0'",
    "avg_est": 154.3445587158203,
    "avg_real": 809.2046893199209,
    "avg_err": 0.8092638849565541,
    "count_est": 20970.710636865348,
    "count_real": 20838,
    "count_err": 0.006368683984324198,
    "sum_est": 3236715.079204141,
    "sum_real": 16812845.83,
    "sum_err": 0.8074855909623159,
    "query_dur_ms_est": 355.2429676055908,
    "query_dur_ms_real": 48.85458946228027,
    "query_dur_ms_err": 6.271434915646305,
    "order": [
        0,
        1,
        2,
        3,
        4
    ],
    "groupby": false
}