{
    "timestamp": "2022-07-21 19:09:36.339497",
    "dataset": "store_sales_1G.csv",
    "model": "store_sales_1G.csv-275.8MB-model32.963-data21.235-made-resmade-hidden256_256_256_256_256-emb32-directIo-binaryInone_hotOut-inputNoEmbIfLeq-10epochs-seed0.pt",
    "query": "'SELECT ss_quantity FROM store_sales_1G.csv WHERE ss_sold_date_sk>=2451053.0<=2451217.0 AND ss_store_sk=2.0 AND ss_sales_price<=87.02 AND ss_ext_discount_amt>=2088.36'",
    "avg_est": 50.224815368652344,
    "avg_real": 75.69261477045909,
    "avg_err": 0.33646346448776904,
    "count_est": 393.04908232885646,
    "count_real": 1003,
    "count_err": 0.6081265380569726,
    "sum_est": 19740.81759078505,
    "sum_real": 75844.0,
    "sum_err": 0.7397181373505478,
    "query_dur_ms_est": 363.62457275390625,
    "query_dur_ms_real": 48.85458946228027,
    "query_dur_ms_err": 6.44299720366403,
    "order": [
        0,
        1,
        2,
        4,
        3
    ],
    "groupby": false
}