{
    "timestamp": "2022-07-21 19:01:50.767201",
    "dataset": "store_sales_1G.csv",
    "model": "store_sales_1G.csv-275.8MB-model32.963-data21.235-made-resmade-hidden256_256_256_256_256-emb32-directIo-binaryInone_hotOut-inputNoEmbIfLeq-10epochs-seed0.pt",
    "query": "'SELECT ss_quantity FROM store_sales_1G.csv WHERE ss_sold_date_sk<=2451013.0'",
    "avg_est": 49.11739730834961,
    "avg_real": 50.51533989797129,
    "avg_err": 0.027673625327379416,
    "count_est": 172829.8481054604,
    "count_real": 172536,
    "count_err": 0.0017031118459939106,
    "sum_est": 8488952.316137612,
    "sum_real": 8515876.0,
    "sum_err": 0.0031615871182704086,
    "query_dur_ms_est": 352.7193069458008,
    "query_dur_ms_real": 48.85458946228027,
    "query_dur_ms_err": 6.219778342792725,
    "order": [
        0,
        1,
        2,
        4,
        3
    ],
    "groupby": false
}