{
    "timestamp": "2022-07-21 18:54:22.552187",
    "dataset": "store_sales_1G.csv",
    "model": "store_sales_1G.csv-275.8MB-model32.963-data21.235-made-resmade-hidden256_256_256_256_256-emb32-directIo-binaryInone_hotOut-inputNoEmbIfLeq-10epochs-seed0.pt",
    "query": "'SELECT ss_sales_price FROM store_sales_1G.csv WHERE ss_sold_date_sk>=2452592.0 AND ss_store_sk=10.0 AND ss_quantity>=27.0 AND ss_ext_discount_amt>=415.84<=3034.52'",
    "avg_est": 37.855796813964844,
    "avg_real": 44.49695221445221,
    "avg_err": 0.14924966924656868,
    "count_est": 952.6812608744949,
    "count_real": 1719,
    "count_err": 0.4457933328246103,
    "sum_est": 36064.50824013672,
    "sum_real": 76356.76999999999,
    "sum_err": 0.5276842087461698,
    "query_dur_ms_est": 375.5173683166504,
    "query_dur_ms_real": 48.85458946228027,
    "query_dur_ms_err": 6.686429718267931,
    "order": [
        0,
        1,
        3,
        4,
        2
    ],
    "groupby": false
}