{
    "timestamp": "2022-07-21 19:10:34.589936",
    "dataset": "store_sales_1G.csv",
    "model": "store_sales_1G.csv-275.8MB-model32.963-data21.235-made-resmade-hidden256_256_256_256_256-emb32-directIo-binaryInone_hotOut-inputNoEmbIfLeq-10epochs-seed0.pt",
    "query": "'SELECT ss_ext_discount_amt FROM store_sales_1G.csv WHERE ss_sold_date_sk>=2450941.0<=2452512.0'",
    "avg_est": 80.23072814941406,
    "avg_real": 191.31085236168775,
    "avg_err": 0.5806263619706646,
    "count_est": 2320846.9294826984,
    "count_real": 2320228,
    "count_err": 0.00026675373398581543,
    "sum_est": 186203239.0757287,
    "sum_real": 433402300.8200001,
    "sum_err": 0.5703685958209476,
    "query_dur_ms_est": 364.78590965270996,
    "query_dur_ms_real": 48.85458946228027,
    "query_dur_ms_err": 6.466768499494902,
    "order": [
        0,
        1,
        2,
        3,
        4
    ],
    "groupby": false
}