{
    "timestamp": "2022-07-21 19:16:22.877485",
    "dataset": "store_sales_1G.csv",
    "model": "store_sales_1G.csv-275.8MB-model32.963-data21.235-made-resmade-hidden256_256_256_256_256-emb32-directIo-binaryInone_hotOut-inputNoEmbIfLeq-10epochs-seed0.pt",
    "query": "'SELECT ss_sales_price FROM store_sales_1G.csv WHERE ss_sold_date_sk>=2451077.0<=2452440.0 AND ss_store_sk=10.0'",
    "avg_est": 38.005001068115234,
    "avg_real": 37.83787515545951,
    "avg_err": 0.004416894764018305,
    "count_est": 337653.7243514359,
    "count_real": 335249,
    "count_err": 0.007172950110025384,
    "sum_est": 12832530.154629407,
    "sum_real": 12534779.930000003,
    "sum_err": 0.023753925181948046,
    "query_dur_ms_est": 352.8132438659668,
    "query_dur_ms_real": 48.85458946228027,
    "query_dur_ms_err": 6.2217011287827395,
    "order": [
        0,
        1,
        3,
        4,
        2
    ],
    "groupby": false
}