{
    "timestamp": "2022-07-21 19:38:15.708500",
    "dataset": "store_sales_1G.csv",
    "model": "store_sales_1G.csv-275.8MB-model32.963-data21.235-made-resmade-hidden256_256_256_256_256-emb32-directIo-binaryInone_hotOut-inputNoEmbIfLeq-10epochs-seed0.pt",
    "query": "'SELECT ss_sales_price FROM store_sales_1G.csv WHERE ss_store_sk=8.0'",
    "avg_est": 36.816680908203125,
    "avg_real": 37.87582902934588,
    "avg_err": 0.027963694743741073,
    "count_est": 456287.96754413843,
    "count_real": 459357,
    "count_err": 0.006681148770698103,
    "sum_est": 16799008.50332509,
    "sum_real": 16991665.040000003,
    "sum_err": 0.01133829652487741,
    "query_dur_ms_est": 359.1434955596924,
    "query_dur_ms_real": 48.85458946228027,
    "query_dur_ms_err": 6.351274455739321,
    "order": [
        0,
        1,
        3,
        4,
        2
    ],
    "groupby": false
}