{
    "timestamp": "2022-07-21 19:48:11.288993",
    "dataset": "store_sales_1G.csv",
    "model": "store_sales_1G.csv-275.8MB-model32.963-data21.235-made-resmade-hidden256_256_256_256_256-emb32-directIo-binaryInone_hotOut-inputNoEmbIfLeq-10epochs-seed0.pt",
    "query": "'SELECT ss_ext_discount_amt FROM store_sales_1G.csv WHERE ss_store_sk=4.0 AND ss_sales_price>=26.29'",
    "avg_est": 118.8932113647461,
    "avg_real": 315.075766306927,
    "avg_err": 0.6226519965076343,
    "count_est": 234091.7474489212,
    "count_real": 230382,
    "count_err": 0.016102592428753996,
    "sum_est": 27831919.60818735,
    "sum_real": 71702422.28999999,
    "sum_err": 0.6118412918377942,
    "query_dur_ms_est": 354.25567626953125,
    "query_dur_ms_real": 48.85458946228027,
    "query_dur_ms_err": 6.2512261420811965,
    "order": [
        0,
        1,
        2,
        3,
        4
    ],
    "groupby": false
}