{
    "timestamp": "2022-07-21 19:31:12.449414",
    "dataset": "store_sales_1G.csv",
    "model": "store_sales_1G.csv-275.8MB-model32.963-data21.235-made-resmade-hidden256_256_256_256_256-emb32-directIo-binaryInone_hotOut-inputNoEmbIfLeq-10epochs-seed0.pt",
    "query": "'SELECT ss_sales_price FROM store_sales_1G.csv WHERE ss_store_sk=4.0 AND ss_quantity<=8.0'",
    "avg_est": 36.67445755004883,
    "avg_real": 37.987756449890405,
    "avg_err": 0.03457163630007862,
    "count_est": 36832.20424359664,
    "count_real": 36021,
    "count_err": 0.022520314360973966,
    "sum_est": 1350801.1110065135,
    "sum_real": 1351680.3500000003,
    "sum_err": 0.0006504784903374936,
    "query_dur_ms_est": 352.75864601135254,
    "query_dur_ms_real": 48.85458946228027,
    "query_dur_ms_err": 6.220583570428137,
    "order": [
        0,
        1,
        3,
        4,
        2
    ],
    "groupby": false
}