{
    "timestamp": "2022-07-21 18:56:58.971351",
    "dataset": "store_sales_1G.csv",
    "model": "store_sales_1G.csv-275.8MB-model32.963-data21.235-made-resmade-hidden256_256_256_256_256-emb32-directIo-binaryInone_hotOut-inputNoEmbIfLeq-10epochs-seed0.pt",
    "query": "'SELECT ss_quantity FROM store_sales_1G.csv WHERE ss_sold_date_sk=2452351.0 AND ss_sales_price<=170.58'",
    "avg_est": 48.900997161865234,
    "avg_real": 50.636594663278274,
    "avg_err": 0.03427555729121131,
    "count_est": 775.2032637407538,
    "count_real": 795,
    "count_err": 0.024901555043077037,
    "sum_est": 37908.21260005527,
    "sum_real": 39851.0,
    "sum_err": 0.0487512835297667,
    "query_dur_ms_est": 353.7287712097168,
    "query_dur_ms_real": 48.85458946228027,
    "query_dur_ms_err": 6.240440971934157,
    "order": [
        0,
        1,
        2,
        4,
        3
    ],
    "groupby": false
}