{
    "timestamp": "2022-07-21 19:39:32.825800",
    "dataset": "store_sales_1G.csv",
    "model": "store_sales_1G.csv-275.8MB-model32.963-data21.235-made-resmade-hidden256_256_256_256_256-emb32-directIo-binaryInone_hotOut-inputNoEmbIfLeq-10epochs-seed0.pt",
    "query": "'SELECT ss_ext_discount_amt FROM store_sales_1G.csv WHERE ss_quantity>=83.0'",
    "avg_est": 112.5268325805664,
    "avg_real": 345.83288939546,
    "avg_err": 0.6746207893145411,
    "count_est": 494582.70922875404,
    "count_real": 495989,
    "count_err": 0.002835326531931064,
    "sum_est": 55653825.71862696,
    "sum_real": 167487560.00000006,
    "sum_err": 0.6677136754596763,
    "query_dur_ms_est": 352.8134822845459,
    "query_dur_ms_real": 48.85458946228027,
    "query_dur_ms_err": 6.221706008950227,
    "order": [
        0,
        1,
        2,
        3,
        4
    ],
    "groupby": false
}