{
    "timestamp": "2022-07-21 19:39:52.018403",
    "dataset": "store_sales_1G.csv",
    "model": "store_sales_1G.csv-275.8MB-model32.963-data21.235-made-resmade-hidden256_256_256_256_256-emb32-directIo-binaryInone_hotOut-inputNoEmbIfLeq-10epochs-seed0.pt",
    "query": "'SELECT ss_sales_price FROM store_sales_1G.csv WHERE ss_store_sk=4.0 AND ss_ext_discount_amt<=255.45'",
    "avg_est": 36.8167610168457,
    "avg_real": 36.16268515486703,
    "avg_err": 0.018087038038729422,
    "count_est": 423903.75525283813,
    "count_real": 395674,
    "count_err": 0.07134599506876402,
    "sum_est": 15606763.251287192,
    "sum_real": 14136572.229999999,
    "sum_err": 0.10399911643129585,
    "query_dur_ms_est": 380.1724910736084,
    "query_dur_ms_real": 48.85458946228027,
    "query_dur_ms_err": 6.781714988458404,
    "order": [
        0,
        1,
        3,
        4,
        2
    ],
    "groupby": false
}