{
    "timestamp": "2022-07-21 18:56:00.227316",
    "dataset": "store_sales_1G.csv",
    "model": "store_sales_1G.csv-275.8MB-model32.963-data21.235-made-resmade-hidden256_256_256_256_256-emb32-directIo-binaryInone_hotOut-inputNoEmbIfLeq-10epochs-seed0.pt",
    "query": "'SELECT ss_sales_price FROM store_sales_1G.csv WHERE ss_sold_date_sk>=2452238.0 AND ss_ext_discount_amt<=636.76'",
    "avg_est": 37.039493560791016,
    "avg_real": 35.95992609653986,
    "avg_err": 0.030021403863647926,
    "count_est": 632520.7287153006,
    "count_real": 602560,
    "count_err": 0.049722398956619354,
    "sum_est": 23428247.458317216,
    "sum_real": 21404642.57,
    "sum_err": 0.09454046624228288,
    "query_dur_ms_est": 375.3345012664795,
    "query_dur_ms_real": 48.85458946228027,
    "query_dur_ms_err": 6.682686629805135,
    "order": [
        0,
        1,
        3,
        4,
        2
    ],
    "groupby": false
}