{
    "timestamp": "2022-07-21 19:13:28.528855",
    "dataset": "store_sales_1G.csv",
    "model": "store_sales_1G.csv-275.8MB-model32.963-data21.235-made-resmade-hidden256_256_256_256_256-emb32-directIo-binaryInone_hotOut-inputNoEmbIfLeq-10epochs-seed0.pt",
    "query": "'SELECT ss_ext_discount_amt FROM store_sales_1G.csv WHERE ss_store_sk=7.0 AND ss_quantity<=11.0'",
    "avg_est": 26.345640182495117,
    "avg_real": 23.000935973787787,
    "avg_err": 0.14541600448429604,
    "count_est": 48514.52240268886,
    "count_real": 49066,
    "count_err": 0.011239505916747628,
    "sum_est": 1278146.1508468392,
    "sum_real": 1116166.42,
    "sum_err": 0.1451214872123095,
    "query_dur_ms_est": 352.8289794921875,
    "query_dur_ms_real": 48.85458946228027,
    "query_dur_ms_err": 6.222023219836905,
    "order": [
        0,
        1,
        2,
        3,
        4
    ],
    "groupby": false
}