{
    "timestamp": "2022-07-21 19:29:16.543993",
    "dataset": "store_sales_1G.csv",
    "model": "store_sales_1G.csv-275.8MB-model32.963-data21.235-made-resmade-hidden256_256_256_256_256-emb32-directIo-binaryInone_hotOut-inputNoEmbIfLeq-10epochs-seed0.pt",
    "query": "'SELECT ss_ext_discount_amt FROM store_sales_1G.csv WHERE ss_sold_date_sk=2451522.0 AND ss_store_sk=nan'",
    "avg_est": 82.2906723022461,
    "avg_real": NaN,
    "avg_err": NaN,
    "count_est": 0.0,
    "count_real": 0,
    "count_err": "result=0!",
    "sum_est": 0.0,
    "sum_real": 0.0,
    "sum_err": "result=0!",
    "query_dur_ms_est": 352.5526523590088,
    "query_dur_ms_real": 48.85458946228027,
    "query_dur_ms_err": 6.216367105719068,
    "order": [
        0,
        1,
        2,
        3,
        4
    ],
    "groupby": false
}