{
    "timestamp": "2022-07-21 19:38:54.397359",
    "dataset": "store_sales_1G.csv",
    "model": "store_sales_1G.csv-275.8MB-model32.963-data21.235-made-resmade-hidden256_256_256_256_256-emb32-directIo-binaryInone_hotOut-inputNoEmbIfLeq-10epochs-seed0.pt",
    "query": "'SELECT ss_quantity FROM store_sales_1G.csv WHERE ss_sales_price>=37.23<=131.53'",
    "avg_est": 48.467689514160156,
    "avg_real": 50.49848573024588,
    "avg_err": 0.04021499232539141,
    "count_est": 1062194.7463428974,
    "count_real": 1052583,
    "count_err": 0.009131580448190228,
    "sum_est": 51482125.16931966,
    "sum_real": 51890123.0,
    "sum_err": 0.007862726220177595,
    "query_dur_ms_est": 367.01345443725586,
    "query_dur_ms_real": 48.85458946228027,
    "query_dur_ms_err": 6.512363904329197,
    "order": [
        0,
        1,
        2,
        4,
        3
    ],
    "groupby": false
}