{
    "timestamp": "2022-07-21 19:45:57.146238",
    "dataset": "store_sales_1G.csv",
    "model": "store_sales_1G.csv-275.8MB-model32.963-data21.235-made-resmade-hidden256_256_256_256_256-emb32-directIo-binaryInone_hotOut-inputNoEmbIfLeq-10epochs-seed0.pt",
    "query": "'SELECT ss_ext_discount_amt FROM store_sales_1G.csv WHERE ss_sold_date_sk>=2450874.0 AND ss_store_sk=8.0 AND ss_sales_price<=13.34'",
    "avg_est": 34.31407165527344,
    "avg_real": 28.88931900561832,
    "avg_err": 0.1877771036624341,
    "count_est": 132851.6983216852,
    "count_real": 133267,
    "count_err": 0.0031163129530551825,
    "sum_est": 4558682.6957350755,
    "sum_real": 3825639.18,
    "sum_err": 0.1916133438739707,
    "query_dur_ms_est": 367.1145439147949,
    "query_dur_ms_real": 48.85458946228027,
    "query_dur_ms_err": 6.514433095343832,
    "order": [
        0,
        1,
        2,
        3,
        4
    ],
    "groupby": false
}