{
    "timestamp": "2022-07-21 18:59:53.665473",
    "dataset": "store_sales_1G.csv",
    "model": "store_sales_1G.csv-275.8MB-model32.963-data21.235-made-resmade-hidden256_256_256_256_256-emb32-directIo-binaryInone_hotOut-inputNoEmbIfLeq-10epochs-seed0.pt",
    "query": "'SELECT ss_ext_discount_amt FROM store_sales_1G.csv WHERE ss_store_sk=7.0'",
    "avg_est": 85.9704360961914,
    "avg_real": 191.20736404133248,
    "avg_err": 0.5503811449562813,
    "count_est": 452910.6570722461,
    "count_real": 458194,
    "count_err": 0.01153079902345715,
    "sum_est": 38936926.70111359,
    "sum_real": 85545601.05000003,
    "sum_err": 0.544840106058106,
    "query_dur_ms_est": 370.67723274230957,
    "query_dur_ms_real": 48.85458946228027,
    "query_dur_ms_err": 6.587357438107276,
    "order": [
        0,
        1,
        2,
        3,
        4
    ],
    "groupby": false
}