{
    "timestamp": "2022-07-21 19:41:47.194512",
    "dataset": "store_sales_1G.csv",
    "model": "store_sales_1G.csv-275.8MB-model32.963-data21.235-made-resmade-hidden256_256_256_256_256-emb32-directIo-binaryInone_hotOut-inputNoEmbIfLeq-10epochs-seed0.pt",
    "query": "'SELECT ss_ext_discount_amt FROM store_sales_1G.csv WHERE ss_sold_date_sk>=2450963.0<=2451013.0 AND ss_sales_price>=58.24 AND ss_quantity<=23.0'",
    "avg_est": 92.41587829589844,
    "avg_real": 102.888314837649,
    "avg_err": 0.10178450836011246,
    "count_est": 2530.6283823607955,
    "count_real": 2444,
    "count_err": 0.03544532829819784,
    "sum_est": 233870.2445964016,
    "sum_real": 250327.27000000002,
    "sum_err": 0.06574204002463818,
    "query_dur_ms_est": 354.76160049438477,
    "query_dur_ms_real": 48.85458946228027,
    "query_dur_ms_err": 6.261581857489349,
    "order": [
        0,
        1,
        2,
        3,
        4
    ],
    "groupby": false
}