{
    "timestamp": "2022-07-21 19:24:26.169445",
    "dataset": "store_sales_1G.csv",
    "model": "store_sales_1G.csv-275.8MB-model32.963-data21.235-made-resmade-hidden256_256_256_256_256-emb32-directIo-binaryInone_hotOut-inputNoEmbIfLeq-10epochs-seed0.pt",
    "query": "'SELECT ss_sales_price FROM store_sales_1G.csv WHERE ss_ext_discount_amt<=1410.02'",
    "avg_est": 36.44386672973633,
    "avg_real": 36.34967418354229,
    "avg_err": 0.002591289971910776,
    "count_est": 2712682.416606903,
    "count_real": 2632011,
    "count_err": 0.030650106176191162,
    "sum_est": 98860636.47092105,
    "sum_real": 93408811.88999994,
    "sum_err": 0.05836520635056668,
    "query_dur_ms_est": 362.46204376220703,
    "query_dur_ms_real": 48.85458946228027,
    "query_dur_ms_err": 6.41920150699572,
    "order": [
        0,
        1,
        3,
        4,
        2
    ],
    "groupby": false
}