{
    "timestamp": "2022-07-21 19:32:29.612953",
    "dataset": "store_sales_1G.csv",
    "model": "store_sales_1G.csv-275.8MB-model32.963-data21.235-made-resmade-hidden256_256_256_256_256-emb32-directIo-binaryInone_hotOut-inputNoEmbIfLeq-10epochs-seed0.pt",
    "query": "'SELECT ss_ext_discount_amt FROM store_sales_1G.csv WHERE ss_sales_price>=53.9<=126.31'",
    "avg_est": 134.9781494140625,
    "avg_real": 403.2374039132943,
    "avg_err": 0.6652638170364622,
    "count_est": 678406.7574981451,
    "count_real": 674679,
    "count_err": 0.0055252312553749315,
    "sum_est": 91570088.6770943,
    "sum_real": 265644736.95000002,
    "sum_err": 0.655291161690398,
    "query_dur_ms_est": 360.4545593261719,
    "query_dur_ms_real": 48.85458946228027,
    "query_dur_ms_err": 6.378110496752249,
    "order": [
        0,
        1,
        2,
        3,
        4
    ],
    "groupby": false
}