{
    "timestamp": "2022-07-21 19:07:21.236274",
    "dataset": "store_sales_1G.csv",
    "model": "store_sales_1G.csv-275.8MB-model32.963-data21.235-made-resmade-hidden256_256_256_256_256-emb32-directIo-binaryInone_hotOut-inputNoEmbIfLeq-10epochs-seed0.pt",
    "query": "'SELECT ss_ext_discount_amt FROM store_sales_1G.csv WHERE ss_sales_price>=22.88 AND ss_quantity>=28.0'",
    "avg_est": 116.95890808105469,
    "avg_real": 387.38478651868814,
    "avg_err": 0.6980807916280616,
    "count_est": 1092496.1135884523,
    "count_real": 1091279,
    "count_err": 0.0011153092732952244,
    "sum_est": 127777152.52810128,
    "sum_real": 417668204.82000005,
    "sum_err": 0.6940701948256545,
    "query_dur_ms_est": 353.99627685546875,
    "query_dur_ms_real": 48.85458946228027,
    "query_dur_ms_err": 6.245916519854961,
    "order": [
        0,
        1,
        2,
        3,
        4
    ],
    "groupby": false
}