{
    "timestamp": "2022-07-21 19:00:32.655618",
    "dataset": "store_sales_1G.csv",
    "model": "store_sales_1G.csv-275.8MB-model32.963-data21.235-made-resmade-hidden256_256_256_256_256-emb32-directIo-binaryInone_hotOut-inputNoEmbIfLeq-10epochs-seed0.pt",
    "query": "'SELECT ss_ext_discount_amt FROM store_sales_1G.csv WHERE ss_sold_date_sk<=2452413.0 AND ss_store_sk=7.0 AND ss_sales_price>=0.47<=152.63 AND ss_quantity>=66.0'",
    "avg_est": 120.4050064086914,
    "avg_real": 313.76580299531884,
    "avg_err": 0.6162583517411304,
    "count_est": 124052.93667241931,
    "count_real": 126844,
    "count_err": 0.022003905013880755,
    "sum_est": 14936594.635059636,
    "sum_real": 39680078.51,
    "sum_err": 0.6235744687023393,
    "query_dur_ms_est": 366.5585517883301,
    "query_dur_ms_real": 48.85458946228027,
    "query_dur_ms_err": 6.503052544763336,
    "order": [
        0,
        1,
        2,
        3,
        4
    ],
    "groupby": false
}