{
    "timestamp": "2022-07-21 19:17:21.427556",
    "dataset": "store_sales_1G.csv",
    "model": "store_sales_1G.csv-275.8MB-model32.963-data21.235-made-resmade-hidden256_256_256_256_256-emb32-directIo-binaryInone_hotOut-inputNoEmbIfLeq-10epochs-seed0.pt",
    "query": "'SELECT ss_ext_discount_amt FROM store_sales_1G.csv WHERE ss_store_sk=8.0 AND ss_sales_price>=129.99 AND ss_quantity<=36.0'",
    "avg_est": 117.73487091064453,
    "avg_real": 257.9786494073612,
    "avg_err": 0.5436255241233732,
    "count_est": 3192.116856539622,
    "count_real": 3221,
    "count_err": 0.008967135504619079,
    "sum_est": 375823.4660363848,
    "sum_real": 827079.55,
    "sum_err": 0.5456017912226402,
    "query_dur_ms_est": 355.9069633483887,
    "query_dur_ms_real": 48.85458946228027,
    "query_dur_ms_err": 6.285026182098569,
    "order": [
        0,
        1,
        2,
        3,
        4
    ],
    "groupby": false
}