{
    "timestamp": "2022-07-21 19:13:47.647331",
    "dataset": "store_sales_1G.csv",
    "model": "store_sales_1G.csv-275.8MB-model32.963-data21.235-made-resmade-hidden256_256_256_256_256-emb32-directIo-binaryInone_hotOut-inputNoEmbIfLeq-10epochs-seed0.pt",
    "query": "'SELECT ss_quantity FROM store_sales_1G.csv WHERE ss_store_sk=1.0 AND ss_sales_price>=99.54<=132.2'",
    "avg_est": 49.16660690307617,
    "avg_real": 50.96767108846525,
    "avg_err": 0.03533738440320237,
    "count_est": 22819.966887708753,
    "count_real": 23040,
    "count_err": 0.009550048276529803,
    "sum_est": 1121980.3415091909,
    "sum_real": 1160330.0,
    "sum_err": 0.03305064808357032,
    "query_dur_ms_est": 362.1053695678711,
    "query_dur_ms_real": 48.85458946228027,
    "query_dur_ms_err": 6.411900776434647,
    "order": [
        0,
        1,
        2,
        4,
        3
    ],
    "groupby": false
}