{
    "timestamp": "2022-07-21 19:46:35.423745",
    "dataset": "store_sales_1G.csv",
    "model": "store_sales_1G.csv-275.8MB-model32.963-data21.235-made-resmade-hidden256_256_256_256_256-emb32-directIo-binaryInone_hotOut-inputNoEmbIfLeq-10epochs-seed0.pt",
    "query": "'SELECT ss_ext_discount_amt FROM store_sales_1G.csv WHERE ss_sold_date_sk>=2451154.0'",
    "avg_est": 76.17997741699219,
    "avg_real": 191.21523773810088,
    "avg_err": 0.6016009062973707,
    "count_est": 2280749.619261265,
    "count_real": 2279114,
    "count_err": 0.0007176557474811708,
    "sum_est": 173747454.4891367,
    "sum_real": 425524462.3899998,
    "sum_err": 0.591686330996655,
    "query_dur_ms_est": 352.56457328796387,
    "query_dur_ms_real": 48.85458946228027,
    "query_dur_ms_err": 6.2166111140934355,
    "order": [
        0,
        1,
        2,
        3,
        4
    ],
    "groupby": false
}