{
    "timestamp": "2022-07-21 19:51:03.543741",
    "dataset": "store_sales_1G.csv",
    "model": "store_sales_1G.csv-275.8MB-model32.963-data21.235-made-resmade-hidden256_256_256_256_256-emb32-directIo-binaryInone_hotOut-inputNoEmbIfLeq-10epochs-seed0.pt",
    "query": "'SELECT ss_quantity FROM store_sales_1G.csv WHERE ss_store_sk=4.0'",
    "avg_est": 48.79218673706055,
    "avg_real": 50.43842163027273,
    "avg_err": 0.03263850929514663,
    "count_est": 467876.95051395893,
    "count_real": 458272,
    "count_err": 0.02095906037017084,
    "sum_est": 22828739.53944352,
    "sum_real": 22564788.0,
    "sum_err": 0.011697496978190931,
    "query_dur_ms_est": 352.74338722229004,
    "query_dur_ms_real": 48.85458946228027,
    "query_dur_ms_err": 6.220271239708947,
    "order": [
        0,
        1,
        2,
        4,
        3
    ],
    "groupby": false
}