{
    "timestamp": "2022-07-21 19:31:31.641113",
    "dataset": "store_sales_1G.csv",
    "model": "store_sales_1G.csv-275.8MB-model32.963-data21.235-made-resmade-hidden256_256_256_256_256-emb32-directIo-binaryInone_hotOut-inputNoEmbIfLeq-10epochs-seed0.pt",
    "query": "'SELECT ss_sales_price FROM store_sales_1G.csv WHERE ss_quantity>=97.0'",
    "avg_est": 36.3446044921875,
    "avg_real": 38.022634135939256,
    "avg_err": 0.04413238803372834,
    "count_est": 112503.95641413331,
    "count_real": 110432,
    "count_err": 0.018762282799671383,
    "sum_est": 4088911.7996779764,
    "sum_real": 4101007.25,
    "sum_err": 0.0029493852570057254,
    "query_dur_ms_est": 352.54693031311035,
    "query_dur_ms_real": 48.85458946228027,
    "query_dur_ms_err": 6.216249981699372,
    "order": [
        0,
        1,
        3,
        4,
        2
    ],
    "groupby": false
}