{
    "timestamp": "2022-07-21 18:55:21.256585",
    "dataset": "store_sales_1G.csv",
    "model": "store_sales_1G.csv-275.8MB-model32.963-data21.235-made-resmade-hidden256_256_256_256_256-emb32-directIo-binaryInone_hotOut-inputNoEmbIfLeq-10epochs-seed0.pt",
    "query": "'SELECT ss_quantity FROM store_sales_1G.csv WHERE ss_sales_price=187.69'",
    "avg_est": 48.35639190673828,
    "avg_real": 9.0,
    "avg_err": 4.372932434082031,
    "count_est": 0.7472796114918765,
    "count_real": 1,
    "count_err": 0.2527203885081235,
    "sum_est": 36.135745757216306,
    "sum_real": 9.0,
    "sum_err": 3.015082861912923,
    "query_dur_ms_est": 355.96632957458496,
    "query_dur_ms_real": 48.85458946228027,
    "query_dur_ms_err": 6.286241343802919,
    "order": [
        0,
        1,
        2,
        4,
        3
    ],
    "groupby": false
}