{
    "timestamp": "2022-07-21 19:42:06.287523",
    "dataset": "store_sales_1G.csv",
    "model": "store_sales_1G.csv-275.8MB-model32.963-data21.235-made-resmade-hidden256_256_256_256_256-emb32-directIo-binaryInone_hotOut-inputNoEmbIfLeq-10epochs-seed0.pt",
    "query": "'SELECT ss_quantity FROM store_sales_1G.csv WHERE ss_sales_price>=51.39<=157.39'",
    "avg_est": 48.30461120605469,
    "avg_real": 50.5347535080389,
    "avg_err": 0.044130863359795464,
    "count_est": 780212.971611619,
    "count_real": 777181,
    "count_err": 0.003901242582640332,
    "sum_est": 37687884.25161984,
    "sum_real": 38340010.0,
    "sum_err": 0.017009013518258388,
    "query_dur_ms_est": 361.2821102142334,
    "query_dur_ms_real": 48.85458946228027,
    "query_dur_ms_err": 6.395049558100834,
    "order": [
        0,
        1,
        2,
        4,
        3
    ],
    "groupby": false
}