{
    "timestamp": "2022-07-21 18:57:57.344147",
    "dataset": "store_sales_1G.csv",
    "model": "store_sales_1G.csv-275.8MB-model32.963-data21.235-made-resmade-hidden256_256_256_256_256-emb32-directIo-binaryInone_hotOut-inputNoEmbIfLeq-10epochs-seed0.pt",
    "query": "'SELECT ss_sales_price FROM store_sales_1G.csv WHERE ss_store_sk=2.0 AND ss_quantity>=87.0'",
    "avg_est": 36.95954513549805,
    "avg_real": 38.120283232446496,
    "avg_err": 0.03044935657667083,
    "count_est": 63322.76328551024,
    "count_real": 63045,
    "count_err": 0.004405794044099326,
    "sum_est": 2340380.5277552744,
    "sum_real": 2374169.3600000003,
    "sum_err": 0.014231854228261918,
    "query_dur_ms_est": 352.8609275817871,
    "query_dur_ms_real": 48.85458946228027,
    "query_dur_ms_err": 6.22267716228021,
    "order": [
        0,
        1,
        3,
        4,
        2
    ],
    "groupby": false
}