{
    "timestamp": "2022-07-21 19:12:49.861744",
    "dataset": "store_sales_1G.csv",
    "model": "store_sales_1G.csv-275.8MB-model32.963-data21.235-made-resmade-hidden256_256_256_256_256-emb32-directIo-binaryInone_hotOut-inputNoEmbIfLeq-10epochs-seed0.pt",
    "query": "'SELECT ss_sales_price FROM store_sales_1G.csv WHERE ss_sold_date_sk<=2452300.0 AND ss_store_sk=8.0 AND ss_ext_discount_amt<=2064.65'",
    "avg_est": 37.58230972290039,
    "avg_real": 36.674145560828805,
    "avg_err": 0.024763062593108766,
    "count_est": 355166.24188795686,
    "count_real": 347698,
    "count_err": 0.02147910510833211,
    "sum_est": 13347967.705751752,
    "sum_real": 12673117.740000002,
    "sum_err": 0.05325050864332539,
    "query_dur_ms_est": 362.6673221588135,
    "query_dur_ms_real": 48.85458946228027,
    "query_dur_ms_err": 6.423403331202326,
    "order": [
        0,
        1,
        3,
        4,
        2
    ],
    "groupby": false
}