{
    "timestamp": "2022-07-21 19:43:03.881005",
    "dataset": "store_sales_1G.csv",
    "model": "store_sales_1G.csv-275.8MB-model32.963-data21.235-made-resmade-hidden256_256_256_256_256-emb32-directIo-binaryInone_hotOut-inputNoEmbIfLeq-10epochs-seed0.pt",
    "query": "'SELECT ss_quantity FROM store_sales_1G.csv WHERE ss_sold_date_sk>=2450909.0<=2451111.0'",
    "avg_est": 49.20854187011719,
    "avg_real": 50.46796585420645,
    "avg_err": 0.024954918685003595,
    "count_est": 273189.2474101782,
    "count_real": 273603,
    "count_err": 0.0015122370362233436,
    "sum_est": 13443244.519649556,
    "sum_real": 13479489.0,
    "sum_err": 0.002688861599311672,
    "query_dur_ms_est": 366.3332462310791,
    "query_dur_ms_real": 48.85458946228027,
    "query_dur_ms_err": 6.498440786487793,
    "order": [
        0,
        1,
        2,
        4,
        3
    ],
    "groupby": false
}