{
    "timestamp": "2022-07-21 19:45:18.672131",
    "dataset": "store_sales_1G.csv",
    "model": "store_sales_1G.csv-275.8MB-model32.963-data21.235-made-resmade-hidden256_256_256_256_256-emb32-directIo-binaryInone_hotOut-inputNoEmbIfLeq-10epochs-seed0.pt",
    "query": "'SELECT ss_quantity FROM store_sales_1G.csv WHERE ss_sold_date_sk=2452278.0 AND ss_store_sk=4.0 AND ss_sales_price>=53.59<=144.56 AND ss_ext_discount_amt=29.55'",
    "avg_est": 49.8462028503418,
    "avg_real": NaN,
    "avg_err": NaN,
    "count_est": 2.7934553976636557e-06,
    "count_real": 0,
    "count_err": "result=0!",
    "sum_est": 0.0001392431444053248,
    "sum_real": 0.0,
    "sum_err": "result=0!",
    "query_dur_ms_est": 370.7704544067383,
    "query_dur_ms_real": 48.85458946228027,
    "query_dur_ms_err": 6.589265583594829,
    "order": [
        0,
        1,
        2,
        4,
        3
    ],
    "groupby": false
}