{
    "timestamp": "2022-07-21 19:19:17.517423",
    "dataset": "store_sales_1G.csv",
    "model": "store_sales_1G.csv-275.8MB-model32.963-data21.235-made-resmade-hidden256_256_256_256_256-emb32-directIo-binaryInone_hotOut-inputNoEmbIfLeq-10epochs-seed0.pt",
    "query": "'SELECT ss_ext_discount_amt FROM store_sales_1G.csv WHERE ss_sales_price=97.01 AND ss_quantity<=48.0'",
    "avg_est": 96.18228149414062,
    "avg_real": 359.17034482758623,
    "avg_err": 0.7322098472792588,
    "count_est": 32.347689877871744,
    "count_real": 29,
    "count_err": 0.11543758199557738,
    "sum_est": 3111.2746135186235,
    "sum_real": 10415.94,
    "sum_err": 0.7012967995669499,
    "query_dur_ms_est": 361.7901802062988,
    "query_dur_ms_real": 48.85458946228027,
    "query_dur_ms_err": 6.405449195016373,
    "order": [
        0,
        1,
        2,
        3,
        4
    ],
    "groupby": false
}