{
    "timestamp": "2022-07-21 19:34:25.267621",
    "dataset": "store_sales_1G.csv",
    "model": "store_sales_1G.csv-275.8MB-model32.963-data21.235-made-resmade-hidden256_256_256_256_256-emb32-directIo-binaryInone_hotOut-inputNoEmbIfLeq-10epochs-seed0.pt",
    "query": "'SELECT ss_quantity FROM store_sales_1G.csv WHERE ss_store_sk=1.0'",
    "avg_est": 48.86261749267578,
    "avg_real": 50.550020846689414,
    "avg_err": 0.03338086366237656,
    "count_est": 455557.7892945409,
    "count_real": 456896,
    "count_err": 0.002928917533659997,
    "sum_est": 22259746.004108142,
    "sum_real": 22551072.0,
    "sum_err": 0.012918498769896964,
    "query_dur_ms_est": 352.6594638824463,
    "query_dur_ms_real": 48.85458946228027,
    "query_dur_ms_err": 6.2185534207534,
    "order": [
        0,
        1,
        2,
        4,
        3
    ],
    "groupby": false
}