{
    "timestamp": "2022-07-21 19:44:59.541183",
    "dataset": "store_sales_1G.csv",
    "model": "store_sales_1G.csv-275.8MB-model32.963-data21.235-made-resmade-hidden256_256_256_256_256-emb32-directIo-binaryInone_hotOut-inputNoEmbIfLeq-10epochs-seed0.pt",
    "query": "'SELECT ss_ext_discount_amt FROM store_sales_1G.csv WHERE ss_store_sk=10.0'",
    "avg_est": 82.64826965332031,
    "avg_real": 191.7820512900522,
    "avg_err": 0.5690510707473734,
    "count_est": 461108.72349768877,
    "count_real": 459492,
    "count_err": 0.0035185019493022083,
    "sum_est": 38109838.1191353,
    "sum_real": 86045702.25999999,
    "sum_err": 0.5570977153050514,
    "query_dur_ms_est": 352.8571128845215,
    "query_dur_ms_real": 48.85458946228027,
    "query_dur_ms_err": 6.222599079600412,
    "order": [
        0,
        1,
        2,
        3,
        4
    ],
    "groupby": false
}