{
    "timestamp": "2022-07-21 19:07:01.729339",
    "dataset": "store_sales_1G.csv",
    "model": "store_sales_1G.csv-275.8MB-model32.963-data21.235-made-resmade-hidden256_256_256_256_256-emb32-directIo-binaryInone_hotOut-inputNoEmbIfLeq-10epochs-seed0.pt",
    "query": "'SELECT ss_quantity FROM store_sales_1G.csv WHERE ss_ext_discount_amt>=1368.88'",
    "avg_est": 48.166465759277344,
    "avg_real": 68.95977001846568,
    "avg_err": 0.3015280395166691,
    "count_est": 48745.203275159,
    "count_real": 121993,
    "count_err": 0.6004262271182854,
    "sum_est": 2347884.16448196,
    "sum_real": 8215867.0,
    "sum_err": 0.7142256362618868,
    "query_dur_ms_est": 362.94007301330566,
    "query_dur_ms_real": 48.85458946228027,
    "query_dur_ms_err": 6.428986242807853,
    "order": [
        0,
        1,
        2,
        4,
        3
    ],
    "groupby": false
}