{
    "timestamp": "2022-07-21 19:08:38.381242",
    "dataset": "store_sales_1G.csv",
    "model": "store_sales_1G.csv-275.8MB-model32.963-data21.235-made-resmade-hidden256_256_256_256_256-emb32-directIo-binaryInone_hotOut-inputNoEmbIfLeq-10epochs-seed0.pt",
    "query": "'SELECT ss_sales_price FROM store_sales_1G.csv WHERE ss_sold_date_sk>=2452073.0 AND ss_ext_discount_amt>=1892.16'",
    "avg_est": 37.06025695800781,
    "avg_real": 77.97326762019647,
    "avg_err": 0.5247056063043772,
    "count_est": 8556.62010187935,
    "count_real": 29371,
    "count_err": 0.7086711347288362,
    "sum_est": 317110.53966770374,
    "sum_real": 2262394.3600000003,
    "sum_err": 0.859834100864845,
    "query_dur_ms_est": 362.6670837402344,
    "query_dur_ms_real": 48.85458946228027,
    "query_dur_ms_err": 6.423398451034839,
    "order": [
        0,
        1,
        3,
        4,
        2
    ],
    "groupby": false
}