{
    "timestamp": "2022-07-21 19:06:22.834050",
    "dataset": "store_sales_1G.csv",
    "model": "store_sales_1G.csv-275.8MB-model32.963-data21.235-made-resmade-hidden256_256_256_256_256-emb32-directIo-binaryInone_hotOut-inputNoEmbIfLeq-10epochs-seed0.pt",
    "query": "'SELECT ss_sales_price FROM store_sales_1G.csv WHERE ss_sold_date_sk>=2450917.0 AND ss_store_sk=2.0 AND ss_quantity=29.0 AND ss_ext_discount_amt<=2360.14'",
    "avg_est": 37.609920501708984,
    "avg_real": 37.21626869214336,
    "avg_err": 0.010577412067339474,
    "count_est": 4065.218890079763,
    "count_real": 4224,
    "count_err": 0.0375902248864198,
    "sum_est": 152892.55927794552,
    "sum_real": 156792.13999999998,
    "sum_err": 0.024871021736513496,
    "query_dur_ms_est": 362.5805377960205,
    "query_dur_ms_real": 48.85458946228027,
    "query_dur_ms_err": 6.4216269502369325,
    "order": [
        0,
        1,
        3,
        4,
        2
    ],
    "groupby": false
}