{
    "timestamp": "2022-07-21 19:38:35.148639",
    "dataset": "store_sales_1G.csv",
    "model": "store_sales_1G.csv-275.8MB-model32.963-data21.235-made-resmade-hidden256_256_256_256_256-emb32-directIo-binaryInone_hotOut-inputNoEmbIfLeq-10epochs-seed0.pt",
    "query": "'SELECT ss_ext_discount_amt FROM store_sales_1G.csv WHERE ss_sales_price<=115.69 AND ss_quantity<=53.0'",
    "avg_est": 57.01298522949219,
    "avg_real": 92.04525791499341,
    "avg_err": 0.38059834345680893,
    "count_est": 1368352.5804194212,
    "count_real": 1369446,
    "count_err": 0.0007984393547308941,
    "sum_est": 78013865.45618998,
    "sum_real": 124528673.74999999,
    "sum_err": 0.3735268905793676,
    "query_dur_ms_est": 353.61266136169434,
    "query_dur_ms_real": 48.85458946228027,
    "query_dur_ms_err": 6.238064330367818,
    "order": [
        0,
        1,
        2,
        3,
        4
    ],
    "groupby": false
}