{
    "timestamp": "2022-07-21 19:46:54.511782",
    "dataset": "store_sales_1G.csv",
    "model": "store_sales_1G.csv-275.8MB-model32.963-data21.235-made-resmade-hidden256_256_256_256_256-emb32-directIo-binaryInone_hotOut-inputNoEmbIfLeq-10epochs-seed0.pt",
    "query": "'SELECT ss_quantity FROM store_sales_1G.csv WHERE ss_sales_price<=115.32'",
    "avg_est": 48.621620178222656,
    "avg_real": 50.512540829188296,
    "avg_err": 0.03743467701139645,
    "count_est": 2639091.3339054585,
    "count_real": 2645107,
    "count_err": 0.0022742619087022,
    "sum_est": 128316896.45279019,
    "sum_real": 130443838.0,
    "sum_err": 0.016305419863603017,
    "query_dur_ms_est": 363.28792572021484,
    "query_dur_ms_real": 48.85458946228027,
    "query_dur_ms_err": 6.436106407171894,
    "order": [
        0,
        1,
        2,
        4,
        3
    ],
    "groupby": false
}