{
    "timestamp": "2022-07-21 19:42:44.428087",
    "dataset": "store_sales_1G.csv",
    "model": "store_sales_1G.csv-275.8MB-model32.963-data21.235-made-resmade-hidden256_256_256_256_256-emb32-directIo-binaryInone_hotOut-inputNoEmbIfLeq-10epochs-seed0.pt",
    "query": "'SELECT ss_ext_discount_amt FROM store_sales_1G.csv WHERE ss_sold_date_sk>=2452499.0'",
    "avg_est": 70.96630859375,
    "avg_real": 191.13043389405104,
    "avg_err": 0.6287022053584171,
    "count_est": 350006.2354709208,
    "count_real": 349210,
    "count_err": 0.0022801050110844512,
    "sum_est": 24838650.516166095,
    "sum_real": 65185225.61,
    "sum_err": 0.6189527567983807,
    "query_dur_ms_est": 352.9853820800781,
    "query_dur_ms_real": 48.85458946228027,
    "query_dur_ms_err": 6.225224609708605,
    "order": [
        0,
        1,
        2,
        3,
        4
    ],
    "groupby": false
}