{
    "timestamp": "2022-07-21 19:14:26.302329",
    "dataset": "store_sales_1G.csv",
    "model": "store_sales_1G.csv-275.8MB-model32.963-data21.235-made-resmade-hidden256_256_256_256_256-emb32-directIo-binaryInone_hotOut-inputNoEmbIfLeq-10epochs-seed0.pt",
    "query": "'SELECT ss_ext_discount_amt FROM store_sales_1G.csv WHERE ss_sales_price=51.0 AND ss_quantity>=6.0<=65.0'",
    "avg_est": 91.63107299804688,
    "avg_real": 141.88736842105263,
    "avg_err": 0.35419851662812957,
    "count_est": 151.01068872900214,
    "count_real": 133,
    "count_err": 0.1354187122481364,
    "sum_est": 13837.27144241253,
    "sum_real": 18871.02,
    "sum_err": 0.2667449113819746,
    "query_dur_ms_est": 354.1982173919678,
    "query_dur_ms_real": 48.85458946228027,
    "query_dur_ms_err": 6.250050021716746,
    "order": [
        0,
        1,
        2,
        3,
        4
    ],
    "groupby": false
}