{
    "timestamp": "2022-07-21 19:00:52.202820",
    "dataset": "store_sales_1G.csv",
    "model": "store_sales_1G.csv-275.8MB-model32.963-data21.235-made-resmade-hidden256_256_256_256_256-emb32-directIo-binaryInone_hotOut-inputNoEmbIfLeq-10epochs-seed0.pt",
    "query": "'SELECT ss_quantity FROM store_sales_1G.csv WHERE ss_sales_price<=171.9'",
    "avg_est": 48.35167694091797,
    "avg_real": 50.515235251551005,
    "avg_err": 0.04282981757600756,
    "count_est": 2747134.3656237125,
    "count_real": 2747435,
    "count_err": 0.00010942365380344224,
    "sum_est": 132828553.35993138,
    "sum_real": 135496965.0,
    "sum_err": 0.019693515940143902,
    "query_dur_ms_est": 353.63292694091797,
    "query_dur_ms_real": 48.85458946228027,
    "query_dur_ms_err": 6.238479144604243,
    "order": [
        0,
        1,
        2,
        4,
        3
    ],
    "groupby": false
}