{
    "timestamp": "2022-07-21 19:44:21.011111",
    "dataset": "store_sales_1G.csv",
    "model": "store_sales_1G.csv-275.8MB-model32.963-data21.235-made-resmade-hidden256_256_256_256_256-emb32-directIo-binaryInone_hotOut-inputNoEmbIfLeq-10epochs-seed0.pt",
    "query": "'SELECT ss_ext_discount_amt FROM store_sales_1G.csv WHERE ss_quantity>=2.0<=100.0'",
    "avg_est": 90.47176361083984,
    "avg_real": 193.23493253344554,
    "avg_err": 0.531804304611534,
    "count_est": 2731142.3803391457,
    "count_real": 2722971,
    "count_err": 0.0030009061202435354,
    "sum_est": 247091267.82158962,
    "sum_real": 513787144.7699999,
    "sum_err": 0.519078532157122,
    "query_dur_ms_est": 367.74325370788574,
    "query_dur_ms_real": 48.85458946228027,
    "query_dur_ms_err": 6.527302097007969,
    "order": [
        0,
        1,
        2,
        3,
        4
    ],
    "groupby": false
}