{
    "timestamp": "2022-07-21 18:51:26.942641",
    "dataset": "store_sales_1G.csv",
    "model": "store_sales_1G.csv-275.8MB-model32.963-data21.235-made-resmade-hidden256_256_256_256_256-emb32-directIo-binaryInone_hotOut-inputNoEmbIfLeq-10epochs-seed0.pt",
    "query": "'SELECT ss_ext_discount_amt FROM store_sales_1G.csv WHERE ss_sales_price<=71.67 AND ss_quantity>=77.0'",
    "avg_est": 86.84929656982422,
    "avg_real": 223.67403539077876,
    "avg_err": 0.6117148938718316,
    "count_est": 535709.0162380934,
    "count_real": 536287,
    "count_err": 0.0010777508347333124,
    "sum_est": 46525951.22639095,
    "sum_real": 118477005.11000003,
    "sum_err": 0.6072997356474878,
    "query_dur_ms_est": 360.05234718322754,
    "query_dur_ms_real": 48.85458946228027,
    "query_dur_ms_err": 6.369877654201092,
    "order": [
        0,
        1,
        2,
        3,
        4
    ],
    "groupby": false
}