{
    "timestamp": "2022-07-21 19:44:01.565522",
    "dataset": "store_sales_1G.csv",
    "model": "store_sales_1G.csv-275.8MB-model32.963-data21.235-made-resmade-hidden256_256_256_256_256-emb32-directIo-binaryInone_hotOut-inputNoEmbIfLeq-10epochs-seed0.pt",
    "query": "'SELECT ss_ext_discount_amt FROM store_sales_1G.csv WHERE ss_sales_price=122.29'",
    "avg_est": 130.20362854003906,
    "avg_real": 457.935,
    "avg_err": 0.7156722492492623,
    "count_est": 37.99150872171231,
    "count_real": 30,
    "count_err": 0.2663836240570769,
    "sum_est": 4946.632289277483,
    "sum_real": 13738.05,
    "sum_err": 0.6399319925842835,
    "query_dur_ms_est": 354.9036979675293,
    "query_dur_ms_real": 48.85458946228027,
    "query_dur_ms_err": 6.264490437311808,
    "order": [
        0,
        1,
        2,
        3,
        4
    ],
    "groupby": false
}