{
    "timestamp": "2022-07-21 18:58:35.813525",
    "dataset": "store_sales_1G.csv",
    "model": "store_sales_1G.csv-275.8MB-model32.963-data21.235-made-resmade-hidden256_256_256_256_256-emb32-directIo-binaryInone_hotOut-inputNoEmbIfLeq-10epochs-seed0.pt",
    "query": "'SELECT ss_ext_discount_amt FROM store_sales_1G.csv WHERE ss_store_sk=8.0 AND ss_quantity>=92.0'",
    "avg_est": 109.64203643798828,
    "avg_real": 365.0297385571765,
    "avg_err": 0.6996353314352921,
    "count_est": 39174.81475130096,
    "count_real": 40366,
    "count_err": 0.029509618210846734,
    "sum_est": 4295206.466413581,
    "sum_real": 14562496.389999999,
    "sum_err": 0.7050501266140686,
    "query_dur_ms_est": 352.6649475097656,
    "query_dur_ms_real": 48.85458946228027,
    "query_dur_ms_err": 6.218665664605609,
    "order": [
        0,
        1,
        2,
        3,
        4
    ],
    "groupby": false
}