{
    "timestamp": "2022-07-21 19:43:42.178048",
    "dataset": "store_sales_1G.csv",
    "model": "store_sales_1G.csv-275.8MB-model32.963-data21.235-made-resmade-hidden256_256_256_256_256-emb32-directIo-binaryInone_hotOut-inputNoEmbIfLeq-10epochs-seed0.pt",
    "query": "'SELECT ss_ext_discount_amt FROM store_sales_1G.csv WHERE ss_sold_date_sk>=2451302.0'",
    "avg_est": 80.82354736328125,
    "avg_real": 191.2861459564026,
    "avg_err": 0.5774730733416401,
    "count_est": 2089908.0137703419,
    "count_real": 2089087,
    "count_err": 0.00039300123467422523,
    "sum_est": 168913779.33586827,
    "sum_real": 390193514.5400002,
    "sum_err": 0.5671025451691554,
    "query_dur_ms_est": 362.6730442047119,
    "query_dur_ms_real": 48.85458946228027,
    "query_dur_ms_err": 6.4235204552220235,
    "order": [
        0,
        1,
        2,
        3,
        4
    ],
    "groupby": false
}