{
    "timestamp": "2022-07-21 19:11:51.696760",
    "dataset": "store_sales_1G.csv",
    "model": "store_sales_1G.csv-275.8MB-model32.963-data21.235-made-resmade-hidden256_256_256_256_256-emb32-directIo-binaryInone_hotOut-inputNoEmbIfLeq-10epochs-seed0.pt",
    "query": "'SELECT ss_sales_price FROM store_sales_1G.csv WHERE ss_store_sk=7.0 AND ss_quantity>=21.0<=90.0'",
    "avg_est": 36.84233093261719,
    "avg_real": 37.835196543018064,
    "avg_err": 0.026241851532923927,
    "count_est": 306210.17668029666,
    "count_real": 312799,
    "count_err": 0.02106408051081794,
    "sum_est": 11281496.664190669,
    "sum_real": 11688805.620000001,
    "sum_err": 0.03484607145082565,
    "query_dur_ms_est": 352.5674343109131,
    "query_dur_ms_real": 48.85458946228027,
    "query_dur_ms_err": 6.216669676103284,
    "order": [
        0,
        1,
        3,
        4,
        2
    ],
    "groupby": false
}