{
    "timestamp": "2022-07-21 19:52:59.378521",
    "dataset": "store_sales_1G.csv",
    "model": "store_sales_1G.csv-275.8MB-model32.963-data21.235-made-resmade-hidden256_256_256_256_256-emb32-directIo-binaryInone_hotOut-inputNoEmbIfLeq-10epochs-seed0.pt",
    "query": "'SELECT ss_quantity FROM store_sales_1G.csv WHERE ss_sold_date_sk=2452485.0 AND ss_store_sk=10.0'",
    "avg_est": 50.087974548339844,
    "avg_real": 50.053763440860216,
    "avg_err": 0.0006834872171010506,
    "count_est": 90.6509588232584,
    "count_real": 93,
    "count_err": 0.02525850727679133,
    "sum_est": 4540.52291832197,
    "sum_real": 4655.0,
    "sum_err": 0.024592283926537083,
    "query_dur_ms_est": 352.855920791626,
    "query_dur_ms_real": 48.85458946228027,
    "query_dur_ms_err": 6.222574678762975,
    "order": [
        0,
        1,
        2,
        4,
        3
    ],
    "groupby": false
}