{
    "timestamp": "2022-07-21 19:03:08.710623",
    "dataset": "store_sales_1G.csv",
    "model": "store_sales_1G.csv-275.8MB-model32.963-data21.235-made-resmade-hidden256_256_256_256_256-emb32-directIo-binaryInone_hotOut-inputNoEmbIfLeq-10epochs-seed0.pt",
    "query": "'SELECT ss_ext_discount_amt FROM store_sales_1G.csv WHERE ss_sold_date_sk>=2451966.0<=2452513.0'",
    "avg_est": 85.63924407958984,
    "avg_real": 191.48324139950523,
    "avg_err": 0.5527585419294498,
    "count_est": 729958.7497404814,
    "count_real": 730951,
    "count_err": 0.0013574784896916803,
    "sum_est": 62513115.537057325,
    "sum_real": 136668865.75000006,
    "sum_err": 0.5425943195328136,
    "query_dur_ms_est": 352.4491786956787,
    "query_dur_ms_real": 48.85458946228027,
    "query_dur_ms_err": 6.214249113029559,
    "order": [
        0,
        1,
        2,
        3,
        4
    ],
    "groupby": false
}