{
    "timestamp": "2022-07-21 19:14:45.733084",
    "dataset": "store_sales_1G.csv",
    "model": "store_sales_1G.csv-275.8MB-model32.963-data21.235-made-resmade-hidden256_256_256_256_256-emb32-directIo-binaryInone_hotOut-inputNoEmbIfLeq-10epochs-seed0.pt",
    "query": "'SELECT ss_quantity FROM store_sales_1G.csv WHERE ss_ext_discount_amt>=637.63<=1688.21'",
    "avg_est": 48.25419998168945,
    "avg_real": 57.81498095339813,
    "avg_err": 0.16536857426996576,
    "count_est": 77638.82488381863,
    "count_real": 115128,
    "count_err": 0.32563038631941293,
    "sum_est": 3746399.3822871516,
    "sum_real": 6495860.0,
    "sum_err": 0.4232635274948734,
    "query_dur_ms_est": 378.38029861450195,
    "query_dur_ms_real": 48.85458946228027,
    "query_dur_ms_err": 6.745030769456008,
    "order": [
        0,
        1,
        2,
        4,
        3
    ],
    "groupby": false
}