{
    "timestamp": "2022-07-21 19:43:23.005440",
    "dataset": "store_sales_1G.csv",
    "model": "store_sales_1G.csv-275.8MB-model32.963-data21.235-made-resmade-hidden256_256_256_256_256-emb32-directIo-binaryInone_hotOut-inputNoEmbIfLeq-10epochs-seed0.pt",
    "query": "'SELECT ss_quantity FROM store_sales_1G.csv WHERE ss_store_sk=nan AND ss_sales_price>=57.88<=118.62'",
    "avg_est": 45.45092010498047,
    "avg_real": NaN,
    "avg_err": NaN,
    "count_est": 0.0,
    "count_real": 0,
    "count_err": "result=0!",
    "sum_est": 0.0,
    "sum_real": 0.0,
    "sum_err": "result=0!",
    "query_dur_ms_est": 355.0717830657959,
    "query_dur_ms_real": 48.85458946228027,
    "query_dur_ms_err": 6.267930955390389,
    "order": [
        0,
        1,
        2,
        4,
        3
    ],
    "groupby": false
}