{
    "timestamp": "2022-07-21 19:40:49.756498",
    "dataset": "store_sales_1G.csv",
    "model": "store_sales_1G.csv-275.8MB-model32.963-data21.235-made-resmade-hidden256_256_256_256_256-emb32-directIo-binaryInone_hotOut-inputNoEmbIfLeq-10epochs-seed0.pt",
    "query": "'SELECT ss_ext_discount_amt FROM store_sales_1G.csv WHERE ss_sold_date_sk>=2451288.0 AND ss_store_sk=10.0'",
    "avg_est": 85.14215850830078,
    "avg_real": 192.6173325858279,
    "avg_err": 0.5579724972550822,
    "count_est": 344711.75641950965,
    "count_real": 343027,
    "count_err": 0.0049114396811611016,
    "sum_est": 29349503.00474466,
    "sum_real": 65278977.10000001,
    "sum_err": 0.5503988526078688,
    "query_dur_ms_est": 352.7219295501709,
    "query_dur_ms_real": 48.85458946228027,
    "query_dur_ms_err": 6.219832024635085,
    "order": [
        0,
        1,
        2,
        3,
        4
    ],
    "groupby": false
}