{
    "timestamp": "2022-07-21 19:16:42.512234",
    "dataset": "store_sales_1G.csv",
    "model": "store_sales_1G.csv-275.8MB-model32.963-data21.235-made-resmade-hidden256_256_256_256_256-emb32-directIo-binaryInone_hotOut-inputNoEmbIfLeq-10epochs-seed0.pt",
    "query": "'SELECT ss_quantity FROM store_sales_1G.csv WHERE ss_sold_date_sk>=2450897.0 AND ss_store_sk=1.0 AND ss_sales_price<=144.67 AND ss_ext_discount_amt>=440.88'",
    "avg_est": 50.34851837158203,
    "avg_real": 61.716466739367505,
    "avg_err": 0.18419635744529947,
    "count_est": 20599.585695210844,
    "count_real": 39548,
    "count_err": 0.4791244640636481,
    "sum_est": 1037158.6188223016,
    "sum_real": 2433542.0,
    "sum_err": 0.5738069781321622,
    "query_dur_ms_est": 364.3488883972168,
    "query_dur_ms_real": 48.85458946228027,
    "query_dur_ms_err": 6.457823152490594,
    "order": [
        0,
        1,
        2,
        4,
        3
    ],
    "groupby": false
}