{
    "timestamp": "2022-07-21 19:06:42.169544",
    "dataset": "store_sales_1G.csv",
    "model": "store_sales_1G.csv-275.8MB-model32.963-data21.235-made-resmade-hidden256_256_256_256_256-emb32-directIo-binaryInone_hotOut-inputNoEmbIfLeq-10epochs-seed0.pt",
    "query": "'SELECT ss_quantity FROM store_sales_1G.csv WHERE ss_store_sk=4.0 AND ss_sales_price>=31.46 AND ss_ext_discount_amt<=2274.94'",
    "avg_est": 48.502288818359375,
    "avg_real": 49.16069095431243,
    "avg_err": 0.013392857650535078,
    "count_est": 201965.38525369763,
    "count_real": 191808,
    "count_err": 0.05295600420054238,
    "sum_est": 9795783.446886063,
    "sum_real": 9368897.0,
    "sum_err": 0.04556421603162705,
    "query_dur_ms_est": 375.4842281341553,
    "query_dur_ms_real": 48.85458946228027,
    "query_dur_ms_err": 6.6857513749871895,
    "order": [
        0,
        1,
        2,
        4,
        3
    ],
    "groupby": false
}