{
    "timestamp": "2022-07-21 19:29:54.984605",
    "dataset": "store_sales_1G.csv",
    "model": "store_sales_1G.csv-275.8MB-model32.963-data21.235-made-resmade-hidden256_256_256_256_256-emb32-directIo-binaryInone_hotOut-inputNoEmbIfLeq-10epochs-seed0.pt",
    "query": "'SELECT ss_quantity FROM store_sales_1G.csv WHERE ss_store_sk=1.0'",
    "avg_est": 49.05205535888672,
    "avg_real": 50.550020846689414,
    "avg_err": 0.029633330762529223,
    "count_est": 453265.015855968,
    "count_real": 456896,
    "count_err": 0.00794706923245553,
    "sum_est": 22233580.650013607,
    "sum_real": 22551072.0,
    "sum_err": 0.014078769735930648,
    "query_dur_ms_est": 352.6778221130371,
    "query_dur_ms_real": 48.85458946228027,
    "query_dur_ms_err": 6.2189291936499265,
    "order": [
        0,
        1,
        2,
        4,
        3
    ],
    "groupby": false
}