{
    "timestamp": "2022-07-21 19:21:52.359927",
    "dataset": "store_sales_1G.csv",
    "model": "store_sales_1G.csv-275.8MB-model32.963-data21.235-made-resmade-hidden256_256_256_256_256-emb32-directIo-binaryInone_hotOut-inputNoEmbIfLeq-10epochs-seed0.pt",
    "query": "'SELECT ss_sales_price FROM store_sales_1G.csv WHERE ss_quantity>=35.0'",
    "avg_est": 36.42767333984375,
    "avg_real": 37.89154861935974,
    "avg_err": 0.038633292458468124,
    "count_est": 1812556.853348732,
    "count_real": 1815919,
    "count_err": 0.0018514849237592675,
    "sum_est": 66027228.96368268,
    "sum_real": 67182397.74999997,
    "sum_err": 0.017194515602374276,
    "query_dur_ms_est": 352.5121212005615,
    "query_dur_ms_real": 48.85458946228027,
    "query_dur_ms_err": 6.215537477246219,
    "order": [
        0,
        1,
        3,
        4,
        2
    ],
    "groupby": false
}