{
    "timestamp": "2022-07-21 19:24:45.611108",
    "dataset": "store_sales_1G.csv",
    "model": "store_sales_1G.csv-275.8MB-model32.963-data21.235-made-resmade-hidden256_256_256_256_256-emb32-directIo-binaryInone_hotOut-inputNoEmbIfLeq-10epochs-seed0.pt",
    "query": "'SELECT ss_sales_price FROM store_sales_1G.csv WHERE ss_sold_date_sk>=2452108.0 AND ss_store_sk=1.0 AND ss_ext_discount_amt<=1780.92'",
    "avg_est": 37.458003997802734,
    "avg_real": 36.54785253178736,
    "avg_err": 0.02490300805563802,
    "count_est": 147679.38794770837,
    "count_real": 143721,
    "count_err": 0.02754216814319667,
    "sum_est": 5531775.104138321,
    "sum_real": 5219910.489999998,
    "sum_err": 0.0597452034351499,
    "query_dur_ms_est": 379.6865940093994,
    "query_dur_ms_real": 48.85458946228027,
    "query_dur_ms_err": 6.771769207119188,
    "order": [
        0,
        1,
        3,
        4,
        2
    ],
    "groupby": false
}