{
    "timestamp": "2022-07-21 19:04:06.801342",
    "dataset": "store_sales_1G.csv",
    "model": "store_sales_1G.csv-275.8MB-model32.963-data21.235-made-resmade-hidden256_256_256_256_256-emb32-directIo-binaryInone_hotOut-inputNoEmbIfLeq-10epochs-seed0.pt",
    "query": "'SELECT ss_ext_discount_amt FROM store_sales_1G.csv WHERE ss_quantity<=47.0'",
    "avg_est": 58.61178207397461,
    "avg_real": 91.07802445005206,
    "avg_err": 0.35646625596147186,
    "count_est": 1288003.3572223186,
    "count_real": 1292454,
    "count_err": 0.0034435599082685733,
    "sum_est": 75492172.08406222,
    "sum_real": 114955494.72999994,
    "sum_err": 0.34329218223649627,
    "query_dur_ms_est": 352.5848388671875,
    "query_dur_ms_real": 48.85458946228027,
    "query_dur_ms_err": 6.217025928329861,
    "order": [
        0,
        1,
        2,
        3,
        4
    ],
    "groupby": false
}