{
    "timestamp": "2022-07-21 19:04:45.609639",
    "dataset": "store_sales_1G.csv",
    "model": "store_sales_1G.csv-275.8MB-model32.963-data21.235-made-resmade-hidden256_256_256_256_256-emb32-directIo-binaryInone_hotOut-inputNoEmbIfLeq-10epochs-seed0.pt",
    "query": "'SELECT ss_sales_price FROM store_sales_1G.csv WHERE ss_sold_date_sk=2451577.0 AND ss_store_sk=8.0'",
    "avg_est": 37.99965286254883,
    "avg_real": 48.17179012345679,
    "avg_err": 0.21116377935796776,
    "count_est": 120.9915326393384,
    "count_real": 163,
    "count_err": 0.2577206586543656,
    "sum_est": 4597.636239602605,
    "sum_real": 7803.83,
    "sum_err": 0.4108487448339334,
    "query_dur_ms_est": 353.5914421081543,
    "query_dur_ms_real": 48.85458946228027,
    "query_dur_ms_err": 6.237629995461444,
    "order": [
        0,
        1,
        3,
        4,
        2
    ],
    "groupby": false
}