{
    "timestamp": "2022-07-21 19:47:13.715359",
    "dataset": "store_sales_1G.csv",
    "model": "store_sales_1G.csv-275.8MB-model32.963-data21.235-made-resmade-hidden256_256_256_256_256-emb32-directIo-binaryInone_hotOut-inputNoEmbIfLeq-10epochs-seed0.pt",
    "query": "'SELECT ss_quantity FROM store_sales_1G.csv WHERE ss_sold_date_sk>=2450825.0<=2451336.0'",
    "avg_est": 49.418521881103516,
    "avg_real": 50.52508421793355,
    "avg_err": 0.021901246756106756,
    "count_est": 684572.7119304538,
    "count_real": 684119,
    "count_err": 0.00066320615339404,
    "sum_est": 33830571.5437415,
    "sum_real": 33746209.0,
    "sum_err": 0.0024999117305739994,
    "query_dur_ms_est": 352.8738021850586,
    "query_dur_ms_real": 48.85458946228027,
    "query_dur_ms_err": 6.222940691324526,
    "order": [
        0,
        1,
        2,
        4,
        3
    ],
    "groupby": false
}