{
    "timestamp": "2022-07-21 19:34:06.111998",
    "dataset": "store_sales_1G.csv",
    "model": "store_sales_1G.csv-275.8MB-model32.963-data21.235-made-resmade-hidden256_256_256_256_256-emb32-directIo-binaryInone_hotOut-inputNoEmbIfLeq-10epochs-seed0.pt",
    "query": "'SELECT ss_ext_discount_amt FROM store_sales_1G.csv WHERE ss_sold_date_sk>=2451692.0<=2452191.0 AND ss_store_sk=8.0 AND ss_sales_price<=80.62 AND ss_quantity<=73.0'",
    "avg_est": 60.608646392822266,
    "avg_real": 101.9583038126289,
    "avg_err": 0.40555458333041555,
    "count_est": 75779.06362906098,
    "count_real": 75380,
    "count_err": 0.005294025325828916,
    "sum_est": 4592866.471472936,
    "sum_real": 7661656.739999998,
    "sum_err": 0.4005387310691582,
    "query_dur_ms_est": 366.89305305480957,
    "query_dur_ms_real": 48.85458946228027,
    "query_dur_ms_err": 6.509899419748086,
    "order": [
        0,
        1,
        2,
        3,
        4
    ],
    "groupby": false
}