{
    "timestamp": "2022-07-21 19:49:46.634175",
    "dataset": "store_sales_1G.csv",
    "model": "store_sales_1G.csv-275.8MB-model32.963-data21.235-made-resmade-hidden256_256_256_256_256-emb32-directIo-binaryInone_hotOut-inputNoEmbIfLeq-10epochs-seed0.pt",
    "query": "'SELECT ss_quantity FROM store_sales_1G.csv WHERE ss_store_sk=4.0'",
    "avg_est": 48.6837272644043,
    "avg_real": 50.43842163027273,
    "avg_err": 0.034788843686085494,
    "count_est": 459898.16933876276,
    "count_real": 458272,
    "count_err": 0.0035484806812608235,
    "sum_est": 22389557.04548715,
    "sum_real": 22564788.0,
    "sum_err": 0.007765681402052147,
    "query_dur_ms_est": 352.4494171142578,
    "query_dur_ms_real": 48.85458946228027,
    "query_dur_ms_err": 6.214253993197047,
    "order": [
        0,
        1,
        2,
        4,
        3
    ],
    "groupby": false
}