{
    "timestamp": "2022-07-21 19:03:47.388211",
    "dataset": "store_sales_1G.csv",
    "model": "store_sales_1G.csv-275.8MB-model32.963-data21.235-made-resmade-hidden256_256_256_256_256-emb32-directIo-binaryInone_hotOut-inputNoEmbIfLeq-10epochs-seed0.pt",
    "query": "'SELECT ss_sales_price FROM store_sales_1G.csv WHERE ss_quantity>=45.0'",
    "avg_est": 36.13341522216797,
    "avg_real": 37.906824222408815,
    "avg_err": 0.04678337045160556,
    "count_est": 1548496.89428401,
    "count_real": 1540766,
    "count_err": 0.005017565473284025,
    "sum_est": 55952481.25140167,
    "sum_real": 57022970.33000003,
    "sum_err": 0.018772944874728296,
    "query_dur_ms_est": 360.5923652648926,
    "query_dur_ms_real": 48.85458946228027,
    "query_dur_ms_err": 6.380931233559936,
    "order": [
        0,
        1,
        3,
        4,
        2
    ],
    "groupby": false
}