{
    "timestamp": "2022-07-21 19:21:13.550606",
    "dataset": "store_sales_1G.csv",
    "model": "store_sales_1G.csv-275.8MB-model32.963-data21.235-made-resmade-hidden256_256_256_256_256-emb32-directIo-binaryInone_hotOut-inputNoEmbIfLeq-10epochs-seed0.pt",
    "query": "'SELECT ss_quantity FROM store_sales_1G.csv WHERE ss_ext_discount_amt>=62.67'",
    "avg_est": 48.23063659667969,
    "avg_real": 54.64945235679043,
    "avg_err": 0.11745434735931391,
    "count_est": 309848.8353394568,
    "count_real": 438975,
    "count_err": 0.2941538006960378,
    "sum_est": 14944206.577161783,
    "sum_real": 23425761.0,
    "sum_err": 0.36206099869448066,
    "query_dur_ms_est": 362.54405975341797,
    "query_dur_ms_real": 48.85458946228027,
    "query_dur_ms_err": 6.420880284611368,
    "order": [
        0,
        1,
        2,
        4,
        3
    ],
    "groupby": false
}