{
    "timestamp": "2022-07-21 19:39:13.622720",
    "dataset": "store_sales_1G.csv",
    "model": "store_sales_1G.csv-275.8MB-model32.963-data21.235-made-resmade-hidden256_256_256_256_256-emb32-directIo-binaryInone_hotOut-inputNoEmbIfLeq-10epochs-seed0.pt",
    "query": "'SELECT ss_sales_price FROM store_sales_1G.csv WHERE ss_sold_date_sk>=2451245.0<=2452359.0 AND ss_ext_discount_amt<=37.55'",
    "avg_est": 37.19769287109375,
    "avg_real": 36.99334789491299,
    "avg_err": 0.005523830304876415,
    "count_est": 1432057.6711226702,
    "count_real": 1346003,
    "count_err": 0.0639334913240685,
    "sum_est": 53269241.42411487,
    "sum_real": 49192089.33000003,
    "sum_err": 0.0828822713091873,
    "query_dur_ms_est": 362.6711368560791,
    "query_dur_ms_real": 48.85458946228027,
    "query_dur_ms_err": 6.423481413882125,
    "order": [
        0,
        1,
        3,
        4,
        2
    ],
    "groupby": false
}