{
    "timestamp": "2022-07-21 19:36:40.012167",
    "dataset": "store_sales_1G.csv",
    "model": "store_sales_1G.csv-275.8MB-model32.963-data21.235-made-resmade-hidden256_256_256_256_256-emb32-directIo-binaryInone_hotOut-inputNoEmbIfLeq-10epochs-seed0.pt",
    "query": "'SELECT ss_ext_discount_amt FROM store_sales_1G.csv WHERE ss_sold_date_sk>=2452404.0'",
    "avg_est": 80.57051849365234,
    "avg_real": 191.04926680809405,
    "avg_err": 0.5782736053387519,
    "count_est": 439934.970664382,
    "count_real": 439230,
    "count_err": 0.0016050148313684878,
    "sum_est": 35445788.68991899,
    "sum_real": 81952493.49000002,
    "sum_err": 0.5674837069570783,
    "query_dur_ms_est": 366.9755458831787,
    "query_dur_ms_real": 48.85458946228027,
    "query_dur_ms_err": 6.511587957698708,
    "order": [
        0,
        1,
        2,
        3,
        4
    ],
    "groupby": false
}