{
    "timestamp": "2022-07-27 14:20:40.195395",
    "dataset": "dmv.csv",
    "model": "dmv.csv-2.6MB-model16.691*",
    "query": "'SELECT Model Year FROM dmv.csv WHERE County=ORANGE AND Fuel Type=ELECTRIC'",
    "avg_est": 2010.16943359375,
    "avg_real": 2011.9818538499264,
    "avg_err": 0.0009008134207117088,
    "count_est": 1902.1516212599236,
    "count_real": 2039,
    "count_err": 0.0671154383227447,
    "sum_est": 3823647.0471174936,
    "sum_real": 4102431.0,
    "sum_err": 0.06795579325587839,
    "query_dur_ms_est": 2.558469772338867,
    "query_dur_ms_real": 2108.581066131592,
    "query_dur_ms_err": 0.9987866391226624,
    "order": [
        0,
        1,
        2,
        3,
        4,
        5,
        6,
        7,
        9,
        8
    ],
    "groupby": false
}