{
    "timestamp": "2022-07-27 14:17:15.147520",
    "dataset": "dmv.csv",
    "model": "dmv.csv-2.6MB-model16.691*",
    "query": "'SELECT Model Year FROM dmv.csv WHERE County<=ORANGE AND Fuel Type=COMP N/G'",
    "avg_est": 2009.3209228515625,
    "avg_real": 2014.2079171291157,
    "avg_err": 0.002426261080593259,
    "count_est": 3047.962030158378,
    "count_real": 2703,
    "count_err": 0.12762191274819762,
    "sum_est": 6124333.879254354,
    "sum_real": 5444404.0,
    "sum_err": 0.12488600758767243,
    "query_dur_ms_est": 2.5529861450195312,
    "query_dur_ms_real": 2108.581066131592,
    "query_dur_ms_err": 0.9987892397470384,
    "order": [
        0,
        1,
        2,
        3,
        4,
        5,
        6,
        7,
        9,
        8
    ],
    "groupby": false
}