{
    "timestamp": "2022-07-27 14:19:31.206750",
    "dataset": "dmv.csv",
    "model": "dmv.csv-2.6MB-model16.691*",
    "query": "'SELECT Model Year FROM dmv.csv WHERE County>=JEFFERSON AND Suspension Indicator=N'",
    "avg_est": 2012.254150390625,
    "avg_real": 2012.3067511266981,
    "avg_err": 2.6139521742246393e-05,
    "count_est": 9638305.93845272,
    "count_real": 9666759,
    "count_err": 0.0029433920455945325,
    "sum_est": 19394721127.386093,
    "sum_real": 19452450188.0,
    "sum_err": 0.0029677012435954868,
    "query_dur_ms_est": 2.6824474334716797,
    "query_dur_ms_real": 2108.581066131592,
    "query_dur_ms_err": 0.99872784239764,
    "order": [
        0,
        1,
        2,
        3,
        4,
        5,
        6,
        7,
        9,
        8
    ],
    "groupby": false
}