{
    "timestamp": "2022-07-27 14:15:52.393889",
    "dataset": "dmv.csv",
    "model": "dmv.csv-2.6MB-model16.691*",
    "query": "'SELECT Model Year FROM dmv.csv WHERE State>=AA<=GL AND County<=GENESEE AND Fuel Type=GAS AND Revocation Indicator=N AND Registration Class<=ARG AND Weight_100>=8.0<=10.0'",
    "avg_est": 2011.13720703125,
    "avg_real": NaN,
    "avg_err": NaN,
    "count_est": 0.0056294549189929155,
    "count_real": 0,
    "count_err": "result=0!",
    "sum_est": 11.321606242891743,
    "sum_real": 0.0,
    "sum_err": "result=0!",
    "query_dur_ms_est": 6.895780563354492,
    "query_dur_ms_real": 2108.581066131592,
    "query_dur_ms_err": 0.9967296583118782,
    "order": [
        0,
        1,
        2,
        3,
        4,
        5,
        6,
        7,
        9,
        8
    ],
    "groupby": false
}