{
    "timestamp": "2022-07-27 14:18:25.550602",
    "dataset": "dmv.csv",
    "model": "dmv.csv-2.6MB-model16.691*",
    "query": "'SELECT Weight_100 FROM dmv.csv WHERE State>=NT'",
    "avg_est": 49.55546569824219,
    "avg_real": 49.44835588163387,
    "avg_err": 0.0021660945990743734,
    "count_est": 12524481.91850543,
    "count_real": 12529779,
    "count_err": 0.00042275937145976625,
    "sum_est": 620656534.1007503,
    "sum_real": 477528756.0,
    "sum_err": 0.299725987812031,
    "query_dur_ms_est": 1.5354156494140625,
    "query_dur_ms_real": 2108.581066131592,
    "query_dur_ms_err": 0.9992718251747224,
    "order": [
        0,
        1,
        2,
        3,
        4,
        5,
        6,
        7,
        8,
        9
    ],
    "groupby": false
}