{
    "timestamp": "2022-07-27 14:23:16.582810",
    "dataset": "dmv.csv",
    "model": "dmv.csv-2.6MB-model16.691*",
    "query": "'SELECT Model Year FROM dmv.csv WHERE Scofflaw Indicator=Y AND Suspension Indicator=Y'",
    "avg_est": 2013.724365234375,
    "avg_real": 2012.7459412022818,
    "avg_err": 0.0004861140256523374,
    "count_est": 3350.5878055460053,
    "count_real": 2279,
    "count_err": 0.4702008800114108,
    "sum_est": 6747160.301885167,
    "sum_real": 4587048.0,
    "sum_err": 0.47091556527971085,
    "query_dur_ms_est": 2.4802684783935547,
    "query_dur_ms_real": 2108.581066131592,
    "query_dur_ms_err": 0.9988237262876766,
    "order": [
        0,
        1,
        2,
        3,
        4,
        5,
        6,
        7,
        9,
        8
    ],
    "groupby": false
}