{
    "timestamp": "2022-07-27 14:18:59.908357",
    "dataset": "dmv.csv",
    "model": "dmv.csv-2.6MB-model16.691*",
    "query": "'SELECT Weight_100 FROM dmv.csv WHERE Model Year>=2018.0'",
    "avg_est": 21.78464126586914,
    "avg_real": 54.248555409969136,
    "avg_err": 0.5984290991485862,
    "count_est": 4308112.549597979,
    "count_real": 4287493,
    "count_err": 0.0048092322478377435,
    "sum_est": 93850686.42598084,
    "sum_real": 184985621.0,
    "sum_err": 0.49265955959906294,
    "query_dur_ms_est": 1.5153884887695312,
    "query_dur_ms_real": 2108.581066131592,
    "query_dur_ms_err": 0.999281323107226,
    "order": [
        0,
        1,
        2,
        3,
        4,
        5,
        6,
        7,
        8,
        9
    ],
    "groupby": false
}