{
    "timestamp": "2022-07-27 14:20:31.237125",
    "dataset": "dmv.csv",
    "model": "dmv.csv-2.6MB-model16.691*",
    "query": "'SELECT Weight_100 FROM dmv.csv WHERE Suspension Indicator=N AND Revocation Indicator=N'",
    "avg_est": 49.44437026977539,
    "avg_real": 49.468549797068185,
    "avg_err": 0.0004887858526676988,
    "count_est": 12474631.486685038,
    "count_real": 12500236,
    "count_err": 0.0020483223928702138,
    "sum_est": 616800298.2066537,
    "sum_real": 473814420.0,
    "sum_err": 0.30177612198179554,
    "query_dur_ms_est": 2.560853958129883,
    "query_dur_ms_real": 2108.581066131592,
    "query_dur_ms_err": 0.998785508416412,
    "order": [
        0,
        1,
        2,
        3,
        4,
        5,
        6,
        7,
        8,
        9
    ],
    "groupby": false
}