{
    "timestamp": "2022-07-27 14:23:36.605983",
    "dataset": "dmv.csv",
    "model": "dmv.csv-2.6MB-model16.691*",
    "query": "'SELECT Model Year FROM dmv.csv WHERE Scofflaw Indicator=Y AND Suspension Indicator=N'",
    "avg_est": 2013.724365234375,
    "avg_real": 2013.7802725216527,
    "avg_err": 2.7762357214721388e-05,
    "count_est": 18951.86929897219,
    "count_real": 18127,
    "count_err": 0.04550500904574333,
    "sum_est": 38163840.97407761,
    "sum_real": 36503795.0,
    "sum_err": 0.0454759833622124,
    "query_dur_ms_est": 2.5234222412109375,
    "query_dur_ms_real": 2108.581066131592,
    "query_dur_ms_err": 0.9988032605045437,
    "order": [
        0,
        1,
        2,
        3,
        4,
        5,
        6,
        7,
        9,
        8
    ],
    "groupby": false
}