{
    "timestamp": "2022-07-27 14:24:31.480686",
    "dataset": "dmv.csv",
    "model": "dmv.csv-2.6MB-model16.691*",
    "query": "'SELECT Model Year FROM dmv.csv WHERE County<=GREENE'",
    "avg_est": 2012.262939453125,
    "avg_real": 2011.5961624720196,
    "avg_err": 0.0003314666201619682,
    "count_est": 2801092.590577543,
    "count_real": 2795710,
    "count_err": 0.0019253036178798165,
    "sum_est": 5636534809.995935,
    "sum_real": 5623831461.0,
    "sum_err": 0.0022588424073570292,
    "query_dur_ms_est": 1.506805419921875,
    "query_dur_ms_real": 2108.581066131592,
    "query_dur_ms_err": 0.9992853936497276,
    "order": [
        0,
        1,
        2,
        3,
        4,
        5,
        6,
        7,
        9,
        8
    ],
    "groupby": false
}