{
    "timestamp": "2022-07-27 14:19:15.876003",
    "dataset": "dmv.csv",
    "model": "dmv.csv-2.6MB-model16.691*",
    "query": "'SELECT Weight_100 FROM dmv.csv WHERE State<=Y AND County<=SARATOGA AND Fuel Type=DIESEL AND Scofflaw Indicator=Y AND Revocation Indicator=N AND Model Year<=1992.0'",
    "avg_est": 89.82083129882812,
    "avg_real": 66.75,
    "avg_err": 0.345630431443118,
    "count_est": 6.413203804992236,
    "count_real": 4,
    "count_err": 0.6033009512480589,
    "sum_est": 576.0392970532102,
    "sum_real": 267.0,
    "sum_err": 1.157450550761087,
    "query_dur_ms_est": 6.966352462768555,
    "query_dur_ms_real": 2108.581066131592,
    "query_dur_ms_err": 0.9966961894068654,
    "order": [
        0,
        1,
        2,
        3,
        4,
        5,
        6,
        7,
        8,
        9
    ],
    "groupby": false
}