{
    "timestamp": "2022-07-27 14:20:48.402838",
    "dataset": "dmv.csv",
    "model": "dmv.csv-2.6MB-model16.691*",
    "query": "'SELECT Weight_100 FROM dmv.csv WHERE County>=ALLEGANY<=ULSTER AND Suspension Indicator=Y AND Revocation Indicator=Y'",
    "avg_est": 47.984840393066406,
    "avg_real": 48.4,
    "avg_err": 0.008577677829206454,
    "count_est": 123.34407572855343,
    "count_real": 69,
    "count_err": 0.7875953004138179,
    "sum_est": 5918.645787264933,
    "sum_real": 242.0,
    "sum_err": 23.45721399696253,
    "query_dur_ms_est": 3.648996353149414,
    "query_dur_ms_real": 2108.581066131592,
    "query_dur_ms_err": 0.9982694540837153,
    "order": [
        0,
        1,
        2,
        3,
        4,
        5,
        6,
        7,
        8,
        9
    ],
    "groupby": false
}