{
    "timestamp": "2022-07-27 14:15:40.700933",
    "dataset": "dmv.csv",
    "model": "dmv.csv-2.6MB-model16.691*",
    "query": "'SELECT Model Year FROM dmv.csv WHERE Fuel Type=PROPANE AND Suspension Indicator=Y AND Revocation Indicator=N AND Registration Class<=BOT AND Weight_100<=39.0'",
    "avg_est": 2009.7132568359375,
    "avg_real": NaN,
    "avg_err": NaN,
    "count_est": 0.0001504894502908291,
    "count_real": 0,
    "count_err": "result=0!",
    "sum_est": 0.30244064326343206,
    "sum_real": 0.0,
    "sum_err": "result=0!",
    "query_dur_ms_est": 5.80906867980957,
    "query_dur_ms_real": 2108.581066131592,
    "query_dur_ms_err": 0.9972450342208247,
    "order": [
        0,
        1,
        2,
        3,
        4,
        5,
        6,
        7,
        9,
        8
    ],
    "groupby": false
}