{
    "timestamp": "2022-07-27 14:20:55.640294",
    "dataset": "dmv.csv",
    "model": "dmv.csv-2.6MB-model16.691*",
    "query": "'SELECT Weight_100 FROM dmv.csv WHERE Record Type=TRL'",
    "avg_est": 35.34763717651367,
    "avg_real": 85.54890590431415,
    "avg_err": 0.5868136850744795,
    "count_est": 781843.5021730661,
    "count_real": 775186,
    "count_err": 0.008588264201193184,
    "sum_est": 27636320.44362832,
    "sum_real": 9899035.0,
    "sum_err": 1.7918196514739384,
    "query_dur_ms_est": 0.6935596466064453,
    "query_dur_ms_real": 2108.581066131592,
    "query_dur_ms_err": 0.9996710775517496,
    "order": [
        0,
        1,
        2,
        3,
        4,
        5,
        6,
        7,
        8,
        9
    ],
    "groupby": false
}