{
    "timestamp": "2022-07-27 14:19:26.433236",
    "dataset": "dmv.csv",
    "model": "dmv.csv-2.6MB-model16.691*",
    "query": "'SELECT Weight_100 FROM dmv.csv WHERE County>=HERKIMER AND Revocation Indicator=N AND Registration Class=CBS'",
    "avg_est": 52.797950744628906,
    "avg_real": 79.8,
    "avg_err": 0.3383715445535225,
    "count_est": 16.917486389571422,
    "count_real": 5,
    "count_err": 2.3834972779142847,
    "sum_est": 893.2086131195218,
    "sum_real": 399.0,
    "sum_err": 1.238618077993789,
    "query_dur_ms_est": 3.6797523498535156,
    "query_dur_ms_real": 2108.581066131592,
    "query_dur_ms_err": 0.9982548679730847,
    "order": [
        0,
        1,
        2,
        3,
        4,
        5,
        6,
        7,
        8,
        9
    ],
    "groupby": false
}