{
    "timestamp": "2022-07-27 14:24:33.358421",
    "dataset": "dmv.csv",
    "model": "dmv.csv-2.6MB-model16.691*",
    "query": "'SELECT Model Year FROM dmv.csv WHERE Record Type=SNOW AND County>=FULTON'",
    "avg_est": 2010.39013671875,
    "avg_real": 2010.1147861488391,
    "avg_err": 0.00013698251055523636,
    "count_est": 86803.31921402551,
    "count_real": 86953,
    "count_err": 0.0017213987553562,
    "sum_est": 174508536.78232604,
    "sum_real": 174785511.0,
    "sum_err": 0.001584652046324122,
    "query_dur_ms_est": 1.7228126525878906,
    "query_dur_ms_real": 2108.581066131592,
    "query_dur_ms_err": 0.9991829516634385,
    "order": [
        0,
        1,
        2,
        3,
        4,
        5,
        6,
        7,
        9,
        8
    ],
    "groupby": false
}