{
    "timestamp": "2022-07-27 14:17:04.358043",
    "dataset": "dmv.csv",
    "model": "dmv.csv-2.6MB-model16.691*",
    "query": "'SELECT Weight_100 FROM dmv.csv WHERE State>=MA<=S AND Model Year>=1944.0'",
    "avg_est": 21.5836181640625,
    "avg_real": 49.48856754985324,
    "avg_err": 0.5638665810579415,
    "count_est": 12549951.362978458,
    "count_real": 12559714,
    "count_err": 0.0007772977172522874,
    "sum_est": 270873358.1960828,
    "sum_real": 478025069.0,
    "sum_err": 0.4333490526705352,
    "query_dur_ms_est": 2.6612281799316406,
    "query_dur_ms_real": 2108.581066131592,
    "query_dur_ms_err": 0.9987379056832688,
    "order": [
        0,
        1,
        2,
        3,
        4,
        5,
        6,
        7,
        8,
        9
    ],
    "groupby": false
}