{
    "timestamp": "2022-07-27 14:21:40.504028",
    "dataset": "dmv.csv",
    "model": "dmv.csv-2.6MB-model16.691*",
    "query": "'SELECT Weight_100 FROM dmv.csv WHERE Fuel Type=PROPANE'",
    "avg_est": 58.92982482910156,
    "avg_real": 15.403314917127071,
    "avg_err": 2.8257884842422465,
    "count_est": 986.1549745139782,
    "count_real": 957,
    "count_err": 0.03046496814417788,
    "sum_est": 58113.93990245585,
    "sum_real": 11152.0,
    "sum_err": 4.211077824825669,
    "query_dur_ms_est": 1.4789104461669922,
    "query_dur_ms_real": 2108.581066131592,
    "query_dur_ms_err": 0.9992986229128576,
    "order": [
        0,
        1,
        2,
        3,
        4,
        5,
        6,
        7,
        8,
        9
    ],
    "groupby": false
}