{
    "timestamp": "2022-07-27 14:23:34.752808",
    "dataset": "dmv.csv",
    "model": "dmv.csv-2.6MB-model16.691*",
    "query": "'SELECT Weight_100 FROM dmv.csv WHERE Revocation Indicator=Y AND Registration Class>=CSP<=PAS'",
    "avg_est": 70.09475708007812,
    "avg_real": 54.3,
    "avg_err": 0.2908795042371663,
    "count_est": 5706.778569240007,
    "count_real": 5561,
    "count_err": 0.026214452299947243,
    "sum_est": 400015.2575206741,
    "sum_real": 1629.0,
    "sum_err": 244.55878300839416,
    "query_dur_ms_est": 2.546072006225586,
    "query_dur_ms_real": 2108.581066131592,
    "query_dur_ms_err": 0.9987925187951646,
    "order": [
        0,
        1,
        2,
        3,
        4,
        5,
        6,
        7,
        8,
        9
    ],
    "groupby": false
}