{
    "timestamp": "2022-07-27 14:20:20.781481",
    "dataset": "dmv.csv",
    "model": "dmv.csv-2.6MB-model16.691*",
    "query": "'SELECT Weight_100 FROM dmv.csv WHERE Record Type=SNOW AND State>=FL AND County=ONEIDA AND Fuel Type=nan AND Scofflaw Indicator=Y AND Suspension Indicator=N AND Revocation Indicator=Y AND Registration Class<=MED AND Model Year=1917.0'",
    "avg_est": 79.43203735351562,
    "avg_real": NaN,
    "avg_err": NaN,
    "count_est": 0.0,
    "count_real": 0,
    "count_err": "result=0!",
    "sum_est": 0.0,
    "sum_real": 0.0,
    "sum_err": "result=0!",
    "query_dur_ms_est": 9.339332580566406,
    "query_dur_ms_real": 2108.581066131592,
    "query_dur_ms_err": 0.9955707974758113,
    "order": [
        0,
        1,
        2,
        3,
        4,
        5,
        6,
        7,
        8,
        9
    ],
    "groupby": false
}