{
    "timestamp": "2022-07-27 14:23:37.977054",
    "dataset": "dmv.csv",
    "model": "dmv.csv-2.6MB-model16.691*",
    "query": "'SELECT Weight_100 FROM dmv.csv WHERE Model Year=1908.0'",
    "avg_est": 21.78464126586914,
    "avg_real": 4.285714285714286,
    "avg_err": 4.0830829620361335,
    "count_est": 32.4760200143819,
    "count_real": 11,
    "count_err": 1.9523654558529002,
    "sum_est": 707.4784457564961,
    "sum_real": 30.0,
    "sum_err": 22.582614858549867,
    "query_dur_ms_est": 1.5079975128173828,
    "query_dur_ms_real": 2108.581066131592,
    "query_dur_ms_err": 0.9992848282966024,
    "order": [
        0,
        1,
        2,
        3,
        4,
        5,
        6,
        7,
        8,
        9
    ],
    "groupby": false
}