{
    "timestamp": "2022-07-27 14:22:28.699818",
    "dataset": "dmv.csv",
    "model": "dmv.csv-2.6MB-model16.691*",
    "query": "'SELECT Weight_100 FROM dmv.csv WHERE Record Type=BOAT AND County>=CATTARAUGUS'",
    "avg_est": 48.78461456298828,
    "avg_real": NaN,
    "avg_err": NaN,
    "count_est": 348944.00094827265,
    "count_real": 350383,
    "count_err": 0.004106931705383407,
    "sum_est": 17023098.5903285,
    "sum_real": 0.0,
    "sum_err": "result=0!",
    "query_dur_ms_est": 1.7375946044921875,
    "query_dur_ms_real": 2108.581066131592,
    "query_dur_ms_err": 0.9991759412846858,
    "order": [
        0,
        1,
        2,
        3,
        4,
        5,
        6,
        7,
        8,
        9
    ],
    "groupby": false
}