{
    "timestamp": "2022-07-27 14:16:21.013073",
    "dataset": "dmv.csv",
    "model": "dmv.csv-2.6MB-model16.691*",
    "query": "'SELECT Weight_100 FROM dmv.csv WHERE Scofflaw Indicator=Y AND Suspension Indicator=N'",
    "avg_est": 49.54451370239258,
    "avg_real": 50.0384543587829,
    "avg_err": 0.009871221298097988,
    "count_est": 18951.86929897219,
    "count_real": 18127,
    "count_err": 0.04550500904574333,
    "sum_est": 938961.1481688808,
    "sum_real": 804168.0,
    "sum_err": 0.16761814467733216,
    "query_dur_ms_est": 2.5472640991210938,
    "query_dur_ms_real": 2108.581066131592,
    "query_dur_ms_err": 0.9987919534420394,
    "order": [
        0,
        1,
        2,
        3,
        4,
        5,
        6,
        7,
        8,
        9
    ],
    "groupby": false
}