{
    "timestamp": "2022-07-27 14:17:52.807726",
    "dataset": "dmv.csv",
    "model": "dmv.csv-2.6MB-model16.691*",
    "query": "'SELECT Model Year FROM dmv.csv WHERE Record Type=BOAT'",
    "avg_est": 2001.676513671875,
    "avg_real": 2000.1510189457447,
    "avg_err": 0.0007626897727624529,
    "count_est": 364348.4676815942,
    "count_real": 365645,
    "count_err": 0.0035458773356829903,
    "sum_est": 729307770.5505832,
    "sum_real": 731301216.0,
    "sum_err": 0.0027258883286428947,
    "query_dur_ms_est": 0.5981922149658203,
    "query_dur_ms_real": 2108.581066131592,
    "query_dur_ms_err": 0.9997163058017668,
    "order": [
        0,
        1,
        2,
        3,
        4,
        5,
        6,
        7,
        9,
        8
    ],
    "groupby": false
}