{
    "timestamp": "2022-07-27 14:16:34.829131",
    "dataset": "dmv.csv",
    "model": "dmv.csv-2.6MB-model16.691*",
    "query": "'SELECT Model Year FROM dmv.csv WHERE Fuel Type=nan AND Suspension Indicator=N'",
    "avg_est": 2011.87841796875,
    "avg_real": NaN,
    "avg_err": NaN,
    "count_est": 0.0,
    "count_real": 0,
    "count_err": "result=0!",
    "sum_est": 0.0,
    "sum_real": 0.0,
    "sum_err": "result=0!",
    "query_dur_ms_est": 2.549409866333008,
    "query_dur_ms_real": 2108.581066131592,
    "query_dur_ms_err": 0.9987909358064141,
    "order": [
        0,
        1,
        2,
        3,
        4,
        5,
        6,
        7,
        9,
        8
    ],
    "groupby": false
}