{
    "timestamp": "2022-07-27 14:23:58.054768",
    "dataset": "dmv.csv",
    "model": "dmv.csv-2.6MB-model16.691*",
    "query": "'SELECT Model Year FROM dmv.csv WHERE Scofflaw Indicator=N AND Weight_100>=23.0<=52.0'",
    "avg_est": 2012.09130859375,
    "avg_real": 2013.2593865196704,
    "avg_err": 0.0005801924648863572,
    "count_est": 2947162.180039108,
    "count_real": 2896947,
    "count_err": 0.017333827660329235,
    "sum_est": 5929959407.472898,
    "sum_real": 5832305740.0,
    "sum_err": 0.016743578239246684,
    "query_dur_ms_est": 2.4924278259277344,
    "query_dur_ms_real": 2108.581066131592,
    "query_dur_ms_err": 0.9988179596857993,
    "order": [
        0,
        1,
        2,
        3,
        4,
        5,
        6,
        7,
        9,
        8
    ],
    "groupby": false
}