{
    "timestamp": "2022-07-27 14:24:09.921279",
    "dataset": "dmv.csv",
    "model": "dmv.csv-2.6MB-model16.691*",
    "query": "'SELECT Model Year FROM dmv.csv WHERE County=BROOME AND Scofflaw Indicator=N'",
    "avg_est": 2010.9776611328125,
    "avg_real": 2011.0223776636562,
    "avg_err": 2.2235720169207502e-05,
    "count_est": 171289.79213995486,
    "count_real": 169410,
    "count_err": 0.011096110855054984,
    "sum_est": 344459945.57353204,
    "sum_real": 340687301.0,
    "sum_err": 0.011073628404869851,
    "query_dur_ms_est": 2.5625228881835938,
    "query_dur_ms_real": 2108.581066131592,
    "query_dur_ms_err": 0.9987847169220366,
    "order": [
        0,
        1,
        2,
        3,
        4,
        5,
        6,
        7,
        9,
        8
    ],
    "groupby": false
}