{
    "timestamp": "2022-07-27 14:22:06.339419",
    "dataset": "dmv.csv",
    "model": "dmv.csv-2.6MB-model16.691*",
    "query": "'SELECT Model Year FROM dmv.csv WHERE Record Type=SNOW AND State<=ND AND County>=CORTLAND AND Fuel Type=GAS AND Scofflaw Indicator=Y AND Registration Class>=SNO<=TRC AND Weight_100>=65.0<=98.0'",
    "avg_est": 2012.686767578125,
    "avg_real": NaN,
    "avg_err": NaN,
    "count_est": 1.9526990989821117e-07,
    "count_real": 0,
    "count_err": "result=0!",
    "sum_est": 0.00039301716375830234,
    "sum_real": 0.0,
    "sum_err": "result=0!",
    "query_dur_ms_est": 7.14564323425293,
    "query_dur_ms_real": 2108.581066131592,
    "query_dur_ms_err": 0.996611160296833,
    "order": [
        0,
        1,
        2,
        3,
        4,
        5,
        6,
        7,
        9,
        8
    ],
    "groupby": false
}