{
    "timestamp": "2022-07-27 14:16:19.048973",
    "dataset": "dmv.csv",
    "model": "dmv.csv-2.6MB-model16.691*",
    "query": "'SELECT Weight_100 FROM dmv.csv WHERE County>=FRANKLIN AND Scofflaw Indicator=Y'",
    "avg_est": 49.23122787475586,
    "avg_real": 50.369528747903004,
    "avg_err": 0.02259899787516942,
    "count_est": 14931.36871880712,
    "count_real": 14783,
    "count_err": 0.010036441778199274,
    "sum_est": 735089.6158775948,
    "sum_real": 660546.0,
    "sum_err": 0.11285151356240868,
    "query_dur_ms_est": 2.5548934936523438,
    "query_dur_ms_real": 2108.581066131592,
    "query_dur_ms_err": 0.998788335182038,
    "order": [
        0,
        1,
        2,
        3,
        4,
        5,
        6,
        7,
        8,
        9
    ],
    "groupby": false
}