{
    "timestamp": "2022-07-27 14:21:42.414353",
    "dataset": "dmv.csv",
    "model": "dmv.csv-2.6MB-model16.691*",
    "query": "'SELECT Model Year FROM dmv.csv WHERE Fuel Type=DIESEL AND Registration Class<=JSC'",
    "avg_est": 2002.8245849609375,
    "avg_real": 2009.4845958609276,
    "avg_err": 0.003314288108357816,
    "count_est": 312683.4773916453,
    "count_real": 304561,
    "count_err": 0.02666945994938719,
    "sum_est": 626250155.8310647,
    "sum_real": 612010638.0,
    "sum_err": 0.02326678156706273,
    "query_dur_ms_est": 2.6738643646240234,
    "query_dur_ms_real": 2108.581066131592,
    "query_dur_ms_err": 0.9987319129401415,
    "order": [
        0,
        1,
        2,
        3,
        4,
        5,
        6,
        7,
        9,
        8
    ],
    "groupby": false
}