{
    "timestamp": "2022-07-27 14:21:26.759021",
    "dataset": "dmv.csv",
    "model": "dmv.csv-2.6MB-model16.691*",
    "query": "'SELECT Weight_100 FROM dmv.csv WHERE Revocation Indicator=N AND Model Year<=1918.0'",
    "avg_est": 21.849626541137695,
    "avg_real": 9.99074074074074,
    "avg_err": 1.1869876426717991,
    "count_est": 608.5451480169868,
    "count_real": 400,
    "count_err": 0.521362870042467,
    "sum_est": 13296.484217592522,
    "sum_real": 3237.0,
    "sum_err": 3.1076565392624413,
    "query_dur_ms_est": 2.5866031646728516,
    "query_dur_ms_real": 2108.581066131592,
    "query_dur_ms_err": 0.9987732967889074,
    "order": [
        0,
        1,
        2,
        3,
        4,
        5,
        6,
        7,
        8,
        9
    ],
    "groupby": false
}