{
    "timestamp": "2022-07-27 14:24:25.154796",
    "dataset": "dmv.csv",
    "model": "dmv.csv-2.6MB-model16.691*",
    "query": "'SELECT Weight_100 FROM dmv.csv WHERE Model Year>=1938.0'",
    "avg_est": 21.78464126586914,
    "avg_real": 49.499463216066054,
    "avg_err": 0.5599014645718725,
    "count_est": 12635298.00982976,
    "count_real": 12636099,
    "count_err": 6.33890388355142e-05,
    "sum_est": 275255434.4314916,
    "sum_real": 479886208.0,
    "sum_err": 0.42641520043124137,
    "query_dur_ms_est": 1.4603137969970703,
    "query_dur_ms_real": 2108.581066131592,
    "query_dur_ms_err": 0.999307442421611,
    "order": [
        0,
        1,
        2,
        3,
        4,
        5,
        6,
        7,
        8,
        9
    ],
    "groupby": false
}