{
    "timestamp": "2022-07-27 14:17:42.019800",
    "dataset": "dmv.csv",
    "model": "dmv.csv-2.6MB-model16.691*",
    "query": "'SELECT Model Year FROM dmv.csv WHERE State>=AY'",
    "avg_est": 2012.0474853515625,
    "avg_real": 2012.1354228161138,
    "avg_err": 4.3703551736187646e-05,
    "count_est": 12644999.901564121,
    "count_real": 12645129,
    "count_err": 1.0209341152530249e-05,
    "sum_est": 25442340254.212845,
    "sum_real": 25443667720.0,
    "sum_err": 5.217273711335636e-05,
    "query_dur_ms_est": 1.5091896057128906,
    "query_dur_ms_real": 2108.581066131592,
    "query_dur_ms_err": 0.9992842629434772,
    "order": [
        0,
        1,
        2,
        3,
        4,
        5,
        6,
        7,
        9,
        8
    ],
    "groupby": false
}