{
    "timestamp": "2022-07-27 14:19:36.527575",
    "dataset": "dmv.csv",
    "model": "dmv.csv-2.6MB-model16.691*",
    "query": "'SELECT Model Year FROM dmv.csv WHERE County>=OUT-OF-STATE<=ROCKLAND'",
    "avg_est": 2012.262939453125,
    "avg_real": 2013.4396228326411,
    "avg_err": 0.0005844145342986238,
    "count_est": 1786795.840394497,
    "count_real": 1806520,
    "count_err": 0.010918317873869696,
    "sum_est": 3595503049.9948473,
    "sum_real": 3637316934.0,
    "sum_err": 0.011495804397547917,
    "query_dur_ms_est": 1.552581787109375,
    "query_dur_ms_real": 2108.581066131592,
    "query_dur_ms_err": 0.9992636840897193,
    "order": [
        0,
        1,
        2,
        3,
        4,
        5,
        6,
        7,
        9,
        8
    ],
    "groupby": false
}