{
    "timestamp": "2022-07-27 14:16:38.454940",
    "dataset": "dmv.csv",
    "model": "dmv.csv-2.6MB-model16.691*",
    "query": "'SELECT Model Year FROM dmv.csv WHERE State>=MY<=NM'",
    "avg_est": 2012.0474853515625,
    "avg_real": 2015.4982505734874,
    "avg_err": 0.0017121152156510495,
    "count_est": 43417.070857758634,
    "count_real": 43157,
    "count_err": 0.006026157002540348,
    "sum_est": 87357208.24068387,
    "sum_real": 86982858.0,
    "sum_err": 0.004303724311793348,
    "query_dur_ms_est": 1.5180110931396484,
    "query_dur_ms_real": 2108.581066131592,
    "query_dur_ms_err": 0.9992800793303506,
    "order": [
        0,
        1,
        2,
        3,
        4,
        5,
        6,
        7,
        9,
        8
    ],
    "groupby": false
}