{
    "timestamp": "2022-07-27 14:20:02.026476",
    "dataset": "dmv.csv",
    "model": "dmv.csv-2.6MB-model16.691*",
    "query": "'SELECT Weight_100 FROM dmv.csv WHERE Scofflaw Indicator=Y'",
    "avg_est": 49.42452621459961,
    "avg_real": 49.717349463843824,
    "avg_err": 0.00588975986053251,
    "count_est": 22302.45747257443,
    "count_real": 20406,
    "count_err": 0.09293626740049159,
    "sum_est": 1102288.3940032478,
    "sum_real": 904110.0,
    "sum_err": 0.21919721494425218,
    "query_dur_ms_est": 1.508474349975586,
    "query_dur_ms_real": 2108.581066131592,
    "query_dur_ms_err": 0.9992846021553523,
    "order": [
        0,
        1,
        2,
        3,
        4,
        5,
        6,
        7,
        8,
        9
    ],
    "groupby": false
}