{
    "timestamp": "2022-07-27 14:17:23.853870",
    "dataset": "dmv.csv",
    "model": "dmv.csv-2.6MB-model16.691*",
    "query": "'SELECT Weight_100 FROM dmv.csv WHERE Record Type=SNOW AND State>=NE AND Fuel Type=OTHER AND Scofflaw Indicator=N AND Suspension Indicator=N AND Revocation Indicator=N'",
    "avg_est": 73.64300537109375,
    "avg_real": NaN,
    "avg_err": NaN,
    "count_est": 0.02880080488561987,
    "count_real": 0,
    "count_err": "result=0!",
    "sum_est": 2.120977828883527,
    "sum_real": 0.0,
    "sum_err": "result=0!",
    "query_dur_ms_est": 6.153345108032227,
    "query_dur_ms_real": 2108.581066131592,
    "query_dur_ms_err": 0.9970817602382624,
    "order": [
        0,
        1,
        2,
        3,
        4,
        5,
        6,
        7,
        8,
        9
    ],
    "groupby": false
}