{
    "timestamp": "2022-07-27 14:15:30.425787",
    "dataset": "dmv.csv",
    "model": "dmv.csv-2.6MB-model16.691*",
    "query": "'SELECT Weight_100 FROM dmv.csv WHERE Fuel Type=FLEX'",
    "avg_est": 58.92982482910156,
    "avg_real": 79.24816857354514,
    "avg_err": 0.2563888113778608,
    "count_est": 19797.0088631846,
    "count_real": 15801,
    "count_err": 0.25289594729350046,
    "sum_est": 1166634.2644476397,
    "sum_real": 962786.0,
    "sum_err": 0.21172749130922106,
    "query_dur_ms_est": 1.5027523040771484,
    "query_dur_ms_real": 2108.581066131592,
    "query_dur_ms_err": 0.9992873158503532,
    "order": [
        0,
        1,
        2,
        3,
        4,
        5,
        6,
        7,
        8,
        9
    ],
    "groupby": false
}