{
    "timestamp": "2022-07-27 14:18:29.534214",
    "dataset": "dmv.csv",
    "model": "dmv.csv-2.6MB-model16.691*",
    "query": "'SELECT Weight_100 FROM dmv.csv WHERE State>=ID AND Model Year>=2016.0'",
    "avg_est": 21.51923370361328,
    "avg_real": 53.32032123617143,
    "avg_err": 0.5964159028919153,
    "count_est": 5783207.5108639,
    "count_real": 5758560,
    "count_err": 0.004280151785151181,
    "sum_est": 124450193.98277192,
    "sum_real": 244183557.0,
    "sum_err": 0.4903416286020769,
    "query_dur_ms_est": 2.871274948120117,
    "query_dur_ms_real": 2108.581066131592,
    "query_dur_ms_err": 0.9986382904626059,
    "order": [
        0,
        1,
        2,
        3,
        4,
        5,
        6,
        7,
        8,
        9
    ],
    "groupby": false
}