{
    "timestamp": "2022-07-27 14:22:32.546937",
    "dataset": "dmv.csv",
    "model": "dmv.csv-2.6MB-model16.691*",
    "query": "'SELECT Model Year FROM dmv.csv WHERE County>=NEW YORK<=ULSTER'",
    "avg_est": 2012.262939453125,
    "avg_real": 2012.1375090157721,
    "avg_err": 6.233691126518233e-05,
    "count_est": 6130479.982940674,
    "count_real": 6111522,
    "count_err": 0.003102006822633352,
    "sum_est": 12336137670.730743,
    "sum_real": 12297202532.0,
    "sum_err": 0.003166178537714224,
    "query_dur_ms_est": 1.5225410461425781,
    "query_dur_ms_real": 2108.581066131592,
    "query_dur_ms_err": 0.9992779309884747,
    "order": [
        0,
        1,
        2,
        3,
        4,
        5,
        6,
        7,
        9,
        8
    ],
    "groupby": false
}