{
    "timestamp": "2022-07-27 14:20:53.556487",
    "dataset": "dmv.csv",
    "model": "dmv.csv-2.6MB-model16.691*",
    "query": "'SELECT Model Year FROM dmv.csv WHERE Record Type=SNOW'",
    "avg_est": 2001.676513671875,
    "avg_real": 2009.872658579531,
    "avg_err": 0.0040779423873791715,
    "count_est": 111333.63139332086,
    "count_real": 113019,
    "count_err": 0.014912259059796509,
    "sum_est": 222853915.14181212,
    "sum_real": 227153798.0,
    "sum_err": 0.018929390113864106,
    "query_dur_ms_est": 0.5977153778076172,
    "query_dur_ms_real": 2108.581066131592,
    "query_dur_ms_err": 0.9997165319430169,
    "order": [
        0,
        1,
        2,
        3,
        4,
        5,
        6,
        7,
        9,
        8
    ],
    "groupby": false
}