{
    "timestamp": "2022-07-27 14:16:55.857068",
    "dataset": "dmv.csv",
    "model": "dmv.csv-2.6MB-model16.691*",
    "query": "'SELECT Weight_100 FROM dmv.csv WHERE County>=SENECA AND Model Year<=1958.0'",
    "avg_est": 22.417463302612305,
    "avg_real": 27.750398430795634,
    "avg_err": 0.19217508323286545,
    "count_est": 10323.464370900067,
    "count_real": 10048,
    "count_err": 0.027414845830022547,
    "sum_est": 231425.88369047787,
    "sum_real": 226360.0,
    "sum_err": 0.02237976537585206,
    "query_dur_ms_est": 2.6082992553710938,
    "query_dur_ms_real": 2108.581066131592,
    "query_dur_ms_err": 0.9987630073620284,
    "order": [
        0,
        1,
        2,
        3,
        4,
        5,
        6,
        7,
        8,
        9
    ],
    "groupby": false
}