{
    "timestamp": "2022-07-27 14:24:27.167463",
    "dataset": "dmv.csv",
    "model": "dmv.csv-2.6MB-model16.691*",
    "query": "'SELECT Weight_100 FROM dmv.csv WHERE Fuel Type=DIESEL AND Suspension Indicator=N'",
    "avg_est": 82.6279067993164,
    "avg_real": 80.0974877736046,
    "avg_err": 0.03159174021617298,
    "count_est": 491508.06969948113,
    "count_real": 478073,
    "count_err": 0.028102548563673602,
    "sum_est": 40612282.97424064,
    "sum_real": 14117823.0,
    "sum_err": 1.8766675268729915,
    "query_dur_ms_est": 2.557992935180664,
    "query_dur_ms_real": 2108.581066131592,
    "query_dur_ms_err": 0.9987868652639125,
    "order": [
        0,
        1,
        2,
        3,
        4,
        5,
        6,
        7,
        8,
        9
    ],
    "groupby": false
}