{
    "timestamp": "2022-07-27 14:16:53.469594",
    "dataset": "dmv.csv",
    "model": "dmv.csv-2.6MB-model16.691*",
    "query": "'SELECT Model Year FROM dmv.csv WHERE Record Type=VEH AND State>=OT AND County>=CATTARAUGUS<=NASSAU AND Fuel Type=GAS AND Scofflaw Indicator=Y AND Suspension Indicator=N AND Revocation Indicator=Y AND Registration Class>=NYS AND Weight_100>=13.0'",
    "avg_est": 2014.912109375,
    "avg_real": NaN,
    "avg_err": NaN,
    "count_est": 0.000270314048437352,
    "count_real": 0,
    "count_err": "result=0!",
    "sum_est": 0.5446590495306008,
    "sum_real": 0.0,
    "sum_err": "result=0!",
    "query_dur_ms_est": 9.261131286621094,
    "query_dur_ms_real": 2108.581066131592,
    "query_dur_ms_err": 0.9956078846408255,
    "order": [
        0,
        1,
        2,
        3,
        4,
        5,
        6,
        7,
        9,
        8
    ],
    "groupby": false
}