{
    "timestamp": "2022-07-27 14:17:27.938178",
    "dataset": "dmv.csv",
    "model": "dmv.csv-2.6MB-model16.691*",
    "query": "'SELECT Model Year FROM dmv.csv WHERE County<=DUTCHESS AND Fuel Type=OTHER AND Weight_100>=62.0'",
    "avg_est": 2005.496826171875,
    "avg_real": 2010.862745098039,
    "avg_err": 0.0026684660299390543,
    "count_est": 58.654500052754884,
    "count_real": 51,
    "count_err": 0.15008823632852714,
    "sum_est": 117631.413696498,
    "sum_real": 102554.0,
    "sum_err": 0.14701926493845194,
    "query_dur_ms_est": 3.586292266845703,
    "query_dur_ms_real": 2108.581066131592,
    "query_dur_ms_err": 0.9982991916581015,
    "order": [
        0,
        1,
        2,
        3,
        4,
        5,
        6,
        7,
        9,
        8
    ],
    "groupby": false
}