{
    "timestamp": "2022-07-27 14:21:00.924567",
    "dataset": "dmv.csv",
    "model": "dmv.csv-2.6MB-model16.691*",
    "query": "'SELECT Model Year FROM dmv.csv WHERE Registration Class<=HAM'",
    "avg_est": 2005.1904296875,
    "avg_real": 2008.0271513007117,
    "avg_err": 0.0014126908649488082,
    "count_est": 1276636.6828416288,
    "count_real": 1243572,
    "count_err": 0.026588474846352916,
    "sum_est": 2559899658.6220303,
    "sum_real": 2497082164.0,
    "sum_err": 0.025156358700430113,
    "query_dur_ms_est": 1.5230178833007812,
    "query_dur_ms_real": 2108.581066131592,
    "query_dur_ms_err": 0.9992777048472247,
    "order": [
        0,
        1,
        2,
        3,
        4,
        5,
        6,
        7,
        9,
        8
    ],
    "groupby": false
}