{
    "timestamp": "2022-07-27 14:22:26.695319",
    "dataset": "dmv.csv",
    "model": "dmv.csv-2.6MB-model16.691*",
    "query": "'SELECT Weight_100 FROM dmv.csv WHERE Fuel Type=NONE'",
    "avg_est": 58.92982482910156,
    "avg_real": 81.99741362862251,
    "avg_err": 0.281320931706422,
    "count_est": 838111.4214267135,
    "count_real": 804800,
    "count_err": 0.041390931196214543,
    "sum_est": 49389759.25194554,
    "sum_real": 11603536.0,
    "sum_err": 3.2564403860983013,
    "query_dur_ms_est": 1.4882087707519531,
    "query_dur_ms_real": 2108.581066131592,
    "query_dur_ms_err": 0.9992942131584809,
    "order": [
        0,
        1,
        2,
        3,
        4,
        5,
        6,
        7,
        8,
        9
    ],
    "groupby": false
}