{
    "timestamp": "2022-07-27 14:23:06.153433",
    "dataset": "dmv.csv",
    "model": "dmv.csv-2.6MB-model16.691*",
    "query": "'SELECT Weight_100 FROM dmv.csv WHERE Fuel Type=COMP N/G'",
    "avg_est": 58.92982482910156,
    "avg_real": 25.596994535519126,
    "avg_err": 1.302216564813062,
    "count_est": 3687.046414385899,
    "count_real": 3388,
    "count_err": 0.08826635607612131,
    "sum_est": 217276.99933652804,
    "sum_real": 56211.0,
    "sum_err": 2.865382208758571,
    "query_dur_ms_est": 1.434326171875,
    "query_dur_ms_real": 2108.581066131592,
    "query_dur_ms_err": 0.9993197671197407,
    "order": [
        0,
        1,
        2,
        3,
        4,
        5,
        6,
        7,
        8,
        9
    ],
    "groupby": false
}