{
    "timestamp": "2022-07-27 14:16:42.636907",
    "dataset": "dmv.csv",
    "model": "dmv.csv-2.6MB-model16.691*",
    "query": "'SELECT Weight_100 FROM dmv.csv WHERE Record Type=TRL AND State<=VI AND County>=FULTON<=WARREN AND Fuel Type=ELECTRIC AND Scofflaw Indicator=N AND Suspension Indicator=N AND Revocation Indicator=N AND Registration Class<=SPO AND Model Year>=2001.0'",
    "avg_est": 27.57213592529297,
    "avg_real": NaN,
    "avg_err": NaN,
    "count_est": 1.8201044056292517,
    "count_real": 0,
    "count_err": "result=0!",
    "sum_est": 50.1841660702343,
    "sum_real": 0.0,
    "sum_err": "result=0!",
    "query_dur_ms_est": 9.284257888793945,
    "query_dur_ms_real": 2108.581066131592,
    "query_dur_ms_err": 0.9955969167901964,
    "order": [
        0,
        1,
        2,
        3,
        4,
        5,
        6,
        7,
        8,
        9
    ],
    "groupby": false
}