{
    "timestamp": "2022-07-27 14:24:07.930540",
    "dataset": "dmv.csv",
    "model": "dmv.csv-2.6MB-model16.691*",
    "query": "'SELECT Weight_100 FROM dmv.csv WHERE Record Type=BOAT AND Fuel Type=NONE AND Scofflaw Indicator=Y AND Model Year<=1984.0'",
    "avg_est": 72.22512817382812,
    "avg_real": NaN,
    "avg_err": NaN,
    "count_est": 0.0029031561701482467,
    "count_real": 0,
    "count_err": "result=0!",
    "sum_est": 0.2096808264975971,
    "sum_real": 0.0,
    "sum_err": "result=0!",
    "query_dur_ms_est": 3.8347244262695312,
    "query_dur_ms_real": 2108.581066131592,
    "query_dur_ms_err": 0.9981813720668067,
    "order": [
        0,
        1,
        2,
        3,
        4,
        5,
        6,
        7,
        8,
        9
    ],
    "groupby": false
}