{
    "timestamp": "2022-07-27 14:18:10.766065",
    "dataset": "dmv.csv",
    "model": "dmv.csv-2.6MB-model16.691*",
    "query": "'SELECT Weight_100 FROM dmv.csv WHERE State<=CO AND Fuel Type=FLEX'",
    "avg_est": 61.04323959350586,
    "avg_real": NaN,
    "avg_err": NaN,
    "count_est": 9.754577190380587,
    "count_real": 4,
    "count_err": 1.4386442975951468,
    "sum_est": 595.4509925657494,
    "sum_real": 0.0,
    "sum_err": "result=0!",
    "query_dur_ms_est": 2.5758743286132812,
    "query_dur_ms_real": 2108.581066131592,
    "query_dur_ms_err": 0.9987783849670343,
    "order": [
        0,
        1,
        2,
        3,
        4,
        5,
        6,
        7,
        8,
        9
    ],
    "groupby": false
}