{
    "timestamp": "2022-07-27 14:18:22.016278",
    "dataset": "dmv.csv",
    "model": "dmv.csv-2.6MB-model16.691*",
    "query": "'SELECT Model Year FROM dmv.csv WHERE State=YH'",
    "avg_est": 2012.0474853515625,
    "avg_real": 2009.0,
    "avg_err": 0.0015169165513003982,
    "count_est": 0.606453387017936,
    "count_real": 1,
    "count_err": 0.39354661298206395,
    "sum_est": 1220.2130123323761,
    "sum_real": 2009.0,
    "sum_err": 0.39262667380170424,
    "query_dur_ms_est": 1.5194416046142578,
    "query_dur_ms_real": 2108.581066131592,
    "query_dur_ms_err": 0.9992794009066003,
    "order": [
        0,
        1,
        2,
        3,
        4,
        5,
        6,
        7,
        9,
        8
    ],
    "groupby": false
}