{
    "timestamp": "2022-07-27 14:24:15.252442",
    "dataset": "dmv.csv",
    "model": "dmv.csv-2.6MB-model16.691*",
    "query": "'SELECT Model Year FROM dmv.csv WHERE State>=CN'",
    "avg_est": 2012.0474853515625,
    "avg_real": 2012.1382778059337,
    "avg_err": 4.512237323482619e-05,
    "count_est": 12639661.637461662,
    "count_real": 12639968,
    "count_err": 2.4237603951031166e-05,
    "sum_est": 25431599413.34935,
    "sum_real": 25433319176.0,
    "sum_err": 6.761849048286502e-05,
    "query_dur_ms_est": 1.4679431915283203,
    "query_dur_ms_real": 2108.581066131592,
    "query_dur_ms_err": 0.9993038241616096,
    "order": [
        0,
        1,
        2,
        3,
        4,
        5,
        6,
        7,
        9,
        8
    ],
    "groupby": false
}