{
    "timestamp": "2022-07-27 14:15:38.821471",
    "dataset": "dmv.csv",
    "model": "dmv.csv-2.6MB-model16.691*",
    "query": "'SELECT Weight_100 FROM dmv.csv WHERE Record Type=TRL AND Suspension Indicator=N'",
    "avg_est": 87.19428253173828,
    "avg_real": 85.52594805194805,
    "avg_err": 0.019506763944632265,
    "count_est": 781577.1825690418,
    "count_real": 774948,
    "count_err": 0.00855435792987639,
    "sum_est": 68149061.67728503,
    "sum_real": 9878247.0,
    "sum_err": 5.898902373800233,
    "query_dur_ms_est": 1.6450881958007812,
    "query_dur_ms_real": 2108.581066131592,
    "query_dur_ms_err": 0.9992198126872025,
    "order": [
        0,
        1,
        2,
        3,
        4,
        5,
        6,
        7,
        8,
        9
    ],
    "groupby": false
}