{
    "timestamp": "2022-07-27 14:23:53.962096",
    "dataset": "dmv.csv",
    "model": "dmv.csv-2.6MB-model16.691*",
    "query": "'SELECT Model Year FROM dmv.csv WHERE State=VA'",
    "avg_est": 2012.0474853515625,
    "avg_real": 2008.1756007393715,
    "avg_err": 0.0019280607785322516,
    "count_est": 1756.4179140311317,
    "count_real": 1624,
    "count_err": 0.08153812440340619,
    "sum_est": 3533996.2471527755,
    "sum_real": 3259269.0,
    "sum_err": 0.08429106255199419,
    "query_dur_ms_est": 1.5616416931152344,
    "query_dur_ms_real": 2108.581066131592,
    "query_dur_ms_err": 0.9992593874059676,
    "order": [
        0,
        1,
        2,
        3,
        4,
        5,
        6,
        7,
        9,
        8
    ],
    "groupby": false
}