{
    "timestamp": "2022-07-27 14:18:58.026885",
    "dataset": "dmv.csv",
    "model": "dmv.csv-2.6MB-model16.691*",
    "query": "'SELECT Weight_100 FROM dmv.csv WHERE Revocation Indicator=N'",
    "avg_est": 49.44870376586914,
    "avg_real": 49.466124927671096,
    "avg_err": 0.0003521836777679388,
    "count_est": 12640509.639031172,
    "count_real": 12640636,
    "count_err": 9.99640910696276e-06,
    "sum_est": 625056816.5900658,
    "sum_real": 480016061.0,
    "sum_err": 0.30215813047569223,
    "query_dur_ms_est": 1.5163421630859375,
    "query_dur_ms_real": 2108.581066131592,
    "query_dur_ms_err": 0.9992808708247258,
    "order": [
        0,
        1,
        2,
        3,
        4,
        5,
        6,
        7,
        8,
        9
    ],
    "groupby": false
}