{
    "timestamp": "2022-07-27 14:16:09.534134",
    "dataset": "dmv.csv",
    "model": "dmv.csv-2.6MB-model16.691*",
    "query": "'SELECT Weight_100 FROM dmv.csv WHERE Registration Class>=OMR<=SUP'",
    "avg_est": 51.159236907958984,
    "avg_real": 51.23072594024616,
    "avg_err": 0.0013954327403159924,
    "count_est": 10141544.743641615,
    "count_real": 10237451,
    "count_err": 0.009368177328358894,
    "sum_est": 518833690.1526275,
    "sum_real": 465446873.0,
    "sum_err": 0.1147001306691076,
    "query_dur_ms_est": 1.5149116516113281,
    "query_dur_ms_real": 2108.581066131592,
    "query_dur_ms_err": 0.9992815492484761,
    "order": [
        0,
        1,
        2,
        3,
        4,
        5,
        6,
        7,
        8,
        9
    ],
    "groupby": false
}