{
    "timestamp": "2022-07-27 14:24:22.237165",
    "dataset": "dmv.csv",
    "model": "dmv.csv-2.6MB-model16.691*",
    "query": "'SELECT Weight_100 FROM dmv.csv WHERE Suspension Indicator=N'",
    "avg_est": 49.44525146484375,
    "avg_real": 49.46856710920306,
    "avg_err": 0.00047132241182239204,
    "count_est": 12480365.484853268,
    "count_real": 12505841,
    "count_err": 0.0020370893206408374,
    "sum_est": 617094809.7717264,
    "sum_real": 473815872.0,
    "sum_err": 0.302393706582557,
    "query_dur_ms_est": 1.489877700805664,
    "query_dur_ms_real": 2108.581066131592,
    "query_dur_ms_err": 0.9992934216641056,
    "order": [
        0,
        1,
        2,
        3,
        4,
        5,
        6,
        7,
        8,
        9
    ],
    "groupby": false
}