{
    "timestamp": "2022-07-27 14:22:42.783883",
    "dataset": "dmv.csv",
    "model": "dmv.csv-2.6MB-model16.691*",
    "query": "'SELECT Weight_100 FROM dmv.csv WHERE Model Year=1937.0'",
    "avg_est": 21.78464126586914,
    "avg_real": 26.47041847041847,
    "avg_err": 0.17701938523510058,
    "count_est": 936.7760897191183,
    "count_real": 814,
    "count_err": 0.1508305770505139,
    "sum_est": 20407.331060974637,
    "sum_real": 18344.0,
    "sum_err": 0.11247988775483192,
    "query_dur_ms_est": 1.4972686767578125,
    "query_dur_ms_real": 2108.581066131592,
    "query_dur_ms_err": 0.9992899164747293,
    "order": [
        0,
        1,
        2,
        3,
        4,
        5,
        6,
        7,
        8,
        9
    ],
    "groupby": false
}