{
    "timestamp": "2022-07-27 14:21:56.930758",
    "dataset": "dmv.csv",
    "model": "dmv.csv-2.6MB-model16.691*",
    "query": "'SELECT Model Year FROM dmv.csv WHERE Revocation Indicator=Y'",
    "avg_est": 2012.116943359375,
    "avg_real": 2015.9639084507041,
    "avg_err": 0.0019082509737416797,
    "count_est": 5807.019421435776,
    "count_real": 5680,
    "count_err": 0.022362574196439465,
    "sum_est": 11684402.16828788,
    "sum_real": 11450675.0,
    "sum_err": 0.02041164981871206,
    "query_dur_ms_est": 1.5175342559814453,
    "query_dur_ms_real": 2108.581066131592,
    "query_dur_ms_err": 0.9992803054716006,
    "order": [
        0,
        1,
        2,
        3,
        4,
        5,
        6,
        7,
        9,
        8
    ],
    "groupby": false
}