{
    "timestamp": "2022-07-27 14:18:16.093802",
    "dataset": "dmv.csv",
    "model": "dmv.csv-2.6MB-model16.691*",
    "query": "'SELECT Weight_100 FROM dmv.csv WHERE Revocation Indicator=Y AND Model Year>=2003.0'",
    "avg_est": 38.387088775634766,
    "avg_real": 54.92307692307692,
    "avg_err": 0.3010754144492269,
    "count_est": 5769.239184844191,
    "count_real": 5614,
    "count_err": 0.02765215262632547,
    "sum_est": 221464.29675648472,
    "sum_real": 1428.0,
    "sum_err": 154.08704254655794,
    "query_dur_ms_est": 2.5298595428466797,
    "query_dur_ms_real": 2108.581066131592,
    "query_dur_ms_err": 0.9988002075976676,
    "order": [
        0,
        1,
        2,
        3,
        4,
        5,
        6,
        7,
        8,
        9
    ],
    "groupby": false
}