{
    "timestamp": "2022-07-27 14:21:53.185571",
    "dataset": "dmv.csv",
    "model": "dmv.csv-2.6MB-model16.691*",
    "query": "'SELECT Model Year FROM dmv.csv WHERE Revocation Indicator=N'",
    "avg_est": 2012.116943359375,
    "avg_real": 2012.1336450903414,
    "avg_err": 8.300507775471718e-06,
    "count_est": 12640509.639031172,
    "count_real": 12640636,
    "count_err": 9.99640910696276e-06,
    "sum_est": 25434183617.392117,
    "sum_real": 25434604724.0,
    "sum_err": 1.6556443964945863e-05,
    "query_dur_ms_est": 1.4925003051757812,
    "query_dur_ms_real": 2108.581066131592,
    "query_dur_ms_err": 0.9992921778872301,
    "order": [
        0,
        1,
        2,
        3,
        4,
        5,
        6,
        7,
        9,
        8
    ],
    "groupby": false
}