{
    "timestamp": "2022-07-27 14:18:40.850340",
    "dataset": "dmv.csv",
    "model": "dmv.csv-2.6MB-model16.691*",
    "query": "'SELECT Model Year FROM dmv.csv WHERE State>=KS'",
    "avg_est": 2012.0474853515625,
    "avg_real": 2012.1281462715497,
    "avg_err": 4.008736726665797e-05,
    "count_est": 12587907.913229704,
    "count_real": 12592546,
    "count_err": 0.00036832001807228634,
    "sum_est": 25327468462.65086,
    "sum_real": 25337771973.0,
    "sum_err": 0.0004066462655090438,
    "query_dur_ms_est": 1.447916030883789,
    "query_dur_ms_real": 2108.581066131592,
    "query_dur_ms_err": 0.9993133220941132,
    "order": [
        0,
        1,
        2,
        3,
        4,
        5,
        6,
        7,
        9,
        8
    ],
    "groupby": false
}