{
    "timestamp": "2022-07-27 14:15:48.575496",
    "dataset": "dmv.csv",
    "model": "dmv.csv-2.6MB-model16.691*",
    "query": "'SELECT Weight_100 FROM dmv.csv WHERE Registration Class<=STA'",
    "avg_est": 51.159236907958984,
    "avg_real": 49.46176983183886,
    "avg_err": 0.03431876946359198,
    "count_est": 12353196.15437293,
    "count_real": 12361724,
    "count_err": 0.0006898589247801903,
    "sum_est": 631980088.6320527,
    "sum_real": 479881207.0,
    "sum_err": 0.31695111084450667,
    "query_dur_ms_est": 1.522064208984375,
    "query_dur_ms_real": 2108.581066131592,
    "query_dur_ms_err": 0.9992781571297248,
    "order": [
        0,
        1,
        2,
        3,
        4,
        5,
        6,
        7,
        8,
        9
    ],
    "groupby": false
}