{
    "timestamp": "2022-07-27 14:17:48.972729",
    "dataset": "dmv.csv",
    "model": "dmv.csv-2.6MB-model16.691*",
    "query": "'SELECT Model Year FROM dmv.csv WHERE Registration Class>=CMH<=PSD'",
    "avg_est": 2005.1904296875,
    "avg_real": 2012.6476431042645,
    "avg_err": 0.0037051758375662037,
    "count_est": 11386283.65900135,
    "count_real": 11390576,
    "count_err": 0.0003768326552274088,
    "sum_est": 22831667022.73668,
    "sum_real": 22925215940.0,
    "sum_err": 0.0040806122615445655,
    "query_dur_ms_est": 1.5206336975097656,
    "query_dur_ms_real": 2108.581066131592,
    "query_dur_ms_err": 0.9992788355534751,
    "order": [
        0,
        1,
        2,
        3,
        4,
        5,
        6,
        7,
        9,
        8
    ],
    "groupby": false
}