{
    "timestamp": "2022-07-27 14:16:33.589388",
    "dataset": "dmv.csv",
    "model": "dmv.csv-2.6MB-model16.691*",
    "query": "'SELECT Model Year FROM dmv.csv WHERE Record Type=VEH AND State>=FL<=VA AND County>=WESTCHESTER AND Scofflaw Indicator=N AND Suspension Indicator=N AND Revocation Indicator=Y AND Registration Class>=SUP'",
    "avg_est": 2014.833251953125,
    "avg_real": NaN,
    "avg_err": NaN,
    "count_est": 0.25422102995880635,
    "count_real": 0,
    "count_err": "result=0!",
    "sum_est": 512.2129845067747,
    "sum_real": 0.0,
    "sum_err": "result=0!",
    "query_dur_ms_est": 7.0858001708984375,
    "query_dur_ms_real": 2108.581066131592,
    "query_dur_ms_err": 0.9966395410237189,
    "order": [
        0,
        1,
        2,
        3,
        4,
        5,
        6,
        7,
        9,
        8
    ],
    "groupby": false
}