{
    "timestamp": "2022-07-27 14:17:29.819033",
    "dataset": "dmv.csv",
    "model": "dmv.csv-2.6MB-model16.691*",
    "query": "'SELECT Model Year FROM dmv.csv WHERE Record Type=BOAT AND County>=SCHUYLER AND Scofflaw Indicator=N AND Suspension Indicator=N AND Revocation Indicator=N AND Registration Class>=MED AND Weight_100=79.0'",
    "avg_est": 2005.14892578125,
    "avg_real": NaN,
    "avg_err": NaN,
    "count_est": 0.01307638898433705,
    "count_real": 0,
    "count_err": "result=0!",
    "sum_est": 26.22010732504121,
    "sum_real": 0.0,
    "sum_err": "result=0!",
    "query_dur_ms_est": 7.039070129394531,
    "query_dur_ms_real": 2108.581066131592,
    "query_dur_ms_err": 0.9966617028662272,
    "order": [
        0,
        1,
        2,
        3,
        4,
        5,
        6,
        7,
        9,
        8
    ],
    "groupby": false
}