{
    "timestamp": "2022-07-27 14:24:06.001409",
    "dataset": "dmv.csv",
    "model": "dmv.csv-2.6MB-model16.691*",
    "query": "'SELECT Model Year FROM dmv.csv WHERE Record Type=VEH AND State>=WI AND Fuel Type=GAS AND Scofflaw Indicator=N AND Suspension Indicator=N AND Revocation Indicator=N AND Registration Class<=JSC AND Weight_100>=71.0<=97.0'",
    "avg_est": 2013.710693359375,
    "avg_real": 2006.0,
    "avg_err": 0.003843815233985543,
    "count_est": 6.140429564238502,
    "count_real": 6,
    "count_err": 0.023404927373083712,
    "sum_est": 12365.04867532712,
    "sum_real": 12036.0,
    "sum_err": 0.02733870682345628,
    "query_dur_ms_est": 8.09335708618164,
    "query_dur_ms_real": 2108.581066131592,
    "query_dur_ms_err": 0.9961617045622867,
    "order": [
        0,
        1,
        2,
        3,
        4,
        5,
        6,
        7,
        9,
        8
    ],
    "groupby": false
}