{
    "timestamp": "2022-07-27 14:19:53.092523",
    "dataset": "dmv.csv",
    "model": "dmv.csv-2.6MB-model16.691*",
    "query": "'SELECT Weight_100 FROM dmv.csv WHERE Record Type=TRL AND Revocation Indicator=Y'",
    "avg_est": 87.22474670410156,
    "avg_real": NaN,
    "avg_err": NaN,
    "count_est": 4.250767022734408,
    "count_real": 0,
    "count_err": "result=0!",
    "sum_est": 370.7720768561567,
    "sum_real": 0.0,
    "sum_err": "result=0!",
    "query_dur_ms_est": 1.6815662384033203,
    "query_dur_ms_real": 2108.581066131592,
    "query_dur_ms_err": 0.9992025128815709,
    "order": [
        0,
        1,
        2,
        3,
        4,
        5,
        6,
        7,
        8,
        9
    ],
    "groupby": false
}