{
    "timestamp": "2022-07-27 14:15:36.592025",
    "dataset": "dmv.csv",
    "model": "dmv.csv-2.6MB-model16.691*",
    "query": "'SELECT Weight_100 FROM dmv.csv WHERE Record Type=BOAT AND State<=SC AND County>=CHAUTAUQUA<=MONTGOMERY AND Fuel Type=nan AND Revocation Indicator=N AND Registration Class>=PSD<=SCL AND Model Year=1961.0'",
    "avg_est": 62.71830749511719,
    "avg_real": NaN,
    "avg_err": NaN,
    "count_est": 0.0,
    "count_real": 0,
    "count_err": "result=0!",
    "sum_est": 0.0,
    "sum_real": 0.0,
    "sum_err": "result=0!",
    "query_dur_ms_est": 7.234334945678711,
    "query_dur_ms_real": 2108.581066131592,
    "query_dur_ms_err": 0.9965690980243169,
    "order": [
        0,
        1,
        2,
        3,
        4,
        5,
        6,
        7,
        8,
        9
    ],
    "groupby": false
}