{
    "timestamp": "2022-07-27 14:18:08.850276",
    "dataset": "dmv.csv",
    "model": "dmv.csv-2.6MB-model16.691*",
    "query": "'SELECT Model Year FROM dmv.csv WHERE State<=NY'",
    "avg_est": 2012.0474853515625,
    "avg_real": 2012.108511170581,
    "avg_err": 3.0329288246533508e-05,
    "count_est": 12560183.161471367,
    "count_real": 12567317,
    "count_err": 0.0005676500822437373,
    "sum_est": 25271684945.593502,
    "sum_real": 25286763244.0,
    "sum_err": 0.0005962921494144059,
    "query_dur_ms_est": 1.5168190002441406,
    "query_dur_ms_real": 2108.581066131592,
    "query_dur_ms_err": 0.9992806446834758,
    "order": [
        0,
        1,
        2,
        3,
        4,
        5,
        6,
        7,
        9,
        8
    ],
    "groupby": false
}