{
    "timestamp": "2022-07-27 14:17:38.638344",
    "dataset": "dmv.csv",
    "model": "dmv.csv-2.6MB-model16.691*",
    "query": "'SELECT Weight_100 FROM dmv.csv WHERE Record Type=VEH AND Fuel Type=ELECTRIC AND Suspension Indicator=Y AND Registration Class=PHS AND Model Year>=1943.0<=2019.0'",
    "avg_est": 4.094055652618408,
    "avg_real": NaN,
    "avg_err": NaN,
    "count_est": 5.036994985972774e-06,
    "count_real": 0,
    "count_err": "result=0!",
    "sum_est": 2.0621737794532416e-05,
    "sum_real": 0.0,
    "sum_err": "result=0!",
    "query_dur_ms_est": 4.935264587402344,
    "query_dur_ms_real": 2108.581066131592,
    "query_dur_ms_err": 0.9976594380616076,
    "order": [
        0,
        1,
        2,
        3,
        4,
        5,
        6,
        7,
        8,
        9
    ],
    "groupby": false
}