{
    "timestamp": "2022-07-27 14:18:35.392954",
    "dataset": "dmv.csv",
    "model": "dmv.csv-2.6MB-model16.691*",
    "query": "'SELECT Weight_100 FROM dmv.csv WHERE Record Type=SNOW AND State>=MA<=NH AND County>=DELAWARE AND Fuel Type=NONE AND Scofflaw Indicator=N AND Revocation Indicator=Y AND Registration Class<=LOC AND Model Year=1981.0'",
    "avg_est": 86.57369995117188,
    "avg_real": NaN,
    "avg_err": NaN,
    "count_est": 6.107873977079542e-13,
    "count_real": 0,
    "count_err": "result=0!",
    "sum_est": 5.287812490312551e-11,
    "sum_real": 0.0,
    "sum_err": "result=0!",
    "query_dur_ms_est": 8.212804794311523,
    "query_dur_ms_real": 2108.581066131592,
    "query_dur_ms_err": 0.99610505617914,
    "order": [
        0,
        1,
        2,
        3,
        4,
        5,
        6,
        7,
        8,
        9
    ],
    "groupby": false
}