{
    "timestamp": "2022-07-27 14:22:50.920790",
    "dataset": "dmv.csv",
    "model": "dmv.csv-2.6MB-model16.691*",
    "query": "'SELECT Weight_100 FROM dmv.csv WHERE County<=GENESEE AND Scofflaw Indicator=N AND Suspension Indicator=Y AND Registration Class<=PHS AND Model Year<=2015.0'",
    "avg_est": 26.31326675415039,
    "avg_real": 48.76445658841242,
    "avg_err": 0.4604006976588961,
    "count_est": 23895.822977183852,
    "count_real": 20285,
    "count_err": 0.17800458354369497,
    "sum_est": 628777.1643085949,
    "sum_real": 874493.0,
    "sum_err": 0.28098090629816946,
    "query_dur_ms_est": 5.891084671020508,
    "query_dur_ms_real": 2108.581066131592,
    "query_dur_ms_err": 0.9972061379258098,
    "order": [
        0,
        1,
        2,
        3,
        4,
        5,
        6,
        7,
        8,
        9
    ],
    "groupby": false
}