{
    "timestamp": "2022-07-27 14:20:09.885376",
    "dataset": "dmv.csv",
    "model": "dmv.csv-2.6MB-model16.691*",
    "query": "'SELECT Model Year FROM dmv.csv WHERE Scofflaw Indicator=Y'",
    "avg_est": 2012.09130859375,
    "avg_real": 2013.6647554640792,
    "avg_err": 0.0007813847196062239,
    "count_est": 22302.45747257443,
    "count_real": 20406,
    "count_err": 0.09293626740049159,
    "sum_est": 44874580.840848744,
    "sum_real": 41090843.0,
    "sum_err": 0.09208226370164135,
    "query_dur_ms_est": 1.466989517211914,
    "query_dur_ms_real": 2108.581066131592,
    "query_dur_ms_err": 0.9993042764441098,
    "order": [
        0,
        1,
        2,
        3,
        4,
        5,
        6,
        7,
        9,
        8
    ],
    "groupby": false
}