{
    "timestamp": "2022-07-27 14:23:26.934196",
    "dataset": "dmv.csv",
    "model": "dmv.csv-2.6MB-model16.691*",
    "query": "'SELECT Model Year FROM dmv.csv WHERE County<=OUT-OF-STATE'",
    "avg_est": 2012.262939453125,
    "avg_real": 2012.131441456586,
    "avg_err": 6.535258772355282e-05,
    "count_est": 7448609.099911213,
    "count_real": 7447786,
    "count_err": 0.00011051605285287751,
    "sum_est": 14988560042.224632,
    "sum_real": 14985896210.0,
    "sum_err": 0.00017775595048194072,
    "query_dur_ms_est": 1.4815330505371094,
    "query_dur_ms_real": 2108.581066131592,
    "query_dur_ms_err": 0.9992973791359822,
    "order": [
        0,
        1,
        2,
        3,
        4,
        5,
        6,
        7,
        9,
        8
    ],
    "groupby": false
}