{
    "timestamp": "2022-07-27 14:21:38.632182",
    "dataset": "dmv.csv",
    "model": "dmv.csv-2.6MB-model16.691*",
    "query": "'SELECT Model Year FROM dmv.csv WHERE State>=AN<=SC'",
    "avg_est": 2012.0474853515625,
    "avg_real": 2012.134374894576,
    "avg_err": 4.318277352528461e-05,
    "count_est": 12624452.635090113,
    "count_real": 12627603,
    "count_err": 0.0002494824164085071,
    "sum_est": 25400998178.372967,
    "sum_real": 25408391814.0,
    "sum_err": 0.00029099187706005646,
    "query_dur_ms_est": 1.5001296997070312,
    "query_dur_ms_real": 2108.581066131592,
    "query_dur_ms_err": 0.9992885596272287,
    "order": [
        0,
        1,
        2,
        3,
        4,
        5,
        6,
        7,
        9,
        8
    ],
    "groupby": false
}