{
    "timestamp": "2022-07-27 14:23:11.173544",
    "dataset": "dmv.csv",
    "model": "dmv.csv-2.6MB-model16.691*",
    "query": "'SELECT Model Year FROM dmv.csv WHERE Record Type=SNOW AND County=OTSEGO'",
    "avg_est": 2010.39013671875,
    "avg_real": 2008.759437453738,
    "avg_err": 0.000811794202236116,
    "count_est": 1181.7181593854912,
    "count_real": 1351,
    "count_err": 0.12530114035122786,
    "sum_est": 2375714.532010027,
    "sum_real": 2713834.0,
    "sum_err": 0.12459106488826244,
    "query_dur_ms_est": 1.6629695892333984,
    "query_dur_ms_real": 2108.581066131592,
    "query_dur_ms_err": 0.9992113323903243,
    "order": [
        0,
        1,
        2,
        3,
        4,
        5,
        6,
        7,
        9,
        8
    ],
    "groupby": false
}