{
    "timestamp": "2022-07-27 14:24:18.936594",
    "dataset": "dmv.csv",
    "model": "dmv.csv-2.6MB-model16.691*",
    "query": "'SELECT Model Year FROM dmv.csv WHERE State<=SS AND Fuel Type=DIESEL'",
    "avg_est": 2009.0125732421875,
    "avg_real": 2009.763844537156,
    "avg_err": 0.0003738107325448292,
    "count_est": 509380.40944486856,
    "count_real": 478185,
    "count_err": 0.06523711418147488,
    "sum_est": 1023351647.1379944,
    "sum_real": 961038924.0,
    "sum_err": 0.06483891711548867,
    "query_dur_ms_est": 2.5534629821777344,
    "query_dur_ms_real": 2108.581066131592,
    "query_dur_ms_err": 0.9987890136057883,
    "order": [
        0,
        1,
        2,
        3,
        4,
        5,
        6,
        7,
        9,
        8
    ],
    "groupby": false
}