{
    "timestamp": "2022-07-27 14:19:01.952520",
    "dataset": "dmv.csv",
    "model": "dmv.csv-2.6MB-model16.691*",
    "query": "'SELECT Model Year FROM dmv.csv WHERE Registration Class<=JSC AND Weight_100>=69.0'",
    "avg_est": 2007.388916015625,
    "avg_real": 2009.592129409366,
    "avg_err": 0.0010963485383417048,
    "count_est": 140903.50501111522,
    "count_real": 117704,
    "count_err": 0.19710039600281404,
    "sum_est": 282848134.18706477,
    "sum_real": 236537032.0,
    "sum_err": 0.1957879567334081,
    "query_dur_ms_est": 2.5482177734375,
    "query_dur_ms_real": 2108.581066131592,
    "query_dur_ms_err": 0.9987915011595393,
    "order": [
        0,
        1,
        2,
        3,
        4,
        5,
        6,
        7,
        9,
        8
    ],
    "groupby": false
}