{
    "timestamp": "2022-07-27 14:18:33.407004",
    "dataset": "dmv.csv",
    "model": "dmv.csv-2.6MB-model16.691*",
    "query": "'SELECT Model Year FROM dmv.csv WHERE Record Type=BOAT AND State>=DE<=OK'",
    "avg_est": 1999.97021484375,
    "avg_real": 2000.1478314666904,
    "avg_err": 8.880174762389058e-05,
    "count_est": 359030.10806041956,
    "count_real": 360472,
    "count_err": 0.0040000109289499335,
    "sum_est": 718049522.352972,
    "sum_real": 720955286.0,
    "sum_err": 0.00403043531749342,
    "query_dur_ms_est": 1.733541488647461,
    "query_dur_ms_real": 2108.581066131592,
    "query_dur_ms_err": 0.9991778634853116,
    "order": [
        0,
        1,
        2,
        3,
        4,
        5,
        6,
        7,
        9,
        8
    ],
    "groupby": false
}