{
    "timestamp": "2022-07-27 14:22:16.900786",
    "dataset": "dmv.csv",
    "model": "dmv.csv-2.6MB-model16.691*",
    "query": "'SELECT Weight_100 FROM dmv.csv WHERE County>=LIVINGSTON<=ST LAWRENCE AND Revocation Indicator=N'",
    "avg_est": 49.2488899230957,
    "avg_real": 49.76200317365081,
    "avg_err": 0.010311346365308774,
    "count_est": 6098304.918945551,
    "count_real": 6102936,
    "count_err": 0.0007588283826750078,
    "sum_est": 300334747.6706225,
    "sum_real": 236042728.0,
    "sum_err": 0.2723744985298701,
    "query_dur_ms_est": 2.61688232421875,
    "query_dur_ms_real": 2108.581066131592,
    "query_dur_ms_err": 0.9987589368195269,
    "order": [
        0,
        1,
        2,
        3,
        4,
        5,
        6,
        7,
        8,
        9
    ],
    "groupby": false
}