{
    "timestamp": "2022-07-27 14:23:46.666295",
    "dataset": "dmv.csv",
    "model": "dmv.csv-2.6MB-model16.691*",
    "query": "'SELECT Model Year FROM dmv.csv WHERE State<=RI AND Scofflaw Indicator=N'",
    "avg_est": 2012.16796875,
    "avg_real": 2012.1320756527884,
    "avg_err": 1.783834055719787e-05,
    "count_est": 12602098.55993867,
    "count_real": 12607091,
    "count_err": 0.0003960025402633165,
    "sum_est": 25357539061.339092,
    "sum_real": 25367089927.0,
    "sum_err": 0.00037650616166035186,
    "query_dur_ms_est": 2.558469772338867,
    "query_dur_ms_real": 2108.581066131592,
    "query_dur_ms_err": 0.9987866391226624,
    "order": [
        0,
        1,
        2,
        3,
        4,
        5,
        6,
        7,
        9,
        8
    ],
    "groupby": false
}