{
    "timestamp": "2022-07-27 14:19:49.043008",
    "dataset": "dmv.csv",
    "model": "dmv.csv-2.6MB-model16.691*",
    "query": "'SELECT Model Year FROM dmv.csv WHERE Fuel Type=PROPANE AND Registration Class>=NYS'",
    "avg_est": 2013.1527099609375,
    "avg_real": 2015.6967821782177,
    "avg_err": 0.0012621304155335557,
    "count_est": 841.7719416600594,
    "count_real": 808,
    "count_err": 0.04179695750007349,
    "sum_est": 1694615.4655220287,
    "sum_real": 1628683.0,
    "sum_err": 0.040482073873202296,
    "query_dur_ms_est": 2.5975704193115234,
    "query_dur_ms_real": 2108.581066131592,
    "query_dur_ms_err": 0.9987680955401553,
    "order": [
        0,
        1,
        2,
        3,
        4,
        5,
        6,
        7,
        9,
        8
    ],
    "groupby": false
}