{
    "timestamp": "2022-07-27 14:16:11.650406",
    "dataset": "dmv.csv",
    "model": "dmv.csv-2.6MB-model16.691*",
    "query": "'SELECT Weight_100 FROM dmv.csv WHERE Record Type=TRL AND Fuel Type=COMP N/G'",
    "avg_est": 92.6582260131836,
    "avg_real": NaN,
    "avg_err": NaN,
    "count_est": 0.18518398884080867,
    "count_real": 0,
    "count_err": "result=0!",
    "sum_est": 17.15881989203452,
    "sum_real": 0.0,
    "sum_err": "result=0!",
    "query_dur_ms_est": 1.7058849334716797,
    "query_dur_ms_real": 2108.581066131592,
    "query_dur_ms_err": 0.9991909796778166,
    "order": [
        0,
        1,
        2,
        3,
        4,
        5,
        6,
        7,
        8,
        9
    ],
    "groupby": false
}