{
    "timestamp": "2022-07-27 14:18:50.730500",
    "dataset": "dmv.csv",
    "model": "dmv.csv-2.6MB-model16.691*",
    "query": "'SELECT Model Year FROM dmv.csv WHERE Scofflaw Indicator=N AND Revocation Indicator=Y'",
    "avg_est": 2012.09228515625,
    "avg_real": 2015.9649029982363,
    "avg_err": 0.0019209748325612094,
    "count_est": 5734.459342694725,
    "count_real": 5670,
    "count_err": 0.011368490775083758,
    "sum_est": 11538261.402978236,
    "sum_real": 11430521.0,
    "sum_err": 0.009425677357859354,
    "query_dur_ms_est": 2.5599002838134766,
    "query_dur_ms_real": 2108.581066131592,
    "query_dur_ms_err": 0.9987859606989121,
    "order": [
        0,
        1,
        2,
        3,
        4,
        5,
        6,
        7,
        9,
        8
    ],
    "groupby": false
}