{
    "timestamp": "2022-07-27 14:24:40.459516",
    "dataset": "dmv.csv",
    "model": "dmv.csv-2.6MB-model16.691*",
    "query": "'SELECT Model Year FROM dmv.csv WHERE State<=IN'",
    "avg_est": 2012.0474853515625,
    "avg_real": 2013.8267961092822,
    "avg_err": 0.0008835470662905795,
    "count_est": 58409.08199436031,
    "count_real": 53769,
    "count_err": 0.08629660202645228,
    "sum_est": 117521846.5484459,
    "sum_real": 108281453.0,
    "sum_err": 0.08533680785061035,
    "query_dur_ms_est": 1.4543533325195312,
    "query_dur_ms_real": 2108.581066131592,
    "query_dur_ms_err": 0.9993102691872371,
    "order": [
        0,
        1,
        2,
        3,
        4,
        5,
        6,
        7,
        9,
        8
    ],
    "groupby": false
}