{
    "timestamp": "2022-07-27 14:21:03.016248",
    "dataset": "dmv.csv",
    "model": "dmv.csv-2.6MB-model16.691*",
    "query": "'SELECT Weight_100 FROM dmv.csv WHERE Suspension Indicator=Y AND Registration Class<=JSC'",
    "avg_est": 54.78563690185547,
    "avg_real": 70.18867924528301,
    "avg_err": 0.2194519473660376,
    "count_est": 7276.93628784013,
    "count_real": 6543,
    "count_err": 0.11217121929392172,
    "sum_est": 398671.58922354534,
    "sum_real": 22320.0,
    "sum_err": 16.86163034155669,
    "query_dur_ms_est": 2.567768096923828,
    "query_dur_ms_real": 2108.581066131592,
    "query_dur_ms_err": 0.9987822293682858,
    "order": [
        0,
        1,
        2,
        3,
        4,
        5,
        6,
        7,
        8,
        9
    ],
    "groupby": false
}