{
    "timestamp": "2022-07-27 14:23:22.074573",
    "dataset": "dmv.csv",
    "model": "dmv.csv-2.6MB-model16.691*",
    "query": "'SELECT Weight_100 FROM dmv.csv WHERE Record Type=BOAT AND State>=YT AND Registration Class>=HSM'",
    "avg_est": 48.32048797607422,
    "avg_real": NaN,
    "avg_err": NaN,
    "count_est": 9.302207100920709e-06,
    "count_real": 0,
    "count_err": "result=0!",
    "sum_est": 0.0004494871863709913,
    "sum_real": 0.0,
    "sum_err": "result=0!",
    "query_dur_ms_est": 2.882719039916992,
    "query_dur_ms_real": 2108.581066131592,
    "query_dur_ms_err": 0.9986328630726038,
    "order": [
        0,
        1,
        2,
        3,
        4,
        5,
        6,
        7,
        8,
        9
    ],
    "groupby": false
}