{
    "timestamp": "2022-07-27 14:21:14.957158",
    "dataset": "dmv.csv",
    "model": "dmv.csv-2.6MB-model16.691*",
    "query": "'SELECT Weight_100 FROM dmv.csv WHERE Registration Class>=BOT<=VAS'",
    "avg_est": 51.159236907958984,
    "avg_real": 50.022973797063315,
    "avg_err": 0.022714825302176965,
    "count_est": 12507639.476666212,
    "count_real": 12506834,
    "count_err": 6.440292293094175e-05,
    "sum_est": 639881291.1461068,
    "sum_real": 479372559.0,
    "sum_err": 0.3348308724240238,
    "query_dur_ms_est": 1.604318618774414,
    "query_dur_ms_real": 2108.581066131592,
    "query_dur_ms_err": 0.999239147764085,
    "order": [
        0,
        1,
        2,
        3,
        4,
        5,
        6,
        7,
        8,
        9
    ],
    "groupby": false
}