{
    "timestamp": "2022-07-27 14:22:02.490970",
    "dataset": "dmv.csv",
    "model": "dmv.csv-2.6MB-model16.691*",
    "query": "'SELECT Weight_100 FROM dmv.csv WHERE Suspension Indicator=Y'",
    "avg_est": 49.44525146484375,
    "avg_real": 49.281526627783165,
    "avg_err": 0.0033222354960140863,
    "count_est": 165951.6811488904,
    "count_real": 140475,
    "count_err": 0.18136096208500022,
    "sum_est": 8205522.605420456,
    "sum_real": 6201883.0,
    "sum_err": 0.32306955894209166,
    "query_dur_ms_est": 1.4958381652832031,
    "query_dur_ms_real": 2108.581066131592,
    "query_dur_ms_err": 0.9992905948984795,
    "order": [
        0,
        1,
        2,
        3,
        4,
        5,
        6,
        7,
        8,
        9
    ],
    "groupby": false
}