{
    "timestamp": "2022-07-27 14:15:32.417738",
    "dataset": "dmv.csv",
    "model": "dmv.csv-2.6MB-model16.691*",
    "query": "'SELECT Weight_100 FROM dmv.csv WHERE Record Type=SNOW AND Revocation Indicator=Y'",
    "avg_est": 71.61833190917969,
    "avg_real": NaN,
    "avg_err": NaN,
    "count_est": 0.45543104413948754,
    "count_real": 0,
    "count_err": "result=0!",
    "sum_est": 32.61721168092608,
    "sum_real": 0.0,
    "sum_err": "result=0!",
    "query_dur_ms_est": 1.7211437225341797,
    "query_dur_ms_real": 2108.581066131592,
    "query_dur_ms_err": 0.9991837431578138,
    "order": [
        0,
        1,
        2,
        3,
        4,
        5,
        6,
        7,
        8,
        9
    ],
    "groupby": false
}