{
    "timestamp": "2022-07-27 14:21:33.367513",
    "dataset": "dmv.csv",
    "model": "dmv.csv-2.6MB-model16.691*",
    "query": "'SELECT Model Year FROM dmv.csv WHERE Registration Class>=HOU'",
    "avg_est": 2005.1904296875,
    "avg_real": 2012.7594033028338,
    "avg_err": 0.003760495965346626,
    "count_est": 11327445.918102503,
    "count_real": 11361274,
    "count_err": 0.002977490191460674,
    "sum_est": 22713686147.781876,
    "sum_real": 22867511077.0,
    "sum_err": 0.006726789316955467,
    "query_dur_ms_est": 1.5397071838378906,
    "query_dur_ms_real": 2108.581066131592,
    "query_dur_ms_err": 0.9992697899034716,
    "order": [
        0,
        1,
        2,
        3,
        4,
        5,
        6,
        7,
        9,
        8
    ],
    "groupby": false
}