{
    "timestamp": "2022-07-27 14:19:10.387497",
    "dataset": "dmv.csv",
    "model": "dmv.csv-2.6MB-model16.691*",
    "query": "'SELECT Weight_100 FROM dmv.csv WHERE Suspension Indicator=N AND Registration Class<=LMB'",
    "avg_est": 51.143985748291016,
    "avg_real": 43.22970549305096,
    "avg_err": 0.18307504446247627,
    "count_est": 1438181.9240571558,
    "count_real": 1402087,
    "count_err": 0.02574371209287002,
    "sum_est": 73554355.82742894,
    "sum_real": 13064017.0,
    "sum_err": 4.63030160075794,
    "query_dur_ms_est": 2.8734207153320312,
    "query_dur_ms_real": 2108.581066131592,
    "query_dur_ms_err": 0.9986372728269804,
    "order": [
        0,
        1,
        2,
        3,
        4,
        5,
        6,
        7,
        8,
        9
    ],
    "groupby": false
}