{
    "timestamp": "2022-07-27 14:16:22.951811",
    "dataset": "dmv.csv",
    "model": "dmv.csv-2.6MB-model16.691*",
    "query": "'SELECT Weight_100 FROM dmv.csv WHERE Record Type=BOAT AND Model Year=1999.0'",
    "avg_est": 48.655941009521484,
    "avg_real": NaN,
    "avg_err": NaN,
    "count_est": 10818.546384436544,
    "count_real": 9120,
    "count_err": 0.18624412110049826,
    "sum_est": 526386.5546899164,
    "sum_real": 0.0,
    "sum_err": "result=0!",
    "query_dur_ms_est": 1.7542839050292969,
    "query_dur_ms_real": 2108.581066131592,
    "query_dur_ms_err": 0.9991680263409328,
    "order": [
        0,
        1,
        2,
        3,
        4,
        5,
        6,
        7,
        8,
        9
    ],
    "groupby": false
}