{
    "timestamp": "2022-07-27 14:17:59.934136",
    "dataset": "dmv.csv",
    "model": "dmv.csv-2.6MB-model16.691*",
    "query": "'SELECT Weight_100 FROM dmv.csv WHERE State>=MO<=SS'",
    "avg_est": 49.55546569824219,
    "avg_real": 49.44890536519616,
    "avg_err": 0.002154958380959978,
    "count_est": 12547873.947577953,
    "count_real": 12555920,
    "count_err": 0.0006408174328959297,
    "sum_est": 621815736.995066,
    "sum_real": 477806427.0,
    "sum_err": 0.30139676207215615,
    "query_dur_ms_est": 1.462697982788086,
    "query_dur_ms_real": 2108.581066131592,
    "query_dur_ms_err": 0.9993063117153606,
    "order": [
        0,
        1,
        2,
        3,
        4,
        5,
        6,
        7,
        8,
        9
    ],
    "groupby": false
}