{
    "timestamp": "2022-07-27 14:22:41.461965",
    "dataset": "dmv.csv",
    "model": "dmv.csv-2.6MB-model16.691*",
    "query": "'SELECT Model Year FROM dmv.csv WHERE Record Type=TRL AND State>=OK AND County>=FRANKLIN<=WYOMING AND Fuel Type=PROPANE AND Scofflaw Indicator=N AND Suspension Indicator=Y AND Revocation Indicator=N AND Weight_100<=6.0'",
    "avg_est": 2012.0296630859375,
    "avg_real": NaN,
    "avg_err": NaN,
    "count_est": 9.065680568505711e-09,
    "count_real": 0,
    "count_err": "result=0!",
    "sum_est": 1.8240418219895277e-05,
    "sum_real": 0.0,
    "sum_err": "result=0!",
    "query_dur_ms_est": 8.124113082885742,
    "query_dur_ms_real": 2108.581066131592,
    "query_dur_ms_err": 0.996147118451656,
    "order": [
        0,
        1,
        2,
        3,
        4,
        5,
        6,
        7,
        9,
        8
    ],
    "groupby": false
}