{
    "timestamp": "2022-07-27 14:20:42.686431",
    "dataset": "dmv.csv",
    "model": "dmv.csv-2.6MB-model16.691*",
    "query": "'SELECT Weight_100 FROM dmv.csv WHERE County<=FULTON AND Scofflaw Indicator=Y AND Suspension Indicator=N AND Revocation Indicator=Y AND Model Year>=1925.0<=1963.0'",
    "avg_est": 38.718223571777344,
    "avg_real": NaN,
    "avg_err": NaN,
    "count_est": 0.00021653281119902307,
    "count_real": 0,
    "count_err": "result=0!",
    "sum_est": 0.008383765794629228,
    "sum_real": 0.0,
    "sum_err": "result=0!",
    "query_dur_ms_est": 6.133317947387695,
    "query_dur_ms_real": 2108.581066131592,
    "query_dur_ms_err": 0.997091258170766,
    "order": [
        0,
        1,
        2,
        3,
        4,
        5,
        6,
        7,
        8,
        9
    ],
    "groupby": false
}