{
    "timestamp": "2022-07-27 14:22:00.474237",
    "dataset": "dmv.csv",
    "model": "dmv.csv-2.6MB-model16.691*",
    "query": "'SELECT Model Year FROM dmv.csv WHERE Record Type=VEH AND State>=VT AND Fuel Type=OTHER AND Suspension Indicator=Y AND Revocation Indicator=Y AND Weight_100>=23.0'",
    "avg_est": 2016.12548828125,
    "avg_real": NaN,
    "avg_err": NaN,
    "count_est": 1.6329077462606532e-07,
    "count_real": 0,
    "count_err": "result=0!",
    "sum_est": 0.0003292146927247995,
    "sum_real": 0.0,
    "sum_err": "result=0!",
    "query_dur_ms_est": 5.999088287353516,
    "query_dur_ms_real": 2108.581066131592,
    "query_dur_ms_err": 0.9971549169326653,
    "order": [
        0,
        1,
        2,
        3,
        4,
        5,
        6,
        7,
        9,
        8
    ],
    "groupby": false
}