{
    "timestamp": "2022-07-27 14:20:26.091954",
    "dataset": "dmv.csv",
    "model": "dmv.csv-2.6MB-model16.691*",
    "query": "'SELECT Model Year FROM dmv.csv WHERE Record Type=SNOW AND Fuel Type=OTHER AND Weight_100>=98.0'",
    "avg_est": 2009.3121337890625,
    "avg_real": NaN,
    "avg_err": NaN,
    "count_est": 5.806261624046514e-11,
    "count_real": 0,
    "count_err": "result=0!",
    "sum_est": 1.166659193315045e-07,
    "sum_real": 0.0,
    "sum_err": "result=0!",
    "query_dur_ms_est": 2.7556419372558594,
    "query_dur_ms_real": 2108.581066131592,
    "query_dur_ms_err": 0.9986931297157517,
    "order": [
        0,
        1,
        2,
        3,
        4,
        5,
        6,
        7,
        9,
        8
    ],
    "groupby": false
}