{
    "timestamp": "2022-07-27 14:22:24.677952",
    "dataset": "dmv.csv",
    "model": "dmv.csv-2.6MB-model16.691*",
    "query": "'SELECT Model Year FROM dmv.csv WHERE Weight_100>=80.0'",
    "avg_est": 2012.1156005859375,
    "avg_real": 2013.6523428902105,
    "avg_err": 0.0007631616796707569,
    "count_est": 1984988.50588274,
    "count_real": 1935430,
    "count_err": 0.025605940738099554,
    "sum_est": 3994026339.670432,
    "sum_real": 3897283154.0,
    "sum_err": 0.024823237585685592,
    "query_dur_ms_est": 1.4185905456542969,
    "query_dur_ms_real": 2108.581066131592,
    "query_dur_ms_err": 0.9993272297809935,
    "order": [
        0,
        1,
        2,
        3,
        4,
        5,
        6,
        7,
        9,
        8
    ],
    "groupby": false
}