{
    "timestamp": "2022-07-27 14:16:49.893422",
    "dataset": "dmv.csv",
    "model": "dmv.csv-2.6MB-model16.691*",
    "query": "'SELECT Model Year FROM dmv.csv WHERE State>=ND'",
    "avg_est": 2012.0474853515625,
    "avg_real": 2012.1231243323452,
    "avg_err": 3.759162641095336e-05,
    "count_est": 12566156.107637405,
    "count_real": 12571079,
    "count_err": 0.0003916045999388441,
    "sum_est": 25283702796.90702,
    "sum_real": 25294514487.0,
    "sum_err": 0.00042743220465987005,
    "query_dur_ms_est": 1.739501953125,
    "query_dur_ms_real": 2108.581066131592,
    "query_dur_ms_err": 0.9991750367196854,
    "order": [
        0,
        1,
        2,
        3,
        4,
        5,
        6,
        7,
        9,
        8
    ],
    "groupby": false
}