{
    "timestamp": "2022-07-27 14:23:24.019098",
    "dataset": "dmv.csv",
    "model": "dmv.csv-2.6MB-model16.691*",
    "query": "'SELECT Weight_100 FROM dmv.csv WHERE County>=YATES'",
    "avg_est": 48.306190490722656,
    "avg_real": 48.52078995096393,
    "avg_err": 0.004422835251819944,
    "count_est": 27053.51140487194,
    "count_real": 26879,
    "count_err": 0.006492481300343786,
    "sum_est": 1306852.075366682,
    "sum_real": 722329.0,
    "sum_err": 0.8092200027503837,
    "query_dur_ms_est": 1.4448165893554688,
    "query_dur_ms_real": 2108.581066131592,
    "query_dur_ms_err": 0.9993147920122387,
    "order": [
        0,
        1,
        2,
        3,
        4,
        5,
        6,
        7,
        8,
        9
    ],
    "groupby": false
}