{
    "timestamp": "2022-07-27 14:19:06.511851",
    "dataset": "dmv.csv",
    "model": "dmv.csv-2.6MB-model16.691*",
    "query": "'SELECT Model Year FROM dmv.csv WHERE County>=KINGS<=OSWEGO AND Revocation Indicator=N'",
    "avg_est": 2012.404541015625,
    "avg_real": 2012.4505072906716,
    "avg_err": 2.2840946835731345e-05,
    "count_est": 4240755.219597459,
    "count_real": 4232196,
    "count_err": 0.002022406239564245,
    "sum_est": 8534115061.25364,
    "sum_real": 8517070900.0,
    "sum_err": 0.002001176396645961,
    "query_dur_ms_est": 2.5968551635742188,
    "query_dur_ms_real": 2108.581066131592,
    "query_dur_ms_err": 0.9987684347520305,
    "order": [
        0,
        1,
        2,
        3,
        4,
        5,
        6,
        7,
        9,
        8
    ],
    "groupby": false
}