{
    "timestamp": "2022-07-27 14:16:46.528223",
    "dataset": "dmv.csv",
    "model": "dmv.csv-2.6MB-model16.691*",
    "query": "'SELECT Weight_100 FROM dmv.csv WHERE State>=PK AND County>=CORTLAND<=ESSEX'",
    "avg_est": 46.9039306640625,
    "avg_real": 53.93023255813954,
    "avg_err": 0.1302850286525712,
    "count_est": 498.156295268127,
    "count_real": 372,
    "count_err": 0.3391298259895887,
    "sum_est": 23365.488333122474,
    "sum_real": 4638.0,
    "sum_err": 4.0378370705309345,
    "query_dur_ms_est": 2.646923065185547,
    "query_dur_ms_real": 2108.581066131592,
    "query_dur_ms_err": 0.9987446899207714,
    "order": [
        0,
        1,
        2,
        3,
        4,
        5,
        6,
        7,
        8,
        9
    ],
    "groupby": false
}