{
    "timestamp": "2022-07-27 14:16:57.750400",
    "dataset": "dmv.csv",
    "model": "dmv.csv-2.6MB-model16.691*",
    "query": "'SELECT Weight_100 FROM dmv.csv WHERE State<=AR'",
    "avg_est": 49.55546569824219,
    "avg_real": 78.45750452079567,
    "avg_err": 0.3683782577470688,
    "count_est": 1317.4831554555276,
    "count_real": 1187,
    "count_err": 0.10992683694652704,
    "sum_est": 65288.49131818828,
    "sum_real": 43387.0,
    "sum_err": 0.5047938626360035,
    "query_dur_ms_est": 1.4903545379638672,
    "query_dur_ms_real": 2108.581066131592,
    "query_dur_ms_err": 0.9992931955228556,
    "order": [
        0,
        1,
        2,
        3,
        4,
        5,
        6,
        7,
        8,
        9
    ],
    "groupby": false
}