{
    "timestamp": "2022-07-27 14:18:47.175450",
    "dataset": "dmv.csv",
    "model": "dmv.csv-2.6MB-model16.691*",
    "query": "'SELECT Weight_100 FROM dmv.csv WHERE Model Year<=1991.0'",
    "avg_est": 21.78464126586914,
    "avg_real": 33.72818721944511,
    "avg_err": 0.3541117070973275,
    "count_est": 455594.1196731925,
    "count_real": 467674,
    "count_err": 0.025829702585150122,
    "sum_est": 9924954.459919954,
    "sum_real": 8730946.0,
    "sum_err": 0.13675590937338905,
    "query_dur_ms_est": 1.5130043029785156,
    "query_dur_ms_real": 2108.581066131592,
    "query_dur_ms_err": 0.9992824538134765,
    "order": [
        0,
        1,
        2,
        3,
        4,
        5,
        6,
        7,
        8,
        9
    ],
    "groupby": false
}