{
    "timestamp": "2022-07-27 14:17:54.614711",
    "dataset": "dmv.csv",
    "model": "dmv.csv-2.6MB-model16.691*",
    "query": "'SELECT Model Year FROM dmv.csv WHERE State<=GA'",
    "avg_est": 2012.0474853515625,
    "avg_real": 2011.4638762138761,
    "avg_err": 0.00029014149574731223,
    "count_est": 34975.42428923398,
    "count_real": 34188,
    "count_err": 0.023032183492277484,
    "sum_est": 70372214.49025719,
    "sum_real": 68767927.0,
    "sum_err": 0.023329007580193434,
    "query_dur_ms_est": 1.4445781707763672,
    "query_dur_ms_real": 2108.581066131592,
    "query_dur_ms_err": 0.9993149050828638,
    "order": [
        0,
        1,
        2,
        3,
        4,
        5,
        6,
        7,
        9,
        8
    ],
    "groupby": false
}