{
    "timestamp": "2022-07-27 14:23:32.813350",
    "dataset": "dmv.csv",
    "model": "dmv.csv-2.6MB-model16.691*",
    "query": "'SELECT Model Year FROM dmv.csv WHERE Fuel Type=PROPANE'",
    "avg_est": 2009.0595703125,
    "avg_real": 2014.9059561128527,
    "avg_err": 0.0029015675806683726,
    "count_est": 986.1549745139782,
    "count_real": 957,
    "count_err": 0.03046496814417788,
    "sum_est": 1981244.0893585875,
    "sum_real": 1928265.0,
    "sum_err": 0.027475004399596277,
    "query_dur_ms_est": 1.4390945434570312,
    "query_dur_ms_real": 2108.581066131592,
    "query_dur_ms_err": 0.9993175057072398,
    "order": [
        0,
        1,
        2,
        3,
        4,
        5,
        6,
        7,
        9,
        8
    ],
    "groupby": false
}