{
    "timestamp": "2022-07-27 14:22:53.639483",
    "dataset": "dmv.csv",
    "model": "dmv.csv-2.6MB-model16.691*",
    "query": "'SELECT Weight_100 FROM dmv.csv WHERE Model Year>=1935.0<=1995.0'",
    "avg_est": 21.78464126586914,
    "avg_real": 35.66361446835593,
    "avg_err": 0.38916339270102596,
    "count_est": 595347.2752218693,
    "count_real": 608479,
    "count_err": 0.021581229225874108,
    "sum_est": 12969426.819321088,
    "sum_real": 11431401.0,
    "sum_err": 0.13454394779092155,
    "query_dur_ms_est": 1.523733139038086,
    "query_dur_ms_real": 2108.581066131592,
    "query_dur_ms_err": 0.9992773656353495,
    "order": [
        0,
        1,
        2,
        3,
        4,
        5,
        6,
        7,
        8,
        9
    ],
    "groupby": false
}