{
    "timestamp": "2022-07-27 14:18:05.404772",
    "dataset": "dmv.csv",
    "model": "dmv.csv-2.6MB-model16.691*",
    "query": "'SELECT Model Year FROM dmv.csv WHERE State>=MD AND Fuel Type=FLEX AND Scofflaw Indicator=Y AND Revocation Indicator=N AND Registration Class<=SCL'",
    "avg_est": 2016.1368408203125,
    "avg_real": 2016.5714285714287,
    "avg_err": 0.00021550823588928748,
    "count_est": 28.14989563374911,
    "count_real": 28,
    "count_err": 0.005353415491039674,
    "sum_est": 56754.04165244844,
    "sum_real": 56464.0,
    "sum_err": 0.005136753550021943,
    "query_dur_ms_est": 5.838632583618164,
    "query_dur_ms_real": 2108.581066131592,
    "query_dur_ms_err": 0.9972310134633193,
    "order": [
        0,
        1,
        2,
        3,
        4,
        5,
        6,
        7,
        9,
        8
    ],
    "groupby": false
}