{
    "timestamp": "2022-07-27 14:18:45.786190",
    "dataset": "dmv.csv",
    "model": "dmv.csv-2.6MB-model16.691*",
    "query": "'SELECT Weight_100 FROM dmv.csv WHERE Record Type=VEH AND Scofflaw Indicator=N'",
    "avg_est": 48.761878967285156,
    "avg_real": 49.02958722522521,
    "avg_err": 0.005460136890614437,
    "count_est": 11366255.746377468,
    "count_real": 11372142,
    "count_err": 0.0005176028950862459,
    "sum_est": 554239987.0160675,
    "sum_real": 469218543.0,
    "sum_err": 0.18119796262200896,
    "query_dur_ms_est": 1.7206668853759766,
    "query_dur_ms_real": 2108.581066131592,
    "query_dur_ms_err": 0.9991839692990638,
    "order": [
        0,
        1,
        2,
        3,
        4,
        5,
        6,
        7,
        8,
        9
    ],
    "groupby": false
}