{
    "timestamp": "2022-07-27 14:20:58.939083",
    "dataset": "dmv.csv",
    "model": "dmv.csv-2.6MB-model16.691*",
    "query": "'SELECT Model Year FROM dmv.csv WHERE Record Type=VEH'",
    "avg_est": 2001.676513671875,
    "avg_real": 2012.8061048415682,
    "avg_err": 0.005529390606935394,
    "count_est": 11388789.974751234,
    "count_real": 11392466,
    "count_err": 0.0003226716014571336,
    "sum_est": 22796673411.60125,
    "sum_real": 22930825114.0,
    "sum_err": 0.005850278031070344,
    "query_dur_ms_est": 0.6067752838134766,
    "query_dur_ms_real": 2108.581066131592,
    "query_dur_ms_err": 0.9997122352592653,
    "order": [
        0,
        1,
        2,
        3,
        4,
        5,
        6,
        7,
        9,
        8
    ],
    "groupby": false
}