{
    "timestamp": "2022-07-27 14:22:11.848134",
    "dataset": "dmv.csv",
    "model": "dmv.csv-2.6MB-model16.691*",
    "query": "'SELECT Weight_100 FROM dmv.csv WHERE Suspension Indicator=N AND Revocation Indicator=N AND Registration Class<=MED'",
    "avg_est": 51.12822341918945,
    "avg_real": 43.79880694143167,
    "avg_err": 0.16734283396254998,
    "count_est": 1872938.8549419641,
    "count_real": 1808349,
    "count_err": 0.035717582691153174,
    "sum_est": 95760036.22595361,
    "sum_real": 13810815.0,
    "sum_err": 5.933699149974394,
    "query_dur_ms_est": 3.642559051513672,
    "query_dur_ms_real": 2108.581066131592,
    "query_dur_ms_err": 0.9982725069905914,
    "order": [
        0,
        1,
        2,
        3,
        4,
        5,
        6,
        7,
        8,
        9
    ],
    "groupby": false
}