{
    "timestamp": "2022-07-27 14:15:42.901826",
    "dataset": "dmv.csv",
    "model": "dmv.csv-2.6MB-model16.691*",
    "query": "'SELECT Model Year FROM dmv.csv WHERE Registration Class<=OML'",
    "avg_est": 2005.1904296875,
    "avg_real": 2006.9709857056048,
    "avg_err": 0.0008871857295329992,
    "count_est": 2211997.772261262,
    "count_real": 2124561,
    "count_err": 0.04115521854221269,
    "sum_est": 4435476763.428352,
    "sum_real": 4263888131.0,
    "sum_err": 0.04024229228268005,
    "query_dur_ms_est": 1.566171646118164,
    "query_dur_ms_real": 2108.581066131592,
    "query_dur_ms_err": 0.9992572390640918,
    "order": [
        0,
        1,
        2,
        3,
        4,
        5,
        6,
        7,
        9,
        8
    ],
    "groupby": false
}