{
    "timestamp": "2022-07-27 14:22:21.191797",
    "dataset": "dmv.csv",
    "model": "dmv.csv-2.6MB-model16.691*",
    "query": "'SELECT Model Year FROM dmv.csv WHERE Fuel Type=DIESEL AND Scofflaw Indicator=N'",
    "avg_est": 2009.8563232421875,
    "avg_real": 2009.788600402642,
    "avg_err": 3.369649899093866e-05,
    "count_est": 495444.6814299375,
    "count_real": 480824,
    "count_err": 0.030407553345792808,
    "sum_est": 995772625.788671,
    "sum_real": 966354594.0,
    "sum_err": 0.030442274472874307,
    "query_dur_ms_est": 2.5472640991210938,
    "query_dur_ms_real": 2108.581066131592,
    "query_dur_ms_err": 0.9987919534420394,
    "order": [
        0,
        1,
        2,
        3,
        4,
        5,
        6,
        7,
        9,
        8
    ],
    "groupby": false
}