{
    "timestamp": "2022-07-27 14:19:47.162596",
    "dataset": "dmv.csv",
    "model": "dmv.csv-2.6MB-model16.691*",
    "query": "'SELECT Weight_100 FROM dmv.csv WHERE Record Type=VEH'",
    "avg_est": 35.34763717651367,
    "avg_real": 49.030691093498355,
    "avg_err": 0.2790712023799947,
    "count_est": 11388789.974751234,
    "count_real": 11392466,
    "count_err": 0.0003226716014571336,
    "sum_est": 402566815.90702295,
    "sum_real": 470118720.0,
    "sum_err": 0.14369115974147348,
    "query_dur_ms_est": 0.6535053253173828,
    "query_dur_ms_real": 2108.581066131592,
    "query_dur_ms_err": 0.9996900734167569,
    "order": [
        0,
        1,
        2,
        3,
        4,
        5,
        6,
        7,
        8,
        9
    ],
    "groupby": false
}