{
    "timestamp": "2022-07-27 14:22:23.146129",
    "dataset": "dmv.csv",
    "model": "dmv.csv-2.6MB-model16.691*",
    "query": "'SELECT Weight_100 FROM dmv.csv WHERE Record Type=BOAT'",
    "avg_est": 35.34763717651367,
    "avg_real": NaN,
    "avg_err": NaN,
    "count_est": 364348.4676815942,
    "count_real": 365645,
    "count_err": 0.0035458773356829903,
    "sum_est": 12878857.44142771,
    "sum_real": 0.0,
    "sum_err": "result=0!",
    "query_dur_ms_est": 0.5660057067871094,
    "query_dur_ms_real": 2108.581066131592,
    "query_dur_ms_err": 0.9997315703361477,
    "order": [
        0,
        1,
        2,
        3,
        4,
        5,
        6,
        7,
        8,
        9
    ],
    "groupby": false
}