{
    "timestamp": "2022-07-27 14:22:04.479544",
    "dataset": "dmv.csv",
    "model": "dmv.csv-2.6MB-model16.691*",
    "query": "'SELECT Model Year FROM dmv.csv WHERE Record Type=TRL AND State>=VI AND County=CORTLAND AND Scofflaw Indicator=N AND Suspension Indicator=N AND Revocation Indicator=N AND Registration Class>=ITP<=PAS AND Weight_100>=63.0'",
    "avg_est": 2009.98193359375,
    "avg_real": NaN,
    "avg_err": NaN,
    "count_est": 2.1086216337148954e-06,
    "count_real": 0,
    "count_err": "result=0!",
    "sum_est": 0.004238291388551877,
    "sum_real": 0.0,
    "sum_err": "result=0!",
    "query_dur_ms_est": 8.229970932006836,
    "query_dur_ms_real": 2108.581066131592,
    "query_dur_ms_err": 0.996096915094137,
    "order": [
        0,
        1,
        2,
        3,
        4,
        5,
        6,
        7,
        9,
        8
    ],
    "groupby": false
}