{
    "timestamp": "2022-07-27 14:21:21.641301",
    "dataset": "dmv.csv",
    "model": "dmv.csv-2.6MB-model16.691*",
    "query": "'SELECT Weight_100 FROM dmv.csv WHERE Scofflaw Indicator=N'",
    "avg_est": 49.42452621459961,
    "avg_real": 49.465669830858246,
    "avg_err": 0.000831761025360062,
    "count_est": 12624013.181832314,
    "count_real": 12625910,
    "count_err": 0.00015023219456549765,
    "sum_est": 623935870.4389222,
    "sum_real": 479113645.0,
    "sum_err": 0.3022711353564605,
    "query_dur_ms_est": 1.4948844909667969,
    "query_dur_ms_real": 2108.581066131592,
    "query_dur_ms_err": 0.9992910471809797,
    "order": [
        0,
        1,
        2,
        3,
        4,
        5,
        6,
        7,
        8,
        9
    ],
    "groupby": false
}