{
    "timestamp": "2022-07-27 14:19:50.938794",
    "dataset": "dmv.csv",
    "model": "dmv.csv-2.6MB-model16.691*",
    "query": "'SELECT Model Year FROM dmv.csv WHERE Fuel Type=FLEX'",
    "avg_est": 2009.0595703125,
    "avg_real": 2016.7296373647237,
    "avg_err": 0.0038032202780766363,
    "count_est": 19797.0088631846,
    "count_real": 15801,
    "count_err": 0.25289594729350046,
    "sum_est": 39773370.12014241,
    "sum_real": 31866345.0,
    "sum_err": 0.24813090802043372,
    "query_dur_ms_est": 1.5003681182861328,
    "query_dur_ms_real": 2108.581066131592,
    "query_dur_ms_err": 0.9992884465566038,
    "order": [
        0,
        1,
        2,
        3,
        4,
        5,
        6,
        7,
        9,
        8
    ],
    "groupby": false
}