{
    "timestamp": "2022-07-27 14:15:57.321860",
    "dataset": "dmv.csv",
    "model": "dmv.csv-2.6MB-model16.691*",
    "query": "'SELECT Weight_100 FROM dmv.csv WHERE County>=CAYUGA<=RENSSELAER'",
    "avg_est": 48.306190490722656,
    "avg_real": 49.48559995056304,
    "avg_err": 0.023833387106928804,
    "count_est": 7685797.023350954,
    "count_real": 7696260,
    "count_err": 0.001359488459205633,
    "sum_est": 371271575.0830203,
    "sum_real": 289884962.0,
    "sum_err": 0.28075486400367444,
    "query_dur_ms_est": 1.5075206756591797,
    "query_dur_ms_real": 2108.581066131592,
    "query_dur_ms_err": 0.9992850544378524,
    "order": [
        0,
        1,
        2,
        3,
        4,
        5,
        6,
        7,
        8,
        9
    ],
    "groupby": false
}