{
    "timestamp": "2022-07-27 14:23:04.272715",
    "dataset": "dmv.csv",
    "model": "dmv.csv-2.6MB-model16.691*",
    "query": "'SELECT Weight_100 FROM dmv.csv WHERE Record Type=SNOW AND Suspension Indicator=N'",
    "avg_est": 71.63414764404297,
    "avg_real": NaN,
    "avg_err": NaN,
    "count_est": 111314.09202382341,
    "count_real": 113014,
    "count_err": 0.015041569860164137,
    "sum_est": 7973890.102897152,
    "sum_real": 0.0,
    "sum_err": "result=0!",
    "query_dur_ms_est": 1.6832351684570312,
    "query_dur_ms_real": 2108.581066131592,
    "query_dur_ms_err": 0.9992017213871957,
    "order": [
        0,
        1,
        2,
        3,
        4,
        5,
        6,
        7,
        8,
        9
    ],
    "groupby": false
}