{
    "timestamp": "2022-07-27 14:17:25.686904",
    "dataset": "dmv.csv",
    "model": "dmv.csv-2.6MB-model16.691*",
    "query": "'SELECT Model Year FROM dmv.csv WHERE Record Type=BOAT AND Registration Class>=CLG<=NYA'",
    "avg_est": 2000.824951171875,
    "avg_real": NaN,
    "avg_err": NaN,
    "count_est": 68.41930230546313,
    "count_real": 0,
    "count_err": "result=0!",
    "sum_est": 136895.04719454204,
    "sum_real": 0.0,
    "sum_err": "result=0!",
    "query_dur_ms_est": 1.6942024230957031,
    "query_dur_ms_real": 2108.581066131592,
    "query_dur_ms_err": 0.9991965201384436,
    "order": [
        0,
        1,
        2,
        3,
        4,
        5,
        6,
        7,
        9,
        8
    ],
    "groupby": false
}