{
    "timestamp": "2022-07-27 14:20:00.018796",
    "dataset": "dmv.csv",
    "model": "dmv.csv-2.6MB-model16.691*",
    "query": "'SELECT Weight_100 FROM dmv.csv WHERE Fuel Type=GAS AND Scofflaw Indicator=N'",
    "avg_est": 47.980918884277344,
    "avg_real": 48.24415496000286,
    "avg_err": 0.005456330947111693,
    "count_est": 11080308.109580517,
    "count_real": 11128022,
    "count_err": 0.004287724307112548,
    "sum_est": 531643364.6185832,
    "sum_real": 448003135.0,
    "sum_err": 0.18669563466019765,
    "query_dur_ms_est": 2.541065216064453,
    "query_dur_ms_real": 2108.581066131592,
    "query_dur_ms_err": 0.9987948932782905,
    "order": [
        0,
        1,
        2,
        3,
        4,
        5,
        6,
        7,
        8,
        9
    ],
    "groupby": false
}