{
    "timestamp": "2022-07-27 14:23:29.073992",
    "dataset": "dmv.csv",
    "model": "dmv.csv-2.6MB-model16.691*",
    "query": "'SELECT Weight_100 FROM dmv.csv WHERE Registration Class>=SCL AND Model Year>=1925.0'",
    "avg_est": 42.53019714355469,
    "avg_real": 65.68826718137827,
    "avg_err": 0.35254499823963353,
    "count_est": 751716.9273026884,
    "count_real": 736720,
    "count_err": 0.020356346105288792,
    "sum_est": 31970669.114330504,
    "sum_real": 21678639.0,
    "sum_err": 0.47475443981195053,
    "query_dur_ms_est": 2.6123523712158203,
    "query_dur_ms_real": 2108.581066131592,
    "query_dur_ms_err": 0.9987610851614027,
    "order": [
        0,
        1,
        2,
        3,
        4,
        5,
        6,
        7,
        8,
        9
    ],
    "groupby": false
}