{
    "timestamp": "2022-07-27 14:22:48.053705",
    "dataset": "dmv.csv",
    "model": "dmv.csv-2.6MB-model16.691*",
    "query": "'SELECT Model Year FROM dmv.csv WHERE State<=PQ AND Registration Class>=HOU<=LMC'",
    "avg_est": 2005.0242919921875,
    "avg_real": 2013.1627448922757,
    "avg_err": 0.004042620459144081,
    "count_est": 137714.2064415887,
    "count_real": 123881,
    "count_err": 0.11166527911131409,
    "sum_est": 276120329.2678123,
    "sum_real": 249392614.0,
    "sum_err": 0.1071712383102585,
    "query_dur_ms_est": 2.685070037841797,
    "query_dur_ms_real": 2108.581066131592,
    "query_dur_ms_err": 0.9987265986207645,
    "order": [
        0,
        1,
        2,
        3,
        4,
        5,
        6,
        7,
        9,
        8
    ],
    "groupby": false
}