{
    "timestamp": "2022-07-27 14:23:48.749385",
    "dataset": "dmv.csv",
    "model": "dmv.csv-2.6MB-model16.691*",
    "query": "'SELECT Weight_100 FROM dmv.csv WHERE County=KINGS'",
    "avg_est": 48.306190490722656,
    "avg_real": 53.06016441632206,
    "avg_err": 0.08959591395719486,
    "count_est": 566655.8487854898,
    "count_real": 566792,
    "count_err": 0.00024021371951298256,
    "sum_est": 27372985.374114003,
    "sum_real": 26624264.0,
    "sum_err": 0.02812176795249638,
    "query_dur_ms_est": 1.505136489868164,
    "query_dur_ms_real": 2108.581066131592,
    "query_dur_ms_err": 0.9992861851441028,
    "order": [
        0,
        1,
        2,
        3,
        4,
        5,
        6,
        7,
        8,
        9
    ],
    "groupby": false
}