{
    "timestamp": "2022-07-27 14:24:38.600745",
    "dataset": "dmv.csv",
    "model": "dmv.csv-2.6MB-model16.691*",
    "query": "'SELECT Model Year FROM dmv.csv WHERE Record Type=BOAT AND Scofflaw Indicator=N AND Revocation Indicator=N AND Registration Class>=HIS<=ORG AND Weight_100=78.0'",
    "avg_est": 2001.579833984375,
    "avg_real": NaN,
    "avg_err": NaN,
    "count_est": 0.019295836531713295,
    "count_real": 0,
    "count_err": "result=0!",
    "sum_est": 38.622157281736335,
    "sum_real": 0.0,
    "sum_err": "result=0!",
    "query_dur_ms_est": 4.913806915283203,
    "query_dur_ms_real": 2108.581066131592,
    "query_dur_ms_err": 0.9976696144178615,
    "order": [
        0,
        1,
        2,
        3,
        4,
        5,
        6,
        7,
        9,
        8
    ],
    "groupby": false
}