{
    "timestamp": "2022-07-27 14:21:44.631636",
    "dataset": "dmv.csv",
    "model": "dmv.csv-2.6MB-model16.691*",
    "query": "'SELECT Model Year FROM dmv.csv WHERE Weight_100>=36.0<=57.0'",
    "avg_est": 2012.1156005859375,
    "avg_real": 2014.1760211431615,
    "avg_err": 0.0010229595306444957,
    "count_est": 2131484.1690217853,
    "count_real": 2127591,
    "count_err": 0.0018298484162535278,
    "sum_est": 4288792548.8906875,
    "sum_real": 4285342775.0,
    "sum_err": 0.0008050170247320451,
    "query_dur_ms_est": 1.455545425415039,
    "query_dur_ms_real": 2108.581066131592,
    "query_dur_ms_err": 0.9993097038341118,
    "order": [
        0,
        1,
        2,
        3,
        4,
        5,
        6,
        7,
        9,
        8
    ],
    "groupby": false
}