{
    "timestamp": "2022-07-27 14:24:02.452581",
    "dataset": "dmv.csv",
    "model": "dmv.csv-2.6MB-model16.691*",
    "query": "'SELECT Weight_100 FROM dmv.csv WHERE County>=ERIE<=NIAGARA AND Scofflaw Indicator=Y'",
    "avg_est": 49.37558364868164,
    "avg_real": 52.31967213114754,
    "avg_err": 0.05627115695767506,
    "count_est": 4750.030735959299,
    "count_real": 4635,
    "count_err": 0.024817850260905914,
    "sum_est": 234535.53993716717,
    "sum_real": 217022.0,
    "sum_err": 0.08069937581059601,
    "query_dur_ms_est": 2.5453567504882812,
    "query_dur_ms_real": 2108.581066131592,
    "query_dur_ms_err": 0.9987928580070398,
    "order": [
        0,
        1,
        2,
        3,
        4,
        5,
        6,
        7,
        8,
        9
    ],
    "groupby": false
}