{
    "timestamp": "2022-07-27 14:16:15.510234",
    "dataset": "dmv.csv",
    "model": "dmv.csv-2.6MB-model16.691*",
    "query": "'SELECT Model Year FROM dmv.csv WHERE Suspension Indicator=Y AND Revocation Indicator=N'",
    "avg_est": 2011.7044677734375,
    "avg_real": 2011.9505982905982,
    "avg_err": 0.00012233427469335222,
    "count_est": 165900.30638713762,
    "count_real": 140400,
    "count_err": 0.18162611386850158,
    "sum_est": 333742387.5639869,
    "sum_real": 282477864.0,
    "sum_err": 0.1814815604949027,
    "query_dur_ms_est": 2.5725364685058594,
    "query_dur_ms_real": 2108.581066131592,
    "query_dur_ms_err": 0.9987799679557848,
    "order": [
        0,
        1,
        2,
        3,
        4,
        5,
        6,
        7,
        9,
        8
    ],
    "groupby": false
}