{
    "timestamp": "2022-07-27 14:16:13.533342",
    "dataset": "dmv.csv",
    "model": "dmv.csv-2.6MB-model16.691*",
    "query": "'SELECT Model Year FROM dmv.csv WHERE Record Type=BOAT AND State=UT AND Fuel Type=FLEX AND Scofflaw Indicator=Y AND Suspension Indicator=Y AND Revocation Indicator=N AND Registration Class>=SPO<=STA AND Weight_100<=26.0'",
    "avg_est": 2009.9647216796875,
    "avg_real": NaN,
    "avg_err": NaN,
    "count_est": 1.4804657482606912e-15,
    "count_real": 0,
    "count_err": "result=0!",
    "sum_est": 2.9756839256591106e-12,
    "sum_real": 0.0,
    "sum_err": "result=0!",
    "query_dur_ms_est": 8.16655158996582,
    "query_dur_ms_real": 2108.581066131592,
    "query_dur_ms_err": 0.9961269918803984,
    "order": [
        0,
        1,
        2,
        3,
        4,
        5,
        6,
        7,
        9,
        8
    ],
    "groupby": false
}