{
    "timestamp": "2022-07-27 14:22:55.741737",
    "dataset": "dmv.csv",
    "model": "dmv.csv-2.6MB-model16.691*",
    "query": "'SELECT Weight_100 FROM dmv.csv WHERE Record Type=TRL AND State>=OT<=WA AND County<=ERIE AND Fuel Type=GAS AND Scofflaw Indicator=Y AND Suspension Indicator=Y AND Revocation Indicator=Y AND Registration Class>=TOW AND Model Year<=1909.0'",
    "avg_est": 71.2481689453125,
    "avg_real": NaN,
    "avg_err": NaN,
    "count_est": 8.784549655083835e-22,
    "count_real": 0,
    "count_err": "result=0!",
    "sum_est": 6.258830779338997e-20,
    "sum_real": 0.0,
    "sum_err": "result=0!",
    "query_dur_ms_est": 9.321212768554688,
    "query_dur_ms_real": 2108.581066131592,
    "query_dur_ms_err": 0.9955793908433146,
    "order": [
        0,
        1,
        2,
        3,
        4,
        5,
        6,
        7,
        8,
        9
    ],
    "groupby": false
}