{
    "timestamp": "2022-07-27 14:16:44.617866",
    "dataset": "dmv.csv",
    "model": "dmv.csv-2.6MB-model16.691*",
    "query": "'SELECT Weight_100 FROM dmv.csv WHERE Fuel Type=DIESEL'",
    "avg_est": 58.92982482910156,
    "avg_real": 80.10316626565907,
    "avg_err": 0.26432589900799847,
    "count_est": 496000.9704595357,
    "count_real": 481499,
    "count_err": 0.030118381262548247,
    "sum_est": 29229250.30424482,
    "sum_real": 14182586.0,
    "sum_err": 1.0609252998180176,
    "query_dur_ms_est": 1.4960765838623047,
    "query_dur_ms_real": 2108.581066131592,
    "query_dur_ms_err": 0.9992904818278545,
    "order": [
        0,
        1,
        2,
        3,
        4,
        5,
        6,
        7,
        8,
        9
    ],
    "groupby": false
}