{
    "timestamp": "2022-07-27 14:20:13.634379",
    "dataset": "dmv.csv",
    "model": "dmv.csv-2.6MB-model16.691*",
    "query": "'SELECT Weight_100 FROM dmv.csv WHERE Record Type=SNOW AND Fuel Type=NONE'",
    "avg_est": 81.73892974853516,
    "avg_real": NaN,
    "avg_err": NaN,
    "count_est": 36.36606676499105,
    "count_real": 0,
    "count_err": "result=0!",
    "sum_est": 2972.5233765341422,
    "sum_real": 0.0,
    "sum_err": "result=0!",
    "query_dur_ms_est": 1.7135143280029297,
    "query_dur_ms_real": 2108.581066131592,
    "query_dur_ms_err": 0.9991873614178152,
    "order": [
        0,
        1,
        2,
        3,
        4,
        5,
        6,
        7,
        8,
        9
    ],
    "groupby": false
}