{
    "timestamp": "2022-07-27 14:21:23.666323",
    "dataset": "dmv.csv",
    "model": "dmv.csv-2.6MB-model16.691*",
    "query": "'SELECT Weight_100 FROM dmv.csv WHERE Record Type=TRL AND Fuel Type=nan AND Scofflaw Indicator=N AND Suspension Indicator=Y AND Revocation Indicator=Y AND Registration Class>=LTR<=SEM AND Model Year>=1971.0'",
    "avg_est": 96.16999053955078,
    "avg_real": NaN,
    "avg_err": NaN,
    "count_est": 0.0,
    "count_real": 0,
    "count_err": "result=0!",
    "sum_est": 0.0,
    "sum_real": 0.0,
    "sum_err": "result=0!",
    "query_dur_ms_est": 7.190465927124023,
    "query_dur_ms_real": 2108.581066131592,
    "query_dur_ms_err": 0.9965899030193249,
    "order": [
        0,
        1,
        2,
        3,
        4,
        5,
        6,
        7,
        8,
        9
    ],
    "groupby": false
}