{
    "timestamp": "2022-07-27 14:18:01.774165",
    "dataset": "dmv.csv",
    "model": "dmv.csv-2.6MB-model16.691*",
    "query": "'SELECT Model Year FROM dmv.csv WHERE Revocation Indicator=Y AND Weight_100>=81.0'",
    "avg_est": 2015.7703857421875,
    "avg_real": 2009.6666666666667,
    "avg_err": 0.003037179835223465,
    "count_est": 30.4142437374403,
    "count_real": 6,
    "count_err": 4.069040622906717,
    "sum_est": 61308.131830676946,
    "sum_real": 12058.0,
    "sum_err": 4.084436210870538,
    "query_dur_ms_est": 2.4995803833007812,
    "query_dur_ms_real": 2108.581066131592,
    "query_dur_ms_err": 0.998814567567048,
    "order": [
        0,
        1,
        2,
        3,
        4,
        5,
        6,
        7,
        9,
        8
    ],
    "groupby": false
}