{
    "timestamp": "2022-07-27 14:23:20.140116",
    "dataset": "dmv.csv",
    "model": "dmv.csv-2.6MB-model16.691*",
    "query": "'SELECT Weight_100 FROM dmv.csv WHERE Registration Class>=HOU<=LMA'",
    "avg_est": 51.159236907958984,
    "avg_real": 82.28234031132583,
    "avg_err": 0.3782476687659657,
    "count_est": 128520.9389819391,
    "count_real": 115506,
    "count_err": 0.11267760100721268,
    "sum_est": 6575033.165010364,
    "sum_real": 9504104.0,
    "sum_err": 0.3081901076618728,
    "query_dur_ms_est": 1.4748573303222656,
    "query_dur_ms_real": 2108.581066131592,
    "query_dur_ms_err": 0.9993005451134833,
    "order": [
        0,
        1,
        2,
        3,
        4,
        5,
        6,
        7,
        8,
        9
    ],
    "groupby": false
}