{
    "timestamp": "2022-07-27 14:20:18.806994",
    "dataset": "dmv.csv",
    "model": "dmv.csv-2.6MB-model16.691*",
    "query": "'SELECT Weight_100 FROM dmv.csv WHERE State<=AA'",
    "avg_est": 49.55546569824219,
    "avg_real": 33.0,
    "avg_err": 0.5016807787346117,
    "count_est": 13.731263804036644,
    "count_real": 10,
    "count_err": 0.37312638040366436,
    "sum_est": 680.4591724344524,
    "sum_real": 165.0,
    "sum_err": 3.1239949844512265,
    "query_dur_ms_est": 1.5332698822021484,
    "query_dur_ms_real": 2108.581066131592,
    "query_dur_ms_err": 0.9992728428103478,
    "order": [
        0,
        1,
        2,
        3,
        4,
        5,
        6,
        7,
        8,
        9
    ],
    "groupby": false
}