{
    "timestamp": "2022-07-27 14:19:43.678447",
    "dataset": "dmv.csv",
    "model": "dmv.csv-2.6MB-model16.691*",
    "query": "'SELECT Model Year FROM dmv.csv WHERE State>=GA<=OT AND Fuel Type=GAS'",
    "avg_est": 2009.026611328125,
    "avg_real": 2012.5060253604954,
    "avg_err": 0.0017288962062844782,
    "count_est": 11000161.785243034,
    "count_real": 11113131,
    "count_err": 0.010165381363448847,
    "sum_est": 22099617755.467953,
    "sum_real": 22365202848.0,
    "sum_err": 0.011874924378599907,
    "query_dur_ms_est": 2.644777297973633,
    "query_dur_ms_real": 2108.581066131592,
    "query_dur_ms_err": 0.9987457075563968,
    "order": [
        0,
        1,
        2,
        3,
        4,
        5,
        6,
        7,
        9,
        8
    ],
    "groupby": false
}