{
    "timestamp": "2022-07-27 14:20:11.704129",
    "dataset": "dmv.csv",
    "model": "dmv.csv-2.6MB-model16.691*",
    "query": "'SELECT Model Year FROM dmv.csv WHERE State<=CA'",
    "avg_est": 2012.0474853515625,
    "avg_real": 2006.3363264020163,
    "avg_err": 0.002846561104631978,
    "count_est": 6655.563137782039,
    "count_real": 6348,
    "count_err": 0.04845039977662872,
    "sum_est": 13391309.074972907,
    "sum_real": 12736223.0,
    "sum_err": 0.051434877904768715,
    "query_dur_ms_est": 1.5110969543457031,
    "query_dur_ms_real": 2108.581066131592,
    "query_dur_ms_err": 0.9992833583784768,
    "order": [
        0,
        1,
        2,
        3,
        4,
        5,
        6,
        7,
        9,
        8
    ],
    "groupby": false
}