{
    "timestamp": "2022-07-27 14:24:11.843134",
    "dataset": "dmv.csv",
    "model": "dmv.csv-2.6MB-model16.691*",
    "query": "'SELECT Weight_100 FROM dmv.csv WHERE Revocation Indicator=Y'",
    "avg_est": 49.44870376586914,
    "avg_real": 54.645161290322584,
    "avg_err": 0.09509455918421295,
    "count_est": 5807.019421435776,
    "count_real": 5680,
    "count_err": 0.022362574196439465,
    "sum_est": 287149.5831332265,
    "sum_real": 1694.0,
    "sum_err": 168.50978933484444,
    "query_dur_ms_est": 1.4834403991699219,
    "query_dur_ms_real": 2108.581066131592,
    "query_dur_ms_err": 0.9992964745709818,
    "order": [
        0,
        1,
        2,
        3,
        4,
        5,
        6,
        7,
        8,
        9
    ],
    "groupby": false
}