{
    "timestamp": "2022-07-27 14:16:40.260162",
    "dataset": "dmv.csv",
    "model": "dmv.csv-2.6MB-model16.691*",
    "query": "'SELECT Model Year FROM dmv.csv WHERE Record Type=SNOW AND County>=MADISON'",
    "avg_est": 2010.39013671875,
    "avg_real": 2010.236478608562,
    "avg_err": 7.643782799838576e-05,
    "count_est": 72895.23369470052,
    "count_real": 72903,
    "count_err": 0.00010652929645523214,
    "sum_est": 146547858.83363423,
    "sum_real": 146552270.0,
    "sum_err": 3.0099611324836426e-05,
    "query_dur_ms_est": 1.7323493957519531,
    "query_dur_ms_real": 2108.581066131592,
    "query_dur_ms_err": 0.9991784288384368,
    "order": [
        0,
        1,
        2,
        3,
        4,
        5,
        6,
        7,
        9,
        8
    ],
    "groupby": false
}