{
    "timestamp": "2022-07-27 14:23:14.734986",
    "dataset": "dmv.csv",
    "model": "dmv.csv-2.6MB-model16.691*",
    "query": "'SELECT Model Year FROM dmv.csv WHERE Record Type=VEH AND Scofflaw Indicator=Y'",
    "avg_est": 2012.661376953125,
    "avg_real": 2013.6864298366463,
    "avg_err": 0.0005090429514412856,
    "count_est": 22534.621457826812,
    "count_real": 20324,
    "count_err": 0.10876901485075831,
    "sum_est": 45354562.252427146,
    "sum_real": 40926163.0,
    "sum_err": 0.10820460379897197,
    "query_dur_ms_est": 1.6696453094482422,
    "query_dur_ms_real": 2108.581066131592,
    "query_dur_ms_err": 0.9992081664128231,
    "order": [
        0,
        1,
        2,
        3,
        4,
        5,
        6,
        7,
        9,
        8
    ],
    "groupby": false
}