{
    "timestamp": "2022-07-27 14:23:02.349734",
    "dataset": "dmv.csv",
    "model": "dmv.csv-2.6MB-model16.691*",
    "query": "'SELECT Model Year FROM dmv.csv WHERE Record Type=VEH AND State>=ID AND County>=ONTARIO<=PUTNAM AND Scofflaw Indicator=N AND Revocation Indicator=Y AND Registration Class>=OMR<=SPC AND Weight_100>=0.0<=57.0'",
    "avg_est": 2014.4859619140625,
    "avg_real": 2015.0,
    "avg_err": 0.00025510574984491315,
    "count_est": 1.6388005863150283,
    "count_real": 1,
    "count_err": 0.6388005863150283,
    "sum_est": 3301.3407755081594,
    "sum_real": 2015.0,
    "sum_err": 0.6383825188626101,
    "query_dur_ms_est": 7.138252258300781,
    "query_dur_ms_real": 2108.581066131592,
    "query_dur_ms_err": 0.9966146654862094,
    "order": [
        0,
        1,
        2,
        3,
        4,
        5,
        6,
        7,
        9,
        8
    ],
    "groupby": false
}