{
    "timestamp": "2022-07-27 14:15:34.440360",
    "dataset": "dmv.csv",
    "model": "dmv.csv-2.6MB-model16.691*",
    "query": "'SELECT Weight_100 FROM dmv.csv WHERE Scofflaw Indicator=Y AND Revocation Indicator=Y'",
    "avg_est": 49.543357849121094,
    "avg_real": NaN,
    "avg_err": NaN,
    "count_est": 30.02875946277527,
    "count_real": 10,
    "count_err": 2.002875946277527,
    "sum_est": 1487.7255758294564,
    "sum_real": 0.0,
    "sum_err": "result=0!",
    "query_dur_ms_est": 2.5262832641601562,
    "query_dur_ms_real": 2108.581066131592,
    "query_dur_ms_err": 0.9988019036570432,
    "order": [
        0,
        1,
        2,
        3,
        4,
        5,
        6,
        7,
        8,
        9
    ],
    "groupby": false
}