{
    "timestamp": "2022-07-27 14:20:24.258447",
    "dataset": "dmv.csv",
    "model": "dmv.csv-2.6MB-model16.691*",
    "query": "'SELECT Weight_100 FROM dmv.csv WHERE Registration Class<=SPO'",
    "avg_est": 51.159236907958984,
    "avg_real": 49.18636605367777,
    "avg_err": 0.04011011612706232,
    "count_est": 12096981.337050915,
    "count_real": 12102898,
    "count_err": 0.0004888633242290595,
    "sum_est": 618872334.0933462,
    "sum_real": 464478561.0,
    "sum_err": 0.3324023669918023,
    "query_dur_ms_est": 1.5425682067871094,
    "query_dur_ms_real": 2108.581066131592,
    "query_dur_ms_err": 0.9992684330559711,
    "order": [
        0,
        1,
        2,
        3,
        4,
        5,
        6,
        7,
        8,
        9
    ],
    "groupby": false
}