{
    "timestamp": "2022-07-27 14:17:08.285301",
    "dataset": "dmv.csv",
    "model": "dmv.csv-2.6MB-model16.691*",
    "query": "'SELECT Model Year FROM dmv.csv WHERE Record Type=TRL AND State>=SS AND County<=OSWEGO AND Fuel Type=DIESEL AND Scofflaw Indicator=Y AND Suspension Indicator=Y AND Revocation Indicator=N AND Registration Class<=PHS AND Weight_100<=80.0'",
    "avg_est": 2011.453125,
    "avg_real": NaN,
    "avg_err": NaN,
    "count_est": 1.6511211663332114e-10,
    "count_real": 0,
    "count_err": "result=0!",
    "sum_est": 3.3211528297745826e-07,
    "sum_real": 0.0,
    "sum_err": "result=0!",
    "query_dur_ms_est": 9.318828582763672,
    "query_dur_ms_real": 2108.581066131592,
    "query_dur_ms_err": 0.9955805215495651,
    "order": [
        0,
        1,
        2,
        3,
        4,
        5,
        6,
        7,
        9,
        8
    ],
    "groupby": false
}