{
    "timestamp": "2022-07-27 14:23:52.114724",
    "dataset": "dmv.csv",
    "model": "dmv.csv-2.6MB-model16.691*",
    "query": "'SELECT Weight_100 FROM dmv.csv WHERE Fuel Type=GAS'",
    "avg_est": 58.92982482910156,
    "avg_real": 48.24550738205188,
    "avg_err": 0.22145725118903858,
    "count_est": 11101108.645856619,
    "count_real": 11147590,
    "count_err": 0.004169632552271937,
    "sum_est": 654186387.9091554,
    "sum_real": 448875477.0,
    "sum_err": 0.4573894574979318,
    "query_dur_ms_est": 1.5516281127929688,
    "query_dur_ms_real": 2108.581066131592,
    "query_dur_ms_err": 0.9992641363722194,
    "order": [
        0,
        1,
        2,
        3,
        4,
        5,
        6,
        7,
        8,
        9
    ],
    "groupby": false
}