{
    "timestamp": "2022-07-27 14:24:29.152847",
    "dataset": "dmv.csv",
    "model": "dmv.csv-2.6MB-model16.691*",
    "query": "'SELECT Weight_100 FROM dmv.csv WHERE Scofflaw Indicator=Y AND Model Year>=1941.0'",
    "avg_est": 33.17771911621094,
    "avg_real": 49.717349463843824,
    "avg_err": 0.332673212188455,
    "count_est": 22301.335637164768,
    "count_real": 20406,
    "count_err": 0.09288129163798725,
    "sum_est": 739907.4496861978,
    "sum_real": 904110.0,
    "sum_err": 0.18161788976319496,
    "query_dur_ms_est": 2.555370330810547,
    "query_dur_ms_real": 2108.581066131592,
    "query_dur_ms_err": 0.998788109040788,
    "order": [
        0,
        1,
        2,
        3,
        4,
        5,
        6,
        7,
        8,
        9
    ],
    "groupby": false
}