{
    "timestamp": "2022-07-27 14:23:41.572284",
    "dataset": "dmv.csv",
    "model": "dmv.csv-2.6MB-model16.691*",
    "query": "'SELECT Model Year FROM dmv.csv WHERE State<=CO AND Registration Class>=HAC'",
    "avg_est": 2004.93896484375,
    "avg_real": 2006.162799000357,
    "avg_err": 0.0006100373096424409,
    "count_est": 6135.917419060017,
    "count_real": 5602,
    "count_err": 0.09530835756158818,
    "sum_est": 12302139.918536924,
    "sum_real": 11238524.0,
    "sum_err": 0.09464017859791231,
    "query_dur_ms_est": 2.560138702392578,
    "query_dur_ms_real": 2108.581066131592,
    "query_dur_ms_err": 0.9987858476282871,
    "order": [
        0,
        1,
        2,
        3,
        4,
        5,
        6,
        7,
        9,
        8
    ],
    "groupby": false
}