{
    "timestamp": "2022-07-27 14:15:28.460340",
    "dataset": "dmv.csv",
    "model": "dmv.csv-2.6MB-model16.691*",
    "query": "'SELECT Model Year FROM dmv.csv WHERE Suspension Indicator=N'",
    "avg_est": 2012.11572265625,
    "avg_real": 2012.1374203480796,
    "avg_err": 1.0783404557828423e-05,
    "count_est": 12480365.484853268,
    "count_real": 12505841,
    "count_err": 0.0020370893206408374,
    "sum_est": 25111939616.569653,
    "sum_real": 25163426382.0,
    "sum_err": 0.002046095179914654,
    "query_dur_ms_est": 1.4801025390625,
    "query_dur_ms_real": 2108.581066131592,
    "query_dur_ms_err": 0.9992980575597323,
    "order": [
        0,
        1,
        2,
        3,
        4,
        5,
        6,
        7,
        9,
        8
    ],
    "groupby": false
}