{
    "timestamp": "2022-07-27 14:22:39.480246",
    "dataset": "dmv.csv",
    "model": "dmv.csv-2.6MB-model16.691*",
    "query": "'SELECT Model Year FROM dmv.csv WHERE State>=DE<=NE AND Revocation Indicator=Y'",
    "avg_est": 2015.2073974609375,
    "avg_real": 2017.0,
    "avg_err": 0.0008887469207052554,
    "count_est": 6.260207428071453,
    "count_real": 3,
    "count_err": 1.086735809357151,
    "sum_est": 12615.616318689503,
    "sum_real": 6051.0,
    "sum_err": 1.0848812293322596,
    "query_dur_ms_est": 2.5796890258789062,
    "query_dur_ms_real": 2108.581066131592,
    "query_dur_ms_err": 0.9987765758370336,
    "order": [
        0,
        1,
        2,
        3,
        4,
        5,
        6,
        7,
        9,
        8
    ],
    "groupby": false
}