{
    "timestamp": "2022-07-27 14:17:18.606322",
    "dataset": "dmv.csv",
    "model": "dmv.csv-2.6MB-model16.691*",
    "query": "'SELECT Model Year FROM dmv.csv WHERE Registration Class>=FPW<=FPW'",
    "avg_est": 2005.1904296875,
    "avg_real": 2012.0697674418604,
    "avg_err": 0.0034190353961268544,
    "count_est": 66.66253538210549,
    "count_real": 43,
    "count_err": 0.5502915205140811,
    "sum_est": 133671.0779669023,
    "sum_real": 86519.0,
    "sum_err": 0.5449910189311283,
    "query_dur_ms_est": 1.5163421630859375,
    "query_dur_ms_real": 2108.581066131592,
    "query_dur_ms_err": 0.9992808708247258,
    "order": [
        0,
        1,
        2,
        3,
        4,
        5,
        6,
        7,
        9,
        8
    ],
    "groupby": false
}