{
    "timestamp": "2022-07-27 14:18:18.180233",
    "dataset": "dmv.csv",
    "model": "dmv.csv-2.6MB-model16.691*",
    "query": "'SELECT Weight_100 FROM dmv.csv WHERE Suspension Indicator=Y AND Revocation Indicator=N'",
    "avg_est": 48.685081481933594,
    "avg_real": 49.281561653197286,
    "avg_err": 0.012103516026160553,
    "count_est": 165900.30638713762,
    "count_real": 140400,
    "count_err": 0.18162611386850158,
    "sum_est": 8076869.934335544,
    "sum_real": 6201641.0,
    "sum_err": 0.30237624756665915,
    "query_dur_ms_est": 2.5839805603027344,
    "query_dur_ms_real": 2108.581066131592,
    "query_dur_ms_err": 0.9987745405657827,
    "order": [
        0,
        1,
        2,
        3,
        4,
        5,
        6,
        7,
        8,
        9
    ],
    "groupby": false
}