{
    "timestamp": "2022-07-27 14:16:02.701669",
    "dataset": "dmv.csv",
    "model": "dmv.csv-2.6MB-model16.691*",
    "query": "'SELECT Weight_100 FROM dmv.csv WHERE State>=AR<=S'",
    "avg_est": 49.55546569824219,
    "avg_real": 49.46330169806016,
    "avg_err": 0.0018632803920900659,
    "count_est": 12623166.68782115,
    "count_real": 12626550,
    "count_err": 0.00026795222597227064,
    "sum_est": 625546903.8015144,
    "sum_real": 479733335.0,
    "sum_err": 0.303947126796003,
    "query_dur_ms_est": 1.4996528625488281,
    "query_dur_ms_real": 2108.581066131592,
    "query_dur_ms_err": 0.9992887857684789,
    "order": [
        0,
        1,
        2,
        3,
        4,
        5,
        6,
        7,
        8,
        9
    ],
    "groupby": false
}