{
    "timestamp": "2022-07-27 14:21:55.066647",
    "dataset": "dmv.csv",
    "model": "dmv.csv-2.6MB-model16.691*",
    "query": "'SELECT Model Year FROM dmv.csv WHERE State=NJ AND Weight_100=71.0'",
    "avg_est": 2015.351318359375,
    "avg_real": 2016.4736842105262,
    "avg_err": 0.0005565983131541158,
    "count_est": 59.73321537392985,
    "count_real": 57,
    "count_err": 0.047951146911050034,
    "sum_est": 120383.41435369401,
    "sum_real": 114939.0,
    "sum_err": 0.04736785907041135,
    "query_dur_ms_est": 2.550840377807617,
    "query_dur_ms_real": 2108.581066131592,
    "query_dur_ms_err": 0.9987902573826638,
    "order": [
        0,
        1,
        2,
        3,
        4,
        5,
        6,
        7,
        9,
        8
    ],
    "groupby": false
}