{
    "timestamp": "2022-07-27 14:20:38.063663",
    "dataset": "dmv.csv",
    "model": "dmv.csv-2.6MB-model16.691*",
    "query": "'SELECT Model Year FROM dmv.csv WHERE Registration Class<=STA'",
    "avg_est": 2005.1904296875,
    "avg_real": 2012.1826427299413,
    "avg_err": 0.00347493954771171,
    "count_est": 12353196.15437293,
    "count_real": 12361724,
    "count_err": 0.0006898589247801903,
    "sum_est": 24770510704.80103,
    "sum_real": 24874002199.0,
    "sum_err": 0.004160628972008832,
    "query_dur_ms_est": 1.5711784362792969,
    "query_dur_ms_real": 2108.581066131592,
    "query_dur_ms_err": 0.9992548645809659,
    "order": [
        0,
        1,
        2,
        3,
        4,
        5,
        6,
        7,
        9,
        8
    ],
    "groupby": false
}