{
    "timestamp": "2022-07-27 14:17:35.025456",
    "dataset": "dmv.csv",
    "model": "dmv.csv-2.6MB-model16.691*",
    "query": "'SELECT Model Year FROM dmv.csv WHERE State>=MO<=WY'",
    "avg_est": 2012.0474853515625,
    "avg_real": 2012.122779410339,
    "avg_err": 3.742021090710996e-05,
    "count_est": 12568701.61990428,
    "count_real": 12573653,
    "count_err": 0.0003937901018677938,
    "sum_est": 25288824488.462517,
    "sum_real": 25299689355.0,
    "sum_err": 0.00042944663806063617,
    "query_dur_ms_est": 1.4851093292236328,
    "query_dur_ms_real": 2108.581066131592,
    "query_dur_ms_err": 0.9992956830766064,
    "order": [
        0,
        1,
        2,
        3,
        4,
        5,
        6,
        7,
        9,
        8
    ],
    "groupby": false
}