{
    "timestamp": "2022-07-27 14:23:09.384720",
    "dataset": "dmv.csv",
    "model": "dmv.csv-2.6MB-model16.691*",
    "query": "'SELECT Model Year FROM dmv.csv WHERE Scofflaw Indicator=N'",
    "avg_est": 2012.09130859375,
    "avg_real": 2012.132893623007,
    "avg_err": 2.0667138531861106e-05,
    "count_est": 12624013.181832314,
    "count_real": 12625910,
    "count_err": 0.00015023219456549765,
    "sum_est": 25400667202.73773,
    "sum_real": 25404964556.0,
    "sum_err": 0.00016915407430698252,
    "query_dur_ms_est": 1.432657241821289,
    "query_dur_ms_real": 2108.581066131592,
    "query_dur_ms_err": 0.999320558614116,
    "order": [
        0,
        1,
        2,
        3,
        4,
        5,
        6,
        7,
        9,
        8
    ],
    "groupby": false
}