{
    "timestamp": "2022-07-27 14:21:49.910511",
    "dataset": "dmv.csv",
    "model": "dmv.csv-2.6MB-model16.691*",
    "query": "'SELECT Model Year FROM dmv.csv WHERE Suspension Indicator=Y'",
    "avg_est": 2012.11572265625,
    "avg_real": 2011.9524256985228,
    "avg_err": 8.116342893669733e-05,
    "count_est": 165951.6811488904,
    "count_real": 140475,
    "count_err": 0.18136096208500022,
    "sum_est": 333913986.8409192,
    "sum_real": 282629017.0,
    "sum_err": 0.18145684539149495,
    "query_dur_ms_est": 1.5583038330078125,
    "query_dur_ms_real": 2108.581066131592,
    "query_dur_ms_err": 0.9992609703947183,
    "order": [
        0,
        1,
        2,
        3,
        4,
        5,
        6,
        7,
        9,
        8
    ],
    "groupby": false
}