{
    "timestamp": "2022-07-27 14:20:08.050712",
    "dataset": "dmv.csv",
    "model": "dmv.csv-2.6MB-model16.691*",
    "query": "'SELECT Weight_100 FROM dmv.csv WHERE Record Type=VEH AND State>=CO AND County>=SCHOHARIE AND Fuel Type=COMP N/G AND Scofflaw Indicator=N AND Suspension Indicator=N AND Model Year=1901.0'",
    "avg_est": 26.425434112548828,
    "avg_real": NaN,
    "avg_err": NaN,
    "count_est": 3.132623409970764e-06,
    "count_real": 0,
    "count_err": "result=0!",
    "sum_est": 8.278093351961047e-05,
    "sum_real": 0.0,
    "sum_err": "result=0!",
    "query_dur_ms_est": 7.220268249511719,
    "query_dur_ms_real": 2108.581066131592,
    "query_dur_ms_err": 0.9965757691911945,
    "order": [
        0,
        1,
        2,
        3,
        4,
        5,
        6,
        7,
        8,
        9
    ],
    "groupby": false
}