{
    "timestamp": "2022-07-27 14:15:23.024364",
    "dataset": "dmv.csv",
    "model": "dmv.csv-2.6MB-model16.691*",
    "query": "'SELECT Model Year FROM dmv.csv WHERE Record Type=BOAT AND State>=YH AND County>=ONONDAGA<=OUT-OF-STATE AND Suspension Indicator=N AND Revocation Indicator=N AND Registration Class>=JWV<=PSD AND Weight_100<=11.0'",
    "avg_est": 2004.905029296875,
    "avg_real": NaN,
    "avg_err": NaN,
    "count_est": 5.56935508771194e-08,
    "count_real": 0,
    "count_err": "result=0!",
    "sum_est": 0.00011166028025293807,
    "sum_real": 0.0,
    "sum_err": "result=0!",
    "query_dur_ms_est": 7.203340530395508,
    "query_dur_ms_real": 2108.581066131592,
    "query_dur_ms_err": 0.9965837972055726,
    "order": [
        0,
        1,
        2,
        3,
        4,
        5,
        6,
        7,
        9,
        8
    ],
    "groupby": false
}