{
    "timestamp": "2022-07-27 14:22:19.235667",
    "dataset": "dmv.csv",
    "model": "dmv.csv-2.6MB-model16.691*",
    "query": "'SELECT Model Year FROM dmv.csv WHERE County>=SUFFOLK'",
    "avg_est": 2012.262939453125,
    "avg_real": 2011.772155534604,
    "avg_err": 0.00024395601518330338,
    "count_est": 2848615.917646408,
    "count_real": 2847858,
    "count_err": 0.00026613603852723033,
    "sum_est": 5732164239.816122,
    "sum_real": 5729235392.0,
    "sum_err": 0.000511210941029189,
    "query_dur_ms_est": 1.4922618865966797,
    "query_dur_ms_real": 2108.581066131592,
    "query_dur_ms_err": 0.9992922909578552,
    "order": [
        0,
        1,
        2,
        3,
        4,
        5,
        6,
        7,
        9,
        8
    ],
    "groupby": false
}