{
    "timestamp": "2022-07-27 14:18:52.798281",
    "dataset": "dmv.csv",
    "model": "dmv.csv-2.6MB-model16.691*",
    "query": "'SELECT Weight_100 FROM dmv.csv WHERE Record Type=BOAT AND State>=MA AND County>=DUTCHESS<=ONONDAGA AND Scofflaw Indicator=Y AND Suspension Indicator=N AND Revocation Indicator=Y AND Registration Class<=HIR'",
    "avg_est": 74.66242980957031,
    "avg_real": NaN,
    "avg_err": NaN,
    "count_est": 4.4175366261988216e-05,
    "count_real": 0,
    "count_err": "result=0!",
    "sum_est": 0.0032982401828477556,
    "sum_real": 0.0,
    "sum_err": "result=0!",
    "query_dur_ms_est": 7.2231292724609375,
    "query_dur_ms_real": 2108.581066131592,
    "query_dur_ms_err": 0.996574412343694,
    "order": [
        0,
        1,
        2,
        3,
        4,
        5,
        6,
        7,
        8,
        9
    ],
    "groupby": false
}