{
    "timestamp": "2022-07-27 14:18:20.137276",
    "dataset": "dmv.csv",
    "model": "dmv.csv-2.6MB-model16.691*",
    "query": "'SELECT Weight_100 FROM dmv.csv WHERE Fuel Type=OTHER AND Scofflaw Indicator=Y'",
    "avg_est": 51.75716781616211,
    "avg_real": NaN,
    "avg_err": NaN,
    "count_est": 2.3026428455210635,
    "count_real": 0,
    "count_err": "result=0!",
    "sum_est": 119.17827217631873,
    "sum_real": 0.0,
    "sum_err": "result=0!",
    "query_dur_ms_est": 2.5463104248046875,
    "query_dur_ms_real": 2108.581066131592,
    "query_dur_ms_err": 0.9987924057245396,
    "order": [
        0,
        1,
        2,
        3,
        4,
        5,
        6,
        7,
        8,
        9
    ],
    "groupby": false
}