{
    "timestamp": "2022-07-27 14:17:43.941970",
    "dataset": "dmv.csv",
    "model": "dmv.csv-2.6MB-model16.691*",
    "query": "'SELECT Weight_100 FROM dmv.csv WHERE Record Type=SNOW AND State>=CA AND Suspension Indicator=Y AND Registration Class>=COM AND Model Year>=1915.0'",
    "avg_est": 76.23619079589844,
    "avg_real": NaN,
    "avg_err": NaN,
    "count_est": 24.201371073084374,
    "count_real": 5,
    "count_err": 3.840274214616875,
    "sum_est": 1845.0203426499977,
    "sum_real": 0.0,
    "sum_err": "result=0!",
    "query_dur_ms_est": 5.004167556762695,
    "query_dur_ms_real": 2108.581066131592,
    "query_dur_ms_err": 0.9976267606509702,
    "order": [
        0,
        1,
        2,
        3,
        4,
        5,
        6,
        7,
        8,
        9
    ],
    "groupby": false
}