{
    "timestamp": "2022-07-27 13:09:36.871788",
    "dataset": "dmv.csv",
    "model": "dmv.csv-2.6MB*",
    "query": "'SELECT Weight_100 FROM dmv.csv WHERE Fuel Type=NONE'",
    "avg_est": 63.01802062988281,
    "avg_real": 81.99741362862251,
    "avg_err": 0.2314633127905712,
    "count_est": 772822.6028102189,
    "count_real": 804800,
    "count_err": 0.0397333464087737,
    "sum_est": 48701750.72713411,
    "sum_real": 11603536.0,
    "sum_err": 3.1971473805169484,
    "query_dur_ms_est": 9.922981262207031,
    "query_dur_ms_real": 3474.212408065796,
    "query_dur_ms_err": 0.997143818484106,
    "order": [
        0,
        1,
        2,
        3,
        4,
        5,
        6,
        7,
        8,
        9
    ],
    "groupby": false
}