{
    "timestamp": "2022-07-27 13:13:33.020123",
    "dataset": "dmv.csv",
    "model": "dmv.csv-2.6MB*",
    "query": "'SELECT Weight_100 FROM dmv.csv WHERE Record Type=VEH AND Revocation Indicator=N'",
    "avg_est": 47.92596435546875,
    "avg_real": 49.0306729411696,
    "avg_err": 0.022530969277667356,
    "count_est": 11383406.483898401,
    "count_real": 11386786,
    "count_err": 0.00029679280014560205,
    "sum_est": 545560733.3911266,
    "sum_real": 470117026.0,
    "sum_err": 0.16047856856630127,
    "query_dur_ms_est": 9.94110107421875,
    "query_dur_ms_real": 3474.212408065796,
    "query_dur_ms_err": 0.9971386029676426,
    "order": [
        0,
        1,
        2,
        3,
        4,
        5,
        6,
        7,
        8,
        9
    ],
    "groupby": false
}