{
    "timestamp": "2022-07-27 13:13:02.541622",
    "dataset": "dmv.csv",
    "model": "dmv.csv-2.6MB*",
    "query": "'SELECT Weight_100 FROM dmv.csv WHERE Revocation Indicator=N AND Model Year>=2007.0'",
    "avg_est": 47.59979248046875,
    "avg_real": 50.80751672163853,
    "avg_err": 0.06313483610592668,
    "count_est": 10044483.614664316,
    "count_real": 10089931,
    "count_err": 0.0045042315290048885,
    "sum_est": 478115335.6314901,
    "sum_real": 410734875.0,
    "sum_err": 0.16404854988632292,
    "query_dur_ms_est": 10.043621063232422,
    "query_dur_ms_real": 3474.212408065796,
    "query_dur_ms_err": 0.9971090941244942,
    "order": [
        0,
        1,
        2,
        3,
        4,
        5,
        6,
        7,
        8,
        9
    ],
    "groupby": false
}