{
    "timestamp": "2022-07-27 13:07:22.758849",
    "dataset": "dmv.csv",
    "model": "dmv.csv-2.6MB*",
    "query": "'SELECT Weight_100 FROM dmv.csv WHERE Revocation Indicator=N AND Model Year=1971.0'",
    "avg_est": 34.88605880737305,
    "avg_real": 34.368090084820125,
    "avg_err": 0.015071210569879798,
    "count_est": 10438.359014106449,
    "count_real": 9813,
    "count_err": 0.0637276076741515,
    "sum_est": 364153.2064185901,
    "sum_real": 235009.0,
    "sum_err": 0.5495287687645584,
    "query_dur_ms_est": 10.04171371459961,
    "query_dur_ms_real": 3474.212408065796,
    "query_dur_ms_err": 0.9971096431262272,
    "order": [
        0,
        1,
        2,
        3,
        4,
        5,
        6,
        7,
        8,
        9
    ],
    "groupby": false
}