{
    "timestamp": "2022-07-27 13:08:09.124960",
    "dataset": "dmv.csv",
    "model": "dmv.csv-2.6MB*",
    "query": "'SELECT Model Year FROM dmv.csv WHERE Record Type=BOAT'",
    "avg_est": 2000.1046142578125,
    "avg_real": 2000.1510189457447,
    "avg_err": 2.3200592101610747e-05,
    "count_est": 364348.39701479673,
    "count_real": 365645,
    "count_err": 0.003546070601822167,
    "sum_est": 728734910.0667323,
    "sum_real": 731301216.0,
    "sum_err": 0.0035092324163012367,
    "query_dur_ms_est": 9.967803955078125,
    "query_dur_ms_real": 3474.212408065796,
    "query_dur_ms_err": 0.9971309169433807,
    "order": [
        0,
        1,
        2,
        3,
        4,
        5,
        6,
        7,
        9,
        8
    ],
    "groupby": false
}