{
    "timestamp": "2022-07-27 13:10:45.447202",
    "dataset": "dmv.csv",
    "model": "dmv.csv-2.6MB*",
    "query": "'SELECT Model Year FROM dmv.csv WHERE Registration Class>=HIR'",
    "avg_est": 2012.2489013671875,
    "avg_real": 2012.5833952774876,
    "avg_err": 0.00016620126703072914,
    "count_est": 11264384.752497911,
    "count_real": 11402744,
    "count_err": 0.012133855456378618,
    "sum_est": 22666745842.79122,
    "sum_real": 22948973235.0,
    "sum_err": 0.01229804006125847,
    "query_dur_ms_est": 9.939432144165039,
    "query_dur_ms_real": 3474.212408065796,
    "query_dur_ms_err": 0.997139083344159,
    "order": [
        0,
        1,
        2,
        3,
        4,
        5,
        6,
        7,
        9,
        8
    ],
    "groupby": false
}