{
    "timestamp": "2022-07-27 13:11:38.594740",
    "dataset": "dmv.csv",
    "model": "dmv.csv-2.6MB*",
    "query": "'SELECT Weight_100 FROM dmv.csv WHERE Model Year>=1959.0'",
    "avg_est": 47.303985595703125,
    "avg_real": 49.53195353686246,
    "avg_err": 0.04498041732800315,
    "count_est": 12608746.892243624,
    "count_real": 12608980,
    "count_err": 1.8487439616548403e-05,
    "sum_est": 596443981.370559,
    "sum_real": 479193021.0,
    "sum_err": 0.24468419870947783,
    "query_dur_ms_est": 9.911775588989258,
    "query_dur_ms_real": 3474.212408065796,
    "query_dur_ms_err": 0.9971470438692873,
    "order": [
        0,
        1,
        2,
        3,
        4,
        5,
        6,
        7,
        8,
        9
    ],
    "groupby": false
}