{
    "timestamp": "2022-07-27 13:14:37.733157",
    "dataset": "dmv.csv",
    "model": "dmv.csv-2.6MB*",
    "query": "'SELECT Model Year FROM dmv.csv WHERE Suspension Indicator=N'",
    "avg_est": 2012.051025390625,
    "avg_real": 2012.1374203480796,
    "avg_err": 4.293690708242638e-05,
    "count_est": 12506306.79508853,
    "count_real": 12505841,
    "count_err": 3.724620267678014e-05,
    "sum_est": 25163327410.907616,
    "sum_real": 25163426382.0,
    "sum_err": 3.9331325902077775e-06,
    "query_dur_ms_est": 9.995222091674805,
    "query_dur_ms_real": 3474.212408065796,
    "query_dur_ms_err": 0.997123025043469,
    "order": [
        0,
        1,
        2,
        3,
        4,
        5,
        6,
        7,
        9,
        8
    ],
    "groupby": false
}