{
    "timestamp": "2022-07-27 13:08:46.496189",
    "dataset": "dmv.csv",
    "model": "dmv.csv-2.6MB*",
    "query": "'SELECT Model Year FROM dmv.csv WHERE Registration Class<=JCL'",
    "avg_est": 2008.5595703125,
    "avg_real": 2007.177001503067,
    "avg_err": 0.0006888126001830753,
    "count_est": 1435337.255681038,
    "count_real": 1398496,
    "count_err": 0.026343483056825264,
    "sum_est": 2882960381.5242286,
    "sum_real": 2806984850.0,
    "sum_err": 0.02706659835525246,
    "query_dur_ms_est": 9.970664978027344,
    "query_dur_ms_real": 3474.212408065796,
    "query_dur_ms_err": 0.9971300934407812,
    "order": [
        0,
        1,
        2,
        3,
        4,
        5,
        6,
        7,
        9,
        8
    ],
    "groupby": false
}