{
    "timestamp": "2022-07-27 13:10:24.504018",
    "dataset": "dmv.csv",
    "model": "dmv.csv-2.6MB*",
    "query": "'SELECT Model Year FROM dmv.csv WHERE County>=FRANKLIN<=TIOGA'",
    "avg_est": 2012.1143798828125,
    "avg_real": 2012.281876149048,
    "avg_err": 8.323697997819493e-05,
    "count_est": 8813035.333681107,
    "count_real": 8794798,
    "count_err": 0.002073650091918719,
    "sum_est": 17732835125.315075,
    "sum_real": 17697578411.0,
    "sum_err": 0.001992177319195318,
    "query_dur_ms_est": 10.034322738647461,
    "query_dur_ms_real": 3474.212408065796,
    "query_dur_ms_err": 0.9971117705079425,
    "order": [
        0,
        1,
        2,
        3,
        4,
        5,
        6,
        7,
        9,
        8
    ],
    "groupby": false
}