{
    "timestamp": "2022-07-27 13:08:49.735113",
    "dataset": "dmv.csv",
    "model": "dmv.csv-2.6MB*",
    "query": "'SELECT Weight_100 FROM dmv.csv WHERE Record Type=SNOW AND Scofflaw Indicator=Y AND Revocation Indicator=Y AND Registration Class=OMF'",
    "avg_est": 28.26432991027832,
    "avg_real": NaN,
    "avg_err": NaN,
    "count_est": 2.0490553788698126e-16,
    "count_real": 0,
    "count_err": "result=0!",
    "sum_est": 5.7915177232806724e-15,
    "sum_real": 0.0,
    "sum_err": "result=0!",
    "query_dur_ms_est": 10.055065155029297,
    "query_dur_ms_real": 3474.212408065796,
    "query_dur_ms_err": 0.9971058001140963,
    "order": [
        0,
        1,
        2,
        3,
        4,
        5,
        6,
        7,
        8,
        9
    ],
    "groupby": false
}