{
    "timestamp": "2022-07-27 13:09:42.643141",
    "dataset": "dmv.csv",
    "model": "dmv.csv-2.6MB*",
    "query": "'SELECT Model Year FROM dmv.csv WHERE Suspension Indicator=Y'",
    "avg_est": 2011.220947265625,
    "avg_real": 2011.9524256985228,
    "avg_err": 0.0003635664658640438,
    "count_est": 140243.55956744403,
    "count_real": 140475,
    "count_err": 0.001647556024602054,
    "sum_est": 282060784.7211379,
    "sum_real": 282629017.0,
    "sum_err": 0.0020105234943449514,
    "query_dur_ms_est": 9.872674942016602,
    "query_dur_ms_real": 3474.212408065796,
    "query_dur_ms_err": 0.9971582984048137,
    "order": [
        0,
        1,
        2,
        3,
        4,
        5,
        6,
        7,
        9,
        8
    ],
    "groupby": false
}