{
    "timestamp": "2022-07-27 13:07:19.559931",
    "dataset": "dmv.csv",
    "model": "dmv.csv-2.6MB*",
    "query": "'SELECT Weight_100 FROM dmv.csv WHERE Revocation Indicator=N'",
    "avg_est": 46.97180938720703,
    "avg_real": 49.466124927671096,
    "avg_err": 0.050424720838982834,
    "count_est": 12641157.889119864,
    "count_real": 12640636,
    "count_err": 4.128661879540793e-05,
    "sum_est": 593778058.8013266,
    "sum_real": 480016061.0,
    "sum_err": 0.23699623209342288,
    "query_dur_ms_est": 10.005950927734375,
    "query_dur_ms_real": 3474.212408065796,
    "query_dur_ms_err": 0.9971199369087208,
    "order": [
        0,
        1,
        2,
        3,
        4,
        5,
        6,
        7,
        8,
        9
    ],
    "groupby": false
}