{
    "timestamp": "2022-07-27 13:09:03.445485",
    "dataset": "dmv.csv",
    "model": "dmv.csv-2.6MB*",
    "query": "'SELECT Weight_100 FROM dmv.csv WHERE Record Type=VEH AND Revocation Indicator=Y'",
    "avg_est": 45.928287506103516,
    "avg_real": 54.645161290322584,
    "avg_err": 0.1595177611043631,
    "count_est": 5153.262843385804,
    "count_real": 5680,
    "count_err": 0.09273541489686542,
    "sum_est": 236680.53746554372,
    "sum_real": 1694.0,
    "sum_err": 138.7169642653741,
    "query_dur_ms_est": 10.082483291625977,
    "query_dur_ms_real": 3474.212408065796,
    "query_dur_ms_err": 0.9970979082141845,
    "order": [
        0,
        1,
        2,
        3,
        4,
        5,
        6,
        7,
        8,
        9
    ],
    "groupby": false
}