{
    "timestamp": "2022-07-27 13:09:07.222058",
    "dataset": "dmv.csv",
    "model": "dmv.csv-2.6MB*",
    "query": "'SELECT Weight_100 FROM dmv.csv WHERE State>=IN<=IO'",
    "avg_est": 71.22900390625,
    "avg_real": 95.052165812762,
    "avg_err": 0.25063249956281825,
    "count_est": 4848.359167948831,
    "count_real": 3975,
    "count_err": 0.21971299822612098,
    "sum_est": 345343.79411273025,
    "sum_real": 204077.0,
    "sum_err": 0.692223004614583,
    "query_dur_ms_est": 10.00356674194336,
    "query_dur_ms_real": 3474.212408065796,
    "query_dur_ms_err": 0.9971206231608871,
    "order": [
        0,
        1,
        2,
        3,
        4,
        5,
        6,
        7,
        8,
        9
    ],
    "groupby": false
}