{
    "timestamp": "2022-07-27 13:09:27.378350",
    "dataset": "dmv.csv",
    "model": "dmv.csv-2.6MB*",
    "query": "'SELECT Model Year FROM dmv.csv WHERE Weight_100>=12.0'",
    "avg_est": 2012.001708984375,
    "avg_real": 2013.4983764106041,
    "avg_err": 0.000743316927276188,
    "count_est": 8540045.16086626,
    "count_real": 8537565,
    "count_err": 0.0002904997931214027,
    "sum_est": 17182585458.46666,
    "sum_real": 17190373266.0,
    "sum_err": 0.000453033067568322,
    "query_dur_ms_est": 9.876251220703125,
    "query_dur_ms_real": 3474.212408065796,
    "query_dur_ms_err": 0.9971572690265643,
    "order": [
        0,
        1,
        2,
        3,
        4,
        5,
        6,
        7,
        9,
        8
    ],
    "groupby": false
}