{
    "timestamp": "2022-07-27 13:10:47.574646",
    "dataset": "dmv.csv",
    "model": "dmv.csv-2.6MB*",
    "query": "'SELECT Weight_100 FROM dmv.csv WHERE County<=ALLEGANY'",
    "avg_est": 45.33015823364258,
    "avg_real": 49.105424521396515,
    "avg_err": 0.07688084004057341,
    "count_est": 303745.0461814329,
    "count_real": 315075,
    "count_err": 0.03595954556396762,
    "sum_est": 13768811.006089427,
    "sum_real": 11740174.0,
    "sum_err": 0.1727944582498885,
    "query_dur_ms_est": 9.909391403198242,
    "query_dur_ms_real": 3474.212408065796,
    "query_dur_ms_err": 0.9971477301214536,
    "order": [
        0,
        1,
        2,
        3,
        4,
        5,
        6,
        7,
        8,
        9
    ],
    "groupby": false
}