{
    "timestamp": "2022-07-27 13:15:01.911087",
    "dataset": "dmv.csv",
    "model": "dmv.csv-2.6MB*",
    "query": "'SELECT Model Year FROM dmv.csv WHERE Suspension Indicator=N'",
    "avg_est": 2012.1441650390625,
    "avg_real": 2012.1374203480796,
    "avg_err": 3.3520031558155847e-06,
    "count_est": 12505303.515009403,
    "count_real": 12505841,
    "count_err": 4.297871615325761e-05,
    "sum_est": 25162473499.76865,
    "sum_real": 25163426382.0,
    "sum_err": 3.7867745706982277e-05,
    "query_dur_ms_est": 9.884357452392578,
    "query_dur_ms_real": 3474.212408065796,
    "query_dur_ms_err": 0.9971549357691991,
    "order": [
        0,
        1,
        2,
        3,
        4,
        5,
        6,
        7,
        9,
        8
    ],
    "groupby": false
}