{
    "timestamp": "2022-07-27 13:07:34.170286",
    "dataset": "dmv.csv",
    "model": "dmv.csv-2.6MB*",
    "query": "'SELECT Weight_100 FROM dmv.csv WHERE Revocation Indicator=Y AND Model Year<=2017.0'",
    "avg_est": 45.748268127441406,
    "avg_real": 55.44,
    "avg_err": 0.17481478846606407,
    "count_est": 3109.186344863265,
    "count_real": 3503,
    "count_err": 0.11242182561710967,
    "sum_est": 142239.89056298413,
    "sum_real": 1386.0,
    "sum_err": 101.62618366737672,
    "query_dur_ms_est": 9.973526000976562,
    "query_dur_ms_real": 3474.212408065796,
    "query_dur_ms_err": 0.9971292699381817,
    "order": [
        0,
        1,
        2,
        3,
        4,
        5,
        6,
        7,
        8,
        9
    ],
    "groupby": false
}