{
    "timestamp": "2022-07-27 13:11:06.677866",
    "dataset": "dmv.csv",
    "model": "dmv.csv-2.6MB*",
    "query": "'SELECT Model Year FROM dmv.csv WHERE Scofflaw Indicator=Y'",
    "avg_est": 2013.3155517578125,
    "avg_real": 2013.6647554640792,
    "avg_err": 0.0001734170026659953,
    "count_est": 17577.93008937314,
    "count_real": 20406,
    "count_err": 0.1385901161730304,
    "sum_est": 35389920.01664654,
    "sum_real": 41090843.0,
    "sum_err": 0.1387394992931505,
    "query_dur_ms_est": 9.965658187866211,
    "query_dur_ms_real": 3474.212408065796,
    "query_dur_ms_err": 0.9971315345703303,
    "order": [
        0,
        1,
        2,
        3,
        4,
        5,
        6,
        7,
        9,
        8
    ],
    "groupby": false
}