{
    "timestamp": "2022-07-27 13:12:30.645155",
    "dataset": "dmv.csv",
    "model": "dmv.csv-2.6MB*",
    "query": "'SELECT Model Year FROM dmv.csv WHERE Revocation Indicator=Y'",
    "avg_est": 2014.020263671875,
    "avg_real": 2015.9639084507041,
    "avg_err": 0.000964126773639939,
    "count_est": 5041.793331518769,
    "count_real": 5680,
    "count_err": 0.11236032895796316,
    "sum_est": 10154273.934924534,
    "sum_real": 11450675.0,
    "sum_err": 0.1132161261301597,
    "query_dur_ms_est": 9.964942932128906,
    "query_dur_ms_real": 3474.212408065796,
    "query_dur_ms_err": 0.9971317404459802,
    "order": [
        0,
        1,
        2,
        3,
        4,
        5,
        6,
        7,
        9,
        8
    ],
    "groupby": false
}