{
    "timestamp": "2022-07-27 13:06:39.045875",
    "dataset": "dmv.csv",
    "model": "dmv.csv-2.6MB*",
    "query": "'SELECT Model Year FROM dmv.csv WHERE County>=CHAUTAUQUA<=RICHMOND AND Scofflaw Indicator=N'",
    "avg_est": 2012.382080078125,
    "avg_real": 2012.3598132379725,
    "avg_err": 1.1065039167458195e-05,
    "count_est": 7894179.275698423,
    "count_real": 7896480,
    "count_err": 0.00029136074574704355,
    "sum_est": 15886104911.339619,
    "sum_real": 15890530845.0,
    "sum_err": 0.0002785264824412049,
    "query_dur_ms_est": 10.187864303588867,
    "query_dur_ms_real": 3474.212408065796,
    "query_dur_ms_err": 0.9970675758684366,
    "order": [
        0,
        1,
        2,
        3,
        4,
        5,
        6,
        7,
        9,
        8
    ],
    "groupby": false
}