{
    "timestamp": "2022-07-27 13:15:03.715839",
    "dataset": "dmv.csv",
    "model": "dmv.csv-2.6MB*",
    "query": "'SELECT Model Year FROM dmv.csv WHERE Record Type=SNOW AND State>=RK AND County>=COLUMBIA<=MONROE AND Fuel Type=COMP N/G AND Suspension Indicator=N AND Registration Class>=RGL'",
    "avg_est": 2012.57958984375,
    "avg_real": NaN,
    "avg_err": NaN,
    "count_est": 4.110778475971442e-09,
    "count_real": 0,
    "count_err": "result=0!",
    "sum_est": 8.273268859109121e-06,
    "sum_real": 0.0,
    "sum_err": "result=0!",
    "query_dur_ms_est": 10.209321975708008,
    "query_dur_ms_real": 3474.212408065796,
    "query_dur_ms_err": 0.9970613995989405,
    "order": [
        0,
        1,
        2,
        3,
        4,
        5,
        6,
        7,
        9,
        8
    ],
    "groupby": false
}