{
    "timestamp": "2022-07-27 13:12:34.489625",
    "dataset": "dmv.csv",
    "model": "dmv.csv-2.6MB*",
    "query": "'SELECT Weight_100 FROM dmv.csv WHERE Suspension Indicator=Y'",
    "avg_est": 48.53639602661133,
    "avg_real": 49.281526627783165,
    "avg_err": 0.015119876597973717,
    "count_est": 134191.419477053,
    "count_real": 140475,
    "count_err": 0.04473095229006594,
    "sum_est": 6513167.879111368,
    "sum_real": 6201883.0,
    "sum_err": 0.05019199477180853,
    "query_dur_ms_est": 9.909391403198242,
    "query_dur_ms_real": 3474.212408065796,
    "query_dur_ms_err": 0.9971477301214536,
    "order": [
        0,
        1,
        2,
        3,
        4,
        5,
        6,
        7,
        8,
        9
    ],
    "groupby": false
}