{
    "timestamp": "2022-07-27 13:06:44.844626",
    "dataset": "dmv.csv",
    "model": "dmv.csv-2.6MB*",
    "query": "'SELECT Model Year FROM dmv.csv WHERE Revocation Indicator=N'",
    "avg_est": 2012.1234130859375,
    "avg_real": 2012.1336450903414,
    "avg_err": 5.085151490223816e-06,
    "count_est": 12641367.439729929,
    "count_real": 12640636,
    "count_err": 5.786415572198822e-05,
    "sum_est": 25435991398.902824,
    "sum_real": 25434604724.0,
    "sum_err": 5.4519223627483404e-05,
    "query_dur_ms_est": 10.02192497253418,
    "query_dur_ms_real": 3474.212408065796,
    "query_dur_ms_err": 0.997115339019207,
    "order": [
        0,
        1,
        2,
        3,
        4,
        5,
        6,
        7,
        9,
        8
    ],
    "groupby": false
}