{
    "timestamp": "2022-07-27 13:13:05.858292",
    "dataset": "dmv.csv",
    "model": "dmv.csv-2.6MB*",
    "query": "'SELECT Weight_100 FROM dmv.csv WHERE Record Type=VEH'",
    "avg_est": 48.858150482177734,
    "avg_real": 49.030691093498355,
    "avg_err": 0.0035190328235756804,
    "count_est": 11388790.728530407,
    "count_real": 11392466,
    "count_err": 0.0003226054367503092,
    "sum_est": 556435251.2245692,
    "sum_real": 470118720.0,
    "sum_err": 0.18360581604699597,
    "query_dur_ms_est": 9.937047958374023,
    "query_dur_ms_real": 3474.212408065796,
    "query_dur_ms_err": 0.9971397695963252,
    "order": [
        0,
        1,
        2,
        3,
        4,
        5,
        6,
        7,
        8,
        9
    ],
    "groupby": false
}