{
    "timestamp": "2022-07-27 13:08:47.802327",
    "dataset": "dmv.csv",
    "model": "dmv.csv-2.6MB*",
    "query": "'SELECT Model Year FROM dmv.csv WHERE Weight_100<=0.0'",
    "avg_est": 2012.09619140625,
    "avg_real": 2011.3578076525337,
    "avg_err": 0.00036710711088153234,
    "count_est": 120873.33104971424,
    "count_real": 97667,
    "count_err": 0.23760667420637716,
    "sum_est": 243208769.04771683,
    "sum_real": 196443283.0,
    "sum_err": 0.2380610084169527,
    "query_dur_ms_est": 9.931564331054688,
    "query_dur_ms_real": 3474.212408065796,
    "query_dur_ms_err": 0.9971413479763076,
    "order": [
        0,
        1,
        2,
        3,
        4,
        5,
        6,
        7,
        9,
        8
    ],
    "groupby": false
}