{
    "timestamp": "2022-07-27 13:08:11.327161",
    "dataset": "dmv.csv",
    "model": "dmv.csv-2.6MB*",
    "query": "'SELECT Weight_100 FROM dmv.csv WHERE Suspension Indicator=Y'",
    "avg_est": 49.158546447753906,
    "avg_real": 49.281526627783165,
    "avg_err": 0.0024954620614355584,
    "count_est": 140451.28461857513,
    "count_real": 140475,
    "count_err": 0.00016882278999732386,
    "sum_est": 6904380.998568929,
    "sum_real": 6201883.0,
    "sum_err": 0.1132717270817474,
    "query_dur_ms_est": 9.987115859985352,
    "query_dur_ms_real": 3474.212408065796,
    "query_dur_ms_err": 0.9971253583008342,
    "order": [
        0,
        1,
        2,
        3,
        4,
        5,
        6,
        7,
        8,
        9
    ],
    "groupby": false
}