{
    "timestamp": "2022-07-27 13:09:24.987779",
    "dataset": "dmv.csv",
    "model": "dmv.csv-2.6MB*",
    "query": "'SELECT Weight_100 FROM dmv.csv WHERE Registration Class<=HIS'",
    "avg_est": 33.8526611328125,
    "avg_real": 20.019482479181804,
    "avg_err": 0.6909858268322258,
    "count_est": 1343020.0359283686,
    "count_real": 1285042,
    "count_err": 0.045117619446188195,
    "sum_est": 45464802.17086073,
    "sum_real": 3582086.0,
    "sum_err": 11.692269859199564,
    "query_dur_ms_est": 9.921789169311523,
    "query_dur_ms_real": 3474.212408065796,
    "query_dur_ms_err": 0.9971441616101892,
    "order": [
        0,
        1,
        2,
        3,
        4,
        5,
        6,
        7,
        8,
        9
    ],
    "groupby": false
}