{
    "timestamp": "2022-07-27 13:11:16.693476",
    "dataset": "dmv.csv",
    "model": "dmv.csv-2.6MB*",
    "query": "'SELECT Model Year FROM dmv.csv WHERE Weight_100>=12.0'",
    "avg_est": 2012.065185546875,
    "avg_real": 2013.4983764106041,
    "avg_err": 0.000711791417624098,
    "count_est": 8532820.18749404,
    "count_real": 8537565,
    "count_err": 0.0005557571164565617,
    "sum_est": 17168590433.788315,
    "sum_real": 17190373266.0,
    "sum_err": 0.0012671529509349505,
    "query_dur_ms_est": 9.989500045776367,
    "query_dur_ms_real": 3474.212408065796,
    "query_dur_ms_err": 0.997124672048668,
    "order": [
        0,
        1,
        2,
        3,
        4,
        5,
        6,
        7,
        9,
        8
    ],
    "groupby": false
}