{
    "timestamp": "2022-07-27 13:15:13.398583",
    "dataset": "dmv.csv",
    "model": "dmv.csv-2.6MB*",
    "query": "'SELECT Weight_100 FROM dmv.csv WHERE Suspension Indicator=Y'",
    "avg_est": 48.799072265625,
    "avg_real": 49.281526627783165,
    "avg_err": 0.009789760893611905,
    "count_est": 139958.7017068863,
    "count_real": 140475,
    "count_err": 0.003675374928732575,
    "sum_est": 6829854.798797397,
    "sum_real": 6201883.0,
    "sum_err": 0.10125502186955106,
    "query_dur_ms_est": 9.937524795532227,
    "query_dur_ms_real": 3474.212408065796,
    "query_dur_ms_err": 0.997139632345892,
    "order": [
        0,
        1,
        2,
        3,
        4,
        5,
        6,
        7,
        8,
        9
    ],
    "groupby": false
}