{
    "timestamp": "2022-07-27 13:08:30.409406",
    "dataset": "dmv.csv",
    "model": "dmv.csv-2.6MB*",
    "query": "'SELECT Weight_100 FROM dmv.csv WHERE Scofflaw Indicator=Y AND Revocation Indicator=N'",
    "avg_est": 51.32033920288086,
    "avg_real": 49.717349463843824,
    "avg_err": 0.03224205948876629,
    "count_est": 18710.207990586292,
    "count_real": 20396,
    "count_err": 0.08265306969080741,
    "sum_est": 960214.2206333404,
    "sum_real": 904110.0,
    "sum_err": 0.062054640069615884,
    "query_dur_ms_est": 9.987354278564453,
    "query_dur_ms_real": 3474.212408065796,
    "query_dur_ms_err": 0.9971252896756175,
    "order": [
        0,
        1,
        2,
        3,
        4,
        5,
        6,
        7,
        8,
        9
    ],
    "groupby": false
}