{
    "timestamp": "2022-07-27 13:12:50.290601",
    "dataset": "dmv.csv",
    "model": "dmv.csv-2.6MB*",
    "query": "'SELECT Model Year FROM dmv.csv WHERE Fuel Type=NONE'",
    "avg_est": 2008.1082763671875,
    "avg_real": 2008.1864413518886,
    "avg_err": 3.8923171221314226e-05,
    "count_est": 791330.7552879453,
    "count_real": 804800,
    "count_err": 0.016736139055734008,
    "sum_est": 1589077839.0376203,
    "sum_real": 1616188448.0,
    "sum_err": 0.016774410803349397,
    "query_dur_ms_est": 9.919404983520508,
    "query_dur_ms_real": 3474.212408065796,
    "query_dur_ms_err": 0.9971448478623554,
    "order": [
        0,
        1,
        2,
        3,
        4,
        5,
        6,
        7,
        9,
        8
    ],
    "groupby": false
}