{
    "timestamp": "2022-07-27 13:12:01.970056",
    "dataset": "dmv.csv",
    "model": "dmv.csv-2.6MB*",
    "query": "'SELECT Model Year FROM dmv.csv WHERE Weight_100>=10.0<=18.0'",
    "avg_est": 2012.0311279296875,
    "avg_real": 2012.37724125423,
    "avg_err": 0.00017199226737768078,
    "count_est": 859647.3635083735,
    "count_real": 871164,
    "count_err": 0.013219825993299196,
    "sum_est": 1729637254.4215348,
    "sum_real": 1753110607.0,
    "sum_err": 0.013389544552829931,
    "query_dur_ms_est": 9.879112243652344,
    "query_dur_ms_real": 3474.212408065796,
    "query_dur_ms_err": 0.9971564455239649,
    "order": [
        0,
        1,
        2,
        3,
        4,
        5,
        6,
        7,
        9,
        8
    ],
    "groupby": false
}