{
    "timestamp": "2022-07-27 13:13:44.332082",
    "dataset": "dmv.csv",
    "model": "dmv.csv-2.6MB*",
    "query": "'SELECT Model Year FROM dmv.csv WHERE Suspension Indicator=N AND Registration Class<=HIR'",
    "avg_est": 2011.2486572265625,
    "avg_real": 2008.0188180602947,
    "avg_err": 0.0016084705667189537,
    "count_est": 1160006.4100895524,
    "count_real": 1237344,
    "count_err": 0.06250290130347551,
    "sum_est": 2333061334.6668177,
    "sum_real": 2484565860.0,
    "sum_err": 0.060978268989489506,
    "query_dur_ms_est": 10.086297988891602,
    "query_dur_ms_real": 3474.212408065796,
    "query_dur_ms_err": 0.9970968102107185,
    "order": [
        0,
        1,
        2,
        3,
        4,
        5,
        6,
        7,
        9,
        8
    ],
    "groupby": false
}