{
    "timestamp": "2022-07-27 13:11:08.730550",
    "dataset": "dmv.csv",
    "model": "dmv.csv-2.6MB*",
    "query": "'SELECT Weight_100 FROM dmv.csv WHERE Registration Class<=LMB AND Model Year<=1969.0'",
    "avg_est": 36.54542541503906,
    "avg_real": 33.38197393469029,
    "avg_err": 0.09476526123164138,
    "count_est": 37740.595462660305,
    "count_real": 38778,
    "count_err": 0.026752399229967888,
    "sum_est": 1379246.1165998138,
    "sum_real": 911862.0,
    "sum_err": 0.512560142433629,
    "query_dur_ms_est": 10.001420974731445,
    "query_dur_ms_real": 3474.212408065796,
    "query_dur_ms_err": 0.9971212407878367,
    "order": [
        0,
        1,
        2,
        3,
        4,
        5,
        6,
        7,
        8,
        9
    ],
    "groupby": false
}