{
    "timestamp": "2022-07-27 13:08:07.090800",
    "dataset": "dmv.csv",
    "model": "dmv.csv-2.6MB*",
    "query": "'SELECT Weight_100 FROM dmv.csv WHERE County>=LIVINGSTON<=SCHUYLER AND Revocation Indicator=Y'",
    "avg_est": 45.91962432861328,
    "avg_real": 54.15384615384615,
    "avg_err": 0.15205239165912973,
    "count_est": 2761.0494956588955,
    "count_real": 3121,
    "count_err": 0.11533178607532987,
    "sum_est": 126786.35559336365,
    "sum_real": 704.0,
    "sum_err": 179.09425510420974,
    "query_dur_ms_est": 10.102272033691406,
    "query_dur_ms_real": 3474.212408065796,
    "query_dur_ms_err": 0.9970922123212047,
    "order": [
        0,
        1,
        2,
        3,
        4,
        5,
        6,
        7,
        8,
        9
    ],
    "groupby": false
}