{
    "timestamp": "2022-07-27 13:06:32.634182",
    "dataset": "dmv.csv",
    "model": "dmv.csv-2.6MB*",
    "query": "'SELECT Model Year FROM dmv.csv WHERE Revocation Indicator=N AND Registration Class>=ATV<=OMF'",
    "avg_est": 2008.15283203125,
    "avg_real": 2006.945861660951,
    "avg_err": 0.000601396576437799,
    "count_est": 2213951.3794326186,
    "count_real": 2094268,
    "count_err": 0.05714807246857547,
    "sum_est": 4445952732.587106,
    "sum_real": 4203038343.0,
    "sum_err": 0.05779494969196995,
    "query_dur_ms_est": 10.118961334228516,
    "query_dur_ms_real": 3474.212408065796,
    "query_dur_ms_err": 0.997087408556041,
    "order": [
        0,
        1,
        2,
        3,
        4,
        5,
        6,
        7,
        9,
        8
    ],
    "groupby": false
}