{
    "timestamp": "2022-07-27 13:10:36.389030",
    "dataset": "dmv.csv",
    "model": "dmv.csv-2.6MB*",
    "query": "'SELECT Model Year FROM dmv.csv WHERE Record Type=TRL'",
    "avg_est": 2007.884765625,
    "avg_real": 2008.260302688645,
    "avg_err": 0.0001869962091777661,
    "count_est": 781843.5492842644,
    "count_real": 775186,
    "count_err": 0.008588324975250385,
    "sum_est": 1569851751.7100534,
    "sum_real": 1556775271.0,
    "sum_err": 0.008399722781859017,
    "query_dur_ms_est": 9.963750839233398,
    "query_dur_ms_real": 3474.212408065796,
    "query_dur_ms_err": 0.9971320835720633,
    "order": [
        0,
        1,
        2,
        3,
        4,
        5,
        6,
        7,
        9,
        8
    ],
    "groupby": false
}