{
    "timestamp": "2022-07-27 13:11:18.599221",
    "dataset": "dmv.csv",
    "model": "dmv.csv-2.6MB*",
    "query": "'SELECT Weight_100 FROM dmv.csv WHERE Record Type=BOAT AND Scofflaw Indicator=Y'",
    "avg_est": 35.03376388549805,
    "avg_real": NaN,
    "avg_err": NaN,
    "count_est": 15.571537799269663,
    "count_real": 0,
    "count_err": "result=0!",
    "sum_est": 545.5295785937212,
    "sum_real": 0.0,
    "sum_err": "result=0!",
    "query_dur_ms_est": 9.978771209716797,
    "query_dur_ms_real": 3474.212408065796,
    "query_dur_ms_err": 0.997127760183416,
    "order": [
        0,
        1,
        2,
        3,
        4,
        5,
        6,
        7,
        8,
        9
    ],
    "groupby": false
}