{
    "timestamp": "2022-07-27 13:07:16.173474",
    "dataset": "dmv.csv",
    "model": "dmv.csv-2.6MB*",
    "query": "'SELECT Model Year FROM dmv.csv WHERE Record Type=TRL AND State>=U AND Fuel Type=ELECTRIC AND Scofflaw Indicator=Y AND Suspension Indicator=Y AND Registration Class<=SEM AND Weight_100>=69.0<=88.0'",
    "avg_est": 2015.672119140625,
    "avg_real": NaN,
    "avg_err": NaN,
    "count_est": 1.503524790903229e-09,
    "count_real": 0,
    "count_err": "result=0!",
    "sum_est": 3.0306130014603767e-06,
    "sum_real": 0.0,
    "sum_err": "result=0!",
    "query_dur_ms_est": 10.282278060913086,
    "query_dur_ms_real": 3474.212408065796,
    "query_dur_ms_err": 0.9970404002826535,
    "order": [
        0,
        1,
        2,
        3,
        4,
        5,
        6,
        7,
        9,
        8
    ],
    "groupby": false
}