{
    "timestamp": "2022-07-27 13:07:36.110924",
    "dataset": "dmv.csv",
    "model": "dmv.csv-2.6MB*",
    "query": "'SELECT Model Year FROM dmv.csv WHERE Record Type=SNOW AND State>=PQ AND County<=JEFFERSON AND Fuel Type=COMP N/G AND Scofflaw Indicator=Y AND Revocation Indicator=N AND Registration Class>=ATV<=SRN AND Weight_100>=36.0<=60.0'",
    "avg_est": 2013.474365234375,
    "avg_real": NaN,
    "avg_err": NaN,
    "count_est": 4.606625458875119e-19,
    "count_real": 0,
    "count_err": "result=0!",
    "sum_est": 9.275322271681092e-16,
    "sum_real": 0.0,
    "sum_err": "result=0!",
    "query_dur_ms_est": 10.323047637939453,
    "query_dur_ms_real": 3474.212408065796,
    "query_dur_ms_err": 0.9970286653706109,
    "order": [
        0,
        1,
        2,
        3,
        4,
        5,
        6,
        7,
        9,
        8
    ],
    "groupby": false
}