{
    "timestamp": "2022-07-27 13:06:46.932828",
    "dataset": "dmv.csv",
    "model": "dmv.csv-2.6MB*",
    "query": "'SELECT Weight_100 FROM dmv.csv WHERE Revocation Indicator=Y'",
    "avg_est": 46.12111282348633,
    "avg_real": 54.645161290322584,
    "avg_err": 0.15598908056193855,
    "count_est": 5231.244390494423,
    "count_real": 5680,
    "count_err": 0.07900626927915089,
    "sum_est": 241270.81274122326,
    "sum_real": 1694.0,
    "sum_err": 141.42668992988385,
    "query_dur_ms_est": 10.028600692749023,
    "query_dur_ms_real": 3474.212408065796,
    "query_dur_ms_err": 0.9971134175131415,
    "order": [
        0,
        1,
        2,
        3,
        4,
        5,
        6,
        7,
        8,
        9
    ],
    "groupby": false
}