{
    "timestamp": "2022-07-27 13:10:19.874521",
    "dataset": "dmv.csv",
    "model": "dmv.csv-2.6MB*",
    "query": "'SELECT Weight_100 FROM dmv.csv WHERE Registration Class<=SRN'",
    "avg_est": 46.8331413269043,
    "avg_real": 49.391112194648265,
    "avg_err": 0.051790104617671175,
    "count_est": 12350767.477877855,
    "count_real": 12339890,
    "count_err": 0.0008814890471353716,
    "sum_est": 578425238.787187,
    "sum_real": 478117326.0,
    "sum_err": 0.20979769469217474,
    "query_dur_ms_est": 9.97304916381836,
    "query_dur_ms_real": 3474.212408065796,
    "query_dur_ms_err": 0.997129407188615,
    "order": [
        0,
        1,
        2,
        3,
        4,
        5,
        6,
        7,
        8,
        9
    ],
    "groupby": false
}