{
    "timestamp": "2022-07-27 13:07:14.063070",
    "dataset": "dmv.csv",
    "model": "dmv.csv-2.6MB*",
    "query": "'SELECT Model Year FROM dmv.csv WHERE County>=DUTCHESS<=PUTNAM AND Fuel Type=COMP N/G'",
    "avg_est": 2014.268798828125,
    "avg_real": 2014.2555375472718,
    "avg_err": 6.583713240925551e-06,
    "count_est": 2097.745722855325,
    "count_real": 1851,
    "count_err": 0.13330401018656124,
    "sum_est": 4225423.757422632,
    "sum_real": 3728387.0,
    "sum_err": 0.13331147153517905,
    "query_dur_ms_est": 10.066032409667969,
    "query_dur_ms_real": 3474.212408065796,
    "query_dur_ms_err": 0.9971026433541316,
    "order": [
        0,
        1,
        2,
        3,
        4,
        5,
        6,
        7,
        9,
        8
    ],
    "groupby": false
}