{
    "timestamp": "2022-07-27 13:08:38.482666",
    "dataset": "dmv.csv",
    "model": "dmv.csv-2.6MB*",
    "query": "'SELECT Weight_100 FROM dmv.csv WHERE County=PUTNAM'",
    "avg_est": 45.93891525268555,
    "avg_real": 47.31229285001417,
    "avg_err": 0.029027923074504067,
    "count_est": 97344.69716880284,
    "count_real": 100679,
    "count_err": 0.03311815603251082,
    "sum_est": 4471909.793535972,
    "sum_real": 3839913.0,
    "sum_err": 0.1645862272233699,
    "query_dur_ms_est": 9.97781753540039,
    "query_dur_ms_real": 3474.212408065796,
    "query_dur_ms_err": 0.9971280346842825,
    "order": [
        0,
        1,
        2,
        3,
        4,
        5,
        6,
        7,
        8,
        9
    ],
    "groupby": false
}