{
    "timestamp": "2022-07-27 13:06:11.026137",
    "dataset": "dmv.csv",
    "model": "dmv.csv-2.6MB*",
    "query": "'SELECT Model Year FROM dmv.csv WHERE Scofflaw Indicator=Y'",
    "avg_est": 2013.29931640625,
    "avg_real": 2013.6647554640792,
    "avg_err": 0.00018147959179283253,
    "count_est": 17442.486866468098,
    "count_real": 20406,
    "count_err": 0.14522753766205537,
    "sum_est": 35116946.88468522,
    "sum_real": 41090843.0,
    "sum_err": 0.14538266141959613,
    "query_dur_ms_est": 9.879112243652344,
    "query_dur_ms_real": 3474.212408065796,
    "query_dur_ms_err": 0.9971564455239649,
    "order": [
        0,
        1,
        2,
        3,
        4,
        5,
        6,
        7,
        9,
        8
    ],
    "groupby": false
}