{
    "timestamp": "2022-07-27 13:10:11.250641",
    "dataset": "dmv.csv",
    "model": "dmv.csv-2.6MB*",
    "query": "'SELECT Model Year FROM dmv.csv WHERE Suspension Indicator=Y'",
    "avg_est": 2011.1998291015625,
    "avg_real": 2011.9524256985228,
    "avg_err": 0.0003740628194521104,
    "count_est": 139613.31773430482,
    "count_real": 140475,
    "count_err": 0.006134061332587182,
    "sum_est": 280790280.767536,
    "sum_real": 282629017.0,
    "sum_err": 0.006505829627762585,
    "query_dur_ms_est": 9.885311126708984,
    "query_dur_ms_real": 3474.212408065796,
    "query_dur_ms_err": 0.9971546612683326,
    "order": [
        0,
        1,
        2,
        3,
        4,
        5,
        6,
        7,
        9,
        8
    ],
    "groupby": false
}