{
    "timestamp": "2022-07-27 13:10:38.456714",
    "dataset": "dmv.csv",
    "model": "dmv.csv-2.6MB*",
    "query": "'SELECT Model Year FROM dmv.csv WHERE Record Type=TRL AND State>=NY AND Fuel Type=GAS AND Suspension Indicator=N AND Revocation Indicator=N AND Registration Class<=OMT AND Weight_100<=81.0'",
    "avg_est": 2008.6767578125,
    "avg_real": NaN,
    "avg_err": NaN,
    "count_est": 6.240034064453539,
    "count_real": 0,
    "count_err": "result=0!",
    "sum_est": 12534.21139322609,
    "sum_real": 0.0,
    "sum_err": "result=0!",
    "query_dur_ms_est": 10.183572769165039,
    "query_dur_ms_real": 3474.212408065796,
    "query_dur_ms_err": 0.9970688111223359,
    "order": [
        0,
        1,
        2,
        3,
        4,
        5,
        6,
        7,
        9,
        8
    ],
    "groupby": false
}