{
    "timestamp": "2022-07-27 13:07:02.636741",
    "dataset": "dmv.csv",
    "model": "dmv.csv-2.6MB*",
    "query": "'SELECT Model Year FROM dmv.csv WHERE Weight_100=17.0'",
    "avg_est": 2012.122802734375,
    "avg_real": 2012.4782224985709,
    "avg_err": 0.00017660800510655488,
    "count_est": 99233.16721960157,
    "count_real": 99713,
    "count_err": 0.0048121386418864985,
    "sum_est": 199669318.55011362,
    "sum_real": 200670241.0,
    "sum_err": 0.004987896784787245,
    "query_dur_ms_est": 9.972095489501953,
    "query_dur_ms_real": 3474.212408065796,
    "query_dur_ms_err": 0.9971296816894815,
    "order": [
        0,
        1,
        2,
        3,
        4,
        5,
        6,
        7,
        9,
        8
    ],
    "groupby": false
}