{
    "timestamp": "2022-07-27 13:10:09.292795",
    "dataset": "dmv.csv",
    "model": "dmv.csv-2.6MB*",
    "query": "'SELECT Weight_100 FROM dmv.csv WHERE Registration Class<=HOU'",
    "avg_est": 35.92768859863281,
    "avg_real": 36.9827683413933,
    "avg_err": 0.028528955242638848,
    "count_est": 1442698.75730595,
    "count_real": 1357974,
    "count_err": 0.06239055924925656,
    "sum_est": 51832831.6941227,
    "sum_real": 9314554.0,
    "sum_err": 4.564714284132413,
    "query_dur_ms_est": 9.968042373657227,
    "query_dur_ms_real": 3474.212408065796,
    "query_dur_ms_err": 0.9971308483181641,
    "order": [
        0,
        1,
        2,
        3,
        4,
        5,
        6,
        7,
        8,
        9
    ],
    "groupby": false
}