{
    "timestamp": "2022-07-27 13:12:09.011594",
    "dataset": "dmv.csv",
    "model": "dmv.csv-2.6MB*",
    "query": "'SELECT Model Year FROM dmv.csv WHERE Scofflaw Indicator=N'",
    "avg_est": 2011.988525390625,
    "avg_real": 2012.132893623007,
    "avg_err": 7.174885557487937e-05,
    "count_est": 12627665.241925001,
    "count_real": 12625910,
    "count_err": 0.00013901904298392308,
    "sum_est": 25406717569.227135,
    "sum_real": 25404964556.0,
    "sum_err": 6.900278184882127e-05,
    "query_dur_ms_est": 9.940147399902344,
    "query_dur_ms_real": 3474.212408065796,
    "query_dur_ms_err": 0.997138877468509,
    "order": [
        0,
        1,
        2,
        3,
        4,
        5,
        6,
        7,
        9,
        8
    ],
    "groupby": false
}