{
    "timestamp": "2022-07-27 13:12:55.065912",
    "dataset": "dmv.csv",
    "model": "dmv.csv-2.6MB*",
    "query": "'SELECT Weight_100 FROM dmv.csv WHERE Model Year>=1916.0'",
    "avg_est": 46.69519805908203,
    "avg_real": 49.46715915118352,
    "avg_err": 0.05603639140929263,
    "count_est": 12646004.689201593,
    "count_real": 12645979,
    "count_err": 2.031412640602918e-06,
    "sum_est": 590507693.6183485,
    "sum_real": 480015610.0,
    "sum_err": 0.23018435508451168,
    "query_dur_ms_est": 9.937524795532227,
    "query_dur_ms_real": 3474.212408065796,
    "query_dur_ms_err": 0.997139632345892,
    "order": [
        0,
        1,
        2,
        3,
        4,
        5,
        6,
        7,
        8,
        9
    ],
    "groupby": false
}