{
    "timestamp": "2022-07-27 13:13:56.355318",
    "dataset": "dmv.csv",
    "model": "dmv.csv-2.6MB*",
    "query": "'SELECT Weight_100 FROM dmv.csv WHERE Registration Class=ORM AND Model Year>=1977.0'",
    "avg_est": 4.853216648101807,
    "avg_real": 2.788190476190476,
    "avg_err": 0.7406331057886655,
    "count_est": 2660.6043722517206,
    "count_real": 2625,
    "count_err": 0.01356357038160786,
    "sum_est": 12912.489433424507,
    "sum_real": 7319.0,
    "sum_err": 0.7642423054275868,
    "query_dur_ms_est": 9.978294372558594,
    "query_dur_ms_real": 3474.212408065796,
    "query_dur_ms_err": 0.9971278974338492,
    "order": [
        0,
        1,
        2,
        3,
        4,
        5,
        6,
        7,
        8,
        9
    ],
    "groupby": false
}