{
    "timestamp": "2022-07-27 13:15:07.430843",
    "dataset": "dmv.csv",
    "model": "dmv.csv-2.6MB*",
    "query": "'SELECT Model Year FROM dmv.csv WHERE Weight_100>=54.0'",
    "avg_est": 2011.826904296875,
    "avg_real": 2013.935243432568,
    "avg_err": 0.001046875336517581,
    "count_est": 4459202.685240626,
    "count_real": 4463084,
    "count_err": 0.000869648601588871,
    "sum_est": 8971143933.879961,
    "sum_real": 8988362162.0,
    "sum_err": 0.0019156135244341066,
    "query_dur_ms_est": 9.918451309204102,
    "query_dur_ms_real": 3474.212408065796,
    "query_dur_ms_err": 0.9971451223632218,
    "order": [
        0,
        1,
        2,
        3,
        4,
        5,
        6,
        7,
        9,
        8
    ],
    "groupby": false
}