{
    "timestamp": "2022-07-27 13:10:34.458901",
    "dataset": "dmv.csv",
    "model": "dmv.csv-2.6MB*",
    "query": "'SELECT Weight_100 FROM dmv.csv WHERE Scofflaw Indicator=Y AND Revocation Indicator=N'",
    "avg_est": 51.11481475830078,
    "avg_real": 49.717349463843824,
    "avg_err": 0.028108201855636776,
    "count_est": 18774.900499210227,
    "count_real": 20396,
    "count_err": 0.07948124636153034,
    "sum_est": 959675.5611226596,
    "sum_real": 904110.0,
    "sum_err": 0.06145885027558549,
    "query_dur_ms_est": 10.00523567199707,
    "query_dur_ms_real": 3474.212408065796,
    "query_dur_ms_err": 0.9971201427843707,
    "order": [
        0,
        1,
        2,
        3,
        4,
        5,
        6,
        7,
        8,
        9
    ],
    "groupby": false
}