{
    "timestamp": "2022-07-27 13:10:00.555456",
    "dataset": "dmv.csv",
    "model": "dmv.csv-2.6MB*",
    "query": "'SELECT Weight_100 FROM dmv.csv WHERE Record Type=TRL'",
    "avg_est": 40.03269577026367,
    "avg_real": 85.54890590431415,
    "avg_err": 0.5320490034666258,
    "count_est": 781843.5492842644,
    "count_real": 775186,
    "count_err": 0.008588324975250385,
    "sum_est": 31299304.94844011,
    "sum_real": 9899035.0,
    "sum_err": 2.161854155323232,
    "query_dur_ms_est": 9.940385818481445,
    "query_dur_ms_real": 3474.212408065796,
    "query_dur_ms_err": 0.9971388088432924,
    "order": [
        0,
        1,
        2,
        3,
        4,
        5,
        6,
        7,
        8,
        9
    ],
    "groupby": false
}