{
    "timestamp": "2022-07-27 13:09:44.452520",
    "dataset": "dmv.csv",
    "model": "dmv.csv-2.6MB*",
    "query": "'SELECT Model Year FROM dmv.csv WHERE Record Type=SNOW'",
    "avg_est": 2009.389404296875,
    "avg_real": 2009.872658579531,
    "avg_err": 0.00024044024908397564,
    "count_est": 111333.63139332086,
    "count_real": 113019,
    "count_err": 0.014912259059796509,
    "sum_est": 223712619.26363286,
    "sum_real": 227153798.0,
    "sum_err": 0.0151491138015977,
    "query_dur_ms_est": 9.89842414855957,
    "query_dur_ms_real": 3474.212408065796,
    "query_dur_ms_err": 0.9971508868814183,
    "order": [
        0,
        1,
        2,
        3,
        4,
        5,
        6,
        7,
        9,
        8
    ],
    "groupby": false
}