{
    "timestamp": "2022-07-27 13:10:16.421580",
    "dataset": "dmv.csv",
    "model": "dmv.csv-2.6MB*",
    "query": "'SELECT Weight_100 FROM dmv.csv WHERE County<=ONTARIO AND Suspension Indicator=Y'",
    "avg_est": 49.18356704711914,
    "avg_real": 49.397000689335,
    "avg_err": 0.004320781408534835,
    "count_est": 76689.66382866912,
    "count_real": 78572,
    "count_err": 0.023956831585436086,
    "sum_est": 3771871.222738375,
    "sum_real": 3511287.0,
    "sum_err": 0.07421330775250641,
    "query_dur_ms_est": 10.059833526611328,
    "query_dur_ms_real": 3474.212408065796,
    "query_dur_ms_err": 0.9971044276097638,
    "order": [
        0,
        1,
        2,
        3,
        4,
        5,
        6,
        7,
        8,
        9
    ],
    "groupby": false
}