{
    "timestamp": "2022-07-27 13:12:41.090840",
    "dataset": "dmv.csv",
    "model": "dmv.csv-2.6MB*",
    "query": "'SELECT Weight_100 FROM dmv.csv WHERE Registration Class>=AYG'",
    "avg_est": 47.13508987426758,
    "avg_real": 50.023798895808866,
    "avg_err": 0.05774669427961642,
    "count_est": 12490688.490626097,
    "count_real": 12507634,
    "count_err": 0.0013548133383102891,
    "sum_est": 588749724.5971407,
    "sum_real": 479420485.0,
    "sum_err": 0.22804457259923022,
    "query_dur_ms_est": 9.938478469848633,
    "query_dur_ms_real": 3474.212408065796,
    "query_dur_ms_err": 0.9971393578450255,
    "order": [
        0,
        1,
        2,
        3,
        4,
        5,
        6,
        7,
        8,
        9
    ],
    "groupby": false
}