{
    "timestamp": "2022-07-27 13:07:25.827318",
    "dataset": "dmv.csv",
    "model": "dmv.csv-2.6MB*",
    "query": "'SELECT Weight_100 FROM dmv.csv WHERE County>=SUFFOLK AND Scofflaw Indicator=N AND Revocation Indicator=Y AND Registration Class=CSP'",
    "avg_est": 38.12626647949219,
    "avg_real": NaN,
    "avg_err": NaN,
    "count_est": 0.00012440636434427055,
    "count_real": 0,
    "count_err": "result=0!",
    "sum_est": 0.004743150198734454,
    "sum_real": 0.0,
    "sum_err": "result=0!",
    "query_dur_ms_est": 10.15925407409668,
    "query_dur_ms_real": 3474.212408065796,
    "query_dur_ms_err": 0.9970758108944315,
    "order": [
        0,
        1,
        2,
        3,
        4,
        5,
        6,
        7,
        8,
        9
    ],
    "groupby": false
}