{
    "timestamp": "2022-07-27 13:09:22.901877",
    "dataset": "dmv.csv",
    "model": "dmv.csv-2.6MB*",
    "query": "'SELECT Model Year FROM dmv.csv WHERE Fuel Type=NONE AND Registration Class>=FAR<=PAS'",
    "avg_est": 2008.8941650390625,
    "avg_real": 2007.3074993740265,
    "avg_err": 0.0007904447452773317,
    "count_est": 461118.5672313571,
    "count_real": 471266,
    "count_err": 0.02153228276311659,
    "sum_est": 926338399.1022459,
    "sum_real": 945975776.0,
    "sum_err": 0.0207588580976032,
    "query_dur_ms_est": 10.041952133178711,
    "query_dur_ms_real": 3474.212408065796,
    "query_dur_ms_err": 0.9971095745010106,
    "order": [
        0,
        1,
        2,
        3,
        4,
        5,
        6,
        7,
        9,
        8
    ],
    "groupby": false
}