{
    "timestamp": "2022-07-27 13:14:26.465812",
    "dataset": "dmv.csv",
    "model": "dmv.csv-2.6MB*",
    "query": "'SELECT Weight_100 FROM dmv.csv WHERE County<=NIAGARA'",
    "avg_est": 46.672080993652344,
    "avg_real": 49.561153561574386,
    "avg_err": 0.05829308561861219,
    "count_est": 5900147.304188848,
    "count_real": 5967691,
    "count_err": 0.011318229414216062,
    "sum_est": 275372152.8555814,
    "sum_real": 228947848.0,
    "sum_err": 0.20277240105607547,
    "query_dur_ms_est": 10.12420654296875,
    "query_dur_ms_real": 3474.212408065796,
    "query_dur_ms_err": 0.9970858988012753,
    "order": [
        0,
        1,
        2,
        3,
        4,
        5,
        6,
        7,
        8,
        9
    ],
    "groupby": false
}