{
    "timestamp": "2022-07-27 13:10:30.434266",
    "dataset": "dmv.csv",
    "model": "dmv.csv-2.6MB*",
    "query": "'SELECT Model Year FROM dmv.csv WHERE Suspension Indicator=Y'",
    "avg_est": 2011.098388671875,
    "avg_real": 2011.9524256985228,
    "avg_err": 0.00042448172021328586,
    "count_est": 143029.6216128692,
    "count_real": 140475,
    "count_err": 0.01818559610513759,
    "sum_est": 287646641.55798924,
    "sum_real": 282629017.0,
    "sum_err": 0.017753394931806454,
    "query_dur_ms_est": 10.001659393310547,
    "query_dur_ms_real": 3474.212408065796,
    "query_dur_ms_err": 0.9971211721626201,
    "order": [
        0,
        1,
        2,
        3,
        4,
        5,
        6,
        7,
        9,
        8
    ],
    "groupby": false
}