{
    "timestamp": "2022-07-27 13:13:46.822792",
    "dataset": "dmv.csv",
    "model": "dmv.csv-2.6MB*",
    "query": "'SELECT Model Year FROM dmv.csv WHERE Weight_100>=3.0'",
    "avg_est": 2011.977294921875,
    "avg_real": 2012.9974061746302,
    "avg_err": 0.0005067623284690503,
    "count_est": 9304777.49892497,
    "count_real": 9412353,
    "count_err": 0.011429182593877362,
    "sum_est": 18721001062.136993,
    "sum_real": 18947042175.0,
    "sum_err": 0.011930153043162611,
    "query_dur_ms_est": 10.14089584350586,
    "query_dur_ms_real": 3474.212408065796,
    "query_dur_ms_err": 0.9970810950361116,
    "order": [
        0,
        1,
        2,
        3,
        4,
        5,
        6,
        7,
        9,
        8
    ],
    "groupby": false
}