{
    "timestamp": "2022-07-27 13:12:52.194762",
    "dataset": "dmv.csv",
    "model": "dmv.csv-2.6MB*",
    "query": "'SELECT Model Year FROM dmv.csv WHERE Suspension Indicator=Y AND Weight_100>=0.0<=89.0'",
    "avg_est": 2011.259521484375,
    "avg_real": 2012.2815893924194,
    "avg_err": 0.0005079149525752958,
    "count_est": 116317.81950711086,
    "count_real": 114635,
    "count_err": 0.014679805531564217,
    "sum_est": 233945322.00197768,
    "sum_real": 230677900.0,
    "sum_err": 0.014164434486258468,
    "query_dur_ms_est": 10.125875473022461,
    "query_dur_ms_real": 3474.212408065796,
    "query_dur_ms_err": 0.997085418424759,
    "order": [
        0,
        1,
        2,
        3,
        4,
        5,
        6,
        7,
        9,
        8
    ],
    "groupby": false
}