{
    "timestamp": "2022-07-27 13:07:39.767840",
    "dataset": "dmv.csv",
    "model": "dmv.csv-2.6MB*",
    "query": "'SELECT Model Year FROM dmv.csv WHERE State<=S'",
    "avg_est": 2012.115234375,
    "avg_real": 2012.1345462983054,
    "avg_err": 9.597729605568747e-06,
    "count_est": 12622886.281968832,
    "count_real": 12627481,
    "count_err": 0.000363866556692343,
    "sum_est": 25398701789.73269,
    "sum_real": 25408148498.0,
    "sum_err": 0.0003717983727958254,
    "query_dur_ms_est": 10.042428970336914,
    "query_dur_ms_real": 3474.212408065796,
    "query_dur_ms_err": 0.9971094372505773,
    "order": [
        0,
        1,
        2,
        3,
        4,
        5,
        6,
        7,
        9,
        8
    ],
    "groupby": false
}