{
    "timestamp": "2022-07-27 13:09:31.408051",
    "dataset": "dmv.csv",
    "model": "dmv.csv-2.6MB*",
    "query": "'SELECT Weight_100 FROM dmv.csv WHERE Record Type=TRL AND County>=DELAWARE AND Fuel Type=FLEX AND Scofflaw Indicator=Y AND Suspension Indicator=N AND Registration Class>=JCA'",
    "avg_est": 68.31459045410156,
    "avg_real": NaN,
    "avg_err": NaN,
    "count_est": 0.0002935196986888003,
    "count_real": 0,
    "count_err": "result=0!",
    "sum_est": 0.020051678006136685,
    "sum_real": 0.0,
    "sum_err": "result=0!",
    "query_dur_ms_est": 10.11514663696289,
    "query_dur_ms_real": 3474.212408065796,
    "query_dur_ms_err": 0.997088506559507,
    "order": [
        0,
        1,
        2,
        3,
        4,
        5,
        6,
        7,
        8,
        9
    ],
    "groupby": false
}