{
    "timestamp": "2022-07-27 13:14:10.085556",
    "dataset": "dmv.csv",
    "model": "dmv.csv-2.6MB*",
    "query": "'SELECT Model Year FROM dmv.csv WHERE Suspension Indicator=N'",
    "avg_est": 2011.90380859375,
    "avg_real": 2012.1374203480796,
    "avg_err": 0.0001161012920723606,
    "count_est": 12503234.3911798,
    "count_real": 12505841,
    "count_err": 0.0002084313098335383,
    "sum_est": 25155304891.354996,
    "sum_real": 25163426382.0,
    "sum_err": 0.0003227497925645678,
    "query_dur_ms_est": 10.052680969238281,
    "query_dur_ms_real": 3474.212408065796,
    "query_dur_ms_err": 0.9971064863662625,
    "order": [
        0,
        1,
        2,
        3,
        4,
        5,
        6,
        7,
        9,
        8
    ],
    "groupby": false
}