{
    "timestamp": "2022-07-27 13:08:20.333318",
    "dataset": "dmv.csv",
    "model": "dmv.csv-2.6MB*",
    "query": "'SELECT Model Year FROM dmv.csv WHERE Registration Class<=RGL'",
    "avg_est": 2012.03369140625,
    "avg_real": 2012.244599482128,
    "avg_err": 0.00010481234534425046,
    "count_est": 11964277.006103992,
    "count_real": 11909528,
    "count_err": 0.004597076064138937,
    "sum_est": 24072528429.59833,
    "sum_real": 23964839131.0,
    "sum_err": 0.004493637449834941,
    "query_dur_ms_est": 10.185956954956055,
    "query_dur_ms_real": 3474.212408065796,
    "query_dur_ms_err": 0.9970681248701697,
    "order": [
        0,
        1,
        2,
        3,
        4,
        5,
        6,
        7,
        9,
        8
    ],
    "groupby": false
}