{
    "timestamp": "2022-07-27 13:06:41.323118",
    "dataset": "dmv.csv",
    "model": "dmv.csv-2.6MB*",
    "query": "'SELECT Weight_100 FROM dmv.csv WHERE Record Type=TRL AND County>=SUFFOLK'",
    "avg_est": 41.067344665527344,
    "avg_real": 85.28775930483701,
    "avg_err": 0.5184848916156454,
    "count_est": 152366.08355977014,
    "count_real": 151710,
    "count_err": 0.004324590071650761,
    "sum_est": 6257270.468885619,
    "sum_real": 1697994.0,
    "sum_err": 2.685095747620792,
    "query_dur_ms_est": 10.124921798706055,
    "query_dur_ms_real": 3474.212408065796,
    "query_dur_ms_err": 0.9970856929256254,
    "order": [
        0,
        1,
        2,
        3,
        4,
        5,
        6,
        7,
        8,
        9
    ],
    "groupby": false
}