{
    "timestamp": "2022-07-27 13:07:43.373789",
    "dataset": "dmv.csv",
    "model": "dmv.csv-2.6MB*",
    "query": "'SELECT Model Year FROM dmv.csv WHERE State<=PQ'",
    "avg_est": 2011.969482421875,
    "avg_real": 2012.134633139449,
    "avg_err": 8.207736940365726e-05,
    "count_est": 12622602.10722065,
    "count_real": 12627135,
    "count_err": 0.0003589803054572776,
    "sum_est": 25396290228.482,
    "sum_real": 25407453396.0,
    "sum_err": 0.0004393658563104565,
    "query_dur_ms_est": 10.096549987792969,
    "query_dur_ms_real": 3474.212408065796,
    "query_dur_ms_err": 0.9970938593264037,
    "order": [
        0,
        1,
        2,
        3,
        4,
        5,
        6,
        7,
        9,
        8
    ],
    "groupby": false
}