{
    "timestamp": "2022-07-27 13:08:44.385966",
    "dataset": "dmv.csv",
    "model": "dmv.csv-2.6MB*",
    "query": "'SELECT Model Year FROM dmv.csv WHERE Record Type=TRL'",
    "avg_est": 2007.8642578125,
    "avg_real": 2008.260302688645,
    "avg_err": 0.00019720793943631094,
    "count_est": 781843.5492842644,
    "count_real": 775186,
    "count_err": 0.008588324975250385,
    "sum_est": 1569835717.8091404,
    "sum_real": 1556775271.0,
    "sum_err": 0.008389423349942488,
    "query_dur_ms_est": 9.947776794433594,
    "query_dur_ms_real": 3474.212408065796,
    "query_dur_ms_err": 0.9971366814615771,
    "order": [
        0,
        1,
        2,
        3,
        4,
        5,
        6,
        7,
        9,
        8
    ],
    "groupby": false
}