{
    "timestamp": "2022-07-27 13:07:48.853598",
    "dataset": "dmv.csv",
    "model": "dmv.csv-2.6MB*",
    "query": "'SELECT Weight_100 FROM dmv.csv WHERE Registration Class>=CHC<=SPC'",
    "avg_est": 47.581092834472656,
    "avg_real": 49.73705355492649,
    "avg_err": 0.043347174115831485,
    "count_est": 11541990.315188408,
    "count_real": 11581635,
    "count_err": 0.0034230646028468436,
    "sum_est": 549180512.681564,
    "sum_real": 462862172.0,
    "sum_err": 0.186488215938208,
    "query_dur_ms_est": 10.128498077392578,
    "query_dur_ms_real": 3474.212408065796,
    "query_dur_ms_err": 0.997084663547376,
    "order": [
        0,
        1,
        2,
        3,
        4,
        5,
        6,
        7,
        8,
        9
    ],
    "groupby": false
}