{
    "timestamp": "2022-07-27 13:13:23.360270",
    "dataset": "dmv.csv",
    "model": "dmv.csv-2.6MB*",
    "query": "'SELECT Weight_100 FROM dmv.csv WHERE State>=NE<=PQ AND Suspension Indicator=Y AND Revocation Indicator=Y AND Model Year>=1968.0'",
    "avg_est": 47.30239486694336,
    "avg_real": 48.4,
    "avg_err": 0.022677792005302462,
    "count_est": 49.83665473933797,
    "count_real": 74,
    "count_err": 0.326531692711649,
    "sum_est": 2357.393121327689,
    "sum_real": 242.0,
    "sum_err": 8.74129388978384,
    "query_dur_ms_est": 10.082244873046875,
    "query_dur_ms_real": 3474.212408065796,
    "query_dur_ms_err": 0.9970979768394012,
    "order": [
        0,
        1,
        2,
        3,
        4,
        5,
        6,
        7,
        8,
        9
    ],
    "groupby": false
}