{
    "timestamp": "2022-07-27 13:14:12.007969",
    "dataset": "dmv.csv",
    "model": "dmv.csv-2.6MB*",
    "query": "'SELECT Weight_100 FROM dmv.csv WHERE Scofflaw Indicator=Y AND Revocation Indicator=Y AND Registration Class>=HAM<=HSM'",
    "avg_est": 51.224037170410156,
    "avg_real": NaN,
    "avg_err": NaN,
    "count_est": 9.252950021056486e-05,
    "count_real": 0,
    "count_err": "result=0!",
    "sum_est": 0.004739734558145449,
    "sum_real": 0.0,
    "sum_err": "result=0!",
    "query_dur_ms_est": 10.054826736450195,
    "query_dur_ms_real": 3474.212408065796,
    "query_dur_ms_err": 0.997105868739313,
    "order": [
        0,
        1,
        2,
        3,
        4,
        5,
        6,
        7,
        8,
        9
    ],
    "groupby": false
}