{
    "timestamp": "2022-07-27 13:07:50.993954",
    "dataset": "dmv.csv",
    "model": "dmv.csv-2.6MB*",
    "query": "'SELECT Weight_100 FROM dmv.csv WHERE Fuel Type=NONE AND Revocation Indicator=Y'",
    "avg_est": 49.47154998779297,
    "avg_real": NaN,
    "avg_err": NaN,
    "count_est": 10.855262305907218,
    "count_real": 0,
    "count_err": "result=0!",
    "sum_est": 537.0266517972937,
    "sum_real": 0.0,
    "sum_err": "result=0!",
    "query_dur_ms_est": 10.010004043579102,
    "query_dur_ms_real": 3474.212408065796,
    "query_dur_ms_err": 0.9971187702800383,
    "order": [
        0,
        1,
        2,
        3,
        4,
        5,
        6,
        7,
        8,
        9
    ],
    "groupby": false
}