{
    "timestamp": "2022-07-27 13:12:17.661079",
    "dataset": "dmv.csv",
    "model": "dmv.csv-2.6MB*",
    "query": "'SELECT Weight_100 FROM dmv.csv WHERE Revocation Indicator=Y'",
    "avg_est": 45.777549743652344,
    "avg_real": 54.645161290322584,
    "avg_err": 0.16227624436055338,
    "count_est": 5301.576624834328,
    "count_real": 5680,
    "count_err": 0.06662383365592818,
    "sum_est": 242693.18766313794,
    "sum_real": 1694.0,
    "sum_err": 142.26634454730694,
    "query_dur_ms_est": 9.902000427246094,
    "query_dur_ms_real": 3474.212408065796,
    "query_dur_ms_err": 0.997149857503169,
    "order": [
        0,
        1,
        2,
        3,
        4,
        5,
        6,
        7,
        8,
        9
    ],
    "groupby": false
}