{
    "timestamp": "2022-07-27 13:13:54.458470",
    "dataset": "dmv.csv",
    "model": "dmv.csv-2.6MB*",
    "query": "'SELECT Weight_100 FROM dmv.csv WHERE Record Type=TRL AND State<=IO AND Fuel Type=GAS AND Scofflaw Indicator=N AND Suspension Indicator=Y AND Revocation Indicator=N AND Registration Class>=OMS'",
    "avg_est": 51.935096740722656,
    "avg_real": NaN,
    "avg_err": NaN,
    "count_est": 0.001604295785869958,
    "count_real": 0,
    "count_err": "result=0!",
    "sum_est": 0.08331925683988994,
    "sum_real": 0.0,
    "sum_err": "result=0!",
    "query_dur_ms_est": 10.247230529785156,
    "query_dur_ms_real": 3474.212408065796,
    "query_dur_ms_err": 0.9970504881894973,
    "order": [
        0,
        1,
        2,
        3,
        4,
        5,
        6,
        7,
        8,
        9
    ],
    "groupby": false
}