{
    "timestamp": "2022-07-27 13:09:11.191069",
    "dataset": "dmv.csv",
    "model": "dmv.csv-2.6MB*",
    "query": "'SELECT Model Year FROM dmv.csv WHERE Record Type=BOAT AND State>=NJ<=RI AND County>=ST LAWRENCE AND Suspension Indicator=Y AND Registration Class>=CMH AND Weight_100>=55.0'",
    "avg_est": 2005.98974609375,
    "avg_real": NaN,
    "avg_err": NaN,
    "count_est": 6.194481449573082e-06,
    "count_real": 0,
    "count_err": "result=0!",
    "sum_est": 0.01242606627021155,
    "sum_real": 0.0,
    "sum_err": "result=0!",
    "query_dur_ms_est": 10.172605514526367,
    "query_dur_ms_real": 3474.212408065796,
    "query_dur_ms_err": 0.9970719678823006,
    "order": [
        0,
        1,
        2,
        3,
        4,
        5,
        6,
        7,
        9,
        8
    ],
    "groupby": false
}