{
    "timestamp": "2022-07-27 13:08:42.342606",
    "dataset": "dmv.csv",
    "model": "dmv.csv-2.6MB*",
    "query": "'SELECT Weight_100 FROM dmv.csv WHERE State>=IL<=MY AND County>=LIVINGSTON<=ONTARIO AND Registration Class<=IRP'",
    "avg_est": 39.980072021484375,
    "avg_real": 28.692307692307693,
    "avg_err": 0.39340733586942855,
    "count_est": 1072.5961101965513,
    "count_real": 1348,
    "count_err": 0.2043055562340124,
    "sum_est": 42882.469735622115,
    "sum_real": 373.0,
    "sum_err": 113.96640679791452,
    "query_dur_ms_est": 10.162830352783203,
    "query_dur_ms_real": 3474.212408065796,
    "query_dur_ms_err": 0.9970747815161822,
    "order": [
        0,
        1,
        2,
        3,
        4,
        5,
        6,
        7,
        8,
        9
    ],
    "groupby": false
}