{
    "timestamp": "2022-07-27 13:11:57.081211",
    "dataset": "dmv.csv",
    "model": "dmv.csv-2.6MB*",
    "query": "'SELECT Model Year FROM dmv.csv WHERE Scofflaw Indicator=Y'",
    "avg_est": 2013.250244140625,
    "avg_real": 2013.6647554640792,
    "avg_err": 0.0002058492220859796,
    "count_est": 18276.25496518938,
    "count_real": 20406,
    "count_err": 0.1043685697741165,
    "sum_est": 36794674.77064382,
    "sum_real": 41090843.0,
    "sum_err": 0.10455293480730432,
    "query_dur_ms_est": 9.959220886230469,
    "query_dur_ms_real": 3474.212408065796,
    "query_dur_ms_err": 0.9971333874511792,
    "order": [
        0,
        1,
        2,
        3,
        4,
        5,
        6,
        7,
        9,
        8
    ],
    "groupby": false
}