{
    "timestamp": "2022-07-27 13:08:34.402000",
    "dataset": "dmv.csv",
    "model": "dmv.csv-2.6MB*",
    "query": "'SELECT Weight_100 FROM dmv.csv WHERE Registration Class<=ATV'",
    "avg_est": 15.274770736694336,
    "avg_real": 4.97236051216304,
    "avg_err": 2.071935492072681,
    "count_est": 148140.6330724992,
    "count_real": 138682,
    "count_err": 0.06820375443459992,
    "sum_est": 2262814.206971184,
    "sum_real": 597270.0,
    "sum_err": 2.7885951194119643,
    "query_dur_ms_est": 10.000228881835938,
    "query_dur_ms_real": 3474.212408065796,
    "query_dur_ms_err": 0.9971215839139198,
    "order": [
        0,
        1,
        2,
        3,
        4,
        5,
        6,
        7,
        8,
        9
    ],
    "groupby": false
}