{
    "timestamp": "2022-07-27 13:11:04.823438",
    "dataset": "dmv.csv",
    "model": "dmv.csv-2.6MB*",
    "query": "'SELECT Model Year FROM dmv.csv WHERE Scofflaw Indicator=Y'",
    "avg_est": 2013.2978515625,
    "avg_real": 2013.6647554640792,
    "avg_err": 0.00018220704344337424,
    "count_est": 18455.454185746145,
    "count_real": 20406,
    "count_err": 0.0955868771074123,
    "sum_est": 37156326.26177286,
    "sum_real": 41090843.0,
    "sum_err": 0.09575166754858586,
    "query_dur_ms_est": 9.929656982421875,
    "query_dur_ms_real": 3474.212408065796,
    "query_dur_ms_err": 0.9971418969780406,
    "order": [
        0,
        1,
        2,
        3,
        4,
        5,
        6,
        7,
        9,
        8
    ],
    "groupby": false
}