{
    "timestamp": "2022-07-27 13:12:28.840628",
    "dataset": "dmv.csv",
    "model": "dmv.csv-2.6MB*",
    "query": "'SELECT Weight_100 FROM dmv.csv WHERE Fuel Type=FLEX'",
    "avg_est": 73.60541534423828,
    "avg_real": 79.24816857354514,
    "avg_err": 0.07120357897066334,
    "count_est": 20113.334059760906,
    "count_real": 15801,
    "count_err": 0.2729152623100377,
    "sum_est": 1480450.3074261157,
    "sum_real": 962786.0,
    "sum_err": 0.5376732809015874,
    "query_dur_ms_est": 9.98067855834961,
    "query_dur_ms_real": 3474.212408065796,
    "query_dur_ms_err": 0.997127211181683,
    "order": [
        0,
        1,
        2,
        3,
        4,
        5,
        6,
        7,
        8,
        9
    ],
    "groupby": false
}