{
    "timestamp": "2022-07-27 13:10:49.597261",
    "dataset": "dmv.csv",
    "model": "dmv.csv-2.6MB*",
    "query": "'SELECT Weight_100 FROM dmv.csv WHERE Record Type=TRL'",
    "avg_est": 40.632232666015625,
    "avg_real": 85.54890590431415,
    "avg_err": 0.5250408846670408,
    "count_est": 781843.5492842644,
    "count_real": 775186,
    "count_err": 0.008588324975250385,
    "sum_est": 31768049.002941687,
    "sum_real": 9899035.0,
    "sum_err": 2.209206655289297,
    "query_dur_ms_est": 9.936809539794922,
    "query_dur_ms_real": 3474.212408065796,
    "query_dur_ms_err": 0.9971398382215418,
    "order": [
        0,
        1,
        2,
        3,
        4,
        5,
        6,
        7,
        8,
        9
    ],
    "groupby": false
}