{
    "timestamp": "2022-07-27 13:14:45.209254",
    "dataset": "dmv.csv",
    "model": "dmv.csv-2.6MB*",
    "query": "'SELECT Model Year FROM dmv.csv WHERE State>=BY<=U AND Suspension Indicator=Y'",
    "avg_est": 2011.14697265625,
    "avg_real": 2011.9501917620726,
    "avg_err": 0.00039922415033500486,
    "count_est": 141537.9279631041,
    "count_real": 140278,
    "count_err": 0.008981650459117602,
    "sum_est": 284653575.3390352,
    "sum_real": 282232349.0,
    "sum_err": 0.008578840617009545,
    "query_dur_ms_est": 10.040760040283203,
    "query_dur_ms_real": 3474.212408065796,
    "query_dur_ms_err": 0.9971099176270938,
    "order": [
        0,
        1,
        2,
        3,
        4,
        5,
        6,
        7,
        9,
        8
    ],
    "groupby": false
}