{
    "timestamp": "2022-07-27 13:12:32.522560",
    "dataset": "dmv.csv",
    "model": "dmv.csv-2.6MB*",
    "query": "'SELECT Weight_100 FROM dmv.csv WHERE Record Type=SNOW AND County>=FRANKLIN<=LEWIS'",
    "avg_est": 28.921497344970703,
    "avg_real": NaN,
    "avg_err": NaN,
    "count_est": 13806.356247707736,
    "count_real": 14582,
    "count_err": 0.053191863413267336,
    "sum_est": 399300.495561799,
    "sum_real": 0.0,
    "sum_err": "result=0!",
    "query_dur_ms_est": 9.968757629394531,
    "query_dur_ms_real": 3474.212408065796,
    "query_dur_ms_err": 0.9971306424425141,
    "order": [
        0,
        1,
        2,
        3,
        4,
        5,
        6,
        7,
        8,
        9
    ],
    "groupby": false
}