{
    "timestamp": "2022-07-27 13:10:03.891212",
    "dataset": "dmv.csv",
    "model": "dmv.csv-2.6MB*",
    "query": "'SELECT Model Year FROM dmv.csv WHERE Record Type=VEH'",
    "avg_est": 2012.6759033203125,
    "avg_real": 2012.8061048415682,
    "avg_err": 6.468656913475215e-05,
    "count_est": 11388790.728530407,
    "count_real": 11392466,
    "count_err": 0.0003226054367503092,
    "sum_est": 22921944667.270935,
    "sum_real": 22930825114.0,
    "sum_err": 0.00038727113764620467,
    "query_dur_ms_est": 9.914875030517578,
    "query_dur_ms_real": 3474.212408065796,
    "query_dur_ms_err": 0.9971461517414713,
    "order": [
        0,
        1,
        2,
        3,
        4,
        5,
        6,
        7,
        9,
        8
    ],
    "groupby": false
}