{
    "timestamp": "2022-07-27 13:06:24.725879",
    "dataset": "dmv.csv",
    "model": "dmv.csv-2.6MB*",
    "query": "'SELECT Weight_100 FROM dmv.csv WHERE County<=MONTGOMERY'",
    "avg_est": 45.16572570800781,
    "avg_real": 48.155402935892944,
    "avg_err": 0.06208394168905928,
    "count_est": 4425689.286324024,
    "count_real": 4420702,
    "count_err": 0.0011281661428488507,
    "sum_est": 199889468.37497973,
    "sum_real": 158239569.0,
    "sum_err": 0.26320786664288587,
    "query_dur_ms_est": 10.013580322265625,
    "query_dur_ms_real": 3474.212408065796,
    "query_dur_ms_err": 0.9971177409017888,
    "order": [
        0,
        1,
        2,
        3,
        4,
        5,
        6,
        7,
        8,
        9
    ],
    "groupby": false
}