{
    "timestamp": "2022-07-27 13:08:36.338416",
    "dataset": "dmv.csv",
    "model": "dmv.csv-2.6MB*",
    "query": "'SELECT Model Year FROM dmv.csv WHERE Record Type=SNOW'",
    "avg_est": 2009.406494140625,
    "avg_real": 2009.872658579531,
    "avg_err": 0.00023193730056281003,
    "count_est": 111333.63139332086,
    "count_real": 113019,
    "count_err": 0.014912259059796509,
    "sum_est": 223714521.9379975,
    "sum_real": 227153798.0,
    "sum_err": 0.015140737651247679,
    "query_dur_ms_est": 9.938716888427734,
    "query_dur_ms_real": 3474.212408065796,
    "query_dur_ms_err": 0.9971392892198089,
    "order": [
        0,
        1,
        2,
        3,
        4,
        5,
        6,
        7,
        9,
        8
    ],
    "groupby": false
}