{
    "timestamp": "2022-07-27 13:13:40.673708",
    "dataset": "dmv.csv",
    "model": "dmv.csv-2.6MB*",
    "query": "'SELECT Weight_100 FROM dmv.csv WHERE County<=NEW YORK AND Fuel Type=DIESEL AND Suspension Indicator=N AND Registration Class>=FPW AND Model Year>=1993.0'",
    "avg_est": 66.77786254882812,
    "avg_real": 75.37241471751223,
    "avg_err": 0.11402782040214007,
    "count_est": 88905.2559932489,
    "count_real": 94211,
    "count_err": 0.05631766998281629,
    "sum_est": 5936902.964585553,
    "sum_real": 5623159.0,
    "sum_err": 0.055794965887600356,
    "query_dur_ms_est": 10.186433792114258,
    "query_dur_ms_real": 3474.212408065796,
    "query_dur_ms_err": 0.9970679876197365,
    "order": [
        0,
        1,
        2,
        3,
        4,
        5,
        6,
        7,
        8,
        9
    ],
    "groupby": false
}