{
    "timestamp": "2022-07-27 13:06:09.081847",
    "dataset": "dmv.csv",
    "model": "dmv.csv-2.6MB*",
    "query": "'SELECT Weight_100 FROM dmv.csv WHERE Fuel Type=GAS'",
    "avg_est": 46.49338150024414,
    "avg_real": 48.24550738205188,
    "avg_err": 0.03631687128778258,
    "count_est": 11122629.041242838,
    "count_real": 11147590,
    "count_err": 0.0022391349840783607,
    "sum_est": 517128635.30019796,
    "sum_real": 448875477.0,
    "sum_err": 0.15205365807987314,
    "query_dur_ms_est": 9.882688522338867,
    "query_dur_ms_real": 3474.212408065796,
    "query_dur_ms_err": 0.9971554161457155,
    "order": [
        0,
        1,
        2,
        3,
        4,
        5,
        6,
        7,
        8,
        9
    ],
    "groupby": false
}