{
    "timestamp": "2022-07-27 13:06:12.993029",
    "dataset": "dmv.csv",
    "model": "dmv.csv-2.6MB*",
    "query": "'SELECT Weight_100 FROM dmv.csv WHERE State>=SS AND County>=FULTON<=TIOGA'",
    "avg_est": 41.8635368347168,
    "avg_real": 51.688470348689236,
    "avg_err": 0.19007978854266072,
    "count_est": 19823.994746464305,
    "count_real": 16003,
    "count_err": 0.23876740276600042,
    "sum_est": 829902.5342798406,
    "sum_real": 203084.0,
    "sum_err": 3.086498858993523,
    "query_dur_ms_est": 9.97781753540039,
    "query_dur_ms_real": 3474.212408065796,
    "query_dur_ms_err": 0.9971280346842825,
    "order": [
        0,
        1,
        2,
        3,
        4,
        5,
        6,
        7,
        8,
        9
    ],
    "groupby": false
}