{
    "timestamp": "2022-07-27 13:06:21.937022",
    "dataset": "dmv.csv",
    "model": "dmv.csv-2.6MB*",
    "query": "'SELECT Model Year FROM dmv.csv WHERE Record Type=BOAT AND Registration Class<=RGL'",
    "avg_est": 2000.14599609375,
    "avg_real": 2000.1510189457447,
    "avg_err": 2.5112363752057165e-06,
    "count_est": 364348.39701479673,
    "count_real": 365645,
    "count_err": 0.003546070601822167,
    "sum_est": 728749987.4723217,
    "sum_real": 731301216.0,
    "sum_err": 0.0034886151860005266,
    "query_dur_ms_est": 9.999513626098633,
    "query_dur_ms_real": 3474.212408065796,
    "query_dur_ms_err": 0.9971217897895697,
    "order": [
        0,
        1,
        2,
        3,
        4,
        5,
        6,
        7,
        9,
        8
    ],
    "groupby": false
}