{
    "timestamp": "2022-07-27 13:14:29.586800",
    "dataset": "dmv.csv",
    "model": "dmv.csv-2.6MB*",
    "query": "'SELECT Model Year FROM dmv.csv WHERE County>=FULTON'",
    "avg_est": 2012.0565185546875,
    "avg_real": 2012.248784977604,
    "avg_err": 9.554803777335031e-05,
    "count_est": 10036796.57465911,
    "count_real": 10029257,
    "count_err": 0.0007517580473916578,
    "sum_est": 20194601973.45022,
    "sum_real": 20181323992.0,
    "sum_err": 0.000657934110541096,
    "query_dur_ms_est": 9.91511344909668,
    "query_dur_ms_real": 3474.212408065796,
    "query_dur_ms_err": 0.9971460831162546,
    "order": [
        0,
        1,
        2,
        3,
        4,
        5,
        6,
        7,
        9,
        8
    ],
    "groupby": false
}