{
    "timestamp": "2022-07-27 13:14:23.674186",
    "dataset": "dmv.csv",
    "model": "dmv.csv-2.6MB*",
    "query": "'SELECT Weight_100 FROM dmv.csv WHERE Record Type=VEH AND State>=OK AND County>=MONROE AND Fuel Type=OTHER AND Scofflaw Indicator=Y AND Suspension Indicator=N AND Registration Class>=VAS AND Model Year>=1981.0'",
    "avg_est": 48.10091781616211,
    "avg_real": NaN,
    "avg_err": NaN,
    "count_est": 3.706492923087867e-07,
    "count_real": 0,
    "count_err": "result=0!",
    "sum_est": 1.7828571147963596e-05,
    "sum_real": 0.0,
    "sum_err": "result=0!",
    "query_dur_ms_est": 10.261058807373047,
    "query_dur_ms_real": 3474.212408065796,
    "query_dur_ms_err": 0.9970465079269331,
    "order": [
        0,
        1,
        2,
        3,
        4,
        5,
        6,
        7,
        8,
        9
    ],
    "groupby": false
}