{
    "timestamp": "2022-07-27 13:09:58.509129",
    "dataset": "dmv.csv",
    "model": "dmv.csv-2.6MB*",
    "query": "'SELECT Weight_100 FROM dmv.csv WHERE Record Type=SNOW AND State<=OR'",
    "avg_est": 28.76605224609375,
    "avg_real": NaN,
    "avg_err": NaN,
    "count_est": 104433.51328901947,
    "count_real": 104471,
    "count_err": 0.00035882408496649363,
    "sum_est": 3004139.89951506,
    "sum_real": 0.0,
    "sum_err": "result=0!",
    "query_dur_ms_est": 9.946107864379883,
    "query_dur_ms_real": 3474.212408065796,
    "query_dur_ms_err": 0.9971371618380935,
    "order": [
        0,
        1,
        2,
        3,
        4,
        5,
        6,
        7,
        8,
        9
    ],
    "groupby": false
}