{
    "timestamp": "2022-07-27 13:08:59.780983",
    "dataset": "dmv.csv",
    "model": "dmv.csv-2.6MB*",
    "query": "'SELECT Weight_100 FROM dmv.csv WHERE Suspension Indicator=N'",
    "avg_est": 46.605918884277344,
    "avg_real": 49.46856710920306,
    "avg_err": 0.057868023923279374,
    "count_est": 12503706.256942034,
    "count_real": 12505841,
    "count_err": 0.00017069968009078576,
    "sum_est": 582746719.5638715,
    "sum_real": 473815872.0,
    "sum_err": 0.22990122113062414,
    "query_dur_ms_est": 9.916067123413086,
    "query_dur_ms_real": 3474.212408065796,
    "query_dur_ms_err": 0.9971458086153882,
    "order": [
        0,
        1,
        2,
        3,
        4,
        5,
        6,
        7,
        8,
        9
    ],
    "groupby": false
}