{
    "timestamp": "2022-07-27 13:07:01.287537",
    "dataset": "dmv.csv",
    "model": "dmv.csv-2.6MB*",
    "query": "'SELECT Weight_100 FROM dmv.csv WHERE Suspension Indicator=Y'",
    "avg_est": 48.666717529296875,
    "avg_real": 49.281526627783165,
    "avg_err": 0.01247544750652434,
    "count_est": 135970.8918816708,
    "count_real": 140475,
    "count_err": 0.03206341426110836,
    "sum_est": 6617256.987411839,
    "sum_real": 6201883.0,
    "sum_err": 0.06697546332490292,
    "query_dur_ms_est": 9.989023208618164,
    "query_dur_ms_real": 3474.212408065796,
    "query_dur_ms_err": 0.9971248092991012,
    "order": [
        0,
        1,
        2,
        3,
        4,
        5,
        6,
        7,
        8,
        9
    ],
    "groupby": false
}