{
    "timestamp": "2022-07-27 13:11:02.991060",
    "dataset": "dmv.csv",
    "model": "dmv.csv-2.6MB*",
    "query": "'SELECT Weight_100 FROM dmv.csv WHERE Scofflaw Indicator=Y'",
    "avg_est": 50.89060592651367,
    "avg_real": 49.717349463843824,
    "avg_err": 0.023598532007887515,
    "count_est": 18676.000843941234,
    "count_real": 20406,
    "count_err": 0.08477894521507233,
    "sum_est": 950432.9992322501,
    "sum_real": 904110.0,
    "sum_err": 0.05123602131626699,
    "query_dur_ms_est": 9.990692138671875,
    "query_dur_ms_real": 3474.212408065796,
    "query_dur_ms_err": 0.9971243289225847,
    "order": [
        0,
        1,
        2,
        3,
        4,
        5,
        6,
        7,
        8,
        9
    ],
    "groupby": false
}