{
    "timestamp": "2022-07-27 13:13:08.749158",
    "dataset": "dmv.csv",
    "model": "dmv.csv-2.6MB*",
    "query": "'SELECT Weight_100 FROM dmv.csv WHERE County>=ORANGE AND Revocation Indicator=Y'",
    "avg_est": 44.35832595825195,
    "avg_real": 58.705882352941174,
    "avg_err": 0.24439725321614905,
    "count_est": 2228.79196192784,
    "count_real": 2564,
    "count_err": 0.13073636430271451,
    "sum_est": 98865.480340327,
    "sum_real": 998.0,
    "sum_err": 98.06360755543788,
    "query_dur_ms_est": 10.031461715698242,
    "query_dur_ms_real": 3474.212408065796,
    "query_dur_ms_err": 0.9971125940105421,
    "order": [
        0,
        1,
        2,
        3,
        4,
        5,
        6,
        7,
        8,
        9
    ],
    "groupby": false
}