{
    "timestamp": "2022-07-27 13:14:56.744978",
    "dataset": "dmv.csv",
    "model": "dmv.csv-2.6MB*",
    "query": "'SELECT Weight_100 FROM dmv.csv WHERE County>=BROOME<=ESSEX'",
    "avg_est": 44.24069595336914,
    "avg_real": 47.24704505135978,
    "avg_err": 0.06363041529311711,
    "count_est": 1942108.0816293359,
    "count_real": 1943480,
    "count_err": 0.0007059081496409121,
    "sum_est": 85920213.14794447,
    "sum_real": 65383532.0,
    "sum_err": 0.31409562193649104,
    "query_dur_ms_est": 9.978532791137695,
    "query_dur_ms_real": 3474.212408065796,
    "query_dur_ms_err": 0.9971278288086326,
    "order": [
        0,
        1,
        2,
        3,
        4,
        5,
        6,
        7,
        8,
        9
    ],
    "groupby": false
}