{
    "timestamp": "2022-07-27 13:06:59.158663",
    "dataset": "dmv.csv",
    "model": "dmv.csv-2.6MB*",
    "query": "'SELECT Model Year FROM dmv.csv WHERE County=CLINTON AND Fuel Type=PROPANE'",
    "avg_est": 2015.29443359375,
    "avg_real": NaN,
    "avg_err": NaN,
    "count_est": 10.640639512842881,
    "count_real": 0,
    "count_err": "result=0!",
    "sum_est": 21444.02158010997,
    "sum_real": 0.0,
    "sum_err": "result=0!",
    "query_dur_ms_est": 10.09368896484375,
    "query_dur_ms_real": 3474.212408065796,
    "query_dur_ms_err": 0.9970946828290032,
    "order": [
        0,
        1,
        2,
        3,
        4,
        5,
        6,
        7,
        9,
        8
    ],
    "groupby": false
}