{
    "timestamp": "2022-07-27 13:14:58.662310",
    "dataset": "dmv.csv",
    "model": "dmv.csv-2.6MB*",
    "query": "'SELECT Weight_100 FROM dmv.csv WHERE Revocation Indicator=Y'",
    "avg_est": 45.65833282470703,
    "avg_real": 54.645161290322584,
    "avg_err": 0.16445789990205556,
    "count_est": 5085.686246090569,
    "count_real": 5680,
    "count_err": 0.10463270315306891,
    "sum_est": 232203.9552660381,
    "sum_real": 1694.0,
    "sum_err": 136.0743537579918,
    "query_dur_ms_est": 9.947538375854492,
    "query_dur_ms_real": 3474.212408065796,
    "query_dur_ms_err": 0.9971367500867937,
    "order": [
        0,
        1,
        2,
        3,
        4,
        5,
        6,
        7,
        8,
        9
    ],
    "groupby": false
}