{
    "timestamp": "2022-07-27 13:07:32.122142",
    "dataset": "dmv.csv",
    "model": "dmv.csv-2.6MB*",
    "query": "'SELECT Model Year FROM dmv.csv WHERE Suspension Indicator=Y'",
    "avg_est": 2011.2020263671875,
    "avg_real": 2011.9524256985228,
    "avg_err": 0.00037297071329843874,
    "count_est": 140359.15867028758,
    "count_real": 140475,
    "count_err": 0.0008246401830391222,
    "sum_est": 282290624.336876,
    "sum_real": 282629017.0,
    "sum_err": 0.0011973033297003077,
    "query_dur_ms_est": 9.959697723388672,
    "query_dur_ms_real": 3474.212408065796,
    "query_dur_ms_err": 0.997133250200746,
    "order": [
        0,
        1,
        2,
        3,
        4,
        5,
        6,
        7,
        9,
        8
    ],
    "groupby": false
}