{
    "timestamp": "2022-07-27 13:13:15.906933",
    "dataset": "dmv.csv",
    "model": "dmv.csv-2.6MB*",
    "query": "'SELECT Weight_100 FROM dmv.csv WHERE Revocation Indicator=Y'",
    "avg_est": 45.42238235473633,
    "avg_real": 54.645161290322584,
    "avg_err": 0.16877576564532107,
    "count_est": 5104.110405190615,
    "count_real": 5680,
    "count_err": 0.10138901317066637,
    "sum_est": 231840.85440535628,
    "sum_real": 1694.0,
    "sum_err": 135.86000850375223,
    "query_dur_ms_est": 10.101795196533203,
    "query_dur_ms_real": 3474.212408065796,
    "query_dur_ms_err": 0.997092349571638,
    "order": [
        0,
        1,
        2,
        3,
        4,
        5,
        6,
        7,
        8,
        9
    ],
    "groupby": false
}