{
    "timestamp": "2022-07-27 13:14:06.859180",
    "dataset": "dmv.csv",
    "model": "dmv.csv-2.6MB*",
    "query": "'SELECT Weight_100 FROM dmv.csv WHERE State>=AL'",
    "avg_est": 47.264312744140625,
    "avg_real": 49.466182614561504,
    "avg_err": 0.04451262972074801,
    "count_est": 12646225.546499252,
    "count_real": 12646231,
    "count_err": 4.3123526271824895e-07,
    "sum_est": 597715159.2626814,
    "sum_real": 480015582.0,
    "sum_err": 0.24519949284204978,
    "query_dur_ms_est": 9.945154190063477,
    "query_dur_ms_real": 3474.212408065796,
    "query_dur_ms_err": 0.99713743633896,
    "order": [
        0,
        1,
        2,
        3,
        4,
        5,
        6,
        7,
        8,
        9
    ],
    "groupby": false
}