{
    "timestamp": "2022-07-27 13:14:20.085794",
    "dataset": "dmv.csv",
    "model": "dmv.csv-2.6MB*",
    "query": "'SELECT Model Year FROM dmv.csv WHERE Weight_100>=24.0<=96.0'",
    "avg_est": 2011.8980712890625,
    "avg_real": 2013.8621799545372,
    "avg_err": 0.0009752944789494027,
    "count_est": 7093654.487393856,
    "count_real": 7077432,
    "count_err": 0.0022921431663145684,
    "sum_est": 14271709781.578703,
    "sum_real": 14252972636.0,
    "sum_err": 0.0013146131727901345,
    "query_dur_ms_est": 9.913921356201172,
    "query_dur_ms_real": 3474.212408065796,
    "query_dur_ms_err": 0.9971464262423377,
    "order": [
        0,
        1,
        2,
        3,
        4,
        5,
        6,
        7,
        9,
        8
    ],
    "groupby": false
}