{
    "timestamp": "2022-07-27 13:13:50.544578",
    "dataset": "dmv.csv",
    "model": "dmv.csv-2.6MB*",
    "query": "'SELECT Weight_100 FROM dmv.csv WHERE Model Year>=1958.0<=2018.0'",
    "avg_est": 45.182777404785156,
    "avg_real": 47.42973221283279,
    "avg_err": 0.04737439372343088,
    "count_est": 9152303.047831297,
    "count_real": 9152603,
    "count_err": 3.2772334679334306e-05,
    "sum_est": 413526471.3512982,
    "sum_real": 328795188.0,
    "sum_err": 0.25770232182138325,
    "query_dur_ms_est": 9.927034378051758,
    "query_dur_ms_real": 3474.212408065796,
    "query_dur_ms_err": 0.9971426518554234,
    "order": [
        0,
        1,
        2,
        3,
        4,
        5,
        6,
        7,
        8,
        9
    ],
    "groupby": false
}