{
    "timestamp": "2022-07-27 13:08:02.340293",
    "dataset": "dmv.csv",
    "model": "dmv.csv-2.6MB*",
    "query": "'SELECT Model Year FROM dmv.csv WHERE Record Type=VEH AND State<=ID AND County>=WASHINGTON AND Fuel Type=PROPANE AND Suspension Indicator=Y AND Revocation Indicator=Y AND Registration Class>=MED AND Weight_100<=92.0'",
    "avg_est": 2014.614990234375,
    "avg_real": NaN,
    "avg_err": NaN,
    "count_est": 3.6894042343252696e-09,
    "count_real": 0,
    "count_err": "result=0!",
    "sum_est": 7.432729075505865e-06,
    "sum_real": 0.0,
    "sum_err": "result=0!",
    "query_dur_ms_est": 10.316848754882812,
    "query_dur_ms_real": 3474.212408065796,
    "query_dur_ms_err": 0.9970304496262431,
    "order": [
        0,
        1,
        2,
        3,
        4,
        5,
        6,
        7,
        9,
        8
    ],
    "groupby": false
}