{
    "timestamp": "2022-07-27 13:06:52.986529",
    "dataset": "dmv.csv",
    "model": "dmv.csv-2.6MB*",
    "query": "'SELECT Weight_100 FROM dmv.csv WHERE Fuel Type=ELECTRIC AND Suspension Indicator=Y'",
    "avg_est": 64.47914123535156,
    "avg_real": 69.82968369829683,
    "avg_err": 0.07662275095019186,
    "count_est": 456.83365541875537,
    "count_real": 419,
    "count_err": 0.0902951203311584,
    "sum_est": 29456.241788807856,
    "sum_real": 28700.0,
    "sum_err": 0.026349888111771993,
    "query_dur_ms_est": 9.9945068359375,
    "query_dur_ms_real": 3474.212408065796,
    "query_dur_ms_err": 0.9971232309191188,
    "order": [
        0,
        1,
        2,
        3,
        4,
        5,
        6,
        7,
        8,
        9
    ],
    "groupby": false
}