{
    "timestamp": "2022-07-27 13:06:57.117006",
    "dataset": "dmv.csv",
    "model": "dmv.csv-2.6MB*",
    "query": "'SELECT Weight_100 FROM dmv.csv WHERE Suspension Indicator=Y AND Model Year<=1992.0'",
    "avg_est": 37.77593231201172,
    "avg_real": 39.82730627306273,
    "avg_err": 0.051506721217509585,
    "count_est": 1642.756443246035,
    "count_real": 1737,
    "count_err": 0.054256509357492856,
    "sum_est": 62056.65620518333,
    "sum_real": 53966.0,
    "sum_err": 0.14992136169409132,
    "query_dur_ms_est": 10.014057159423828,
    "query_dur_ms_real": 3474.212408065796,
    "query_dur_ms_err": 0.9971176036513556,
    "order": [
        0,
        1,
        2,
        3,
        4,
        5,
        6,
        7,
        8,
        9
    ],
    "groupby": false
}