{
    "timestamp": "2022-07-27 13:13:13.997776",
    "dataset": "dmv.csv",
    "model": "dmv.csv-2.6MB*",
    "query": "'SELECT Weight_100 FROM dmv.csv WHERE State>=VA<=YT AND County>=SUFFOLK<=SULLIVAN AND Fuel Type=DIESEL AND Scofflaw Indicator=Y AND Suspension Indicator=N AND Revocation Indicator=N AND Registration Class<=AMB AND Model Year>=1937.0'",
    "avg_est": 46.48949432373047,
    "avg_real": NaN,
    "avg_err": NaN,
    "count_est": 1.8584922412120952e-05,
    "count_real": 0,
    "count_err": "result=0!",
    "sum_est": 0.0008640036449852682,
    "sum_real": 0.0,
    "sum_err": "result=0!",
    "query_dur_ms_est": 10.292530059814453,
    "query_dur_ms_real": 3474.212408065796,
    "query_dur_ms_err": 0.9970374493983387,
    "order": [
        0,
        1,
        2,
        3,
        4,
        5,
        6,
        7,
        8,
        9
    ],
    "groupby": false
}