{
    "timestamp": "2022-07-27 13:09:20.763846",
    "dataset": "dmv.csv",
    "model": "dmv.csv-2.6MB*",
    "query": "'SELECT Model Year FROM dmv.csv WHERE County>=WARREN<=WYOMING'",
    "avg_est": 2012.180419921875,
    "avg_real": 2012.3483299107954,
    "avg_err": 8.343982322775665e-05,
    "count_est": 1004557.8290468156,
    "count_real": 1006563,
    "count_err": 0.001992096821743265,
    "sum_est": 2021351594.2872286,
    "sum_real": 2025555372.0,
    "sum_err": 0.002075370424764382,
    "query_dur_ms_est": 9.965181350708008,
    "query_dur_ms_real": 3474.212408065796,
    "query_dur_ms_err": 0.9971316718207636,
    "order": [
        0,
        1,
        2,
        3,
        4,
        5,
        6,
        7,
        9,
        8
    ],
    "groupby": false
}