{
    "timestamp": "2022-07-27 13:13:28.157728",
    "dataset": "dmv.csv",
    "model": "dmv.csv-2.6MB*",
    "query": "'SELECT Model Year FROM dmv.csv WHERE Registration Class>=HIR<=PSD'",
    "avg_est": 2012.411376953125,
    "avg_real": 2012.7351886688923,
    "avg_err": 0.00016088143020019264,
    "count_est": 10661153.37112832,
    "count_real": 10652233,
    "count_err": 0.0008374179506138003,
    "sum_est": 21454626335.500793,
    "sum_real": 21440124197.0,
    "sum_err": 0.0006764017954160295,
    "query_dur_ms_est": 10.074615478515625,
    "query_dur_ms_real": 3474.212408065796,
    "query_dur_ms_err": 0.9971001728463331,
    "order": [
        0,
        1,
        2,
        3,
        4,
        5,
        6,
        7,
        9,
        8
    ],
    "groupby": false
}