{
    "timestamp": "2022-07-27 13:06:26.713036",
    "dataset": "dmv.csv",
    "model": "dmv.csv-2.6MB*",
    "query": "'SELECT Weight_100 FROM dmv.csv WHERE State>=WA AND Model Year>=1966.0'",
    "avg_est": 47.66557312011719,
    "avg_real": 73.89734188817599,
    "avg_err": 0.3549758096543394,
    "count_est": 6496.220551198814,
    "count_real": 4904,
    "count_err": 0.32467792642716437,
    "sum_est": 309646.07568757504,
    "sum_real": 80622.0,
    "sum_err": 2.8407143916992266,
    "query_dur_ms_est": 10.000467300415039,
    "query_dur_ms_real": 3474.212408065796,
    "query_dur_ms_err": 0.9971215152887032,
    "order": [
        0,
        1,
        2,
        3,
        4,
        5,
        6,
        7,
        8,
        9
    ],
    "groupby": false
}