{
    "timestamp": "2022-07-27 13:08:28.329810",
    "dataset": "dmv.csv",
    "model": "dmv.csv-2.6MB*",
    "query": "'SELECT Weight_100 FROM dmv.csv WHERE County>=YATES'",
    "avg_est": 44.89726257324219,
    "avg_real": 48.52078995096393,
    "avg_err": 0.07467989250347637,
    "count_est": 28122.190660596825,
    "count_real": 26879,
    "count_err": 0.04625137321317107,
    "sum_est": 1262609.3782235947,
    "sum_real": 722329.0,
    "sum_err": 0.7479699392155026,
    "query_dur_ms_est": 10.022163391113281,
    "query_dur_ms_real": 3474.212408065796,
    "query_dur_ms_err": 0.9971152703939904,
    "order": [
        0,
        1,
        2,
        3,
        4,
        5,
        6,
        7,
        8,
        9
    ],
    "groupby": false
}