{
    "timestamp": "2022-07-27 13:10:53.588326",
    "dataset": "dmv.csv",
    "model": "dmv.csv-2.6MB*",
    "query": "'SELECT Model Year FROM dmv.csv WHERE Record Type=VEH AND County<=ESSEX AND Fuel Type=COMP N/G AND Suspension Indicator=N AND Revocation Indicator=Y AND Weight_100<=23.0'",
    "avg_est": 2013.778076171875,
    "avg_real": NaN,
    "avg_err": NaN,
    "count_est": 0.02492305308684717,
    "count_real": 0,
    "count_err": "result=0!",
    "sum_est": 50.1894978975606,
    "sum_real": 0.0,
    "sum_err": "result=0!",
    "query_dur_ms_est": 10.169029235839844,
    "query_dur_ms_real": 3474.212408065796,
    "query_dur_ms_err": 0.99707299726055,
    "order": [
        0,
        1,
        2,
        3,
        4,
        5,
        6,
        7,
        9,
        8
    ],
    "groupby": false
}