{
    "timestamp": "2022-07-27 13:08:53.220335",
    "dataset": "dmv.csv",
    "model": "dmv.csv-2.6MB*",
    "query": "'SELECT Model Year FROM dmv.csv WHERE Registration Class<=WUG'",
    "avg_est": 2012.071044921875,
    "avg_real": 2012.135365428006,
    "avg_err": 3.196629174963271e-05,
    "count_est": 12646316.0,
    "count_real": 12646316,
    "count_err": 0.0,
    "sum_est": 25445286248.532227,
    "sum_real": 25446055399.0,
    "sum_err": 3.0226707272030234e-05,
    "query_dur_ms_est": 9.93037223815918,
    "query_dur_ms_real": 3474.212408065796,
    "query_dur_ms_err": 0.9971416911023907,
    "order": [
        0,
        1,
        2,
        3,
        4,
        5,
        6,
        7,
        9,
        8
    ],
    "groupby": false
}