{
    "timestamp": "2022-07-27 13:09:40.696557",
    "dataset": "dmv.csv",
    "model": "dmv.csv-2.6MB*",
    "query": "'SELECT Weight_100 FROM dmv.csv WHERE State>=AA<=CA AND Suspension Indicator=N'",
    "avg_est": 46.299468994140625,
    "avg_real": 52.70225725546399,
    "avg_err": 0.12148982974841266,
    "count_est": 7743.225261974381,
    "count_real": 6146,
    "count_err": 0.2598804526479631,
    "sum_est": 358507.2179314293,
    "sum_real": 147092.0,
    "sum_err": 1.4372992272280565,
    "query_dur_ms_est": 9.976387023925781,
    "query_dur_ms_real": 3474.212408065796,
    "query_dur_ms_err": 0.9971284464355822,
    "order": [
        0,
        1,
        2,
        3,
        4,
        5,
        6,
        7,
        8,
        9
    ],
    "groupby": false
}