{
    "timestamp": "2022-07-27 13:10:55.740664",
    "dataset": "dmv.csv",
    "model": "dmv.csv-2.6MB*",
    "query": "'SELECT Model Year FROM dmv.csv WHERE County>=WASHINGTON'",
    "avg_est": 2012.1160888671875,
    "avg_real": 2012.3428193526952,
    "avg_err": 0.0001126699105774726,
    "count_est": 953635.2405753732,
    "count_real": 954141,
    "count_err": 0.0005300678040528887,
    "sum_est": 1918824810.4724393,
    "sum_real": 1920058790.0,
    "sum_err": 0.000642677991938315,
    "query_dur_ms_est": 9.941816329956055,
    "query_dur_ms_real": 3474.212408065796,
    "query_dur_ms_err": 0.9971383970919927,
    "order": [
        0,
        1,
        2,
        3,
        4,
        5,
        6,
        7,
        9,
        8
    ],
    "groupby": false
}