{
    "timestamp": "2022-07-27 13:15:11.380925",
    "dataset": "dmv.csv",
    "model": "dmv.csv-2.6MB*",
    "query": "'SELECT Model Year FROM dmv.csv WHERE County>=MADISON<=OUT-OF-STATE AND Fuel Type=NONE AND Scofflaw Indicator=N AND Suspension Indicator=Y AND Revocation Indicator=Y AND Registration Class<=SEM'",
    "avg_est": 2012.299072265625,
    "avg_real": NaN,
    "avg_err": NaN,
    "count_est": 0.012012896227847403,
    "count_real": 0,
    "count_err": "result=0!",
    "sum_est": 24.173539934520555,
    "sum_real": 0.0,
    "sum_err": "result=0!",
    "query_dur_ms_est": 10.158300399780273,
    "query_dur_ms_real": 3474.212408065796,
    "query_dur_ms_err": 0.997076085395298,
    "order": [
        0,
        1,
        2,
        3,
        4,
        5,
        6,
        7,
        9,
        8
    ],
    "groupby": false
}