{
    "timestamp": "2022-07-27 13:10:32.517800",
    "dataset": "dmv.csv",
    "model": "dmv.csv-2.6MB*",
    "query": "'SELECT Weight_100 FROM dmv.csv WHERE Fuel Type=NONE AND Revocation Indicator=N'",
    "avg_est": 62.71893310546875,
    "avg_real": 81.99741362862251,
    "avg_err": 0.2351108366718569,
    "count_est": 756796.5509264469,
    "count_real": 804800,
    "count_err": 0.05964643274546855,
    "sum_est": 47465472.2520053,
    "sum_real": 11603536.0,
    "sum_err": 3.0906041272251237,
    "query_dur_ms_est": 10.000228881835938,
    "query_dur_ms_real": 3474.212408065796,
    "query_dur_ms_err": 0.9971215839139198,
    "order": [
        0,
        1,
        2,
        3,
        4,
        5,
        6,
        7,
        8,
        9
    ],
    "groupby": false
}