{
    "timestamp": "2022-07-27 13:08:14.772064",
    "dataset": "dmv.csv",
    "model": "dmv.csv-2.6MB*",
    "query": "'SELECT Model Year FROM dmv.csv WHERE Registration Class>=JCL'",
    "avg_est": 2012.44970703125,
    "avg_real": 2012.7518579359878,
    "avg_err": 0.00015011830869586,
    "count_est": 11197739.366926193,
    "count_real": 11247831,
    "count_err": 0.004453448231379611,
    "sum_est": 22534887308.38291,
    "sum_real": 22639092743.0,
    "sum_err": 0.004602897995959162,
    "query_dur_ms_est": 9.969711303710938,
    "query_dur_ms_real": 3474.212408065796,
    "query_dur_ms_err": 0.9971303679416477,
    "order": [
        0,
        1,
        2,
        3,
        4,
        5,
        6,
        7,
        9,
        8
    ],
    "groupby": false
}