{
    "timestamp": "2022-07-27 13:08:16.775155",
    "dataset": "dmv.csv",
    "model": "dmv.csv-2.6MB*",
    "query": "'SELECT Model Year FROM dmv.csv WHERE Scofflaw Indicator=Y'",
    "avg_est": 2013.25732421875,
    "avg_real": 2013.6647554640792,
    "avg_err": 0.00020233320577502803,
    "count_est": 18664.969462412875,
    "count_real": 20406,
    "count_err": 0.0853195402130317,
    "sum_est": 37577386.47652203,
    "sum_real": 41090843.0,
    "sum_err": 0.08550461044272009,
    "query_dur_ms_est": 9.942054748535156,
    "query_dur_ms_real": 3474.212408065796,
    "query_dur_ms_err": 0.9971383284667761,
    "order": [
        0,
        1,
        2,
        3,
        4,
        5,
        6,
        7,
        9,
        8
    ],
    "groupby": false
}