{
    "timestamp": "2022-07-27 13:12:11.076110",
    "dataset": "dmv.csv",
    "model": "dmv.csv-2.6MB*",
    "query": "'SELECT Weight_100 FROM dmv.csv WHERE Record Type=TRL AND Model Year>=1943.0<=1944.0'",
    "avg_est": 34.867835998535156,
    "avg_real": NaN,
    "avg_err": NaN,
    "count_est": 13.675435711341834,
    "count_real": 12,
    "count_err": 0.13961964261181947,
    "sum_est": 476.832849591578,
    "sum_real": 0.0,
    "sum_err": "result=0!",
    "query_dur_ms_est": 9.99307632446289,
    "query_dur_ms_real": 3474.212408065796,
    "query_dur_ms_err": 0.9971236426704185,
    "order": [
        0,
        1,
        2,
        3,
        4,
        5,
        6,
        7,
        8,
        9
    ],
    "groupby": false
}