{
    "timestamp": "2022-07-27 13:09:29.195868",
    "dataset": "dmv.csv",
    "model": "dmv.csv-2.6MB*",
    "query": "'SELECT Model Year FROM dmv.csv WHERE Fuel Type=PROPANE AND Scofflaw Indicator=Y'",
    "avg_est": 2014.29296875,
    "avg_real": NaN,
    "avg_err": NaN,
    "count_est": 0.559458015003159,
    "count_real": 0,
    "count_err": "result=0!",
    "sum_est": 1126.912345931695,
    "sum_real": 0.0,
    "sum_err": "result=0!",
    "query_dur_ms_est": 9.943962097167969,
    "query_dur_ms_real": 3474.212408065796,
    "query_dur_ms_err": 0.9971377794650431,
    "order": [
        0,
        1,
        2,
        3,
        4,
        5,
        6,
        7,
        9,
        8
    ],
    "groupby": false
}