{
    "timestamp": "2022-07-27 13:14:39.532167",
    "dataset": "dmv.csv",
    "model": "dmv.csv-2.6MB*",
    "query": "'SELECT Model Year FROM dmv.csv WHERE Record Type=SNOW AND State>=PR<=WA AND Fuel Type=ELECTRIC AND Scofflaw Indicator=N AND Suspension Indicator=Y AND Revocation Indicator=Y AND Registration Class<=ORG'",
    "avg_est": 2016.27880859375,
    "avg_real": NaN,
    "avg_err": NaN,
    "count_est": 9.50750215202715e-17,
    "count_real": 0,
    "count_err": "result=0!",
    "sum_est": 1.9169775111791816e-13,
    "sum_real": 0.0,
    "sum_err": "result=0!",
    "query_dur_ms_est": 10.264873504638672,
    "query_dur_ms_real": 3474.212408065796,
    "query_dur_ms_err": 0.9970454099234671,
    "order": [
        0,
        1,
        2,
        3,
        4,
        5,
        6,
        7,
        9,
        8
    ],
    "groupby": false
}