{
    "timestamp": "2022-07-27 13:10:28.475102",
    "dataset": "dmv.csv",
    "model": "dmv.csv-2.6MB*",
    "query": "'SELECT Model Year FROM dmv.csv WHERE Record Type=SNOW AND Weight_100<=35.0'",
    "avg_est": 2009.310302734375,
    "avg_real": NaN,
    "avg_err": NaN,
    "count_est": 0.0035300682884832346,
    "count_real": 0,
    "count_err": "result=0!",
    "sum_est": 7.0930025814052655,
    "sum_real": 0.0,
    "sum_err": "result=0!",
    "query_dur_ms_est": 10.068178176879883,
    "query_dur_ms_real": 3474.212408065796,
    "query_dur_ms_err": 0.997102025727182,
    "order": [
        0,
        1,
        2,
        3,
        4,
        5,
        6,
        7,
        9,
        8
    ],
    "groupby": false
}