{
    "timestamp": "2022-07-27 13:10:07.181829",
    "dataset": "dmv.csv",
    "model": "dmv.csv-2.6MB*",
    "query": "'SELECT Model Year FROM dmv.csv WHERE Revocation Indicator=N'",
    "avg_est": 2012.041015625,
    "avg_real": 2012.1336450903414,
    "avg_err": 4.603544380234332e-05,
    "count_est": 12641013.163518667,
    "count_real": 12640636,
    "count_err": 2.9837384659064708e-05,
    "sum_est": 25434236964.05509,
    "sum_real": 25434604724.0,
    "sum_err": 1.4459039127945446e-05,
    "query_dur_ms_est": 9.921073913574219,
    "query_dur_ms_real": 3474.212408065796,
    "query_dur_ms_err": 0.997144367485839,
    "order": [
        0,
        1,
        2,
        3,
        4,
        5,
        6,
        7,
        9,
        8
    ],
    "groupby": false
}