{
    "timestamp": "2022-07-27 13:12:15.753167",
    "dataset": "dmv.csv",
    "model": "dmv.csv-2.6MB*",
    "query": "'SELECT Model Year FROM dmv.csv WHERE Record Type=BOAT'",
    "avg_est": 2000.1383056640625,
    "avg_real": 2000.1510189457447,
    "avg_err": 6.3561608907323155e-06,
    "count_est": 364348.39701479673,
    "count_real": 365645,
    "count_err": 0.003546070601822167,
    "sum_est": 728747185.4765927,
    "sum_real": 731301216.0,
    "sum_err": 0.003492446706675981,
    "query_dur_ms_est": 9.938955307006836,
    "query_dur_ms_real": 3474.212408065796,
    "query_dur_ms_err": 0.9971392205945923,
    "order": [
        0,
        1,
        2,
        3,
        4,
        5,
        6,
        7,
        9,
        8
    ],
    "groupby": false
}