{
    "timestamp": "2022-07-27 13:14:00.118713",
    "dataset": "dmv.csv",
    "model": "dmv.csv-2.6MB*",
    "query": "'SELECT Weight_100 FROM dmv.csv WHERE Registration Class<=CLG'",
    "avg_est": 16.869430541992188,
    "avg_real": 5.361599761920508,
    "avg_err": 2.1463427504983343,
    "count_est": 530968.9276238382,
    "count_real": 505203,
    "count_err": 0.0510011374117695,
    "sum_est": 8957143.444506416,
    "sum_real": 648582.0,
    "sum_err": 12.810348490254766,
    "query_dur_ms_est": 9.966611862182617,
    "query_dur_ms_real": 3474.212408065796,
    "query_dur_ms_err": 0.9971312600694638,
    "order": [
        0,
        1,
        2,
        3,
        4,
        5,
        6,
        7,
        8,
        9
    ],
    "groupby": false
}