{
    "timestamp": "2022-07-27 13:10:42.143161",
    "dataset": "dmv.csv",
    "model": "dmv.csv-2.6MB*",
    "query": "'SELECT Model Year FROM dmv.csv WHERE Record Type=SNOW AND State>=CT AND County>=WESTCHESTER AND Scofflaw Indicator=N AND Suspension Indicator=Y AND Revocation Indicator=N AND Registration Class>=ATV<=SRF AND Weight_100>=91.0'",
    "avg_est": 2008.637939453125,
    "avg_real": NaN,
    "avg_err": NaN,
    "count_est": 1.4405743874340903e-10,
    "count_real": 0,
    "count_err": "result=0!",
    "sum_est": 2.893592369204559e-07,
    "sum_real": 0.0,
    "sum_err": "result=0!",
    "query_dur_ms_est": 10.219573974609375,
    "query_dur_ms_real": 3474.212408065796,
    "query_dur_ms_err": 0.9970584487146257,
    "order": [
        0,
        1,
        2,
        3,
        4,
        5,
        6,
        7,
        9,
        8
    ],
    "groupby": false
}