{
    "timestamp": "2022-07-27 13:12:23.236966",
    "dataset": "dmv.csv",
    "model": "dmv.csv-2.6MB*",
    "query": "'SELECT Model Year FROM dmv.csv WHERE Scofflaw Indicator=Y'",
    "avg_est": 2013.22265625,
    "avg_real": 2013.6647554640792,
    "avg_err": 0.000219549561504515,
    "count_est": 18038.729136679787,
    "count_real": 20406,
    "count_err": 0.1160085692110268,
    "sum_est": 36315978.18792075,
    "sum_real": 41090843.0,
    "sum_err": 0.11620264914203028,
    "query_dur_ms_est": 9.868860244750977,
    "query_dur_ms_real": 3474.212408065796,
    "query_dur_ms_err": 0.9971593964082797,
    "order": [
        0,
        1,
        2,
        3,
        4,
        5,
        6,
        7,
        9,
        8
    ],
    "groupby": false
}