{
    "timestamp": "2022-07-27 13:11:20.655190",
    "dataset": "dmv.csv",
    "model": "dmv.csv-2.6MB*",
    "query": "'SELECT Weight_100 FROM dmv.csv WHERE Record Type=TRL AND Registration Class>=SEM'",
    "avg_est": 42.409202575683594,
    "avg_real": 97.39520804114072,
    "avg_err": 0.5645658197293494,
    "count_est": 306316.98783055693,
    "count_real": 309113,
    "count_err": 0.00904527525352564,
    "sum_est": 12990659.189279296,
    "sum_real": 4166567.0,
    "sum_err": 2.117832783987224,
    "query_dur_ms_est": 9.994029998779297,
    "query_dur_ms_real": 3474.212408065796,
    "query_dur_ms_err": 0.997123368169552,
    "order": [
        0,
        1,
        2,
        3,
        4,
        5,
        6,
        7,
        8,
        9
    ],
    "groupby": false
}