{
    "timestamp": "2022-07-27 13:14:34.512511",
    "dataset": "dmv.csv",
    "model": "dmv.csv-2.6MB*",
    "query": "'SELECT Weight_100 FROM dmv.csv WHERE State>=FL<=SK AND Fuel Type=nan AND Scofflaw Indicator=Y AND Revocation Indicator=Y AND Registration Class>=ORM AND Model Year>=1933.0'",
    "avg_est": 53.55266189575195,
    "avg_real": NaN,
    "avg_err": NaN,
    "count_est": 0.0,
    "count_real": 0,
    "count_err": "result=0!",
    "sum_est": 0.0,
    "sum_real": 0.0,
    "sum_err": "result=0!",
    "query_dur_ms_est": 10.201215744018555,
    "query_dur_ms_real": 3474.212408065796,
    "query_dur_ms_err": 0.9970637328563057,
    "order": [
        0,
        1,
        2,
        3,
        4,
        5,
        6,
        7,
        8,
        9
    ],
    "groupby": false
}