{
    "timestamp": "2022-07-27 13:11:59.735425",
    "dataset": "dmv.csv",
    "model": "dmv.csv-2.6MB*",
    "query": "'SELECT Weight_100 FROM dmv.csv WHERE Model Year>=1918.0<=1994.0'",
    "avg_est": 35.12287902832031,
    "avg_real": 34.49832076798859,
    "avg_err": 0.01810401916464467,
    "count_est": 584363.0166696161,
    "count_real": 564138,
    "count_err": 0.035851186535238014,
    "sum_est": 20524511.543111254,
    "sum_real": 10446678.0,
    "sum_err": 0.9646926557046416,
    "query_dur_ms_est": 9.905099868774414,
    "query_dur_ms_real": 3474.212408065796,
    "query_dur_ms_err": 0.9971489653753528,
    "order": [
        0,
        1,
        2,
        3,
        4,
        5,
        6,
        7,
        8,
        9
    ],
    "groupby": false
}