{
    "timestamp": "2022-07-27 13:07:28.670121",
    "dataset": "dmv.csv",
    "model": "dmv.csv-2.6MB*",
    "query": "'SELECT Weight_100 FROM dmv.csv WHERE Model Year>=2005.0'",
    "avg_est": 47.50409698486328,
    "avg_real": 50.57793298462955,
    "avg_err": 0.06077425110868795,
    "count_est": 10691324.13630271,
    "count_real": 10755920,
    "count_err": 0.006005610277622967,
    "sum_est": 507881698.6675336,
    "sum_real": 433318753.0,
    "sum_err": 0.1720741259207251,
    "query_dur_ms_est": 9.975433349609375,
    "query_dur_ms_real": 3474.212408065796,
    "query_dur_ms_err": 0.9971287209364488,
    "order": [
        0,
        1,
        2,
        3,
        4,
        5,
        6,
        7,
        8,
        9
    ],
    "groupby": false
}