{
    "timestamp": "2022-07-27 13:11:30.866677",
    "dataset": "dmv.csv",
    "model": "dmv.csv-2.6MB*",
    "query": "'SELECT Model Year FROM dmv.csv WHERE State<=MO AND Suspension Indicator=N'",
    "avg_est": 2015.573974609375,
    "avg_real": 2014.2872466723466,
    "avg_err": 0.0006388006175157749,
    "count_est": 79224.1579640396,
    "count_real": 71597,
    "count_err": 0.10652901607664558,
    "sum_est": 159682150.95266026,
    "sum_real": 144216924.0,
    "sum_err": 0.1072358674954145,
    "query_dur_ms_est": 10.000228881835938,
    "query_dur_ms_real": 3474.212408065796,
    "query_dur_ms_err": 0.9971215839139198,
    "order": [
        0,
        1,
        2,
        3,
        4,
        5,
        6,
        7,
        9,
        8
    ],
    "groupby": false
}