{
    "timestamp": "2022-07-27 13:11:43.737489",
    "dataset": "dmv.csv",
    "model": "dmv.csv-2.6MB*",
    "query": "'SELECT Model Year FROM dmv.csv WHERE Revocation Indicator=Y'",
    "avg_est": 2014.0755615234375,
    "avg_real": 2015.9639084507041,
    "avg_err": 0.0009366967927108672,
    "count_est": 5138.007280428079,
    "count_real": 5680,
    "count_err": 0.09542125344576075,
    "sum_est": 10348334.898439692,
    "sum_real": 11450675.0,
    "sum_err": 0.09626856945641263,
    "query_dur_ms_est": 9.917497634887695,
    "query_dur_ms_real": 3474.212408065796,
    "query_dur_ms_err": 0.9971453968640884,
    "order": [
        0,
        1,
        2,
        3,
        4,
        5,
        6,
        7,
        9,
        8
    ],
    "groupby": false
}