{
    "timestamp": "2022-07-27 13:09:18.492636",
    "dataset": "dmv.csv",
    "model": "dmv.csv-2.6MB*",
    "query": "'SELECT Weight_100 FROM dmv.csv WHERE Fuel Type=DIESEL AND Revocation Indicator=N'",
    "avg_est": 54.444091796875,
    "avg_real": 80.10316626565907,
    "avg_err": 0.3203253462377097,
    "count_est": 468026.43512777984,
    "count_real": 481189,
    "count_err": 0.02735425139024408,
    "sum_est": 25481274.19746101,
    "sum_real": 14182586.0,
    "sum_err": 0.7966592409495002,
    "query_dur_ms_est": 10.027170181274414,
    "query_dur_ms_real": 3474.212408065796,
    "query_dur_ms_err": 0.9971138292644413,
    "order": [
        0,
        1,
        2,
        3,
        4,
        5,
        6,
        7,
        8,
        9
    ],
    "groupby": false
}