{
    "timestamp": "2022-07-27 13:14:13.911069",
    "dataset": "dmv.csv",
    "model": "dmv.csv-2.6MB*",
    "query": "'SELECT Weight_100 FROM dmv.csv WHERE Record Type=BOAT AND State=MN AND County>=ERIE<=RENSSELAER AND Fuel Type=GAS AND Scofflaw Indicator=Y AND Suspension Indicator=Y AND Revocation Indicator=N AND Registration Class>=JCL<=NLM AND Model Year>=1902.0<=2024.0'",
    "avg_est": 32.10597229003906,
    "avg_real": NaN,
    "avg_err": NaN,
    "count_est": 2.850373096448868e-09,
    "count_real": 0,
    "count_err": "result=0!",
    "sum_est": 9.151399965086019e-08,
    "sum_real": 0.0,
    "sum_err": "result=0!",
    "query_dur_ms_est": 10.354757308959961,
    "query_dur_ms_real": 3474.212408065796,
    "query_dur_ms_err": 0.9970195382167998,
    "order": [
        0,
        1,
        2,
        3,
        4,
        5,
        6,
        7,
        8,
        9
    ],
    "groupby": false
}