{
    "timestamp": "2022-07-27 13:11:49.379789",
    "dataset": "dmv.csv",
    "model": "dmv.csv-2.6MB*",
    "query": "'SELECT Model Year FROM dmv.csv WHERE County>=SCHOHARIE'",
    "avg_est": 2011.727783203125,
    "avg_real": 2011.5866086705025,
    "avg_err": 7.018068822588597e-05,
    "count_est": 3174502.1670297384,
    "count_real": 3160216,
    "count_err": 0.0045206299283778156,
    "sum_est": 6386234207.252253,
    "sum_real": 6357034105.0,
    "sum_err": 0.004593353090442886,
    "query_dur_ms_est": 9.946346282958984,
    "query_dur_ms_real": 3474.212408065796,
    "query_dur_ms_err": 0.9971370932128769,
    "order": [
        0,
        1,
        2,
        3,
        4,
        5,
        6,
        7,
        9,
        8
    ],
    "groupby": false
}