{
    "timestamp": "2022-07-27 13:09:47.912755",
    "dataset": "dmv.csv",
    "model": "dmv.csv-2.6MB*",
    "query": "'SELECT Model Year FROM dmv.csv WHERE State<=WV'",
    "avg_est": 2011.99658203125,
    "avg_real": 2012.1353832253683,
    "avg_err": 6.89820353418736e-05,
    "count_est": 12646230.822953463,
    "count_real": 12646249,
    "count_err": 1.4373468794896646e-06,
    "sum_est": 25444173191.360607,
    "sum_real": 25445920811.0,
    "sum_err": 6.86797562710867e-05,
    "query_dur_ms_est": 9.891271591186523,
    "query_dur_ms_real": 3474.212408065796,
    "query_dur_ms_err": 0.997152945637917,
    "order": [
        0,
        1,
        2,
        3,
        4,
        5,
        6,
        7,
        9,
        8
    ],
    "groupby": false
}