{
    "timestamp": "2022-07-27 13:06:50.989060",
    "dataset": "dmv.csv",
    "model": "dmv.csv-2.6MB*",
    "query": "'SELECT Weight_100 FROM dmv.csv WHERE State>=AA AND Fuel Type=COMP N/G AND Suspension Indicator=N AND Registration Class>=NLM<=STA'",
    "avg_est": 41.69065856933594,
    "avg_real": 21.62724188075618,
    "avg_err": 0.927691880416434,
    "count_est": 2470.4740654911147,
    "count_real": 2099,
    "count_err": 0.17697668675136483,
    "sum_est": 102995.69076878934,
    "sum_real": 44617.0,
    "sum_err": 1.308440521971207,
    "query_dur_ms_est": 10.103464126586914,
    "query_dur_ms_real": 3474.212408065796,
    "query_dur_ms_err": 0.9970918691951216,
    "order": [
        0,
        1,
        2,
        3,
        4,
        5,
        6,
        7,
        8,
        9
    ],
    "groupby": false
}