{
    "timestamp": "2022-07-27 13:11:12.462566",
    "dataset": "dmv.csv",
    "model": "dmv.csv-2.6MB*",
    "query": "'SELECT Weight_100 FROM dmv.csv WHERE State>=GS<=GS AND County>=HERKIMER<=RENSSELAER AND Fuel Type=DIESEL AND Revocation Indicator=N AND Registration Class>=CMH<=LTR AND Model Year>=1988.0'",
    "avg_est": 42.62249755859375,
    "avg_real": NaN,
    "avg_err": NaN,
    "count_est": 0.17463912374296697,
    "count_real": 0,
    "count_err": "result=0!",
    "sum_est": 7.443555625369561,
    "sum_real": 0.0,
    "sum_err": "result=0!",
    "query_dur_ms_est": 10.168790817260742,
    "query_dur_ms_real": 3474.212408065796,
    "query_dur_ms_err": 0.9970730658857666,
    "order": [
        0,
        1,
        2,
        3,
        4,
        5,
        6,
        7,
        8,
        9
    ],
    "groupby": false
}