{
    "timestamp": "2022-07-27 13:13:52.439890",
    "dataset": "dmv.csv",
    "model": "dmv.csv-2.6MB*",
    "query": "'SELECT Weight_100 FROM dmv.csv WHERE County=SCHOHARIE'",
    "avg_est": 42.43501281738281,
    "avg_real": 43.962990539593555,
    "avg_err": 0.03475600052354557,
    "count_est": 32962.95167559385,
    "count_real": 36545,
    "count_err": 0.09801746680547672,
    "sum_est": 1398783.2768525954,
    "sum_real": 1003763.0,
    "sum_err": 0.39353938813504324,
    "query_dur_ms_est": 9.970903396606445,
    "query_dur_ms_real": 3474.212408065796,
    "query_dur_ms_err": 0.9971300248155646,
    "order": [
        0,
        1,
        2,
        3,
        4,
        5,
        6,
        7,
        8,
        9
    ],
    "groupby": false
}