{
    "timestamp": "2022-07-27 13:08:32.378568",
    "dataset": "dmv.csv",
    "model": "dmv.csv-2.6MB*",
    "query": "'SELECT Model Year FROM dmv.csv WHERE Revocation Indicator=Y'",
    "avg_est": 2014.057373046875,
    "avg_real": 2015.9639084507041,
    "avg_err": 0.0009457190160186634,
    "count_est": 5003.8945808189455,
    "count_real": 5680,
    "count_err": 0.11903264422201663,
    "sum_est": 10078130.7744477,
    "sum_real": 11450675.0,
    "sum_err": 0.11986579180286752,
    "query_dur_ms_est": 9.929895401000977,
    "query_dur_ms_real": 3474.212408065796,
    "query_dur_ms_err": 0.997141828352824,
    "order": [
        0,
        1,
        2,
        3,
        4,
        5,
        6,
        7,
        9,
        8
    ],
    "groupby": false
}