{
    "timestamp": "2022-07-27 13:13:37.675278",
    "dataset": "dmv.csv",
    "model": "dmv.csv-2.6MB*",
    "query": "'SELECT Weight_100 FROM dmv.csv WHERE Model Year>=1922.0<=2001.0'",
    "avg_est": 38.420677185058594,
    "avg_real": 38.16676385996837,
    "avg_err": 0.006652733934210851,
    "count_est": 1246277.1902068257,
    "count_real": 1185888,
    "count_err": 0.05092318179020762,
    "sum_est": 47882813.60803832,
    "sum_real": 25001215.0,
    "sum_err": 0.9152194646555506,
    "query_dur_ms_est": 9.971141815185547,
    "query_dur_ms_real": 3474.212408065796,
    "query_dur_ms_err": 0.9971299561903479,
    "order": [
        0,
        1,
        2,
        3,
        4,
        5,
        6,
        7,
        8,
        9
    ],
    "groupby": false
}