{
    "timestamp": "2022-07-27 13:07:06.319148",
    "dataset": "dmv.csv",
    "model": "dmv.csv-2.6MB*",
    "query": "'SELECT Weight_100 FROM dmv.csv WHERE State<=WV'",
    "avg_est": 46.95813751220703,
    "avg_real": 49.4661301483678,
    "avg_err": 0.05070120966888545,
    "count_est": 12646232.330511808,
    "count_real": 12646249,
    "count_err": 1.3181369583664385e-06,
    "sum_est": 593843516.7874919,
    "sum_real": 480015617.0,
    "sum_err": 0.23713374264548545,
    "query_dur_ms_est": 10.043859481811523,
    "query_dur_ms_real": 3474.212408065796,
    "query_dur_ms_err": 0.9971090254992776,
    "order": [
        0,
        1,
        2,
        3,
        4,
        5,
        6,
        7,
        8,
        9
    ],
    "groupby": false
}