{
    "timestamp": "2022-07-27 13:12:58.288817",
    "dataset": "dmv.csv",
    "model": "dmv.csv-2.6MB*",
    "query": "'SELECT Model Year FROM dmv.csv WHERE Scofflaw Indicator=N'",
    "avg_est": 2012.0377197265625,
    "avg_real": 2012.132893623007,
    "avg_err": 4.73000052561901e-05,
    "count_est": 12626936.33746481,
    "count_real": 12625910,
    "count_err": 8.12881974296837e-05,
    "sum_est": 25405872195.565166,
    "sum_real": 25404964556.0,
    "sum_err": 3.572685815663192e-05,
    "query_dur_ms_est": 9.95945930480957,
    "query_dur_ms_real": 3474.212408065796,
    "query_dur_ms_err": 0.9971333188259626,
    "order": [
        0,
        1,
        2,
        3,
        4,
        5,
        6,
        7,
        9,
        8
    ],
    "groupby": false
}