{
    "timestamp": "2022-07-27 13:11:46.992121",
    "dataset": "dmv.csv",
    "model": "dmv.csv-2.6MB*",
    "query": "'SELECT Model Year FROM dmv.csv WHERE Revocation Indicator=N'",
    "avg_est": 2012.07568359375,
    "avg_real": 2012.1336450903414,
    "avg_err": 2.88059874813923e-05,
    "count_est": 12641276.232450008,
    "count_real": 12640636,
    "count_err": 5.0648752958980254e-05,
    "sum_est": 25435204516.904274,
    "sum_real": 25434604724.0,
    "sum_err": 2.3581766289767595e-05,
    "query_dur_ms_est": 9.957075119018555,
    "query_dur_ms_real": 3474.212408065796,
    "query_dur_ms_err": 0.9971340050781288,
    "order": [
        0,
        1,
        2,
        3,
        4,
        5,
        6,
        7,
        9,
        8
    ],
    "groupby": false
}