{
    "timestamp": "2022-07-27 13:08:26.280212",
    "dataset": "dmv.csv",
    "model": "dmv.csv-2.6MB*",
    "query": "'SELECT Model Year FROM dmv.csv WHERE Record Type=TRL'",
    "avg_est": 2007.86572265625,
    "avg_real": 2008.260302688645,
    "avg_err": 0.00019647853013212915,
    "count_est": 781843.5492842644,
    "count_real": 775186,
    "count_err": 0.008588324975250385,
    "sum_est": 1569836863.0877771,
    "sum_real": 1556775271.0,
    "sum_err": 0.008390159023650845,
    "query_dur_ms_est": 9.973287582397461,
    "query_dur_ms_real": 3474.212408065796,
    "query_dur_ms_err": 0.9971293385633984,
    "order": [
        0,
        1,
        2,
        3,
        4,
        5,
        6,
        7,
        9,
        8
    ],
    "groupby": false
}