{
    "timestamp": "2022-07-27 13:14:48.644417",
    "dataset": "dmv.csv",
    "model": "dmv.csv-2.6MB*",
    "query": "'SELECT Weight_100 FROM dmv.csv WHERE Registration Class<=USC'",
    "avg_est": 47.1132698059082,
    "avg_real": 49.4620944722922,
    "avg_err": 0.04748736767909753,
    "count_est": 12644272.504662275,
    "count_real": 12644708,
    "count_err": 3.444091692150469e-05,
    "sum_est": 595713022.0115805,
    "sum_real": 479898948.0,
    "sum_err": 0.24133012688242123,
    "query_dur_ms_est": 9.987354278564453,
    "query_dur_ms_real": 3474.212408065796,
    "query_dur_ms_err": 0.9971252896756175,
    "order": [
        0,
        1,
        2,
        3,
        4,
        5,
        6,
        7,
        8,
        9
    ],
    "groupby": false
}