{
    "timestamp": "2022-07-27 13:15:16.215571",
    "dataset": "dmv.csv",
    "model": "dmv.csv-2.6MB*",
    "query": "'SELECT Weight_100 FROM dmv.csv WHERE Model Year>=1996.0'",
    "avg_est": 47.32573699951172,
    "avg_real": 49.968172848370514,
    "avg_err": 0.0528823788870032,
    "count_est": 12023319.021158695,
    "count_real": 12029559,
    "count_err": 0.0005187204985074498,
    "sum_est": 569012433.8565831,
    "sum_real": 468496292.0,
    "sum_err": 0.21455056010685164,
    "query_dur_ms_est": 9.918212890625,
    "query_dur_ms_real": 3474.212408065796,
    "query_dur_ms_err": 0.9971451909884385,
    "order": [
        0,
        1,
        2,
        3,
        4,
        5,
        6,
        7,
        8,
        9
    ],
    "groupby": false
}