{
    "timestamp": "2022-07-27 13:11:52.714886",
    "dataset": "dmv.csv",
    "model": "dmv.csv-2.6MB*",
    "query": "'SELECT Weight_100 FROM dmv.csv WHERE Registration Class>=HOU'",
    "avg_est": 48.94813537597656,
    "avg_real": 50.019303759061906,
    "avg_err": 0.021415099823161404,
    "count_est": 11344828.065829515,
    "count_real": 11361274,
    "count_err": 0.0014475431338496496,
    "sum_est": 555308179.9834014,
    "sum_real": 476435669.0,
    "sum_err": 0.16554703208714086,
    "query_dur_ms_est": 9.956121444702148,
    "query_dur_ms_real": 3474.212408065796,
    "query_dur_ms_err": 0.9971342795789953,
    "order": [
        0,
        1,
        2,
        3,
        4,
        5,
        6,
        7,
        8,
        9
    ],
    "groupby": false
}