{
    "timestamp": "2022-07-27 13:12:48.433802",
    "dataset": "dmv.csv",
    "model": "dmv.csv-2.6MB*",
    "query": "'SELECT Weight_100 FROM dmv.csv WHERE Record Type=VEH AND State<=ND AND County<=DELAWARE AND Fuel Type=PROPANE AND Scofflaw Indicator=N AND Suspension Indicator=Y AND Revocation Indicator=Y AND Registration Class<=SEM AND Model Year>=1940.0<=2011.0'",
    "avg_est": 39.801937103271484,
    "avg_real": NaN,
    "avg_err": NaN,
    "count_est": 2.2822721884015678e-07,
    "count_real": 0,
    "count_err": "result=0!",
    "sum_est": 9.083885409530496e-06,
    "sum_real": 0.0,
    "sum_err": "result=0!",
    "query_dur_ms_est": 10.36381721496582,
    "query_dur_ms_real": 3474.212408065796,
    "query_dur_ms_err": 0.9970169304585681,
    "order": [
        0,
        1,
        2,
        3,
        4,
        5,
        6,
        7,
        8,
        9
    ],
    "groupby": false
}