{
    "timestamp": "2022-07-27 13:08:56.455635",
    "dataset": "dmv.csv",
    "model": "dmv.csv-2.6MB*",
    "query": "'SELECT Weight_100 FROM dmv.csv WHERE County<=SARATOGA'",
    "avg_est": 46.754981994628906,
    "avg_real": 49.449218621598355,
    "avg_err": 0.054484918105311864,
    "count_est": 9298807.567875624,
    "count_real": 9341264,
    "count_err": 0.004545041455243776,
    "sum_est": 434765580.4075438,
    "sum_real": 355026599.0,
    "sum_err": 0.2246000204833773,
    "query_dur_ms_est": 9.964466094970703,
    "query_dur_ms_real": 3474.212408065796,
    "query_dur_ms_err": 0.9971318776964134,
    "order": [
        0,
        1,
        2,
        3,
        4,
        5,
        6,
        7,
        8,
        9
    ],
    "groupby": false
}