{
    "timestamp": "2022-07-27 13:12:21.415933",
    "dataset": "dmv.csv",
    "model": "dmv.csv-2.6MB*",
    "query": "'SELECT Weight_100 FROM dmv.csv WHERE State>=AL AND Revocation Indicator=Y'",
    "avg_est": 45.42798614501953,
    "avg_real": 54.645161290322584,
    "avg_err": 0.168673216944743,
    "count_est": 4979.359952076105,
    "count_real": 5680,
    "count_err": 0.12335212111336173,
    "sum_est": 226202.29491397843,
    "sum_real": 1694.0,
    "sum_err": 132.5314609881809,
    "query_dur_ms_est": 9.952545166015625,
    "query_dur_ms_real": 3474.212408065796,
    "query_dur_ms_err": 0.9971353089572447,
    "order": [
        0,
        1,
        2,
        3,
        4,
        5,
        6,
        7,
        8,
        9
    ],
    "groupby": false
}