{
    "timestamp": "2022-07-27 13:09:53.291357",
    "dataset": "dmv.csv",
    "model": "dmv.csv-2.6MB*",
    "query": "'SELECT Weight_100 FROM dmv.csv WHERE County>=DUTCHESS<=ONONDAGA AND Scofflaw Indicator=N AND Suspension Indicator=Y AND Model Year>=1991.0'",
    "avg_est": 49.4609375,
    "avg_real": 49.600918241214906,
    "avg_err": 0.002822140117127744,
    "count_est": 53274.48549107835,
    "count_real": 56235,
    "count_err": 0.0526454078229155,
    "sum_est": 2635005.997218883,
    "sum_real": 2528010.0,
    "sum_err": 0.0423241985668107,
    "query_dur_ms_est": 10.131597518920898,
    "query_dur_ms_real": 3474.212408065796,
    "query_dur_ms_err": 0.99708377141956,
    "order": [
        0,
        1,
        2,
        3,
        4,
        5,
        6,
        7,
        8,
        9
    ],
    "groupby": false
}