{
    "timestamp": "2022-07-27 13:10:59.213519",
    "dataset": "dmv.csv",
    "model": "dmv.csv-2.6MB*",
    "query": "'SELECT Weight_100 FROM dmv.csv WHERE State<=SK'",
    "avg_est": 47.11143493652344,
    "avg_real": 49.464607605783975,
    "avg_err": 0.047572856293827695,
    "count_est": 12624037.302765846,
    "count_real": 12628573,
    "count_err": 0.00035916150099886564,
    "sum_est": 594736512.025498,
    "sum_real": 479791706.0,
    "sum_err": 0.23957230729098522,
    "query_dur_ms_est": 10.069847106933594,
    "query_dur_ms_real": 3474.212408065796,
    "query_dur_ms_err": 0.9971015453506656,
    "order": [
        0,
        1,
        2,
        3,
        4,
        5,
        6,
        7,
        8,
        9
    ],
    "groupby": false
}