{
    "timestamp": "2022-07-27 13:12:44.837716",
    "dataset": "dmv.csv",
    "model": "dmv.csv-2.6MB*",
    "query": "'SELECT Weight_100 FROM dmv.csv WHERE State>=Y AND Fuel Type=PROPANE'",
    "avg_est": 59.64896011352539,
    "avg_real": NaN,
    "avg_err": NaN,
    "count_est": 0.0013252696204080483,
    "count_real": 0,
    "count_err": "result=0!",
    "sum_est": 0.0790509547273866,
    "sum_real": 0.0,
    "sum_err": "result=0!",
    "query_dur_ms_est": 10.035037994384766,
    "query_dur_ms_real": 3474.212408065796,
    "query_dur_ms_err": 0.9971115646322927,
    "order": [
        0,
        1,
        2,
        3,
        4,
        5,
        6,
        7,
        8,
        9
    ],
    "groupby": false
}