{
    "timestamp": "2022-07-27 13:11:55.252813",
    "dataset": "dmv.csv",
    "model": "dmv.csv-2.6MB*",
    "query": "'SELECT Model Year FROM dmv.csv WHERE County<=MONTGOMERY'",
    "avg_est": 2012.09326171875,
    "avg_real": 2011.8519952767554,
    "avg_err": 0.00011992256018885243,
    "count_est": 4464630.272175074,
    "count_real": 4420702,
    "count_err": 0.009936944895872562,
    "sum_est": 8983252486.709015,
    "sum_real": 8893773997.0,
    "sum_err": 0.010060800930988049,
    "query_dur_ms_est": 9.932756423950195,
    "query_dur_ms_real": 3474.212408065796,
    "query_dur_ms_err": 0.9971410048502244,
    "order": [
        0,
        1,
        2,
        3,
        4,
        5,
        6,
        7,
        9,
        8
    ],
    "groupby": false
}