{
    "timestamp": "2022-07-27 13:11:29.052850",
    "dataset": "dmv.csv",
    "model": "dmv.csv-2.6MB*",
    "query": "'SELECT Weight_100 FROM dmv.csv WHERE Registration Class>=MED<=SRF'",
    "avg_est": 52.301246643066406,
    "avg_real": 49.594602329668874,
    "avg_err": 0.05457538091354636,
    "count_est": 10384440.282978535,
    "count_real": 10535044,
    "count_err": 0.014295499574701852,
    "sum_est": 543119172.4902546,
    "sum_real": 464931394.0,
    "sum_err": 0.1681705720441297,
    "query_dur_ms_est": 9.942054748535156,
    "query_dur_ms_real": 3474.212408065796,
    "query_dur_ms_err": 0.9971383284667761,
    "order": [
        0,
        1,
        2,
        3,
        4,
        5,
        6,
        7,
        8,
        9
    ],
    "groupby": false
}