{
    "timestamp": "2022-07-27 13:11:24.275182",
    "dataset": "dmv.csv",
    "model": "dmv.csv-2.6MB*",
    "query": "'SELECT Weight_100 FROM dmv.csv WHERE Scofflaw Indicator=N AND Revocation Indicator=Y'",
    "avg_est": 45.88933563232422,
    "avg_real": 54.645161290322584,
    "avg_err": 0.16023057579571978,
    "count_est": 5182.571161519503,
    "count_real": 5670,
    "count_err": 0.08596628544629573,
    "sum_est": 237824.74746937284,
    "sum_real": 1694.0,
    "sum_err": 139.39241290990134,
    "query_dur_ms_est": 9.952783584594727,
    "query_dur_ms_real": 3474.212408065796,
    "query_dur_ms_err": 0.997135240332028,
    "order": [
        0,
        1,
        2,
        3,
        4,
        5,
        6,
        7,
        8,
        9
    ],
    "groupby": false
}