{
    "timestamp": "2022-07-27 13:12:03.739111",
    "dataset": "dmv.csv",
    "model": "dmv.csv-2.6MB*",
    "query": "'SELECT Model Year FROM dmv.csv WHERE Weight_100>=74.0<=95.0'",
    "avg_est": 2011.9228515625,
    "avg_real": 2014.4084736698785,
    "avg_err": 0.0012339215903168642,
    "count_est": 2157567.7550759315,
    "count_real": 2133621,
    "count_err": 0.011223528019236569,
    "sum_est": 4340859870.231669,
    "sum_real": 4297984222.0,
    "sum_err": 0.009975757475377123,
    "query_dur_ms_est": 9.868621826171875,
    "query_dur_ms_real": 3474.212408065796,
    "query_dur_ms_err": 0.9971594650334963,
    "order": [
        0,
        1,
        2,
        3,
        4,
        5,
        6,
        7,
        9,
        8
    ],
    "groupby": false
}