{
    "timestamp": "2022-07-27 13:13:34.932291",
    "dataset": "dmv.csv",
    "model": "dmv.csv-2.6MB*",
    "query": "'SELECT Weight_100 FROM dmv.csv WHERE Fuel Type=DIESEL'",
    "avg_est": 54.24570083618164,
    "avg_real": 80.10316626565907,
    "avg_err": 0.32280203935662344,
    "count_est": 469684.37241856754,
    "count_real": 481499,
    "count_err": 0.024537179893275918,
    "sum_est": 25478357.953647338,
    "sum_real": 14182586.0,
    "sum_err": 0.7964536195054511,
    "query_dur_ms_est": 9.929418563842773,
    "query_dur_ms_real": 3474.212408065796,
    "query_dur_ms_err": 0.9971419656032572,
    "order": [
        0,
        1,
        2,
        3,
        4,
        5,
        6,
        7,
        8,
        9
    ],
    "groupby": false
}