{
    "timestamp": "2022-07-27 13:12:37.690723",
    "dataset": "dmv.csv",
    "model": "dmv.csv-2.6MB*",
    "query": "'SELECT Model Year FROM dmv.csv WHERE Scofflaw Indicator=N'",
    "avg_est": 2012.185546875,
    "avg_real": 2012.132893623007,
    "avg_err": 2.6167879944635442e-05,
    "count_est": 12627993.135865211,
    "count_real": 12625910,
    "count_err": 0.00016498896833665747,
    "sum_est": 25409865274.024685,
    "sum_real": 25404964556.0,
    "sum_err": 0.00019290395048110714,
    "query_dur_ms_est": 9.907007217407227,
    "query_dur_ms_real": 3474.212408065796,
    "query_dur_ms_err": 0.9971484163736198,
    "order": [
        0,
        1,
        2,
        3,
        4,
        5,
        6,
        7,
        9,
        8
    ],
    "groupby": false
}