{
    "timestamp": "2022-07-27 13:14:17.174800",
    "dataset": "dmv.csv",
    "model": "dmv.csv-2.6MB*",
    "query": "'SELECT Model Year FROM dmv.csv WHERE Scofflaw Indicator=N'",
    "avg_est": 2012.1588134765625,
    "avg_real": 2012.132893623007,
    "avg_err": 1.2881780143660386e-05,
    "count_est": 12628986.61681509,
    "count_real": 12625910,
    "count_err": 0.0002436748571065515,
    "sum_est": 25411526726.30204,
    "sum_real": 25404964556.0,
    "sum_err": 0.0002583026749584771,
    "query_dur_ms_est": 9.948015213012695,
    "query_dur_ms_real": 3474.212408065796,
    "query_dur_ms_err": 0.9971366128363605,
    "order": [
        0,
        1,
        2,
        3,
        4,
        5,
        6,
        7,
        9,
        8
    ],
    "groupby": false
}