{
    "timestamp": "2022-07-27 13:11:41.898442",
    "dataset": "dmv.csv",
    "model": "dmv.csv-2.6MB*",
    "query": "'SELECT Weight_100 FROM dmv.csv WHERE Revocation Indicator=N'",
    "avg_est": 47.03618621826172,
    "avg_real": 49.466124927671096,
    "avg_err": 0.049123288168669184,
    "count_est": 12641158.642899036,
    "count_real": 12640636,
    "count_err": 4.1346250223201385e-05,
    "sum_est": 594591891.9419876,
    "sum_real": 480016061.0,
    "sum_err": 0.2386916610733732,
    "query_dur_ms_est": 9.94110107421875,
    "query_dur_ms_real": 3474.212408065796,
    "query_dur_ms_err": 0.9971386029676426,
    "order": [
        0,
        1,
        2,
        3,
        4,
        5,
        6,
        7,
        8,
        9
    ],
    "groupby": false
}