{
    "timestamp": "2022-07-27 13:13:58.195793",
    "dataset": "dmv.csv",
    "model": "dmv.csv-2.6MB*",
    "query": "'SELECT Weight_100 FROM dmv.csv WHERE Fuel Type=COMP N/G'",
    "avg_est": 36.560630798339844,
    "avg_real": 25.596994535519126,
    "avg_err": 0.42831732638014436,
    "count_est": 3751.5479018229526,
    "count_real": 3388,
    "count_err": 0.10730457550854562,
    "sum_est": 137158.95776083547,
    "sum_real": 56211.0,
    "sum_err": 1.4400732554275049,
    "query_dur_ms_est": 9.936332702636719,
    "query_dur_ms_real": 3474.212408065796,
    "query_dur_ms_err": 0.9971399754719751,
    "order": [
        0,
        1,
        2,
        3,
        4,
        5,
        6,
        7,
        8,
        9
    ],
    "groupby": false
}