{
    "timestamp": "2022-07-27 13:12:13.945632",
    "dataset": "dmv.csv",
    "model": "dmv.csv-2.6MB*",
    "query": "'SELECT Weight_100 FROM dmv.csv WHERE Model Year>=1987.0'",
    "avg_est": 47.165802001953125,
    "avg_real": 49.826788678031114,
    "avg_err": 0.05340473963258307,
    "count_est": 12320440.680414677,
    "count_real": 12323016,
    "count_err": 0.0002089845201307321,
    "sum_est": 581103465.7092472,
    "sum_real": 473560875.0,
    "sum_err": 0.22709348763080825,
    "query_dur_ms_est": 9.97304916381836,
    "query_dur_ms_real": 3474.212408065796,
    "query_dur_ms_err": 0.997129407188615,
    "order": [
        0,
        1,
        2,
        3,
        4,
        5,
        6,
        7,
        8,
        9
    ],
    "groupby": false
}