{
    "timestamp": "2022-07-27 13:13:12.130000",
    "dataset": "dmv.csv",
    "model": "dmv.csv-2.6MB*",
    "query": "'SELECT Model Year FROM dmv.csv WHERE State>=NE'",
    "avg_est": 2012.036865234375,
    "avg_real": 2012.1231174386714,
    "avg_err": 4.286626576123108e-05,
    "count_est": 12564894.281301975,
    "count_real": 12571060,
    "count_err": 0.0004904692761011998,
    "sum_est": 25281030501.75215,
    "sum_real": 25294476170.0,
    "sum_err": 0.0005315653962344345,
    "query_dur_ms_est": 9.920120239257812,
    "query_dur_ms_real": 3474.212408065796,
    "query_dur_ms_err": 0.9971446419867055,
    "order": [
        0,
        1,
        2,
        3,
        4,
        5,
        6,
        7,
        9,
        8
    ],
    "groupby": false
}