{
    "timestamp": "2022-07-27 13:12:42.979971",
    "dataset": "dmv.csv",
    "model": "dmv.csv-2.6MB*",
    "query": "'SELECT Weight_100 FROM dmv.csv WHERE State>=OK<=PQ'",
    "avg_est": 32.79901123046875,
    "avg_real": 59.038420490928495,
    "avg_err": 0.44444632905603465,
    "count_est": 57753.42955863476,
    "count_real": 55662,
    "count_err": 0.037573740768113935,
    "sum_est": 1894255.3846917474,
    "sum_real": 165957.0,
    "sum_err": 10.414133689399948,
    "query_dur_ms_est": 9.889841079711914,
    "query_dur_ms_real": 3474.212408065796,
    "query_dur_ms_err": 0.9971533573892167,
    "order": [
        0,
        1,
        2,
        3,
        4,
        5,
        6,
        7,
        8,
        9
    ],
    "groupby": false
}