{
    "timestamp": "2022-07-27 13:08:24.211044",
    "dataset": "dmv.csv",
    "model": "dmv.csv-2.6MB*",
    "query": "'SELECT Model Year FROM dmv.csv WHERE Scofflaw Indicator=N AND Suspension Indicator=Y AND Revocation Indicator=Y'",
    "avg_est": 2013.6580810546875,
    "avg_real": 2015.4109589041095,
    "avg_err": 0.0008697371827208666,
    "count_est": 51.217463718596264,
    "count_real": 73,
    "count_err": 0.29839090796443474,
    "sum_est": 103134.45970807663,
    "sum_real": 147125.0,
    "sum_err": 0.2990011234795132,
    "query_dur_ms_est": 10.087251663208008,
    "query_dur_ms_real": 3474.212408065796,
    "query_dur_ms_err": 0.997096535709852,
    "order": [
        0,
        1,
        2,
        3,
        4,
        5,
        6,
        7,
        9,
        8
    ],
    "groupby": false
}