{
    "timestamp": "2022-07-27 13:14:03.445574",
    "dataset": "dmv.csv",
    "model": "dmv.csv-2.6MB*",
    "query": "'SELECT Weight_100 FROM dmv.csv WHERE Scofflaw Indicator=N'",
    "avg_est": 47.027259826660156,
    "avg_real": 49.465669830858246,
    "avg_err": 0.04929499615664626,
    "count_est": 12628236.606538057,
    "count_real": 12625910,
    "count_err": 0.00018427238417328552,
    "sum_est": 593871364.0482063,
    "sum_real": 479113645.0,
    "sum_err": 0.23952087410953685,
    "query_dur_ms_est": 10.107040405273438,
    "query_dur_ms_real": 3474.212408065796,
    "query_dur_ms_err": 0.9970908398168722,
    "order": [
        0,
        1,
        2,
        3,
        4,
        5,
        6,
        7,
        8,
        9
    ],
    "groupby": false
}