{
    "timestamp": "2022-07-27 13:07:58.435280",
    "dataset": "dmv.csv",
    "model": "dmv.csv-2.6MB*",
    "query": "'SELECT Model Year FROM dmv.csv WHERE State>=DE<=OH AND Revocation Indicator=N'",
    "avg_est": 2012.0853271484375,
    "avg_real": 2012.1108880600113,
    "avg_err": 1.2703530270388175e-05,
    "count_est": 12550049.354270935,
    "count_real": 12552202,
    "count_err": 0.00017149546582065372,
    "sum_est": 25251770160.71727,
    "sum_real": 25256380059.0,
    "sum_err": 0.00018252410962937601,
    "query_dur_ms_est": 10.066986083984375,
    "query_dur_ms_real": 3474.212408065796,
    "query_dur_ms_err": 0.9971023688532651,
    "order": [
        0,
        1,
        2,
        3,
        4,
        5,
        6,
        7,
        9,
        8
    ],
    "groupby": false
}