{
    "timestamp": "2022-07-27 13:15:05.624013",
    "dataset": "dmv.csv",
    "model": "dmv.csv-2.6MB*",
    "query": "'SELECT Weight_100 FROM dmv.csv WHERE State<=NV AND Model Year>=1923.0<=1978.0'",
    "avg_est": 37.02518081665039,
    "avg_real": 31.88527397260274,
    "avg_err": 0.1612000213159244,
    "count_est": 1610.94368644926,
    "count_real": 1432,
    "count_err": 0.12496067489473463,
    "sum_est": 59645.481276225204,
    "sum_real": 18621.0,
    "sum_err": 2.2031298682254015,
    "query_dur_ms_est": 10.020971298217773,
    "query_dur_ms_real": 3474.212408065796,
    "query_dur_ms_err": 0.9971156135200735,
    "order": [
        0,
        1,
        2,
        3,
        4,
        5,
        6,
        7,
        8,
        9
    ],
    "groupby": false
}