{
    "timestamp": "2022-07-27 13:09:56.598078",
    "dataset": "dmv.csv",
    "model": "dmv.csv-2.6MB*",
    "query": "'SELECT Model Year FROM dmv.csv WHERE Revocation Indicator=N'",
    "avg_est": 2012.01171875,
    "avg_real": 2012.1336450903414,
    "avg_err": 6.059554773554136e-05,
    "count_est": 12641430.757180452,
    "count_real": 12640636,
    "count_err": 6.287319565663839e-05,
    "sum_est": 25434706825.213757,
    "sum_real": 25434604724.0,
    "sum_err": 4.0142638293182885e-06,
    "query_dur_ms_est": 10.005950927734375,
    "query_dur_ms_real": 3474.212408065796,
    "query_dur_ms_err": 0.9971199369087208,
    "order": [
        0,
        1,
        2,
        3,
        4,
        5,
        6,
        7,
        9,
        8
    ],
    "groupby": false
}