{
    "timestamp": "2022-07-27 13:10:26.635709",
    "dataset": "dmv.csv",
    "model": "dmv.csv-2.6MB*",
    "query": "'SELECT Weight_100 FROM dmv.csv WHERE Registration Class>=RGL<=SPC'",
    "avg_est": 62.93952941894531,
    "avg_real": 90.03770947621553,
    "avg_err": 0.30096478703102175,
    "count_est": 142744.71664111316,
    "count_real": 190546,
    "count_err": 0.2508647956865368,
    "sum_est": 8984285.292432355,
    "sum_real": 5990659.0,
    "sum_err": 0.4997156894479146,
    "query_dur_ms_est": 9.972333908081055,
    "query_dur_ms_real": 3474.212408065796,
    "query_dur_ms_err": 0.9971296130642648,
    "order": [
        0,
        1,
        2,
        3,
        4,
        5,
        6,
        7,
        8,
        9
    ],
    "groupby": false
}