{
    "timestamp": "2022-07-27 13:13:17.769616",
    "dataset": "dmv.csv",
    "model": "dmv.csv-2.6MB*",
    "query": "'SELECT Weight_100 FROM dmv.csv WHERE State>=TN AND County>=ESSEX<=ORANGE'",
    "avg_est": 45.150943756103516,
    "avg_real": 54.85498489425982,
    "avg_err": 0.17690354225531404,
    "count_est": 2445.5408318438567,
    "count_real": 2302,
    "count_err": 0.062354835727131505,
    "sum_est": 110418.47655183657,
    "sum_real": 18157.0,
    "sum_err": 5.081317208340396,
    "query_dur_ms_est": 10.049819946289062,
    "query_dur_ms_real": 3474.212408065796,
    "query_dur_ms_err": 0.997107309868862,
    "order": [
        0,
        1,
        2,
        3,
        4,
        5,
        6,
        7,
        8,
        9
    ],
    "groupby": false
}