{
    "timestamp": "2022-07-27 13:11:35.722758",
    "dataset": "dmv.csv",
    "model": "dmv.csv-2.6MB*",
    "query": "'SELECT Model Year FROM dmv.csv WHERE Registration Class>=LMC<=USC'",
    "avg_est": 2012.454833984375,
    "avg_real": 2012.7520961495638,
    "avg_err": 0.00014768940782996026,
    "count_est": 11190424.693832397,
    "count_real": 11236078,
    "count_err": 0.004063099790478719,
    "sum_est": 22520224269.441128,
    "sum_real": 22615439547.0,
    "sum_err": 0.004210189121506718,
    "query_dur_ms_est": 9.977102279663086,
    "query_dur_ms_real": 3474.212408065796,
    "query_dur_ms_err": 0.9971282405599323,
    "order": [
        0,
        1,
        2,
        3,
        4,
        5,
        6,
        7,
        9,
        8
    ],
    "groupby": false
}