{
    "timestamp": "2022-07-27 13:14:52.716561",
    "dataset": "dmv.csv",
    "model": "dmv.csv-2.6MB*",
    "query": "'SELECT Model Year FROM dmv.csv WHERE County>=BROOME<=CLINTON AND Scofflaw Indicator=N AND Suspension Indicator=N AND Weight_100>=13.0'",
    "avg_est": 2010.7431640625,
    "avg_real": 2012.5013405936165,
    "avg_err": 0.0008736275080432657,
    "count_est": 361617.21951539814,
    "count_real": 362153,
    "count_err": 0.0014794313027970368,
    "sum_est": 727119352.1478753,
    "sum_real": 728833398.0,
    "sum_err": 0.0023517663389578795,
    "query_dur_ms_est": 10.14089584350586,
    "query_dur_ms_real": 3474.212408065796,
    "query_dur_ms_err": 0.9970810950361116,
    "order": [
        0,
        1,
        2,
        3,
        4,
        5,
        6,
        7,
        9,
        8
    ],
    "groupby": false
}