{
    "timestamp": "2022-07-27 13:06:19.939674",
    "dataset": "dmv.csv",
    "model": "dmv.csv-2.6MB*",
    "query": "'SELECT Weight_100 FROM dmv.csv WHERE Scofflaw Indicator=N'",
    "avg_est": 46.93829345703125,
    "avg_real": 49.465669830858246,
    "avg_err": 0.051093543915791455,
    "count_est": 12627990.874527693,
    "count_real": 12625910,
    "count_err": 0.00016480986540319033,
    "sum_est": 592736341.4412935,
    "sum_real": 479113645.0,
    "sum_err": 0.23715186913804862,
    "query_dur_ms_est": 9.92274284362793,
    "query_dur_ms_real": 3474.212408065796,
    "query_dur_ms_err": 0.9971438871093227,
    "order": [
        0,
        1,
        2,
        3,
        4,
        5,
        6,
        7,
        8,
        9
    ],
    "groupby": false
}