{
    "timestamp": "2022-07-27 13:10:13.227224",
    "dataset": "dmv.csv",
    "model": "dmv.csv-2.6MB*",
    "query": "'SELECT Weight_100 FROM dmv.csv WHERE Scofflaw Indicator=Y AND Registration Class>=VAS'",
    "avg_est": 66.60458374023438,
    "avg_real": 35.0,
    "avg_err": 0.9029881068638392,
    "count_est": 1.4998469566035624,
    "count_real": 1,
    "count_err": 0.4998469566035624,
    "sum_est": 99.89668221863764,
    "sum_real": 35.0,
    "sum_err": 1.8541909205325038,
    "query_dur_ms_est": 9.987354278564453,
    "query_dur_ms_real": 3474.212408065796,
    "query_dur_ms_err": 0.9971252896756175,
    "order": [
        0,
        1,
        2,
        3,
        4,
        5,
        6,
        7,
        8,
        9
    ],
    "groupby": false
}