{
    "timestamp": "2022-07-27 13:07:09.250497",
    "dataset": "dmv.csv",
    "model": "dmv.csv-2.6MB*",
    "query": "'SELECT Model Year FROM dmv.csv WHERE County<=OTSEGO AND Weight_100>=97.0'",
    "avg_est": 2012.029296875,
    "avg_real": 2009.6135800605075,
    "avg_err": 0.0012020802598376964,
    "count_est": 185762.30514838547,
    "count_real": 178821,
    "count_err": 0.03881705811054331,
    "sum_est": 373759200.2135852,
    "sum_real": 359361110.0,
    "sum_err": 0.04006579958968069,
    "query_dur_ms_est": 10.000228881835938,
    "query_dur_ms_real": 3474.212408065796,
    "query_dur_ms_err": 0.9971215839139198,
    "order": [
        0,
        1,
        2,
        3,
        4,
        5,
        6,
        7,
        9,
        8
    ],
    "groupby": false
}