{
    "timestamp": "2022-07-27 13:06:54.962118",
    "dataset": "dmv.csv",
    "model": "dmv.csv-2.6MB*",
    "query": "'SELECT Weight_100 FROM dmv.csv WHERE Fuel Type=OTHER'",
    "avg_est": 52.329833984375,
    "avg_real": 52.904761904761905,
    "avg_err": 0.010867224417754283,
    "count_est": 2202.2460898791905,
    "count_real": 2149,
    "count_err": 0.024777147454253398,
    "sum_est": 115243.17227611702,
    "sum_real": 56661.0,
    "sum_err": 1.033906430809852,
    "query_dur_ms_est": 10.029792785644531,
    "query_dur_ms_real": 3474.212408065796,
    "query_dur_ms_err": 0.9971130743870584,
    "order": [
        0,
        1,
        2,
        3,
        4,
        5,
        6,
        7,
        8,
        9
    ],
    "groupby": false
}