{
    "timestamp": "2022-07-27 13:09:14.589473",
    "dataset": "dmv.csv",
    "model": "dmv.csv-2.6MB*",
    "query": "'SELECT Weight_100 FROM dmv.csv WHERE Scofflaw Indicator=N'",
    "avg_est": 47.04515838623047,
    "avg_real": 49.465669830858246,
    "avg_err": 0.04893315814593066,
    "count_est": 12627864.239626646,
    "count_real": 12625910,
    "count_err": 0.00015478010112903085,
    "sum_est": 594079873.2330513,
    "sum_real": 479113645.0,
    "sum_err": 0.2399560718690266,
    "query_dur_ms_est": 10.041952133178711,
    "query_dur_ms_real": 3474.212408065796,
    "query_dur_ms_err": 0.9971095745010106,
    "order": [
        0,
        1,
        2,
        3,
        4,
        5,
        6,
        7,
        8,
        9
    ],
    "groupby": false
}