{
    "timestamp": "2022-07-27 13:06:05.635347",
    "dataset": "dmv.csv",
    "model": "dmv.csv-2.6MB*",
    "query": "'SELECT Model Year FROM dmv.csv WHERE Record Type=VEH'",
    "avg_est": 2012.782470703125,
    "avg_real": 2012.8061048415682,
    "avg_err": 1.1741885314405671e-05,
    "count_est": 11388790.728530407,
    "count_real": 11392466,
    "count_err": 0.0003226054367503092,
    "sum_est": 22923158340.892277,
    "sum_real": 22930825114.0,
    "sum_err": 0.0003343435340685768,
    "query_dur_ms_est": 9.892702102661133,
    "query_dur_ms_real": 3474.212408065796,
    "query_dur_ms_err": 0.9971525338866173,
    "order": [
        0,
        1,
        2,
        3,
        4,
        5,
        6,
        7,
        9,
        8
    ],
    "groupby": false
}