{
    "timestamp": "2022-07-27 13:12:26.980141",
    "dataset": "dmv.csv",
    "model": "dmv.csv-2.6MB*",
    "query": "'SELECT Weight_100 FROM dmv.csv WHERE State>=AZ<=NV AND County<=ESSEX'",
    "avg_est": 38.6773567199707,
    "avg_real": 47.00857908847185,
    "avg_err": 0.17722770034851473,
    "count_est": 8322.466278497363,
    "count_real": 7379,
    "count_err": 0.1278582841167316,
    "sum_est": 321890.9970433695,
    "sum_real": 87671.0,
    "sum_err": 2.6715789376574866,
    "query_dur_ms_est": 9.984970092773438,
    "query_dur_ms_real": 3474.212408065796,
    "query_dur_ms_err": 0.9971259759277837,
    "order": [
        0,
        1,
        2,
        3,
        4,
        5,
        6,
        7,
        8,
        9
    ],
    "groupby": false
}