{
    "timestamp": "2022-07-27 13:10:40.325740",
    "dataset": "dmv.csv",
    "model": "dmv.csv-2.6MB*",
    "query": "'SELECT Model Year FROM dmv.csv WHERE Record Type=BOAT AND Scofflaw Indicator=Y'",
    "avg_est": 2006.2353515625,
    "avg_real": NaN,
    "avg_err": NaN,
    "count_est": 15.238389396209186,
    "count_real": 0,
    "count_err": "result=0!",
    "sum_est": 30571.79550755001,
    "sum_real": 0.0,
    "sum_err": "result=0!",
    "query_dur_ms_est": 10.07390022277832,
    "query_dur_ms_real": 3474.212408065796,
    "query_dur_ms_err": 0.997100378721983,
    "order": [
        0,
        1,
        2,
        3,
        4,
        5,
        6,
        7,
        9,
        8
    ],
    "groupby": false
}