{
    "timestamp": "2022-07-27 13:09:16.490206",
    "dataset": "dmv.csv",
    "model": "dmv.csv-2.6MB*",
    "query": "'SELECT Model Year FROM dmv.csv WHERE Fuel Type=DIESEL AND Weight_100>=27.0<=58.0'",
    "avg_est": 2009.3603515625,
    "avg_real": 2006.8317539226348,
    "avg_err": 0.0012599948326125056,
    "count_est": 6372.511697234353,
    "count_real": 6437,
    "count_err": 0.010018378556104855,
    "sum_est": 12804672.344290962,
    "sum_real": 12917976.0,
    "sum_err": 0.008771006828704245,
    "query_dur_ms_est": 9.989261627197266,
    "query_dur_ms_real": 3474.212408065796,
    "query_dur_ms_err": 0.9971247406738846,
    "order": [
        0,
        1,
        2,
        3,
        4,
        5,
        6,
        7,
        9,
        8
    ],
    "groupby": false
}