{
    "timestamp": "2022-07-27 13:09:34.863679",
    "dataset": "dmv.csv",
    "model": "dmv.csv-2.6MB*",
    "query": "'SELECT Weight_100 FROM dmv.csv WHERE County<=ROCKLAND AND Revocation Indicator=Y'",
    "avg_est": 46.33751678466797,
    "avg_real": 53.3,
    "avg_err": 0.13062820291429697,
    "count_est": 4748.988400696777,
    "count_real": 5243,
    "count_err": 0.09422307825733801,
    "sum_est": 220056.3297274804,
    "sum_real": 1066.0,
    "sum_err": 205.43182901264578,
    "query_dur_ms_est": 10.007381439208984,
    "query_dur_ms_real": 3474.212408065796,
    "query_dur_ms_err": 0.9971195251574211,
    "order": [
        0,
        1,
        2,
        3,
        4,
        5,
        6,
        7,
        8,
        9
    ],
    "groupby": false
}