{
    "timestamp": "2022-07-27 13:11:01.056370",
    "dataset": "dmv.csv",
    "model": "dmv.csv-2.6MB*",
    "query": "'SELECT Model Year FROM dmv.csv WHERE Record Type=SNOW AND State>=FL<=KY AND County>=SCHENECTADY<=ST LAWRENCE AND Scofflaw Indicator=N AND Suspension Indicator=Y AND Revocation Indicator=Y AND Weight_100>=77.0'",
    "avg_est": 2010.7899169921875,
    "avg_real": NaN,
    "avg_err": NaN,
    "count_est": 2.8952099346429307e-23,
    "count_real": 0,
    "count_err": "result=0!",
    "sum_est": 5.821658944155615e-20,
    "sum_real": 0.0,
    "sum_err": "result=0!",
    "query_dur_ms_est": 10.22028923034668,
    "query_dur_ms_real": 3474.212408065796,
    "query_dur_ms_err": 0.9970582428389758,
    "order": [
        0,
        1,
        2,
        3,
        4,
        5,
        6,
        7,
        9,
        8
    ],
    "groupby": false
}