{
    "timestamp": "2022-07-27 13:09:09.195981",
    "dataset": "dmv.csv",
    "model": "dmv.csv-2.6MB*",
    "query": "'SELECT Model Year FROM dmv.csv WHERE Record Type=BOAT AND State>=MA<=SK AND County=ORLEANS AND Fuel Type=NONE AND Scofflaw Indicator=N AND Suspension Indicator=Y AND Revocation Indicator=N AND Registration Class>=FAR<=HIR AND Weight_100>=80.0'",
    "avg_est": 1996.2615966796875,
    "avg_real": NaN,
    "avg_err": NaN,
    "count_est": 3.4066549602075944e-15,
    "count_real": 0,
    "count_err": "result=0!",
    "sum_est": 6.80057447020079e-12,
    "sum_real": 0.0,
    "sum_err": "result=0!",
    "query_dur_ms_est": 10.282278060913086,
    "query_dur_ms_real": 3474.212408065796,
    "query_dur_ms_err": 0.9970404002826535,
    "order": [
        0,
        1,
        2,
        3,
        4,
        5,
        6,
        7,
        9,
        8
    ],
    "groupby": false
}