{
    "timestamp": "2022-07-27 13:06:16.447662",
    "dataset": "dmv.csv",
    "model": "dmv.csv-2.6MB*",
    "query": "'SELECT Weight_100 FROM dmv.csv WHERE Suspension Indicator=N'",
    "avg_est": 46.87067413330078,
    "avg_real": 49.46856710920306,
    "avg_err": 0.05251603447836613,
    "count_est": 12507418.619368553,
    "count_real": 12505841,
    "count_err": 0.00012615060183102932,
    "sum_est": 586231142.3572022,
    "sum_real": 473815872.0,
    "sum_err": 0.2372551807576471,
    "query_dur_ms_est": 9.949445724487305,
    "query_dur_ms_real": 3474.212408065796,
    "query_dur_ms_err": 0.9971362010850607,
    "order": [
        0,
        1,
        2,
        3,
        4,
        5,
        6,
        7,
        8,
        9
    ],
    "groupby": false
}