{
    "timestamp": "2022-08-06 03:10:49.872607",
    "dataset": "dmv.csv",
    "model": "dmv.csv-2.6MB-model16.669-data16.507-made-resmade-hidden256_256_256_256_256-emb32-directIo-binaryInone_hotOut-inputNoEmbIfLeq-5epochs-seed0.pt",
    "query": "'SELECT Registration Class FROM dmv.csv WHERE Suspension Indicator=N'",
    "avg_est": 46.5258674621582,
    "avg_real": 46.51243295033097,
    "avg_err": 0.0002888370049698591,
    "count_est": 12508368.381126404,
    "count_real": 12505841,
    "count_err": 0.0002020960546678795,
    "sum_est": 581962689.4681374,
    "sum_real": 581677091.0,
    "sum_err": 0.0004909914324567812,
    "query_dur_ms_est": 20.610809326171875,
    "query_dur_ms_real": 44704.291343688965,
    "query_dur_ms_err": 0.999538952330824,
    "order": [
        0,
        1,
        2,
        3,
        4,
        5,
        6,
        8,
        9,
        7
    ],
    "groupby": false
}