{
    "timestamp": "2022-08-06 03:37:14.089341",
    "dataset": "dmv.csv",
    "model": "dmv.csv-2.6MB-model16.669-data16.507-made-resmade-hidden256_256_256_256_256-emb32-directIo-binaryInone_hotOut-inputNoEmbIfLeq-5epochs-seed0.pt",
    "query": "'SELECT Suspension Indicator FROM dmv.csv WHERE Model Year>=1927.0<=2009.0'",
    "avg_est": 1.01103675365448,
    "avg_real": 1.0128131995764975,
    "avg_err": 0.0017539719296315892,
    "count_est": 3657776.75393486,
    "count_real": 3690179,
    "count_err": 0.008780670548810713,
    "sum_est": 3698146.7348911227,
    "sum_real": 3737462.0,
    "sum_err": 0.010519241428776353,
    "query_dur_ms_est": 20.12038230895996,
    "query_dur_ms_real": 2933.7399005889893,
    "query_dur_ms_err": 0.9931417293315878,
    "order": [
        0,
        1,
        2,
        3,
        4,
        6,
        7,
        8,
        9,
        5
    ],
    "groupby": false
}