{
    "timestamp": "2022-08-06 03:38:16.573068",
    "dataset": "dmv.csv",
    "model": "dmv.csv-2.6MB-model16.669-data16.507-made-resmade-hidden256_256_256_256_256-emb32-directIo-binaryInone_hotOut-inputNoEmbIfLeq-5epochs-seed0.pt",
    "query": "'SELECT State FROM dmv.csv WHERE Fuel Type=COMP N/G AND Registration Class>=CBS'",
    "avg_est": 51.84910202026367,
    "avg_real": 51.725379351383516,
    "avg_err": 0.0023919141905113226,
    "count_est": 3564.8594729604665,
    "count_real": 3361,
    "count_err": 0.060654410282792774,
    "sum_est": 184834.7625014306,
    "sum_real": 173849.0,
    "sum_err": 0.06319140461797658,
    "query_dur_ms_est": 20.24054527282715,
    "query_dur_ms_real": 982.0494651794434,
    "query_dur_ms_err": 0.9793894849592645,
    "order": [
        0,
        2,
        3,
        4,
        5,
        6,
        7,
        8,
        9,
        1
    ],
    "groupby": false
}