{
    "timestamp": "2022-08-06 03:33:23.202407",
    "dataset": "dmv.csv",
    "model": "dmv.csv-2.6MB-model16.669-data16.507-made-resmade-hidden256_256_256_256_256-emb32-directIo-binaryInone_hotOut-inputNoEmbIfLeq-5epochs-seed0.pt",
    "query": "'SELECT State FROM dmv.csv WHERE Scofflaw Indicator=N AND Suspension Indicator=N'",
    "avg_est": 51.85116195678711,
    "avg_real": 51.86208404516631,
    "avg_err": 0.00021059871735373034,
    "count_est": 12490546.780141592,
    "count_real": 12487714,
    "count_err": 0.00022684537310768213,
    "sum_est": 647649364.0259475,
    "sum_real": 647638873.0,
    "sum_err": 1.619888240935098e-05,
    "query_dur_ms_est": 20.732641220092773,
    "query_dur_ms_real": 53281.970500946045,
    "query_dur_ms_err": 0.9996108882418355,
    "order": [
        0,
        2,
        3,
        4,
        5,
        6,
        7,
        8,
        9,
        1
    ],
    "groupby": false
}