{
    "timestamp": "2022-08-06 03:02:40.590550",
    "dataset": "dmv.csv",
    "model": "dmv.csv-2.6MB-model16.669-data16.507-made-resmade-hidden256_256_256_256_256-emb32-directIo-binaryInone_hotOut-inputNoEmbIfLeq-5epochs-seed0.pt",
    "query": "'SELECT County FROM dmv.csv WHERE Record Type=BOAT AND State=YY AND Fuel Type=DIESEL AND Scofflaw Indicator=Y AND Suspension Indicator=Y AND Revocation Indicator=Y AND Registration Class>=HIR<=OMV AND Model Year>=1904.0<=1911.0 AND Weight_100>=84.0'",
    "avg_est": 39.6855354309082,
    "avg_real": NaN,
    "avg_err": NaN,
    "count_est": 3.5442526380332727e-38,
    "count_real": 0,
    "count_err": 0,
    "sum_est": 1.4065556364275931e-36,
    "sum_real": NaN,
    "sum_err": NaN,
    "query_dur_ms_est": 20.824193954467773,
    "query_dur_ms_real": 1217.5254821777344,
    "query_dur_ms_err": 0.982896297236243,
    "order": [
        0,
        1,
        3,
        4,
        5,
        6,
        7,
        8,
        9,
        2
    ],
    "groupby": false
}