{
    "timestamp": "2022-08-06 03:07:13.298670",
    "dataset": "dmv.csv",
    "model": "dmv.csv-2.6MB-model16.669-data16.507-made-resmade-hidden256_256_256_256_256-emb32-directIo-binaryInone_hotOut-inputNoEmbIfLeq-5epochs-seed0.pt",
    "query": "'SELECT State FROM dmv.csv WHERE Scofflaw Indicator=N AND Registration Class>=ARG<=CMH'",
    "avg_est": 51.85049819946289,
    "avg_real": 51.637441811891364,
    "avg_err": 0.004126005861166866,
    "count_est": 470285.0873081684,
    "count_real": 483561,
    "count_err": 0.027454473565551377,
    "sum_est": 24384516.072706435,
    "sum_real": 24969853.0,
    "sum_err": 0.02344174502323122,
    "query_dur_ms_est": 20.157575607299805,
    "query_dur_ms_real": 5614.5453453063965,
    "query_dur_ms_err": 0.9964097581607118,
    "order": [
        0,
        2,
        3,
        4,
        5,
        6,
        7,
        8,
        9,
        1
    ],
    "groupby": false
}