{
    "timestamp": "2022-08-06 03:27:00.865039",
    "dataset": "dmv.csv",
    "model": "dmv.csv-2.6MB-model16.669-data16.507-made-resmade-hidden256_256_256_256_256-emb32-directIo-binaryInone_hotOut-inputNoEmbIfLeq-5epochs-seed0.pt",
    "query": "'SELECT Model Year FROM dmv.csv WHERE Record Type=TRL AND State<=ID AND County>=SULLIVAN AND Fuel Type=DIESEL AND Scofflaw Indicator=Y AND Suspension Indicator=N AND Revocation Indicator=N AND Registration Class>=HSM AND Weight_100<=48.0'",
    "avg_est": 111.95249938964844,
    "avg_real": NaN,
    "avg_err": NaN,
    "count_est": 1.702692961267732e-08,
    "count_real": 0,
    "count_err": 0,
    "sum_est": 1.9062073270708444e-06,
    "sum_real": NaN,
    "sum_err": NaN,
    "query_dur_ms_est": 20.882606506347656,
    "query_dur_ms_real": 800.1751899719238,
    "query_dur_ms_err": 0.9739024569018687,
    "order": [
        0,
        1,
        2,
        3,
        4,
        5,
        6,
        7,
        9,
        8
    ],
    "groupby": false
}