{
    "timestamp": "2022-08-06 03:18:46.877306",
    "dataset": "dmv.csv",
    "model": "dmv.csv-2.6MB-model16.669-data16.507-made-resmade-hidden256_256_256_256_256-emb32-directIo-binaryInone_hotOut-inputNoEmbIfLeq-5epochs-seed0.pt",
    "query": "'SELECT Model Year FROM dmv.csv WHERE County>=CHAUTAUQUA<=ORANGE AND Suspension Indicator=Y'",
    "avg_est": 113.1214370727539,
    "avg_real": 112.87121120087468,
    "avg_err": 0.0022169149176037577,
    "count_est": 63838.97148862481,
    "count_real": 65852,
    "count_err": 0.030568980613727585,
    "sum_est": 7221556.196039802,
    "sum_real": 7432795.0,
    "sum_err": 0.02841983452526238,
    "query_dur_ms_est": 20.29275894165039,
    "query_dur_ms_real": 3483.9677810668945,
    "query_dur_ms_err": 0.9941753884602699,
    "order": [
        0,
        1,
        2,
        3,
        4,
        5,
        6,
        7,
        9,
        8
    ],
    "groupby": false
}