{
    "timestamp": "2022-08-06 03:34:43.136457",
    "dataset": "dmv.csv",
    "model": "dmv.csv-2.6MB-model16.669-data16.507-made-resmade-hidden256_256_256_256_256-emb32-directIo-binaryInone_hotOut-inputNoEmbIfLeq-5epochs-seed0.pt",
    "query": "'SELECT Scofflaw Indicator FROM dmv.csv WHERE Record Type=VEH AND State<=AP AND County>=GENESEE<=SUFFOLK AND Fuel Type=FLEX AND Suspension Indicator=N AND Revocation Indicator=N AND Registration Class<=BOB AND Model Year<=1950.0 AND Weight_100<=29.0'",
    "avg_est": 1.0017694234848022,
    "avg_real": NaN,
    "avg_err": NaN,
    "count_est": 2.880253939027954e-07,
    "count_real": 0,
    "count_err": 0,
    "sum_est": 2.885350327989864e-07,
    "sum_real": NaN,
    "sum_err": NaN,
    "query_dur_ms_est": 21.15654945373535,
    "query_dur_ms_real": 2635.9574794769287,
    "query_dur_ms_err": 0.9919738654289926,
    "order": [
        0,
        1,
        2,
        3,
        5,
        6,
        7,
        8,
        9,
        4
    ],
    "groupby": false
}