{
    "timestamp": "2022-08-06 03:13:14.333024",
    "dataset": "dmv.csv",
    "model": "dmv.csv-2.6MB-model16.669-data16.507-made-resmade-hidden256_256_256_256_256-emb32-directIo-binaryInone_hotOut-inputNoEmbIfLeq-5epochs-seed0.pt",
    "query": "'SELECT Revocation Indicator FROM dmv.csv WHERE Record Type=BOAT AND State>=DE AND Fuel Type=GAS AND Suspension Indicator=N AND Model Year<=1994.0 AND Weight_100>=87.0'",
    "avg_est": 1.0000078678131104,
    "avg_real": NaN,
    "avg_err": NaN,
    "count_est": 0.0001503833697627556,
    "count_real": 0,
    "count_err": 0,
    "sum_est": 0.0001503845529510038,
    "sum_real": NaN,
    "sum_err": NaN,
    "query_dur_ms_est": 20.658016204833984,
    "query_dur_ms_real": 1133.9926719665527,
    "query_dur_ms_err": 0.9817829367724139,
    "order": [
        0,
        1,
        2,
        3,
        4,
        5,
        7,
        8,
        9,
        6
    ],
    "groupby": false
}