{
    "timestamp": "2022-08-06 03:36:18.634470",
    "dataset": "dmv.csv",
    "model": "dmv.csv-2.6MB-model16.669-data16.507-made-resmade-hidden256_256_256_256_256-emb32-directIo-binaryInone_hotOut-inputNoEmbIfLeq-5epochs-seed0.pt",
    "query": "'SELECT Weight_100 FROM dmv.csv WHERE Record Type=BOAT AND State<=QC AND County=ONONDAGA AND Fuel Type=PROPANE AND Scofflaw Indicator=N AND Revocation Indicator=Y AND Registration Class<=HIS AND Model Year>=1912.0<=1923.0'",
    "avg_est": 1.0000180006027222,
    "avg_real": NaN,
    "avg_err": NaN,
    "count_est": 5.213065204140187e-10,
    "count_real": 0,
    "count_err": 0,
    "sum_est": 5.213159042455891e-10,
    "sum_real": NaN,
    "sum_err": NaN,
    "query_dur_ms_est": 20.653486251831055,
    "query_dur_ms_real": 727.7791500091553,
    "query_dur_ms_err": 0.971621217437225,
    "order": [
        0,
        1,
        2,
        3,
        4,
        5,
        6,
        7,
        8,
        9
    ],
    "groupby": false
}