{
    "timestamp": "2022-08-06 03:34:06.341729",
    "dataset": "dmv.csv",
    "model": "dmv.csv-2.6MB-model16.669-data16.507-made-resmade-hidden256_256_256_256_256-emb32-directIo-binaryInone_hotOut-inputNoEmbIfLeq-5epochs-seed0.pt",
    "query": "'SELECT Revocation Indicator FROM dmv.csv WHERE Record Type=TRL AND State>=HI<=WY AND County=BROOME AND Fuel Type=GAS AND Scofflaw Indicator=N AND Suspension Indicator=Y AND Registration Class<=JCL AND Model Year<=1995.0 AND Weight_100<=96.0'",
    "avg_est": 1.0000017881393433,
    "avg_real": NaN,
    "avg_err": NaN,
    "count_est": 6.901796401829731e-07,
    "count_real": 0,
    "count_err": 0,
    "sum_est": 6.901808743203417e-07,
    "sum_real": NaN,
    "sum_err": NaN,
    "query_dur_ms_est": 21.04353904724121,
    "query_dur_ms_real": 1360.1324558258057,
    "query_dur_ms_err": 0.984528316373081,
    "order": [
        0,
        1,
        2,
        3,
        4,
        5,
        7,
        8,
        9,
        6
    ],
    "groupby": false
}