{
    "timestamp": "2022-08-06 03:03:42.102170",
    "dataset": "dmv.csv",
    "model": "dmv.csv-2.6MB-model16.669-data16.507-made-resmade-hidden256_256_256_256_256-emb32-directIo-binaryInone_hotOut-inputNoEmbIfLeq-5epochs-seed0.pt",
    "query": "'SELECT Model Year FROM dmv.csv WHERE State>=MS<=YH AND Revocation Indicator=N'",
    "avg_est": 113.89093017578125,
    "avg_real": 113.12097125011866,
    "avg_err": 0.006806509148159255,
    "count_est": 12560523.115878344,
    "count_real": 12567391,
    "count_err": 0.0005464844788911571,
    "sum_est": 1430529661.1617868,
    "sum_real": 1421635476.0,
    "sum_err": 0.006256305017663188,
    "query_dur_ms_est": 20.366430282592773,
    "query_dur_ms_real": 20977.874755859375,
    "query_dur_ms_err": 0.9990291471123925,
    "order": [
        0,
        1,
        2,
        3,
        4,
        5,
        6,
        7,
        9,
        8
    ],
    "groupby": false
}