{
    "timestamp": "2022-08-06 03:25:44.887632",
    "dataset": "dmv.csv",
    "model": "dmv.csv-2.6MB-model16.669-data16.507-made-resmade-hidden256_256_256_256_256-emb32-directIo-binaryInone_hotOut-inputNoEmbIfLeq-5epochs-seed0.pt",
    "query": "'SELECT Revocation Indicator FROM dmv.csv WHERE State<=NU'",
    "avg_est": 1.0014140605926514,
    "avg_real": 1.0013764919120414,
    "avg_err": 3.7517038709653044e-05,
    "count_est": 125009.5882607922,
    "count_real": 116964,
    "count_err": 0.06878687682357132,
    "sum_est": 125186.35939325535,
    "sum_real": 117125.0,
    "sum_err": 0.06882697454220148,
    "query_dur_ms_est": 19.980669021606445,
    "query_dur_ms_real": 1055.2756786346436,
    "query_dur_ms_err": 0.9810659248325914,
    "order": [
        0,
        1,
        2,
        3,
        4,
        5,
        7,
        8,
        9,
        6
    ],
    "groupby": false
}