{
    "timestamp": "2022-08-06 03:11:21.802532",
    "dataset": "dmv.csv",
    "model": "dmv.csv-2.6MB-model16.669-data16.507-made-resmade-hidden256_256_256_256_256-emb32-directIo-binaryInone_hotOut-inputNoEmbIfLeq-5epochs-seed0.pt",
    "query": "'SELECT Scofflaw Indicator FROM dmv.csv WHERE Record Type=VEH AND State>=WI AND County>=DELAWARE<=LIVINGSTON AND Fuel Type=NONE AND Suspension Indicator=N AND Registration Class<=USC AND Model Year<=1932.0 AND Weight_100>=48.0<=61.0'",
    "avg_est": 1.0006115436553955,
    "avg_real": NaN,
    "avg_err": NaN,
    "count_est": 8.099161655291073e-08,
    "count_real": 0,
    "count_err": 0,
    "sum_est": 8.104114646215389e-08,
    "sum_real": NaN,
    "sum_err": NaN,
    "query_dur_ms_est": 20.93195915222168,
    "query_dur_ms_real": 2625.28657913208,
    "query_dur_ms_err": 0.9920267907821546,
    "order": [
        0,
        1,
        2,
        3,
        5,
        6,
        7,
        8,
        9,
        4
    ],
    "groupby": false
}