{
    "timestamp": "2022-08-06 03:26:52.386843",
    "dataset": "dmv.csv",
    "model": "dmv.csv-2.6MB-model16.669-data16.507-made-resmade-hidden256_256_256_256_256-emb32-directIo-binaryInone_hotOut-inputNoEmbIfLeq-5epochs-seed0.pt",
    "query": "'SELECT Record Type FROM dmv.csv WHERE Suspension Indicator=Y AND Revocation Indicator=N'",
    "avg_est": 3.834136962890625,
    "avg_real": 3.997934472934473,
    "avg_err": 0.04097053394765144,
    "count_est": 140793.6652522646,
    "count_real": 140400,
    "count_err": 0.0028038835631380987,
    "sum_est": 539822.1960845571,
    "sum_real": 561310.0,
    "sum_err": 0.03828152699122214,
    "query_dur_ms_est": 20.199060440063477,
    "query_dur_ms_real": 1170.4108715057373,
    "query_dur_ms_err": 0.9827419063409097,
    "order": [
        1,
        2,
        3,
        4,
        5,
        6,
        7,
        8,
        9,
        0
    ],
    "groupby": false
}