{
    "timestamp": "2022-08-06 03:05:08.636234",
    "dataset": "dmv.csv",
    "model": "dmv.csv-2.6MB-model16.669-data16.507-made-resmade-hidden256_256_256_256_256-emb32-directIo-binaryInone_hotOut-inputNoEmbIfLeq-5epochs-seed0.pt",
    "query": "'SELECT County FROM dmv.csv WHERE Record Type=BOAT AND State>=ND AND Fuel Type=NONE AND Suspension Indicator=N AND Registration Class>=AGR<=FPW AND Weight_100>=26.0<=68.0'",
    "avg_est": 34.832122802734375,
    "avg_real": NaN,
    "avg_err": NaN,
    "count_est": 0.019282509544258364,
    "count_real": 0,
    "count_err": 0,
    "sum_est": 0.671650740390505,
    "sum_real": NaN,
    "sum_err": NaN,
    "query_dur_ms_est": 20.495176315307617,
    "query_dur_ms_real": 1249.629259109497,
    "query_dur_ms_err": 0.9835989945290552,
    "order": [
        0,
        1,
        3,
        4,
        5,
        6,
        7,
        8,
        9,
        2
    ],
    "groupby": false
}