{
    "timestamp": "2022-08-06 03:33:42.154295",
    "dataset": "dmv.csv",
    "model": "dmv.csv-2.6MB-model16.669-data16.507-made-resmade-hidden256_256_256_256_256-emb32-directIo-binaryInone_hotOut-inputNoEmbIfLeq-5epochs-seed0.pt",
    "query": "'SELECT Revocation Indicator FROM dmv.csv WHERE State>=KS<=TN AND Scofflaw Indicator=Y AND Model Year<=1993.0'",
    "avg_est": 1.000512719154358,
    "avg_real": 1.0,
    "avg_err": 0.0005127191543579102,
    "count_est": 93.5211919723406,
    "count_real": 69,
    "count_err": 0.3553795938020377,
    "sum_est": 93.56914207880321,
    "sum_real": 69.0,
    "sum_err": 0.35607452288120595,
    "query_dur_ms_est": 20.455121994018555,
    "query_dur_ms_real": 4619.02642250061,
    "query_dur_ms_err": 0.9955715512051683,
    "order": [
        0,
        1,
        2,
        3,
        4,
        5,
        7,
        8,
        9,
        6
    ],
    "groupby": false
}