{
    "timestamp": "2022-08-06 03:03:10.043595",
    "dataset": "dmv.csv",
    "model": "dmv.csv-2.6MB-model16.669-data16.507-made-resmade-hidden256_256_256_256_256-emb32-directIo-binaryInone_hotOut-inputNoEmbIfLeq-5epochs-seed0.pt",
    "query": "'SELECT Revocation Indicator FROM dmv.csv WHERE Scofflaw Indicator=Y'",
    "avg_est": 1.0005069971084595,
    "avg_real": 1.0004900519455062,
    "avg_err": 1.6936863010583327e-05,
    "count_est": 18666.724354549777,
    "count_real": 20406,
    "count_err": 0.08523354138244747,
    "sum_est": 18676.188329821944,
    "sum_real": 20416.0,
    "sum_err": 0.08521804810825119,
    "query_dur_ms_est": 20.091772079467773,
    "query_dur_ms_real": 1014.552116394043,
    "query_dur_ms_err": 0.980196412037581,
    "order": [
        0,
        1,
        2,
        3,
        4,
        5,
        7,
        8,
        9,
        6
    ],
    "groupby": false
}