{
    "timestamp": "2022-08-06 03:17:34.057930",
    "dataset": "dmv.csv",
    "model": "dmv.csv-2.6MB-model16.669-data16.507-made-resmade-hidden256_256_256_256_256-emb32-directIo-binaryInone_hotOut-inputNoEmbIfLeq-5epochs-seed0.pt",
    "query": "'SELECT State FROM dmv.csv WHERE County<=SENECA AND Scofflaw Indicator=N'",
    "avg_est": 51.85144805908203,
    "avg_real": 51.825842129201234,
    "avg_err": 0.0004940764844102604,
    "count_est": 9541792.053154945,
    "count_real": 9564150,
    "count_err": 0.0023376825797435867,
    "sum_est": 494755735.03472537,
    "sum_real": 495670128.0,
    "sum_err": 0.0018447610893239706,
    "query_dur_ms_est": 20.369291305541992,
    "query_dur_ms_real": 40594.79784965515,
    "query_dur_ms_err": 0.9994982290247884,
    "order": [
        0,
        2,
        3,
        4,
        5,
        6,
        7,
        8,
        9,
        1
    ],
    "groupby": false
}