{
    "timestamp": "2022-08-06 03:12:48.898501",
    "dataset": "dmv.csv",
    "model": "dmv.csv-2.6MB-model16.669-data16.507-made-resmade-hidden256_256_256_256_256-emb32-directIo-binaryInone_hotOut-inputNoEmbIfLeq-5epochs-seed0.pt",
    "query": "'SELECT County FROM dmv.csv WHERE State<=GS AND Suspension Indicator=N AND Registration Class=LTR AND Model Year>=1913.0<=1938.0 AND Weight_100>=30.0<=50.0'",
    "avg_est": 38.23350524902344,
    "avg_real": NaN,
    "avg_err": NaN,
    "count_est": 2.9832022803920436e-07,
    "count_real": 0,
    "count_err": 0,
    "sum_est": 1.1405828004626789e-05,
    "sum_real": NaN,
    "sum_err": NaN,
    "query_dur_ms_est": 20.50614356994629,
    "query_dur_ms_real": 1198.0578899383545,
    "query_dur_ms_err": 0.9828838458123242,
    "order": [
        0,
        1,
        3,
        4,
        5,
        6,
        7,
        8,
        9,
        2
    ],
    "groupby": false
}