{
    "timestamp": "2022-08-06 03:07:47.573787",
    "dataset": "dmv.csv",
    "model": "dmv.csv-2.6MB-model16.669-data16.507-made-resmade-hidden256_256_256_256_256-emb32-directIo-binaryInone_hotOut-inputNoEmbIfLeq-5epochs-seed0.pt",
    "query": "'SELECT Suspension Indicator FROM dmv.csv WHERE County>=OUT-OF-STATE<=SCHOHARIE AND Fuel Type=DIESEL'",
    "avg_est": 1.009467601776123,
    "avg_real": 1.008322694687224,
    "avg_err": 0.0011354570267351589,
    "count_est": 74008.90708925761,
    "count_real": 81464,
    "count_err": 0.0915139559896689,
    "sum_est": 74709.59394946479,
    "sum_real": 82142.00000000001,
    "sum_err": 0.09048240912730665,
    "query_dur_ms_est": 20.371437072753906,
    "query_dur_ms_real": 2408.1902503967285,
    "query_dur_ms_err": 0.9915407692272661,
    "order": [
        0,
        1,
        2,
        3,
        4,
        6,
        7,
        8,
        9,
        5
    ],
    "groupby": false
}