{
    "timestamp": "2022-08-06 03:11:25.199885",
    "dataset": "dmv.csv",
    "model": "dmv.csv-2.6MB-model16.669-data16.507-made-resmade-hidden256_256_256_256_256-emb32-directIo-binaryInone_hotOut-inputNoEmbIfLeq-5epochs-seed0.pt",
    "query": "'SELECT Registration Class FROM dmv.csv WHERE Model Year<=1965.0'",
    "avg_est": 46.1772575378418,
    "avg_real": 37.867673651739175,
    "avg_err": 0.21943740094847317,
    "count_est": 75696.88365786523,
    "count_real": 65807,
    "count_err": 0.1502861953571083,
    "sum_est": 3495474.4914812907,
    "sum_real": 2491958.0,
    "sum_err": 0.40270200841317977,
    "query_dur_ms_est": 20.07579803466797,
    "query_dur_ms_real": 574.2874145507812,
    "query_dur_ms_err": 0.9650422462237456,
    "order": [
        0,
        1,
        2,
        3,
        4,
        5,
        6,
        8,
        9,
        7
    ],
    "groupby": false
}