{
    "timestamp": "2022-08-06 02:58:35.393069",
    "dataset": "dmv.csv",
    "model": "dmv.csv-2.6MB-model16.669-data16.507-made-resmade-hidden256_256_256_256_256-emb32-directIo-binaryInone_hotOut-inputNoEmbIfLeq-5epochs-seed0.pt",
    "query": "'SELECT Weight_100 FROM dmv.csv WHERE Suspension Indicator=N'",
    "avg_est": 40.50563049316406,
    "avg_real": 62.29839424633657,
    "avg_err": 0.3498126078017496,
    "count_est": 12506967.105643988,
    "count_real": 12505841,
    "count_err": 9.004637464906643e-05,
    "sum_est": 506602588.171373,
    "sum_real": 779093813.0,
    "sum_err": 0.3497540607842396,
    "query_dur_ms_est": 20.164966583251953,
    "query_dur_ms_real": 13908.113956451416,
    "query_dur_ms_err": 0.9985501293240484,
    "order": [
        0,
        1,
        2,
        3,
        4,
        5,
        6,
        7,
        8,
        9
    ],
    "groupby": false
}