{
    "timestamp": "2022-08-06 03:38:26.976528",
    "dataset": "dmv.csv",
    "model": "dmv.csv-2.6MB-model16.669-data16.507-made-resmade-hidden256_256_256_256_256-emb32-directIo-binaryInone_hotOut-inputNoEmbIfLeq-5epochs-seed0.pt",
    "query": "'SELECT Scofflaw Indicator FROM dmv.csv WHERE Weight_100<=49.0'",
    "avg_est": 1.0014715194702148,
    "avg_real": 1.0019064215818045,
    "avg_err": 0.00043407458243762483,
    "count_est": 4893449.590292573,
    "count_real": 4854645,
    "count_err": 0.007993291021809623,
    "sum_est": 4900650.396641203,
    "sum_real": 4863899.999999999,
    "sum_err": 0.007555746754909463,
    "query_dur_ms_est": 20.19500732421875,
    "query_dur_ms_real": 2142.4503326416016,
    "query_dur_ms_err": 0.9905738737479535,
    "order": [
        0,
        1,
        2,
        3,
        5,
        6,
        7,
        8,
        9,
        4
    ],
    "groupby": false
}