{
    "timestamp": "2022-08-06 03:26:45.518135",
    "dataset": "dmv.csv",
    "model": "dmv.csv-2.6MB-model16.669-data16.507-made-resmade-hidden256_256_256_256_256-emb32-directIo-binaryInone_hotOut-inputNoEmbIfLeq-5epochs-seed0.pt",
    "query": "'SELECT Model Year FROM dmv.csv WHERE County=CATTARAUGUS'",
    "avg_est": 112.74226379394531,
    "avg_real": 111.37834440653619,
    "avg_err": 0.012245822064213456,
    "count_est": 76571.95649970137,
    "count_real": 77966,
    "count_err": 0.01788014647793441,
    "sum_est": 8632895.718907837,
    "sum_real": 8683724.0,
    "sum_err": 0.005853281505971767,
    "query_dur_ms_est": 20.28656005859375,
    "query_dur_ms_real": 742.2559261322021,
    "query_dur_ms_err": 0.9726690493879863,
    "order": [
        0,
        1,
        2,
        3,
        4,
        5,
        6,
        7,
        9,
        8
    ],
    "groupby": false
}