{
    "timestamp": "2022-08-06 03:05:15.390810",
    "dataset": "dmv.csv",
    "model": "dmv.csv-2.6MB-model16.669-data16.507-made-resmade-hidden256_256_256_256_256-emb32-directIo-binaryInone_hotOut-inputNoEmbIfLeq-5epochs-seed0.pt",
    "query": "'SELECT Suspension Indicator FROM dmv.csv WHERE Scofflaw Indicator=Y AND Model Year<=1924.0'",
    "avg_est": 1.1243802309036255,
    "avg_real": NaN,
    "avg_err": NaN,
    "count_est": 0.084436821601523,
    "count_real": 0,
    "count_err": 0,
    "sum_est": 0.09493909296908866,
    "sum_real": NaN,
    "sum_err": NaN,
    "query_dur_ms_est": 20.04718780517578,
    "query_dur_ms_real": 1021.6944217681885,
    "query_dur_ms_err": 0.9803784895189295,
    "order": [
        0,
        1,
        2,
        3,
        4,
        6,
        7,
        8,
        9,
        5
    ],
    "groupby": false
}