{
    "timestamp": "2022-08-06 03:28:01.868411",
    "dataset": "dmv.csv",
    "model": "dmv.csv-2.6MB-model16.669-data16.507-made-resmade-hidden256_256_256_256_256-emb32-directIo-binaryInone_hotOut-inputNoEmbIfLeq-5epochs-seed0.pt",
    "query": "'SELECT Registration Class FROM dmv.csv WHERE Revocation Indicator=N'",
    "avg_est": 46.31532669067383,
    "avg_real": 46.54575640023176,
    "avg_err": 0.004950606185804387,
    "count_est": 12641325.98187542,
    "count_real": 12640636,
    "count_err": 5.458442719334824e-05,
    "sum_est": 585487142.6538632,
    "sum_real": 588367964.0,
    "sum_err": 0.004896291984613915,
    "query_dur_ms_est": 20.28822898864746,
    "query_dur_ms_real": 45600.41952133179,
    "query_dur_ms_err": 0.9995550867908319,
    "order": [
        0,
        1,
        2,
        3,
        4,
        5,
        6,
        8,
        9,
        7
    ],
    "groupby": false
}