{
    "timestamp": "2022-08-06 03:04:54.245583",
    "dataset": "dmv.csv",
    "model": "dmv.csv-2.6MB-model16.669-data16.507-made-resmade-hidden256_256_256_256_256-emb32-directIo-binaryInone_hotOut-inputNoEmbIfLeq-5epochs-seed0.pt",
    "query": "'SELECT State FROM dmv.csv WHERE Scofflaw Indicator=N'",
    "avg_est": 51.85118865966797,
    "avg_real": 51.85996153940587,
    "avg_err": 0.00016916479452531446,
    "count_est": 12627928.310856342,
    "count_real": 12625910,
    "count_err": 0.00015985468424393296,
    "sum_est": 654773093.2269745,
    "sum_real": 654779207.0,
    "sum_err": 9.337152066150896e-06,
    "query_dur_ms_est": 20.606517791748047,
    "query_dur_ms_real": 51513.689279556274,
    "query_dur_ms_err": 0.9995999797708155,
    "order": [
        0,
        2,
        3,
        4,
        5,
        6,
        7,
        8,
        9,
        1
    ],
    "groupby": false
}