{
    "timestamp": "2022-08-06 03:26:15.665243",
    "dataset": "dmv.csv",
    "model": "dmv.csv-2.6MB-model16.669-data16.507-made-resmade-hidden256_256_256_256_256-emb32-directIo-binaryInone_hotOut-inputNoEmbIfLeq-5epochs-seed0.pt",
    "query": "'SELECT Model Year FROM dmv.csv WHERE Record Type=TRL AND State>=IN AND County<=WASHINGTON AND Fuel Type=ELECTRIC AND Scofflaw Indicator=Y AND Suspension Indicator=N AND Revocation Indicator=N AND Registration Class<=CME AND Weight_100>=68.0<=nan'",
    "avg_est": 117.24325561523438,
    "avg_real": NaN,
    "avg_err": NaN,
    "count_est": 0.0,
    "count_real": 0,
    "count_err": 0,
    "sum_est": 0.0,
    "sum_real": NaN,
    "sum_err": NaN,
    "query_dur_ms_est": 20.82347869873047,
    "query_dur_ms_real": 993.955135345459,
    "query_dur_ms_err": 0.9790498806653953,
    "order": [
        0,
        1,
        2,
        3,
        4,
        5,
        6,
        7,
        9,
        8
    ],
    "groupby": false
}