{
    "timestamp": "2022-08-06 03:01:53.266063",
    "dataset": "dmv.csv",
    "model": "dmv.csv-2.6MB-model16.669-data16.507-made-resmade-hidden256_256_256_256_256-emb32-directIo-binaryInone_hotOut-inputNoEmbIfLeq-5epochs-seed0.pt",
    "query": "'SELECT Registration Class FROM dmv.csv WHERE County<=HERKIMER'",
    "avg_est": 45.56838607788086,
    "avg_real": 45.9179858675455,
    "avg_err": 0.007613569782287247,
    "count_est": 2866872.2607691884,
    "count_real": 2871688,
    "count_err": 0.0016769716037437201,
    "sum_est": 130638742.0146975,
    "sum_real": 131862128.99999999,
    "sum_err": 0.009277773645702916,
    "query_dur_ms_est": 20.227432250976562,
    "query_dur_ms_real": 7832.125663757324,
    "query_dur_ms_err": 0.9974173764416756,
    "order": [
        0,
        1,
        2,
        3,
        4,
        5,
        6,
        8,
        9,
        7
    ],
    "groupby": false
}