{
    "timestamp": "2022-08-06 03:13:35.354260",
    "dataset": "dmv.csv",
    "model": "dmv.csv-2.6MB-model16.669-data16.507-made-resmade-hidden256_256_256_256_256-emb32-directIo-binaryInone_hotOut-inputNoEmbIfLeq-5epochs-seed0.pt",
    "query": "'SELECT Scofflaw Indicator FROM dmv.csv WHERE County>=DELAWARE'",
    "avg_est": 1.0012578964233398,
    "avg_real": 1.0014061947125477,
    "avg_err": 0.00014809004576847495,
    "count_est": 11253727.068772316,
    "count_real": 11239553,
    "count_err": 0.0012610882988243375,
    "sum_est": 11267883.091801368,
    "sum_real": 11255358.0,
    "sum_err": 0.00111281149843192,
    "query_dur_ms_est": 20.168304443359375,
    "query_dur_ms_real": 5408.618927001953,
    "query_dur_ms_err": 0.9962710805261817,
    "order": [
        0,
        1,
        2,
        3,
        5,
        6,
        7,
        8,
        9,
        4
    ],
    "groupby": false
}