{
    "timestamp": "2022-08-06 03:28:47.946595",
    "dataset": "dmv.csv",
    "model": "dmv.csv-2.6MB-model16.669-data16.507-made-resmade-hidden256_256_256_256_256-emb32-directIo-binaryInone_hotOut-inputNoEmbIfLeq-5epochs-seed0.pt",
    "query": "'SELECT Weight_100 FROM dmv.csv WHERE Record Type=TRL AND State>=AA<=TN AND County<=ROCKLAND AND Fuel Type=OTHER AND Scofflaw Indicator=Y AND Suspension Indicator=Y AND Revocation Indicator=N AND Registration Class<=OMV AND Model Year>=1995.0<=2010.0'",
    "avg_est": 42.200828552246094,
    "avg_real": NaN,
    "avg_err": NaN,
    "count_est": 1.7460066800556382e-09,
    "count_real": 0,
    "count_err": 0,
    "sum_est": 7.368292855610438e-08,
    "sum_real": NaN,
    "sum_err": NaN,
    "query_dur_ms_est": 20.877838134765625,
    "query_dur_ms_real": 1151.9930362701416,
    "query_dur_ms_err": 0.9818767670659168,
    "order": [
        0,
        1,
        2,
        3,
        4,
        5,
        6,
        7,
        8,
        9
    ],
    "groupby": false
}