{
    "timestamp": "2022-08-06 03:26:44.688962",
    "dataset": "dmv.csv",
    "model": "dmv.csv-2.6MB-model16.669-data16.507-made-resmade-hidden256_256_256_256_256-emb32-directIo-binaryInone_hotOut-inputNoEmbIfLeq-5epochs-seed0.pt",
    "query": "'SELECT County FROM dmv.csv WHERE Fuel Type=FLEX AND Weight_100>=20.0<=59.0'",
    "avg_est": 34.38734817504883,
    "avg_real": 23.12823275862069,
    "avg_err": 0.4868126127030383,
    "count_est": 1160.8779871332517,
    "count_real": 928,
    "count_err": 0.2509461068246247,
    "sum_est": 39919.51553230098,
    "sum_real": 21463.0,
    "sum_err": 0.8599224494386145,
    "query_dur_ms_est": 20.151376724243164,
    "query_dur_ms_real": 1223.5589027404785,
    "query_dur_ms_err": 0.983530521759836,
    "order": [
        0,
        1,
        3,
        4,
        5,
        6,
        7,
        8,
        9,
        2
    ],
    "groupby": false
}