{
    "timestamp": "2022-08-06 03:22:38.448845",
    "dataset": "dmv.csv",
    "model": "dmv.csv-2.6MB-model16.669-data16.507-made-resmade-hidden256_256_256_256_256-emb32-directIo-binaryInone_hotOut-inputNoEmbIfLeq-5epochs-seed0.pt",
    "query": "'SELECT Weight_100 FROM dmv.csv WHERE Record Type=BOAT AND County>=CAYUGA<=GREENE'",
    "avg_est": 1.0028833150863647,
    "avg_real": 101.0,
    "avg_err": 0.9900704622268677,
    "count_est": 61683.828499814495,
    "count_real": 62706,
    "count_err": 0.016301015854710946,
    "sum_est": 61861.68241311274,
    "sum_real": 6333306.0,
    "sum_err": 0.9902323237795375,
    "query_dur_ms_est": 20.219087600708008,
    "query_dur_ms_real": 766.6614055633545,
    "query_dur_ms_err": 0.9736270960635475,
    "order": [
        0,
        1,
        2,
        3,
        4,
        5,
        6,
        7,
        8,
        9
    ],
    "groupby": false
}