{
    "timestamp": "2022-08-06 02:58:19.931741",
    "dataset": "dmv.csv",
    "model": "dmv.csv-2.6MB-model16.669-data16.507-made-resmade-hidden256_256_256_256_256-emb32-directIo-binaryInone_hotOut-inputNoEmbIfLeq-5epochs-seed0.pt",
    "query": "'SELECT County FROM dmv.csv WHERE Fuel Type=NONE AND Suspension Indicator=N AND Revocation Indicator=N AND Weight_100>=78.0<=82.0'",
    "avg_est": 34.43360137939453,
    "avg_real": 31.574673090158292,
    "avg_err": 0.09054498461703334,
    "count_est": 958.1199469313724,
    "count_real": 1453,
    "count_err": 0.34059191539478845,
    "sum_est": 32991.52032628152,
    "sum_real": 45878.0,
    "sum_err": 0.28088582051786215,
    "query_dur_ms_est": 20.251989364624023,
    "query_dur_ms_real": 1477.1695137023926,
    "query_dur_ms_err": 0.9862900031602573,
    "order": [
        0,
        1,
        3,
        4,
        5,
        6,
        7,
        8,
        9,
        2
    ],
    "groupby": false
}