{
    "timestamp": "2022-08-06 03:02:01.869861",
    "dataset": "dmv.csv",
    "model": "dmv.csv-2.6MB-model16.669-data16.507-made-resmade-hidden256_256_256_256_256-emb32-directIo-binaryInone_hotOut-inputNoEmbIfLeq-5epochs-seed0.pt",
    "query": "'SELECT Revocation Indicator FROM dmv.csv WHERE Fuel Type=PROPANE'",
    "avg_est": 1.0002154111862183,
    "avg_real": 1.0,
    "avg_err": 0.00021541118621826172,
    "count_est": 888.6542089868744,
    "count_real": 957,
    "count_err": 0.07141670952259724,
    "sum_est": 888.8456350441702,
    "sum_real": 957.0,
    "sum_err": 0.071216682294493,
    "query_dur_ms_est": 20.058393478393555,
    "query_dur_ms_real": 969.5219993591309,
    "query_dur_ms_err": 0.979311048649074,
    "order": [
        0,
        1,
        2,
        3,
        4,
        5,
        7,
        8,
        9,
        6
    ],
    "groupby": false
}