{
    "timestamp": "2022-08-06 03:19:31.888484",
    "dataset": "dmv.csv",
    "model": "dmv.csv-2.6MB-model16.669-data16.507-made-resmade-hidden256_256_256_256_256-emb32-directIo-binaryInone_hotOut-inputNoEmbIfLeq-5epochs-seed0.pt",
    "query": "'SELECT County FROM dmv.csv WHERE State<=RK'",
    "avg_est": 34.40533447265625,
    "avg_real": 34.36169599951851,
    "avg_err": 0.0012699743673406472,
    "count_est": 12622928.493602514,
    "count_real": 12627480,
    "count_err": 0.00036044455405874595,
    "sum_est": 434296076.84681743,
    "sum_real": 433901629.0,
    "sum_err": 0.0009090720579374314,
    "query_dur_ms_est": 20.69568634033203,
    "query_dur_ms_real": 37935.19568443298,
    "query_dur_ms_err": 0.9994544463006731,
    "order": [
        0,
        1,
        3,
        4,
        5,
        6,
        7,
        8,
        9,
        2
    ],
    "groupby": false
}