{
    "timestamp": "2022-08-06 03:09:05.876530",
    "dataset": "dmv.csv",
    "model": "dmv.csv-2.6MB-model16.669-data16.507-made-resmade-hidden256_256_256_256_256-emb32-directIo-binaryInone_hotOut-inputNoEmbIfLeq-5epochs-seed0.pt",
    "query": "'SELECT Model Year FROM dmv.csv WHERE Scofflaw Indicator=Y'",
    "avg_est": 115.28268432617188,
    "avg_real": 114.66475546407919,
    "avg_err": 0.005389004316032052,
    "count_est": 18678.091403366067,
    "count_real": 20406,
    "count_err": 0.08467649694373877,
    "sum_est": 2153260.5150696347,
    "sum_real": 2339849.0,
    "sum_err": 0.07974381463520311,
    "query_dur_ms_est": 20.102262496948242,
    "query_dur_ms_real": 684.4055652618408,
    "query_dur_ms_err": 0.9706281428479362,
    "order": [
        0,
        1,
        2,
        3,
        4,
        5,
        6,
        7,
        9,
        8
    ],
    "groupby": false
}