{
    "timestamp": "2022-08-06 03:15:35.621935",
    "dataset": "dmv.csv",
    "model": "dmv.csv-2.6MB-model16.669-data16.507-made-resmade-hidden256_256_256_256_256-emb32-directIo-binaryInone_hotOut-inputNoEmbIfLeq-5epochs-seed0.pt",
    "query": "'SELECT County FROM dmv.csv WHERE Model Year>=1900.0'",
    "avg_est": 34.41093063354492,
    "avg_real": 34.366834030586354,
    "avg_err": 0.0012831150788961906,
    "count_est": 12646303.939533234,
    "count_real": 12646294,
    "count_err": 7.859641119874785e-07,
    "sum_est": 435171087.634004,
    "sum_real": 434613087.0,
    "sum_err": 0.0012839020514906789,
    "query_dur_ms_est": 20.253658294677734,
    "query_dur_ms_real": 37784.19232368469,
    "query_dur_ms_err": 0.9994639647680922,
    "order": [
        0,
        1,
        3,
        4,
        5,
        6,
        7,
        8,
        9,
        2
    ],
    "groupby": false
}