{
    "timestamp": "2022-08-06 02:58:43.391570",
    "dataset": "dmv.csv",
    "model": "dmv.csv-2.6MB-model16.669-data16.507-made-resmade-hidden256_256_256_256_256-emb32-directIo-binaryInone_hotOut-inputNoEmbIfLeq-5epochs-seed0.pt",
    "query": "'SELECT Scofflaw Indicator FROM dmv.csv WHERE Fuel Type=GAS AND Registration Class<=GSM'",
    "avg_est": 1.001491665840149,
    "avg_real": 1.0003869718096265,
    "avg_err": 0.0011042667104351322,
    "count_est": 1054971.9934661388,
    "count_real": 956142,
    "count_err": 0.10336330112696528,
    "sum_est": 1056545.6591511061,
    "sum_real": 956512.0,
    "sum_err": 0.10458170848991559,
    "query_dur_ms_est": 20.277976989746094,
    "query_dur_ms_real": 2942.561626434326,
    "query_dur_ms_err": 0.993108733286134,
    "order": [
        0,
        1,
        2,
        3,
        5,
        6,
        7,
        8,
        9,
        4
    ],
    "groupby": false
}