{
    "timestamp": "2022-08-06 03:24:52.268094",
    "dataset": "dmv.csv",
    "model": "dmv.csv-2.6MB-model16.669-data16.507-made-resmade-hidden256_256_256_256_256-emb32-directIo-binaryInone_hotOut-inputNoEmbIfLeq-5epochs-seed0.pt",
    "query": "'SELECT Weight_100 FROM dmv.csv WHERE Fuel Type=nan AND Scofflaw Indicator=N AND Revocation Indicator=Y AND Model Year>=1904.0<=1928.0'",
    "avg_est": 3.4464805126190186,
    "avg_real": NaN,
    "avg_err": NaN,
    "count_est": 0.0,
    "count_real": 0,
    "count_err": 0,
    "sum_est": 0.0,
    "sum_real": NaN,
    "sum_err": NaN,
    "query_dur_ms_est": 20.16139030456543,
    "query_dur_ms_real": 78.9024829864502,
    "query_dur_ms_err": 0.7444771122345071,
    "order": [
        0,
        1,
        2,
        3,
        4,
        5,
        6,
        7,
        8,
        9
    ],
    "groupby": false
}