{
    "timestamp": "2022-08-06 03:01:12.745347",
    "dataset": "dmv.csv",
    "model": "dmv.csv-2.6MB-model16.669-data16.507-made-resmade-hidden256_256_256_256_256-emb32-directIo-binaryInone_hotOut-inputNoEmbIfLeq-5epochs-seed0.pt",
    "query": "'SELECT Weight_100 FROM dmv.csv WHERE County>=ST LAWRENCE<=TIOGA'",
    "avg_est": 39.6425666809082,
    "avg_real": 63.23508173370604,
    "avg_err": 0.3730921887971938,
    "count_est": 1771703.1084603667,
    "count_real": 1776195,
    "count_err": 0.002528940538416826,
    "sum_est": 70234858.61591242,
    "sum_real": 112317836.0,
    "sum_err": 0.3746776013747948,
    "query_dur_ms_est": 20.27726173400879,
    "query_dur_ms_real": 2423.271894454956,
    "query_dur_ms_err": 0.9916322795719258,
    "order": [
        0,
        1,
        2,
        3,
        4,
        5,
        6,
        7,
        8,
        9
    ],
    "groupby": false
}