{
    "timestamp": "2022-08-06 03:30:54.827934",
    "dataset": "dmv.csv",
    "model": "dmv.csv-2.6MB-model16.669-data16.507-made-resmade-hidden256_256_256_256_256-emb32-directIo-binaryInone_hotOut-inputNoEmbIfLeq-5epochs-seed0.pt",
    "query": "'SELECT Model Year FROM dmv.csv WHERE State>=MY<=NT AND County>=NIAGARA<=TIOGA AND Scofflaw Indicator=Y AND Suspension Indicator=N AND Revocation Indicator=Y AND Registration Class<=OMS AND Weight_100>=34.0'",
    "avg_est": 120.02068328857422,
    "avg_real": NaN,
    "avg_err": NaN,
    "count_est": 5.7305477865598337e-05,
    "count_real": 0,
    "count_err": 0,
    "sum_est": 0.006877842609607378,
    "sum_real": NaN,
    "sum_err": NaN,
    "query_dur_ms_est": 21.60191535949707,
    "query_dur_ms_real": 2474.5354652404785,
    "query_dur_ms_err": 0.9912703149084194,
    "order": [
        0,
        1,
        2,
        3,
        4,
        5,
        6,
        7,
        9,
        8
    ],
    "groupby": false
}