{
    "timestamp": "2022-08-06 03:23:43.517359",
    "dataset": "dmv.csv",
    "model": "dmv.csv-2.6MB-model16.669-data16.507-made-resmade-hidden256_256_256_256_256-emb32-directIo-binaryInone_hotOut-inputNoEmbIfLeq-5epochs-seed0.pt",
    "query": "'SELECT Revocation Indicator FROM dmv.csv WHERE Record Type=SNOW AND State>=AP AND Scofflaw Indicator=Y AND Suspension Indicator=N AND Registration Class>=COM AND Model Year>=1913.0<=1950.0 AND Weight_100<=73.0'",
    "avg_est": 1.0000035762786865,
    "avg_real": NaN,
    "avg_err": NaN,
    "count_est": 4.022022648929254e-11,
    "count_real": 0,
    "count_err": 0,
    "sum_est": 4.02203703280313e-11,
    "sum_real": NaN,
    "sum_err": NaN,
    "query_dur_ms_est": 21.026611328125,
    "query_dur_ms_real": 991.8458461761475,
    "query_dur_ms_err": 0.97880052489085,
    "order": [
        0,
        1,
        2,
        3,
        4,
        5,
        7,
        8,
        9,
        6
    ],
    "groupby": false
}