{
    "timestamp": "2022-08-06 03:12:10.847517",
    "dataset": "dmv.csv",
    "model": "dmv.csv-2.6MB-model16.669-data16.507-made-resmade-hidden256_256_256_256_256-emb32-directIo-binaryInone_hotOut-inputNoEmbIfLeq-5epochs-seed0.pt",
    "query": "'SELECT Registration Class FROM dmv.csv WHERE Revocation Indicator=N'",
    "avg_est": 46.484619140625,
    "avg_real": 46.54575640023176,
    "avg_err": 0.0013134872936871047,
    "count_est": 12641368.947288275,
    "count_real": 12640636,
    "count_err": 5.798341857757513e-05,
    "sum_est": 587629220.930819,
    "sum_real": 588367964.0,
    "sum_err": 0.0012555800355931097,
    "query_dur_ms_est": 20.78557014465332,
    "query_dur_ms_real": 45361.340284347534,
    "query_dur_ms_err": 0.9995417778660339,
    "order": [
        0,
        1,
        2,
        3,
        4,
        5,
        6,
        8,
        9,
        7
    ],
    "groupby": false
}