{
    "timestamp": "2022-08-06 03:12:46.877799",
    "dataset": "dmv.csv",
    "model": "dmv.csv-2.6MB-model16.669-data16.507-made-resmade-hidden256_256_256_256_256-emb32-directIo-binaryInone_hotOut-inputNoEmbIfLeq-5epochs-seed0.pt",
    "query": "'SELECT State FROM dmv.csv WHERE Fuel Type=COMP N/G AND Model Year<=1999.0'",
    "avg_est": 51.849815368652344,
    "avg_real": 52.0,
    "avg_err": 0.002888165987454928,
    "count_est": 44.688623401294535,
    "count_real": 36,
    "count_err": 0.24135065003595932,
    "sum_est": 2317.0968724363584,
    "sum_real": 1872.0,
    "sum_err": 0.23776542331002049,
    "query_dur_ms_est": 20.1570987701416,
    "query_dur_ms_real": 973.2527732849121,
    "query_dur_ms_err": 0.9792889377524119,
    "order": [
        0,
        2,
        3,
        4,
        5,
        6,
        7,
        8,
        9,
        1
    ],
    "groupby": false
}