{
    "timestamp": "2022-08-06 03:37:06.606989",
    "dataset": "dmv.csv",
    "model": "dmv.csv-2.6MB-model16.669-data16.507-made-resmade-hidden256_256_256_256_256-emb32-directIo-binaryInone_hotOut-inputNoEmbIfLeq-5epochs-seed0.pt",
    "query": "'SELECT County FROM dmv.csv WHERE Scofflaw Indicator=N AND Model Year>=1939.0<=1941.0'",
    "avg_est": 34.431522369384766,
    "avg_real": 33.22982107355865,
    "avg_err": 0.036163339344078706,
    "count_est": 3130.754072281532,
    "count_real": 2515,
    "count_err": 0.24483263311392922,
    "sum_est": 107796.62887280402,
    "sum_real": 83573.0,
    "sum_err": 0.28984993805181125,
    "query_dur_ms_est": 20.2639102935791,
    "query_dur_ms_real": 3509.967803955078,
    "query_dur_ms_err": 0.994226753228122,
    "order": [
        0,
        1,
        3,
        4,
        5,
        6,
        7,
        8,
        9,
        2
    ],
    "groupby": false
}