{
    "timestamp": "2022-08-06 03:01:10.207047",
    "dataset": "dmv.csv",
    "model": "dmv.csv-2.6MB-model16.669-data16.507-made-resmade-hidden256_256_256_256_256-emb32-directIo-binaryInone_hotOut-inputNoEmbIfLeq-5epochs-seed0.pt",
    "query": "'SELECT Scofflaw Indicator FROM dmv.csv WHERE Record Type=VEH AND State<=OK AND County=LIVINGSTON AND Fuel Type=DIESEL AND Suspension Indicator=N AND Revocation Indicator=Y AND Registration Class>=IRP AND Model Year>=1991.0 AND Weight_100<=27.0'",
    "avg_est": 1.000725269317627,
    "avg_real": NaN,
    "avg_err": NaN,
    "count_est": 0.00021113478105989208,
    "count_real": 0,
    "count_err": 0,
    "sum_est": 0.0002112879106384787,
    "sum_real": NaN,
    "sum_err": NaN,
    "query_dur_ms_est": 20.763635635375977,
    "query_dur_ms_real": 4264.029026031494,
    "query_dur_ms_err": 0.9951305125953375,
    "order": [
        0,
        1,
        2,
        3,
        5,
        6,
        7,
        8,
        9,
        4
    ],
    "groupby": false
}