{
    "timestamp": "2022-08-06 03:07:53.525719",
    "dataset": "dmv.csv",
    "model": "dmv.csv-2.6MB-model16.669-data16.507-made-resmade-hidden256_256_256_256_256-emb32-directIo-binaryInone_hotOut-inputNoEmbIfLeq-5epochs-seed0.pt",
    "query": "'SELECT Suspension Indicator FROM dmv.csv WHERE Record Type=BOAT AND State>=US AND Fuel Type=COMP N/G AND Revocation Indicator=N AND Model Year>=1967.0<=1994.0 AND Weight_100=9.0'",
    "avg_est": 1.0005370378494263,
    "avg_real": NaN,
    "avg_err": NaN,
    "count_est": 3.602229106766901e-21,
    "count_real": 0,
    "count_err": 0,
    "sum_est": 3.60416364013954e-21,
    "sum_real": NaN,
    "sum_err": NaN,
    "query_dur_ms_est": 20.601511001586914,
    "query_dur_ms_real": 1052.3946285247803,
    "query_dur_ms_err": 0.9804241579696529,
    "order": [
        0,
        1,
        2,
        3,
        4,
        6,
        7,
        8,
        9,
        5
    ],
    "groupby": false
}