{
    "timestamp": "2022-08-06 03:26:11.395909",
    "dataset": "dmv.csv",
    "model": "dmv.csv-2.6MB-model16.669-data16.507-made-resmade-hidden256_256_256_256_256-emb32-directIo-binaryInone_hotOut-inputNoEmbIfLeq-5epochs-seed0.pt",
    "query": "'SELECT Weight_100 FROM dmv.csv WHERE Record Type=VEH'",
    "avg_est": 44.206851959228516,
    "avg_real": 58.10264309764014,
    "avg_err": 0.23915936345718508,
    "count_est": 11388790.728530407,
    "count_real": 11392466,
    "count_err": 0.0003226054367503092,
    "sum_est": 503462585.730778,
    "sum_real": 661932386.0,
    "sum_err": 0.23940481478303438,
    "query_dur_ms_est": 20.13397216796875,
    "query_dur_ms_real": 13026.960134506226,
    "query_dur_ms_err": 0.9984544381835762,
    "order": [
        0,
        1,
        2,
        3,
        4,
        5,
        6,
        7,
        8,
        9
    ],
    "groupby": false
}