{
    "timestamp": "2022-08-06 03:30:56.111408",
    "dataset": "dmv.csv",
    "model": "dmv.csv-2.6MB-model16.669-data16.507-made-resmade-hidden256_256_256_256_256-emb32-directIo-binaryInone_hotOut-inputNoEmbIfLeq-5epochs-seed0.pt",
    "query": "'SELECT Model Year FROM dmv.csv WHERE Record Type=TRL'",
    "avg_est": 109.75311279296875,
    "avg_real": 109.26030268864504,
    "avg_err": 0.00451042228693116,
    "count_est": 781843.5492842644,
    "count_real": 775186,
    "count_err": 0.008588324975250385,
    "sum_est": 85809763.2510509,
    "sum_real": 84697057.0,
    "sum_err": 0.01313748423455734,
    "query_dur_ms_est": 20.169973373413086,
    "query_dur_ms_real": 1179.7878742218018,
    "query_dur_ms_err": 0.9829037288701434,
    "order": [
        0,
        1,
        2,
        3,
        4,
        5,
        6,
        7,
        9,
        8
    ],
    "groupby": false
}