{
    "timestamp": "2022-08-06 03:37:19.190298",
    "dataset": "dmv.csv",
    "model": "dmv.csv-2.6MB-model16.669-data16.507-made-resmade-hidden256_256_256_256_256-emb32-directIo-binaryInone_hotOut-inputNoEmbIfLeq-5epochs-seed0.pt",
    "query": "'SELECT Suspension Indicator FROM dmv.csv WHERE Record Type=BOAT'",
    "avg_est": 1.0002361536026,
    "avg_real": 1.0000382885038768,
    "avg_err": 0.00019785752305478805,
    "count_est": 364348.39701479673,
    "count_real": 365645,
    "count_err": 0.003546070601822167,
    "sum_est": 364434.43920135335,
    "sum_real": 365659.0,
    "sum_err": 0.0033489146955131676,
    "query_dur_ms_est": 20.220518112182617,
    "query_dur_ms_real": 1082.3523998260498,
    "query_dur_ms_err": 0.9813179902262587,
    "order": [
        0,
        1,
        2,
        3,
        4,
        6,
        7,
        8,
        9,
        5
    ],
    "groupby": false
}