{
    "timestamp": "2022-08-06 03:06:54.005030",
    "dataset": "dmv.csv",
    "model": "dmv.csv-2.6MB-model16.669-data16.507-made-resmade-hidden256_256_256_256_256-emb32-directIo-binaryInone_hotOut-inputNoEmbIfLeq-5epochs-seed0.pt",
    "query": "'SELECT Registration Class FROM dmv.csv WHERE State>=IA<=WA AND County>=ST LAWRENCE<=WAYNE'",
    "avg_est": 45.90111541748047,
    "avg_real": 45.86729816165957,
    "avg_err": 0.0007372846706974202,
    "count_est": 2313286.848619342,
    "count_real": 2286954,
    "count_err": 0.011514376161191633,
    "sum_est": 106182446.63221608,
    "sum_real": 104896401.0,
    "sum_err": 0.012260150204925343,
    "query_dur_ms_est": 20.297527313232422,
    "query_dur_ms_real": 10531.622409820557,
    "query_dur_ms_err": 0.9980727065096537,
    "order": [
        0,
        1,
        2,
        3,
        4,
        5,
        6,
        8,
        9,
        7
    ],
    "groupby": false
}