{
    "timestamp": "2022-08-06 03:14:39.317023",
    "dataset": "dmv.csv",
    "model": "dmv.csv-2.6MB-model16.669-data16.507-made-resmade-hidden256_256_256_256_256-emb32-directIo-binaryInone_hotOut-inputNoEmbIfLeq-5epochs-seed0.pt",
    "query": "'SELECT Weight_100 FROM dmv.csv WHERE Record Type=BOAT AND Suspension Indicator=N'",
    "avg_est": 1.0000052452087402,
    "avg_real": 101.0,
    "avg_err": 0.9900989579682303,
    "count_est": 364263.45552425086,
    "count_real": 365631,
    "count_err": 0.003740231205092388,
    "sum_est": 364265.3661621115,
    "sum_real": 36928731.0,
    "sum_err": 0.9901359901546004,
    "query_dur_ms_est": 20.20120620727539,
    "query_dur_ms_real": 722.6042747497559,
    "query_dur_ms_err": 0.9720438877637816,
    "order": [
        0,
        1,
        2,
        3,
        4,
        5,
        6,
        7,
        8,
        9
    ],
    "groupby": false
}