{
    "timestamp": "2022-08-06 03:18:40.031111",
    "dataset": "dmv.csv",
    "model": "dmv.csv-2.6MB-model16.669-data16.507-made-resmade-hidden256_256_256_256_256-emb32-directIo-binaryInone_hotOut-inputNoEmbIfLeq-5epochs-seed0.pt",
    "query": "'SELECT Weight_100 FROM dmv.csv WHERE Record Type=VEH AND County<=BRONX AND Fuel Type=COMP N/G AND Scofflaw Indicator=Y AND Suspension Indicator=N AND Revocation Indicator=N AND Model Year<=1995.0'",
    "avg_est": 23.339553833007812,
    "avg_real": NaN,
    "avg_err": NaN,
    "count_est": 0.0036673262907048754,
    "count_real": 0,
    "count_err": 0,
    "sum_est": 0.0855937593851113,
    "sum_real": NaN,
    "sum_err": NaN,
    "query_dur_ms_est": 20.671844482421875,
    "query_dur_ms_real": 2511.8813514709473,
    "query_dur_ms_err": 0.9917703738393867,
    "order": [
        0,
        1,
        2,
        3,
        4,
        5,
        6,
        7,
        8,
        9
    ],
    "groupby": false
}