{
    "timestamp": "2022-08-06 03:07:25.816611",
    "dataset": "dmv.csv",
    "model": "dmv.csv-2.6MB-model16.669-data16.507-made-resmade-hidden256_256_256_256_256-emb32-directIo-binaryInone_hotOut-inputNoEmbIfLeq-5epochs-seed0.pt",
    "query": "'SELECT Record Type FROM dmv.csv WHERE Suspension Indicator=Y AND Weight_100>=44.0<=66.0'",
    "avg_est": 3.834136962890625,
    "avg_real": 4.0,
    "avg_err": 0.04146575927734375,
    "count_est": 28060.33660167083,
    "count_real": 29582,
    "count_err": 0.05143882760899089,
    "sum_est": 107587.17375561885,
    "sum_real": 118328.0,
    "sum_err": 0.09077163684319142,
    "query_dur_ms_est": 20.11561393737793,
    "query_dur_ms_real": 1117.6104545593262,
    "query_dur_ms_err": 0.9820012296276259,
    "order": [
        1,
        2,
        3,
        4,
        5,
        6,
        7,
        8,
        9,
        0
    ],
    "groupby": false
}