{
    "timestamp": "2022-08-06 03:01:24.562415",
    "dataset": "dmv.csv",
    "model": "dmv.csv-2.6MB-model16.669-data16.507-made-resmade-hidden256_256_256_256_256-emb32-directIo-binaryInone_hotOut-inputNoEmbIfLeq-5epochs-seed0.pt",
    "query": "'SELECT Suspension Indicator FROM dmv.csv WHERE Scofflaw Indicator=N AND Model Year=1964.0'",
    "avg_est": 1.0107601881027222,
    "avg_real": 1.0036866359447005,
    "avg_err": 0.007047570331913198,
    "count_est": 6476.060638886178,
    "count_real": 5425,
    "count_err": 0.19374389656888072,
    "sum_est": 6545.744269525228,
    "sum_real": 5445.0,
    "sum_err": 0.20215689063824213,
    "query_dur_ms_est": 20.181655883789062,
    "query_dur_ms_real": 2049.2477416992188,
    "query_dur_ms_err": 0.9901516759183765,
    "order": [
        0,
        1,
        2,
        3,
        4,
        6,
        7,
        8,
        9,
        5
    ],
    "groupby": false
}