{
    "timestamp": "2022-08-06 03:18:49.684755",
    "dataset": "dmv.csv",
    "model": "dmv.csv-2.6MB-model16.669-data16.507-made-resmade-hidden256_256_256_256_256-emb32-directIo-binaryInone_hotOut-inputNoEmbIfLeq-5epochs-seed0.pt",
    "query": "'SELECT Registration Class FROM dmv.csv WHERE Record Type=TRL'",
    "avg_est": 46.77330017089844,
    "avg_real": 47.11013227793072,
    "avg_err": 0.007149886675017301,
    "count_est": 781843.5492842644,
    "count_real": 775186,
    "count_err": 0.008588324975250385,
    "sum_est": 36569403.01735353,
    "sum_real": 36519115.0,
    "sum_err": 0.0013770327499318439,
    "query_dur_ms_est": 20.109176635742188,
    "query_dur_ms_real": 2537.6803874969482,
    "query_dur_ms_err": 0.9920757646491578,
    "order": [
        0,
        1,
        2,
        3,
        4,
        5,
        6,
        8,
        9,
        7
    ],
    "groupby": false
}