{
    "timestamp": "2022-08-06 03:31:07.737641",
    "dataset": "dmv.csv",
    "model": "dmv.csv-2.6MB-model16.669-data16.507-made-resmade-hidden256_256_256_256_256-emb32-directIo-binaryInone_hotOut-inputNoEmbIfLeq-5epochs-seed0.pt",
    "query": "'SELECT Registration Class FROM dmv.csv WHERE Fuel Type=COMP N/G'",
    "avg_est": 38.913047790527344,
    "avg_real": 41.24409681227863,
    "avg_err": 0.0565183675220478,
    "count_est": 3620.2519365937915,
    "count_real": 3388,
    "count_err": 0.06855133901823833,
    "sum_est": 140875.0366224234,
    "sum_real": 139735.0,
    "sum_err": 0.00815856172342926,
    "query_dur_ms_est": 20.025014877319336,
    "query_dur_ms_real": 982.9723834991455,
    "query_dur_ms_err": 0.979628100225934,
    "order": [
        0,
        1,
        2,
        3,
        4,
        5,
        6,
        8,
        9,
        7
    ],
    "groupby": false
}