{
    "timestamp": "2022-08-06 03:05:10.659224",
    "dataset": "dmv.csv",
    "model": "dmv.csv-2.6MB-model16.669-data16.507-made-resmade-hidden256_256_256_256_256-emb32-directIo-binaryInone_hotOut-inputNoEmbIfLeq-5epochs-seed0.pt",
    "query": "'SELECT Suspension Indicator FROM dmv.csv WHERE Weight_100<=10.0'",
    "avg_est": 1.0112837553024292,
    "avg_real": 1.0085129220518305,
    "avg_err": 0.002747444469983975,
    "count_est": 1042998.4939718544,
    "count_real": 1067671,
    "count_err": 0.023108716100882717,
    "sum_est": 1054767.433758635,
    "sum_real": 1076760.0,
    "sum_err": 0.020424761545158557,
    "query_dur_ms_est": 20.05767822265625,
    "query_dur_ms_real": 806.6790103912354,
    "query_dur_ms_err": 0.975135490121494,
    "order": [
        0,
        1,
        2,
        3,
        4,
        6,
        7,
        8,
        9,
        5
    ],
    "groupby": false
}