{
    "timestamp": "2022-08-06 03:01:36.653903",
    "dataset": "dmv.csv",
    "model": "dmv.csv-2.6MB-model16.669-data16.507-made-resmade-hidden256_256_256_256_256-emb32-directIo-binaryInone_hotOut-inputNoEmbIfLeq-5epochs-seed0.pt",
    "query": "'SELECT Record Type FROM dmv.csv WHERE County>=TIOGA AND Suspension Indicator=Y'",
    "avg_est": 3.834136962890625,
    "avg_real": 3.9977557653613993,
    "avg_err": 0.04092766343768454,
    "count_est": 13213.332261230331,
    "count_real": 12922,
    "count_err": 0.022545446620517794,
    "sum_est": 50661.72562573838,
    "sum_real": 51659.0,
    "sum_err": 0.019304949268503496,
    "query_dur_ms_est": 20.381689071655273,
    "query_dur_ms_real": 1328.660249710083,
    "query_dur_ms_err": 0.9846599692614402,
    "order": [
        1,
        2,
        3,
        4,
        5,
        6,
        7,
        8,
        9,
        0
    ],
    "groupby": false
}