{
    "timestamp": "2022-08-06 03:07:38.616926",
    "dataset": "dmv.csv",
    "model": "dmv.csv-2.6MB-model16.669-data16.507-made-resmade-hidden256_256_256_256_256-emb32-directIo-binaryInone_hotOut-inputNoEmbIfLeq-5epochs-seed0.pt",
    "query": "'SELECT Scofflaw Indicator FROM dmv.csv WHERE State<=TX'",
    "avg_est": 1.0014399290084839,
    "avg_real": 1.001613839155376,
    "avg_err": 0.00017362993610262558,
    "count_est": 12637038.48593998,
    "count_real": 12638806,
    "count_err": 0.00013984818344552855,
    "sum_est": 12655234.924237212,
    "sum_real": 12659203.0,
    "sum_err": 0.0003134538377169427,
    "query_dur_ms_est": 20.196199417114258,
    "query_dur_ms_real": 5773.359060287476,
    "query_dur_ms_err": 0.9965018286224331,
    "order": [
        0,
        1,
        2,
        3,
        5,
        6,
        7,
        8,
        9,
        4
    ],
    "groupby": false
}