{
    "timestamp": "2022-08-06 03:30:48.231732",
    "dataset": "dmv.csv",
    "model": "dmv.csv-2.6MB-model16.669-data16.507-made-resmade-hidden256_256_256_256_256-emb32-directIo-binaryInone_hotOut-inputNoEmbIfLeq-5epochs-seed0.pt",
    "query": "'SELECT Model Year FROM dmv.csv WHERE State>=WI'",
    "avg_est": 116.47657775878906,
    "avg_real": 115.05277044854881,
    "avg_err": 0.012375254456623198,
    "count_est": 6054.058399497066,
    "count_real": 4548,
    "count_err": 0.33114740534236276,
    "sum_est": 705156.00392527,
    "sum_real": 523260.0,
    "sum_err": 0.34762069320274824,
    "query_dur_ms_est": 20.204782485961914,
    "query_dur_ms_real": 631.3004493713379,
    "query_dur_ms_err": 0.9679949816191605,
    "order": [
        0,
        1,
        2,
        3,
        4,
        5,
        6,
        7,
        9,
        8
    ],
    "groupby": false
}