{
    "timestamp": "2022-08-06 03:30:59.055541",
    "dataset": "dmv.csv",
    "model": "dmv.csv-2.6MB-model16.669-data16.507-made-resmade-hidden256_256_256_256_256-emb32-directIo-binaryInone_hotOut-inputNoEmbIfLeq-5epochs-seed0.pt",
    "query": "'SELECT Weight_100 FROM dmv.csv WHERE Record Type=BOAT AND Fuel Type=ELECTRIC'",
    "avg_est": 1.0,
    "avg_real": 101.0,
    "avg_err": 0.9900990099009901,
    "count_est": 7975.476844611112,
    "count_real": 8857,
    "count_err": 0.09952841316347386,
    "sum_est": 7975.476844611112,
    "sum_real": 894557.0,
    "sum_err": 0.9910844397342918,
    "query_dur_ms_est": 20.206689834594727,
    "query_dur_ms_real": 686.3200664520264,
    "query_dur_ms_err": 0.9705579206811562,
    "order": [
        0,
        1,
        2,
        3,
        4,
        5,
        6,
        7,
        8,
        9
    ],
    "groupby": false
}