{
    "timestamp": "2022-08-06 03:22:24.840850",
    "dataset": "dmv.csv",
    "model": "dmv.csv-2.6MB-model16.669-data16.507-made-resmade-hidden256_256_256_256_256-emb32-directIo-binaryInone_hotOut-inputNoEmbIfLeq-5epochs-seed0.pt",
    "query": "'SELECT Record Type FROM dmv.csv WHERE County>=SARATOGA AND Weight_100=58.0'",
    "avg_est": 3.834136962890625,
    "avg_real": 3.9980854418499887,
    "avg_err": 0.04100674719035061,
    "count_est": 24921.700237022713,
    "count_real": 26638,
    "count_err": 0.06443050390334436,
    "sum_est": 95553.21205684883,
    "sum_real": 106501.0,
    "sum_err": 0.10279516570878365,
    "query_dur_ms_est": 20.13850212097168,
    "query_dur_ms_real": 1557.178258895874,
    "query_dur_ms_err": 0.987067311012131,
    "order": [
        1,
        2,
        3,
        4,
        5,
        6,
        7,
        8,
        9,
        0
    ],
    "groupby": false
}