{
    "timestamp": "2022-08-06 03:08:00.557551",
    "dataset": "dmv.csv",
    "model": "dmv.csv-2.6MB-model16.669-data16.507-made-resmade-hidden256_256_256_256_256-emb32-directIo-binaryInone_hotOut-inputNoEmbIfLeq-5epochs-seed0.pt",
    "query": "'SELECT Revocation Indicator FROM dmv.csv WHERE Record Type=TRL AND State>=NY<=RI AND County>=ALLEGANY<=SCHENECTADY AND Fuel Type=OTHER AND Scofflaw Indicator=N AND Suspension Indicator=Y AND Registration Class>=HOU AND Model Year>=1963.0 AND Weight_100>=55.0'",
    "avg_est": 1.0000050067901611,
    "avg_real": NaN,
    "avg_err": NaN,
    "count_est": 0.0002697774044754589,
    "count_real": 0,
    "count_err": 0,
    "sum_est": 0.0002697787551943133,
    "sum_real": NaN,
    "sum_err": NaN,
    "query_dur_ms_est": 20.995616912841797,
    "query_dur_ms_real": 1586.5447521209717,
    "query_dur_ms_err": 0.9867664515074196,
    "order": [
        0,
        1,
        2,
        3,
        4,
        5,
        7,
        8,
        9,
        6
    ],
    "groupby": false
}