{
    "timestamp": "2022-08-06 03:07:41.652028",
    "dataset": "dmv.csv",
    "model": "dmv.csv-2.6MB-model16.669-data16.507-made-resmade-hidden256_256_256_256_256-emb32-directIo-binaryInone_hotOut-inputNoEmbIfLeq-5epochs-seed0.pt",
    "query": "'SELECT Suspension Indicator FROM dmv.csv WHERE County>=CAYUGA<=CORTLAND AND Fuel Type=FLEX AND Scofflaw Indicator=Y AND Revocation Indicator=N AND Registration Class>=HAM<=ITP AND Model Year>=1909.0<=2023.0 AND Weight_100=14.0'",
    "avg_est": 1.083600401878357,
    "avg_real": NaN,
    "avg_err": NaN,
    "count_est": 6.938982362069736e-07,
    "count_real": 0,
    "count_err": 0,
    "sum_est": 7.519084076165596e-07,
    "sum_real": NaN,
    "sum_err": NaN,
    "query_dur_ms_est": 20.64990997314453,
    "query_dur_ms_real": 2943.8934326171875,
    "query_dur_ms_err": 0.9929855103638088,
    "order": [
        0,
        1,
        2,
        3,
        4,
        6,
        7,
        8,
        9,
        5
    ],
    "groupby": false
}