{
    "timestamp": "2022-08-06 03:31:08.810158",
    "dataset": "dmv.csv",
    "model": "dmv.csv-2.6MB-model16.669-data16.507-made-resmade-hidden256_256_256_256_256-emb32-directIo-binaryInone_hotOut-inputNoEmbIfLeq-5epochs-seed0.pt",
    "query": "'SELECT State FROM dmv.csv WHERE Fuel Type=COMP N/G'",
    "avg_est": 51.85191345214844,
    "avg_real": 51.7275678866588,
    "avg_err": 0.002403854860566741,
    "count_est": 3768.1251547269057,
    "count_real": 3388,
    "count_err": 0.11219750729837832,
    "sum_est": 195384.49939976295,
    "sum_real": 175253.0,
    "sum_err": 0.11487106868220773,
    "query_dur_ms_est": 20.0960636138916,
    "query_dur_ms_real": 985.6448173522949,
    "query_dur_ms_err": 0.979611252187299,
    "order": [
        0,
        2,
        3,
        4,
        5,
        6,
        7,
        8,
        9,
        1
    ],
    "groupby": false
}