{
    "timestamp": "2022-08-06 03:34:57.685334",
    "dataset": "dmv.csv",
    "model": "dmv.csv-2.6MB-model16.669-data16.507-made-resmade-hidden256_256_256_256_256-emb32-directIo-binaryInone_hotOut-inputNoEmbIfLeq-5epochs-seed0.pt",
    "query": "'SELECT State FROM dmv.csv WHERE Fuel Type=ELECTRIC AND Suspension Indicator=Y'",
    "avg_est": 51.85205078125,
    "avg_real": 51.20525059665871,
    "avg_err": 0.01263152073380338,
    "count_est": 429.4454406652367,
    "count_real": 419,
    "count_err": 0.02492945266166271,
    "sum_est": 22267.626797150137,
    "sum_real": 21455.0,
    "sum_err": 0.03787587029364421,
    "query_dur_ms_est": 20.12801170349121,
    "query_dur_ms_real": 1003.6585330963135,
    "query_dur_ms_err": 0.9799453588648365,
    "order": [
        0,
        2,
        3,
        4,
        5,
        6,
        7,
        8,
        9,
        1
    ],
    "groupby": false
}