{
    "timestamp": "2022-08-06 03:28:49.114019",
    "dataset": "dmv.csv",
    "model": "dmv.csv-2.6MB-model16.669-data16.507-made-resmade-hidden256_256_256_256_256-emb32-directIo-binaryInone_hotOut-inputNoEmbIfLeq-5epochs-seed0.pt",
    "query": "'SELECT State FROM dmv.csv WHERE Record Type=BOAT AND Suspension Indicator=Y'",
    "avg_est": 51.53016662597656,
    "avg_real": 52.0,
    "avg_err": 0.009035257192758413,
    "count_est": 85.97856375438096,
    "count_real": 14,
    "count_err": 5.141325982455783,
    "sum_est": 4430.4897165254,
    "sum_real": 728.0,
    "sum_err": 5.085837522699725,
    "query_dur_ms_est": 20.451784133911133,
    "query_dur_ms_real": 1077.761173248291,
    "query_dur_ms_err": 0.9810238254619332,
    "order": [
        0,
        2,
        3,
        4,
        5,
        6,
        7,
        8,
        9,
        1
    ],
    "groupby": false
}