{
    "timestamp": "2022-08-06 03:10:52.911118",
    "dataset": "dmv.csv",
    "model": "dmv.csv-2.6MB-model16.669-data16.507-made-resmade-hidden256_256_256_256_256-emb32-directIo-binaryInone_hotOut-inputNoEmbIfLeq-5epochs-seed0.pt",
    "query": "'SELECT State FROM dmv.csv WHERE Registration Class>=SCL'",
    "avg_est": 51.84950637817383,
    "avg_real": 51.85960004777494,
    "avg_err": 0.00019463454388026798,
    "count_est": 709760.8718712479,
    "count_real": 736788,
    "count_err": 0.0366823674228572,
    "sum_est": 36800750.85306648,
    "sum_real": 38209531.0,
    "sum_err": 0.03686986231088569,
    "query_dur_ms_est": 20.117521286010742,
    "query_dur_ms_real": 2940.9663677215576,
    "query_dur_ms_err": 0.9931595541156779,
    "order": [
        0,
        2,
        3,
        4,
        5,
        6,
        7,
        8,
        9,
        1
    ],
    "groupby": false
}