{
    "timestamp": "2022-08-06 03:22:26.976931",
    "dataset": "dmv.csv",
    "model": "dmv.csv-2.6MB-model16.669-data16.507-made-resmade-hidden256_256_256_256_256-emb32-directIo-binaryInone_hotOut-inputNoEmbIfLeq-5epochs-seed0.pt",
    "query": "'SELECT Record Type FROM dmv.csv WHERE Fuel Type=OTHER AND Scofflaw Indicator=N AND Suspension Indicator=N AND Weight_100>=10.0<=99.0'",
    "avg_est": 3.834136962890625,
    "avg_real": 4.0,
    "avg_err": 0.04146575927734375,
    "count_est": 1088.959338398825,
    "count_real": 952,
    "count_err": 0.14386485125926987,
    "sum_est": 4175.2192504398545,
    "sum_real": 3808.0,
    "sum_err": 0.09643362669113825,
    "query_dur_ms_est": 20.80225944519043,
    "query_dur_ms_real": 978.9760112762451,
    "query_dur_ms_err": 0.9787510018574699,
    "order": [
        1,
        2,
        3,
        4,
        5,
        6,
        7,
        8,
        9,
        0
    ],
    "groupby": false
}