{
    "timestamp": "2022-08-06 03:01:20.675894",
    "dataset": "dmv.csv",
    "model": "dmv.csv-2.6MB-model16.669-data16.507-made-resmade-hidden256_256_256_256_256-emb32-directIo-binaryInone_hotOut-inputNoEmbIfLeq-5epochs-seed0.pt",
    "query": "'SELECT Model Year FROM dmv.csv WHERE Scofflaw Indicator=Y'",
    "avg_est": 115.25111389160156,
    "avg_real": 114.66475546407919,
    "avg_err": 0.005113676169710731,
    "count_est": 18510.684704635292,
    "count_real": 20406,
    "count_err": 0.0928802947841178,
    "sum_est": 2133377.031105449,
    "sum_real": 2339849.0,
    "sum_err": 0.08824157836448038,
    "query_dur_ms_est": 20.18451690673828,
    "query_dur_ms_real": 687.4544620513916,
    "query_dur_ms_err": 0.9706387578800393,
    "order": [
        0,
        1,
        2,
        3,
        4,
        5,
        6,
        7,
        9,
        8
    ],
    "groupby": false
}