{
    "timestamp": "2022-08-06 03:07:06.468308",
    "dataset": "dmv.csv",
    "model": "dmv.csv-2.6MB-model16.669-data16.507-made-resmade-hidden256_256_256_256_256-emb32-directIo-binaryInone_hotOut-inputNoEmbIfLeq-5epochs-seed0.pt",
    "query": "'SELECT Weight_100 FROM dmv.csv WHERE State<=WY AND Fuel Type=DIESEL'",
    "avg_est": 29.287851333618164,
    "avg_real": 93.68365251018174,
    "avg_err": 0.687375005682714,
    "count_est": 481086.8841893822,
    "count_real": 481499,
    "count_err": 0.0008559016957829706,
    "sum_est": 14090001.142692205,
    "sum_real": 45108585.0,
    "sum_err": 0.6876425819454943,
    "query_dur_ms_est": 20.285844802856445,
    "query_dur_ms_real": 2931.13112449646,
    "query_dur_ms_err": 0.9930791752599122,
    "order": [
        0,
        1,
        2,
        3,
        4,
        5,
        6,
        7,
        8,
        9
    ],
    "groupby": false
}