{
    "timestamp": "2022-08-06 03:01:54.305779",
    "dataset": "dmv.csv",
    "model": "dmv.csv-2.6MB-model16.669-data16.507-made-resmade-hidden256_256_256_256_256-emb32-directIo-binaryInone_hotOut-inputNoEmbIfLeq-5epochs-seed0.pt",
    "query": "'SELECT Scofflaw Indicator FROM dmv.csv WHERE Fuel Type=OTHER AND Suspension Indicator=N AND Model Year>=1978.0<=1991.0'",
    "avg_est": 1.0007598400115967,
    "avg_real": 1.0,
    "avg_err": 0.0007598400115966797,
    "count_est": 246.82900197821436,
    "count_real": 310,
    "count_err": 0.20377741297350205,
    "sum_est": 247.0165525299399,
    "sum_real": 310.0,
    "sum_err": 0.20317241119374227,
    "query_dur_ms_est": 20.276546478271484,
    "query_dur_ms_real": 952.932596206665,
    "query_dur_ms_err": 0.9787219509973882,
    "order": [
        0,
        1,
        2,
        3,
        5,
        6,
        7,
        8,
        9,
        4
    ],
    "groupby": false
}