{
    "timestamp": "2022-08-06 03:01:31.503409",
    "dataset": "dmv.csv",
    "model": "dmv.csv-2.6MB-model16.669-data16.507-made-resmade-hidden256_256_256_256_256-emb32-directIo-binaryInone_hotOut-inputNoEmbIfLeq-5epochs-seed0.pt",
    "query": "'SELECT Record Type FROM dmv.csv WHERE Revocation Indicator=N'",
    "avg_est": 3.834136962890625,
    "avg_real": 3.8340147600168217,
    "avg_err": 3.187334464062718e-05,
    "count_est": 12641171.457144976,
    "count_real": 12640636,
    "count_err": 4.235998449569011e-05,
    "sum_est": 48467982.73807749,
    "sum_real": 48464385.0,
    "sum_err": 7.423467929060736e-05,
    "query_dur_ms_est": 20.065784454345703,
    "query_dur_ms_real": 6660.929203033447,
    "query_dur_ms_err": 0.9969875397496782,
    "order": [
        1,
        2,
        3,
        4,
        5,
        6,
        7,
        8,
        9,
        0
    ],
    "groupby": false
}