{
    "timestamp": "2022-08-06 03:18:25.921524",
    "dataset": "dmv.csv",
    "model": "dmv.csv-2.6MB-model16.669-data16.507-made-resmade-hidden256_256_256_256_256-emb32-directIo-binaryInone_hotOut-inputNoEmbIfLeq-5epochs-seed0.pt",
    "query": "'SELECT Record Type FROM dmv.csv WHERE Suspension Indicator=Y AND Weight_100<=36.0'",
    "avg_est": 3.834136962890625,
    "avg_real": 4.0,
    "avg_err": 0.04146575927734375,
    "count_est": 50468.14796368219,
    "count_real": 49043,
    "count_err": 0.02905915143205329,
    "sum_est": 193501.79155618712,
    "sum_real": 196172.0,
    "sum_err": 0.013611567623375816,
    "query_dur_ms_est": 20.1723575592041,
    "query_dur_ms_real": 1114.0849590301514,
    "query_dur_ms_err": 0.9818933400045498,
    "order": [
        1,
        2,
        3,
        4,
        5,
        6,
        7,
        8,
        9,
        0
    ],
    "groupby": false
}