{
    "timestamp": "2022-08-06 03:13:09.654092",
    "dataset": "dmv.csv",
    "model": "dmv.csv-2.6MB-model16.669-data16.507-made-resmade-hidden256_256_256_256_256-emb32-directIo-binaryInone_hotOut-inputNoEmbIfLeq-5epochs-seed0.pt",
    "query": "'SELECT Revocation Indicator FROM dmv.csv WHERE County<=JEFFERSON AND Weight_100>=43.0<=98.0'",
    "avg_est": 1.000311255455017,
    "avg_real": 1.000000887907061,
    "avg_err": 0.00031036727237881035,
    "count_est": 1119002.4248646796,
    "count_real": 1126244,
    "count_err": 0.0064298456953559135,
    "sum_est": 1119350.7204735961,
    "sum_real": 1126245.0,
    "sum_err": 0.00612147403664733,
    "query_dur_ms_est": 20.29728889465332,
    "query_dur_ms_real": 1982.966423034668,
    "query_dur_ms_err": 0.9897641792322479,
    "order": [
        0,
        1,
        2,
        3,
        4,
        5,
        7,
        8,
        9,
        6
    ],
    "groupby": false
}