{
    "timestamp": "2022-08-06 03:35:00.423037",
    "dataset": "dmv.csv",
    "model": "dmv.csv-2.6MB-model16.669-data16.507-made-resmade-hidden256_256_256_256_256-emb32-directIo-binaryInone_hotOut-inputNoEmbIfLeq-5epochs-seed0.pt",
    "query": "'SELECT Revocation Indicator FROM dmv.csv WHERE Suspension Indicator=Y AND Registration Class>=LUA<=OMT'",
    "avg_est": 1.0002527236938477,
    "avg_real": 1.1348747591522157,
    "avg_err": 0.11862281222902041,
    "count_est": 938.1170106037171,
    "count_real": 519,
    "count_err": 0.8075472265967574,
    "sum_est": 938.3540949998982,
    "sum_real": 589.0,
    "sum_err": 0.5931308913410834,
    "query_dur_ms_est": 20.32756805419922,
    "query_dur_ms_real": 1111.6206645965576,
    "query_dur_ms_err": 0.9817135748717152,
    "order": [
        0,
        1,
        2,
        3,
        4,
        5,
        7,
        8,
        9,
        6
    ],
    "groupby": false
}