{
    "timestamp": "2022-08-06 03:36:11.514490",
    "dataset": "dmv.csv",
    "model": "dmv.csv-2.6MB-model16.669-data16.507-made-resmade-hidden256_256_256_256_256-emb32-directIo-binaryInone_hotOut-inputNoEmbIfLeq-5epochs-seed0.pt",
    "query": "'SELECT Scofflaw Indicator FROM dmv.csv WHERE Revocation Indicator=Y'",
    "avg_est": 1.0014278888702393,
    "avg_real": 1.0017605633802817,
    "avg_err": 0.00033208984482272717,
    "count_est": 4956.3917706769425,
    "count_real": 5680,
    "count_err": 0.12739581502166505,
    "sum_est": 4963.468947322837,
    "sum_real": 5690.0,
    "sum_err": 0.12768559801004617,
    "query_dur_ms_est": 20.05171775817871,
    "query_dur_ms_real": 1014.2338275909424,
    "query_dur_ms_err": 0.9802296894338394,
    "order": [
        0,
        1,
        2,
        3,
        5,
        6,
        7,
        8,
        9,
        4
    ],
    "groupby": false
}