{
    "timestamp": "2022-08-06 03:03:43.006784",
    "dataset": "dmv.csv",
    "model": "dmv.csv-2.6MB-model16.669-data16.507-made-resmade-hidden256_256_256_256_256-emb32-directIo-binaryInone_hotOut-inputNoEmbIfLeq-5epochs-seed0.pt",
    "query": "'SELECT Weight_100 FROM dmv.csv WHERE Record Type=TRL AND County=CATTARAUGUS AND Model Year>=1999.0<=2016.0'",
    "avg_est": 14.627534866333008,
    "avg_real": 99.06605880163751,
    "avg_err": 0.8523456464981403,
    "count_est": 5253.038472498301,
    "count_real": 5374,
    "count_err": 0.022508657890156044,
    "sum_est": 76839.00341065759,
    "sum_real": 532381.0,
    "sum_err": 0.8556691478271058,
    "query_dur_ms_est": 20.288705825805664,
    "query_dur_ms_real": 820.2483654022217,
    "query_dur_ms_err": 0.9752651676229105,
    "order": [
        0,
        1,
        2,
        3,
        4,
        5,
        6,
        7,
        8,
        9
    ],
    "groupby": false
}