{
    "timestamp": "2022-08-06 03:35:01.902812",
    "dataset": "dmv.csv",
    "model": "dmv.csv-2.6MB-model16.669-data16.507-made-resmade-hidden256_256_256_256_256-emb32-directIo-binaryInone_hotOut-inputNoEmbIfLeq-5epochs-seed0.pt",
    "query": "'SELECT Registration Class FROM dmv.csv WHERE Record Type=TRL AND State>=CO<=WY AND County<=CLINTON AND Fuel Type=PROPANE AND Scofflaw Indicator=N AND Suspension Indicator=N AND Revocation Indicator=Y AND Model Year=1909.0 AND Weight_100>=28.0<=59.0'",
    "avg_est": 43.997459411621094,
    "avg_real": NaN,
    "avg_err": NaN,
    "count_est": 3.55394482150309e-17,
    "count_real": 0,
    "count_err": 0,
    "sum_est": 1.5636454303522318e-15,
    "sum_real": NaN,
    "sum_err": NaN,
    "query_dur_ms_est": 20.80059051513672,
    "query_dur_ms_real": 1391.758680343628,
    "query_dur_ms_err": 0.9850544560569933,
    "order": [
        0,
        1,
        2,
        3,
        4,
        5,
        6,
        8,
        9,
        7
    ],
    "groupby": false
}