{
    "timestamp": "2022-08-06 03:34:04.892900",
    "dataset": "dmv.csv",
    "model": "dmv.csv-2.6MB-model16.669-data16.507-made-resmade-hidden256_256_256_256_256-emb32-directIo-binaryInone_hotOut-inputNoEmbIfLeq-5epochs-seed0.pt",
    "query": "'SELECT State FROM dmv.csv WHERE Record Type=BOAT AND Suspension Indicator=N'",
    "avg_est": 51.53016662597656,
    "avg_real": 51.567492909518066,
    "avg_err": 0.0007238335904170719,
    "count_est": 364264.2328590229,
    "count_real": 365631,
    "count_err": 0.0037381051961597475,
    "sum_est": 18770596.615108978,
    "sum_real": 18854674.0,
    "sum_err": 0.004459233020471316,
    "query_dur_ms_est": 20.737171173095703,
    "query_dur_ms_real": 1924.729824066162,
    "query_dur_ms_err": 0.9892259313936921,
    "order": [
        0,
        2,
        3,
        4,
        5,
        6,
        7,
        8,
        9,
        1
    ],
    "groupby": false
}