{
    "timestamp": "2022-08-06 03:05:22.449703",
    "dataset": "dmv.csv",
    "model": "dmv.csv-2.6MB-model16.669-data16.507-made-resmade-hidden256_256_256_256_256-emb32-directIo-binaryInone_hotOut-inputNoEmbIfLeq-5epochs-seed0.pt",
    "query": "'SELECT Suspension Indicator FROM dmv.csv WHERE Scofflaw Indicator=Y AND Weight_100>=8.0'",
    "avg_est": 1.123302936553955,
    "avg_real": 1.1153432565510215,
    "avg_err": 0.007136529455109007,
    "count_est": 16224.192750497721,
    "count_real": 17669,
    "count_err": 0.08177074251526849,
    "sum_est": 18224.68335985148,
    "sum_real": 19707.0,
    "sum_err": 0.07521777237268591,
    "query_dur_ms_est": 20.200014114379883,
    "query_dur_ms_real": 1016.1049365997314,
    "query_dur_ms_err": 0.9801201496156718,
    "order": [
        0,
        1,
        2,
        3,
        4,
        6,
        7,
        8,
        9,
        5
    ],
    "groupby": false
}