{
    "timestamp": "2022-08-06 03:01:45.301066",
    "dataset": "dmv.csv",
    "model": "dmv.csv-2.6MB-model16.669-data16.507-made-resmade-hidden256_256_256_256_256-emb32-directIo-binaryInone_hotOut-inputNoEmbIfLeq-5epochs-seed0.pt",
    "query": "'SELECT Scofflaw Indicator FROM dmv.csv WHERE Revocation Indicator=N'",
    "avg_est": 1.0014526844024658,
    "avg_real": 1.0016135264080066,
    "avg_err": 0.00016058290078968597,
    "count_est": 12640659.641086578,
    "count_real": 12640636,
    "count_err": 1.8702450239346454e-06,
    "sum_est": 12659022.530184064,
    "sum_real": 12661031.999999998,
    "sum_err": 0.00015871295609505426,
    "query_dur_ms_est": 20.128965377807617,
    "query_dur_ms_real": 5609.809160232544,
    "query_dur_ms_err": 0.9964118270688244,
    "order": [
        0,
        1,
        2,
        3,
        5,
        6,
        7,
        8,
        9,
        4
    ],
    "groupby": false
}