{
    "timestamp": "2022-08-06 02:58:37.885212",
    "dataset": "dmv.csv",
    "model": "dmv.csv-2.6MB-model16.669-data16.507-made-resmade-hidden256_256_256_256_256-emb32-directIo-binaryInone_hotOut-inputNoEmbIfLeq-5epochs-seed0.pt",
    "query": "'SELECT Scofflaw Indicator FROM dmv.csv WHERE Registration Class<=TRL AND Model Year=2008.0'",
    "avg_est": 1.00141441822052,
    "avg_real": 1.001874129782283,
    "avg_err": 0.0004588516142870702,
    "count_est": 407335.7165771574,
    "count_real": 415126,
    "count_err": 0.018766069633900602,
    "sum_est": 407911.8596365527,
    "sum_real": 415904.00000000006,
    "sum_err": 0.019216310406842366,
    "query_dur_ms_est": 20.269155502319336,
    "query_dur_ms_real": 2397.068500518799,
    "query_dur_ms_err": 0.9915441901230889,
    "order": [
        0,
        1,
        2,
        3,
        5,
        6,
        7,
        8,
        9,
        4
    ],
    "groupby": false
}