{
    "timestamp": "2022-08-06 03:26:24.422541",
    "dataset": "dmv.csv",
    "model": "dmv.csv-2.6MB-model16.669-data16.507-made-resmade-hidden256_256_256_256_256-emb32-directIo-binaryInone_hotOut-inputNoEmbIfLeq-5epochs-seed0.pt",
    "query": "'SELECT Registration Class FROM dmv.csv WHERE Suspension Indicator=Y'",
    "avg_est": 48.62014389038086,
    "avg_real": 49.48301121195942,
    "avg_err": 0.01743764779961528,
    "count_est": 138431.70999179035,
    "count_real": 140475,
    "count_err": 0.01454557756333615,
    "sum_est": 6730569.658792321,
    "sum_real": 6951126.0,
    "sum_err": 0.031729584704360034,
    "query_dur_ms_est": 20.221233367919922,
    "query_dur_ms_real": 1433.3271980285645,
    "query_dur_ms_err": 0.985892102378485,
    "order": [
        0,
        1,
        2,
        3,
        4,
        5,
        6,
        8,
        9,
        7
    ],
    "groupby": false
}