{
    "timestamp": "2022-08-06 03:12:44.273343",
    "dataset": "dmv.csv",
    "model": "dmv.csv-2.6MB-model16.669-data16.507-made-resmade-hidden256_256_256_256_256-emb32-directIo-binaryInone_hotOut-inputNoEmbIfLeq-5epochs-seed0.pt",
    "query": "'SELECT Model Year FROM dmv.csv WHERE Suspension Indicator=Y'",
    "avg_est": 113.23188018798828,
    "avg_real": 112.95242569852287,
    "avg_err": 0.00247409019980934,
    "count_est": 134646.56076388806,
    "count_real": 140475,
    "count_err": 0.04149093601076305,
    "sum_est": 15246283.236141257,
    "sum_real": 15866992.0,
    "sum_err": 0.0391194981291188,
    "query_dur_ms_est": 20.06244659423828,
    "query_dur_ms_real": 827.1632194519043,
    "query_dur_ms_err": 0.9757454803085513,
    "order": [
        0,
        1,
        2,
        3,
        4,
        5,
        6,
        7,
        9,
        8
    ],
    "groupby": false
}