{
    "timestamp": "2022-08-06 03:31:14.223729",
    "dataset": "dmv.csv",
    "model": "dmv.csv-2.6MB-model16.669-data16.507-made-resmade-hidden256_256_256_256_256-emb32-directIo-binaryInone_hotOut-inputNoEmbIfLeq-5epochs-seed0.pt",
    "query": "'SELECT Weight_100 FROM dmv.csv WHERE Suspension Indicator=Y'",
    "avg_est": 44.106231689453125,
    "avg_real": 55.56332443495284,
    "avg_err": 0.20619883460919194,
    "count_est": 138604.47853377834,
    "count_real": 140475,
    "count_err": 0.013315689384030329,
    "sum_est": 6113321.24340666,
    "sum_real": 7805258.0,
    "sum_err": 0.21676884436021718,
    "query_dur_ms_est": 20.193815231323242,
    "query_dur_ms_real": 831.4318656921387,
    "query_dur_ms_err": 0.9757120023124053,
    "order": [
        0,
        1,
        2,
        3,
        4,
        5,
        6,
        7,
        8,
        9
    ],
    "groupby": false
}