{
    "timestamp": "2022-08-06 03:20:22.061158",
    "dataset": "dmv.csv",
    "model": "dmv.csv-2.6MB-model16.669-data16.507-made-resmade-hidden256_256_256_256_256-emb32-directIo-binaryInone_hotOut-inputNoEmbIfLeq-5epochs-seed0.pt",
    "query": "'SELECT Suspension Indicator FROM dmv.csv WHERE County>=RENSSELAER'",
    "avg_est": 1.0093709230422974,
    "avg_real": 1.0091474151497002,
    "avg_err": 0.0002214819056579743,
    "count_est": 4253509.540092468,
    "count_real": 4230922,
    "count_err": 0.00533868033787157,
    "sum_est": 4293368.850652352,
    "sum_real": 4269624.0,
    "sum_err": 0.005561344664624326,
    "query_dur_ms_est": 20.03622055053711,
    "query_dur_ms_real": 2768.7854766845703,
    "query_dur_ms_err": 0.9927635345102542,
    "order": [
        0,
        1,
        2,
        3,
        4,
        6,
        7,
        8,
        9,
        5
    ],
    "groupby": false
}