{
    "timestamp": "2022-08-06 03:26:53.969525",
    "dataset": "dmv.csv",
    "model": "dmv.csv-2.6MB-model16.669-data16.507-made-resmade-hidden256_256_256_256_256-emb32-directIo-binaryInone_hotOut-inputNoEmbIfLeq-5epochs-seed0.pt",
    "query": "'SELECT County FROM dmv.csv WHERE Fuel Type=DIESEL AND Weight_100>=63.0'",
    "avg_est": 34.390357971191406,
    "avg_real": 33.4581319140202,
    "avg_err": 0.027862465829437688,
    "count_est": 134716.815338362,
    "count_real": 141289,
    "count_err": 0.046515897639858673,
    "sum_est": 4632959.504225158,
    "sum_real": 4727266.0,
    "sum_err": 0.01994947941893726,
    "query_dur_ms_est": 20.305156707763672,
    "query_dur_ms_real": 1493.7067031860352,
    "query_dur_ms_err": 0.9864061956310075,
    "order": [
        0,
        1,
        3,
        4,
        5,
        6,
        7,
        8,
        9,
        2
    ],
    "groupby": false
}