{
    "timestamp": "2022-08-06 03:12:50.062434",
    "dataset": "dmv.csv",
    "model": "dmv.csv-2.6MB-model16.669-data16.507-made-resmade-hidden256_256_256_256_256-emb32-directIo-binaryInone_hotOut-inputNoEmbIfLeq-5epochs-seed0.pt",
    "query": "'SELECT Registration Class FROM dmv.csv WHERE Scofflaw Indicator=Y AND Suspension Indicator=N'",
    "avg_est": 48.785614013671875,
    "avg_real": 49.54206432393667,
    "avg_err": 0.015268849221111498,
    "count_est": 15893.461832814384,
    "count_real": 18127,
    "count_err": 0.12321609572381617,
    "sum_est": 775372.2943167085,
    "sum_real": 898049.0,
    "sum_err": 0.1366035769577067,
    "query_dur_ms_est": 20.10059356689453,
    "query_dur_ms_real": 1072.7858543395996,
    "query_dur_ms_err": 0.98126318175656,
    "order": [
        0,
        1,
        2,
        3,
        4,
        5,
        6,
        8,
        9,
        7
    ],
    "groupby": false
}