{
    "timestamp": "2022-08-06 03:20:38.009058",
    "dataset": "dmv.csv",
    "model": "dmv.csv-2.6MB-model16.669-data16.507-made-resmade-hidden256_256_256_256_256-emb32-directIo-binaryInone_hotOut-inputNoEmbIfLeq-5epochs-seed0.pt",
    "query": "'SELECT Scofflaw Indicator FROM dmv.csv WHERE Record Type=TRL AND State>=OH<=TX AND County<=RENSSELAER AND Fuel Type=PROPANE AND Suspension Indicator=N AND Revocation Indicator=Y AND Registration Class>=ARG<=STA AND Model Year>=1969.0 AND Weight_100=33.0'",
    "avg_est": 1.0000895261764526,
    "avg_real": NaN,
    "avg_err": NaN,
    "count_est": 2.627952067884957e-13,
    "count_real": 0,
    "count_err": 0,
    "sum_est": 2.6281873383854955e-13,
    "sum_real": NaN,
    "sum_err": NaN,
    "query_dur_ms_est": 21.081209182739258,
    "query_dur_ms_real": 1118.0858612060547,
    "query_dur_ms_err": 0.9811452680744934,
    "order": [
        0,
        1,
        2,
        3,
        5,
        6,
        7,
        8,
        9,
        4
    ],
    "groupby": false
}