{
    "timestamp": "2022-08-06 03:22:36.486311",
    "dataset": "dmv.csv",
    "model": "dmv.csv-2.6MB-model16.669-data16.507-made-resmade-hidden256_256_256_256_256-emb32-directIo-binaryInone_hotOut-inputNoEmbIfLeq-5epochs-seed0.pt",
    "query": "'SELECT Record Type FROM dmv.csv WHERE Revocation Indicator=N AND Model Year>=1900.0<=2023.0'",
    "avg_est": 3.834136962890625,
    "avg_real": 3.8340193378677747,
    "avg_err": 3.067929827284139e-05,
    "count_est": 12641186.532728434,
    "count_real": 12640587,
    "count_err": 4.74291841378576e-05,
    "sum_est": 48468040.53992926,
    "sum_real": 48464255.0,
    "sum_err": 7.81099375047299e-05,
    "query_dur_ms_est": 20.23768424987793,
    "query_dur_ms_real": 9216.84718132019,
    "query_dur_ms_err": 0.997804272561783,
    "order": [
        1,
        2,
        3,
        4,
        5,
        6,
        7,
        8,
        9,
        0
    ],
    "groupby": false
}