{
    "timestamp": "2022-08-06 03:22:37.592971",
    "dataset": "dmv.csv",
    "model": "dmv.csv-2.6MB-model16.669-data16.507-made-resmade-hidden256_256_256_256_256-emb32-directIo-binaryInone_hotOut-inputNoEmbIfLeq-5epochs-seed0.pt",
    "query": "'SELECT Revocation Indicator FROM dmv.csv WHERE Record Type=SNOW AND Fuel Type=COMP N/G AND Scofflaw Indicator=Y AND Registration Class>=MOT<=WUG'",
    "avg_est": 1.0000039339065552,
    "avg_real": NaN,
    "avg_err": NaN,
    "count_est": 4.5390226933016675e-10,
    "count_real": 0,
    "count_err": 0,
    "sum_est": 4.539040549392795e-10,
    "sum_real": NaN,
    "sum_err": NaN,
    "query_dur_ms_est": 20.412683486938477,
    "query_dur_ms_real": 1018.7468528747559,
    "query_dur_ms_err": 0.9799629481756563,
    "order": [
        0,
        1,
        2,
        3,
        4,
        5,
        7,
        8,
        9,
        6
    ],
    "groupby": false
}