{
    "timestamp": "2022-08-06 03:08:35.714403",
    "dataset": "dmv.csv",
    "model": "dmv.csv-2.6MB-model16.669-data16.507-made-resmade-hidden256_256_256_256_256-emb32-directIo-binaryInone_hotOut-inputNoEmbIfLeq-5epochs-seed0.pt",
    "query": "'SELECT Weight_100 FROM dmv.csv WHERE Record Type=VEH AND State<=WV AND County<=SENECA AND Suspension Indicator=N AND Revocation Indicator=N AND Registration Class<=THC AND Model Year>=1921.0<=1998.0'",
    "avg_est": 30.527008056640625,
    "avg_real": 48.04812953051961,
    "avg_err": 0.36465772226887155,
    "count_est": 398886.13471616805,
    "count_real": 369025,
    "count_err": 0.08091900200844941,
    "sum_est": 12176800.2481627,
    "sum_real": 17730961.0,
    "sum_err": 0.31324645922109356,
    "query_dur_ms_est": 20.756959915161133,
    "query_dur_ms_real": 9337.074279785156,
    "query_dur_ms_err": 0.9977769310500078,
    "order": [
        0,
        1,
        2,
        3,
        4,
        5,
        6,
        7,
        8,
        9
    ],
    "groupby": false
}