{
    "timestamp": "2022-08-06 03:03:54.645882",
    "dataset": "dmv.csv",
    "model": "dmv.csv-2.6MB-model16.669-data16.507-made-resmade-hidden256_256_256_256_256-emb32-directIo-binaryInone_hotOut-inputNoEmbIfLeq-5epochs-seed0.pt",
    "query": "'SELECT State FROM dmv.csv WHERE Record Type=VEH AND County>=QUEENS<=WAYNE AND Fuel Type=PROPANE AND Scofflaw Indicator=Y AND Suspension Indicator=Y AND Registration Class<=LTR AND Model Year<=1916.0 AND Weight_100>=68.0'",
    "avg_est": 51.86949157714844,
    "avg_real": NaN,
    "avg_err": NaN,
    "count_est": 1.1362573193589003e-10,
    "count_real": 0,
    "count_err": 0,
    "sum_est": 5.893708945595974e-09,
    "sum_real": NaN,
    "sum_err": NaN,
    "query_dur_ms_est": 20.997047424316406,
    "query_dur_ms_real": 4034.562826156616,
    "query_dur_ms_err": 0.9947957069132275,
    "order": [
        0,
        2,
        3,
        4,
        5,
        6,
        7,
        8,
        9,
        1
    ],
    "groupby": false
}