{
    "timestamp": "2022-08-06 03:00:08.203195",
    "dataset": "dmv.csv",
    "model": "dmv.csv-2.6MB-model16.669-data16.507-made-resmade-hidden256_256_256_256_256-emb32-directIo-binaryInone_hotOut-inputNoEmbIfLeq-5epochs-seed0.pt",
    "query": "'SELECT Suspension Indicator FROM dmv.csv WHERE Fuel Type=ELECTRIC'",
    "avg_est": 1.0052984952926636,
    "avg_real": 1.0054335844799192,
    "avg_err": 0.0001343591355419609,
    "count_est": 80745.66122453287,
    "count_real": 77113,
    "count_err": 0.047108285561875074,
    "sum_est": 81173.49173043406,
    "sum_real": 77532.0,
    "sum_err": 0.04696759699780818,
    "query_dur_ms_est": 20.117759704589844,
    "query_dur_ms_real": 971.3966846466064,
    "query_dur_ms_err": 0.9792898616779728,
    "order": [
        0,
        1,
        2,
        3,
        4,
        6,
        7,
        8,
        9,
        5
    ],
    "groupby": false
}