{
    "timestamp": "2022-08-06 03:34:00.982068",
    "dataset": "dmv.csv",
    "model": "dmv.csv-2.6MB-model16.669-data16.507-made-resmade-hidden256_256_256_256_256-emb32-directIo-binaryInone_hotOut-inputNoEmbIfLeq-5epochs-seed0.pt",
    "query": "'SELECT State FROM dmv.csv WHERE Suspension Indicator=Y AND Model Year=1978.0'",
    "avg_est": 51.85116195678711,
    "avg_real": 52.0,
    "avg_err": 0.0028622700617863582,
    "count_est": 33.97922494500108,
    "count_real": 38,
    "count_err": 0.10580986986839266,
    "sum_est": 1761.8622957893515,
    "sum_real": 1976.0,
    "sum_err": 0.10836928350741322,
    "query_dur_ms_est": 20.259380340576172,
    "query_dur_ms_real": 1122.084379196167,
    "query_dur_ms_err": 0.9819448691059317,
    "order": [
        0,
        2,
        3,
        4,
        5,
        6,
        7,
        8,
        9,
        1
    ],
    "groupby": false
}