{
    "timestamp": "2022-08-06 03:32:21.477323",
    "dataset": "dmv.csv",
    "model": "dmv.csv-2.6MB-model16.669-data16.507-made-resmade-hidden256_256_256_256_256-emb32-directIo-binaryInone_hotOut-inputNoEmbIfLeq-5epochs-seed0.pt",
    "query": "'SELECT County FROM dmv.csv WHERE Suspension Indicator=Y'",
    "avg_est": 34.39453125,
    "avg_real": 32.406029542623244,
    "avg_err": 0.061362090186374244,
    "count_est": 136638.9640070498,
    "count_real": 140475,
    "count_err": 0.02730760628546148,
    "sum_est": 4699633.117508099,
    "sum_real": 4552237.0,
    "sum_err": 0.03237883210125031,
    "query_dur_ms_est": 20.261287689208984,
    "query_dur_ms_real": 1555.6750297546387,
    "query_dur_ms_err": 0.9869758868004684,
    "order": [
        0,
        1,
        3,
        4,
        5,
        6,
        7,
        8,
        9,
        2
    ],
    "groupby": false
}