{
    "timestamp": "2022-08-06 03:05:06.186393",
    "dataset": "dmv.csv",
    "model": "dmv.csv-2.6MB-model16.669-data16.507-made-resmade-hidden256_256_256_256_256-emb32-directIo-binaryInone_hotOut-inputNoEmbIfLeq-5epochs-seed0.pt",
    "query": "'SELECT Revocation Indicator FROM dmv.csv WHERE County<=OSWEGO AND Suspension Indicator=Y AND Model Year=1901.0'",
    "avg_est": 1.0002681016921997,
    "avg_real": NaN,
    "avg_err": NaN,
    "count_est": 0.0007847810922066156,
    "count_real": 0,
    "count_err": 0,
    "sum_est": 0.0007849914933454426,
    "sum_real": NaN,
    "sum_err": NaN,
    "query_dur_ms_est": 20.34902572631836,
    "query_dur_ms_real": 2174.3900775909424,
    "query_dur_ms_err": 0.9906415017544306,
    "order": [
        0,
        1,
        2,
        3,
        4,
        5,
        7,
        8,
        9,
        6
    ],
    "groupby": false
}