{
    "timestamp": "2022-08-06 03:26:30.961864",
    "dataset": "dmv.csv",
    "model": "dmv.csv-2.6MB-model16.669-data16.507-made-resmade-hidden256_256_256_256_256-emb32-directIo-binaryInone_hotOut-inputNoEmbIfLeq-5epochs-seed0.pt",
    "query": "'SELECT Scofflaw Indicator FROM dmv.csv WHERE Record Type=BOAT AND County>=LEWIS<=WARREN AND Fuel Type=nan AND Revocation Indicator=N AND Registration Class>=COM<=RGC AND Weight_100=79.0'",
    "avg_est": 1.0000358819961548,
    "avg_real": NaN,
    "avg_err": NaN,
    "count_est": 0.0,
    "count_real": 0,
    "count_err": 0,
    "sum_est": 0.0,
    "sum_real": NaN,
    "sum_err": NaN,
    "query_dur_ms_est": 20.70331573486328,
    "query_dur_ms_real": 1093.062400817871,
    "query_dur_ms_err": 0.981059346914346,
    "order": [
        0,
        1,
        2,
        3,
        5,
        6,
        7,
        8,
        9,
        4
    ],
    "groupby": false
}