{
    "timestamp": "2022-08-06 03:37:28.826132",
    "dataset": "dmv.csv",
    "model": "dmv.csv-2.6MB-model16.669-data16.507-made-resmade-hidden256_256_256_256_256-emb32-directIo-binaryInone_hotOut-inputNoEmbIfLeq-5epochs-seed0.pt",
    "query": "'SELECT Weight_100 FROM dmv.csv WHERE Scofflaw Indicator=Y AND Model Year>=2000.0<=2021.0'",
    "avg_est": 44.954830169677734,
    "avg_real": 56.095240496117775,
    "avg_err": 0.198598138236185,
    "count_est": 17531.96575430082,
    "count_real": 19834,
    "count_err": 0.1160650522183714,
    "sum_est": 788146.5430251994,
    "sum_real": 1112593.0,
    "sum_err": 0.2916128871697023,
    "query_dur_ms_est": 20.16735076904297,
    "query_dur_ms_real": 709.3031406402588,
    "query_dur_ms_err": 0.971567374210639,
    "order": [
        0,
        1,
        2,
        3,
        4,
        5,
        6,
        7,
        8,
        9
    ],
    "groupby": false
}