{
    "timestamp": "2022-08-06 02:59:08.557742",
    "dataset": "dmv.csv",
    "model": "dmv.csv-2.6MB-model16.669-data16.507-made-resmade-hidden256_256_256_256_256-emb32-directIo-binaryInone_hotOut-inputNoEmbIfLeq-5epochs-seed0.pt",
    "query": "'SELECT Record Type FROM dmv.csv WHERE Suspension Indicator=N AND Revocation Indicator=Y'",
    "avg_est": 3.834136962890625,
    "avg_real": 4.0,
    "avg_err": 0.04146575927734375,
    "count_est": 4973.926337852725,
    "count_real": 5605,
    "count_err": 0.11259119752850583,
    "sum_est": 19070.714822656337,
    "sum_real": 22420.0,
    "sum_err": 0.14938827731238463,
    "query_dur_ms_est": 20.232677459716797,
    "query_dur_ms_real": 2625.6721019744873,
    "query_dur_ms_err": 0.9922942863107309,
    "order": [
        1,
        2,
        3,
        4,
        5,
        6,
        7,
        8,
        9,
        0
    ],
    "groupby": false
}