{
    "timestamp": "2022-08-06 03:08:14.690369",
    "dataset": "dmv.csv",
    "model": "dmv.csv-2.6MB-model16.669-data16.507-made-resmade-hidden256_256_256_256_256-emb32-directIo-binaryInone_hotOut-inputNoEmbIfLeq-5epochs-seed0.pt",
    "query": "'SELECT County FROM dmv.csv WHERE Fuel Type=ELECTRIC'",
    "avg_est": 34.38536071777344,
    "avg_real": 36.181681428552906,
    "avg_err": 0.04964724246789415,
    "count_est": 82447.15281815454,
    "count_real": 77113,
    "count_err": 0.06917319801012208,
    "sum_est": 2834975.0898056347,
    "sum_real": 2790078.0000000005,
    "sum_err": 0.01609169700833963,
    "query_dur_ms_est": 20.05624771118164,
    "query_dur_ms_real": 1316.378116607666,
    "query_dur_ms_err": 0.9847640678174847,
    "order": [
        0,
        1,
        3,
        4,
        5,
        6,
        7,
        8,
        9,
        2
    ],
    "groupby": false
}