{
    "timestamp": "2022-08-06 02:59:00.938729",
    "dataset": "dmv.csv",
    "model": "dmv.csv-2.6MB-model16.669-data16.507-made-resmade-hidden256_256_256_256_256-emb32-directIo-binaryInone_hotOut-inputNoEmbIfLeq-5epochs-seed0.pt",
    "query": "'SELECT Registration Class FROM dmv.csv WHERE Weight_100<=50.0'",
    "avg_est": 46.008392333984375,
    "avg_real": 49.02820541228703,
    "avg_err": 0.06159338390847678,
    "count_est": 4959136.922535539,
    "count_real": 4964260,
    "count_err": 0.0010319921729444724,
    "sum_est": 228161917.16996294,
    "sum_real": 243388759.0,
    "sum_err": 0.06256181219132251,
    "query_dur_ms_est": 20.168304443359375,
    "query_dur_ms_real": 16206.051588058472,
    "query_dur_ms_err": 0.9987555078216448,
    "order": [
        0,
        1,
        2,
        3,
        4,
        5,
        6,
        8,
        9,
        7
    ],
    "groupby": false
}