{
    "timestamp": "2022-08-06 03:04:02.451826",
    "dataset": "dmv.csv",
    "model": "dmv.csv-2.6MB-model16.669-data16.507-made-resmade-hidden256_256_256_256_256-emb32-directIo-binaryInone_hotOut-inputNoEmbIfLeq-5epochs-seed0.pt",
    "query": "'SELECT Suspension Indicator FROM dmv.csv WHERE Registration Class>=FAR<=OMF AND Model Year<=1926.0'",
    "avg_est": 1.011306643486023,
    "avg_real": 1.0013123359580052,
    "avg_err": 0.009981208828767426,
    "count_est": 466.01408213241666,
    "count_real": 762,
    "count_err": 0.38843296308081804,
    "sum_est": 471.2831372185541,
    "sum_real": 762.9999999999999,
    "sum_err": 0.3823287847725371,
    "query_dur_ms_est": 20.34783363342285,
    "query_dur_ms_real": 2691.697835922241,
    "query_dur_ms_err": 0.9924405208631261,
    "order": [
        0,
        1,
        2,
        3,
        4,
        6,
        7,
        8,
        9,
        5
    ],
    "groupby": false
}