{
    "timestamp": "2022-08-06 03:36:49.005620",
    "dataset": "dmv.csv",
    "model": "dmv.csv-2.6MB-model16.669-data16.507-made-resmade-hidden256_256_256_256_256-emb32-directIo-binaryInone_hotOut-inputNoEmbIfLeq-5epochs-seed0.pt",
    "query": "'SELECT Registration Class FROM dmv.csv WHERE Suspension Indicator=Y'",
    "avg_est": 48.664886474609375,
    "avg_real": 49.48301121195942,
    "avg_err": 0.016533446880296492,
    "count_est": 139570.9883226268,
    "count_real": 140475,
    "count_err": 0.006435391901571103,
    "sum_est": 6792206.301869664,
    "sum_real": 6951126.0,
    "sum_err": 0.022862439571709053,
    "query_dur_ms_est": 20.10822296142578,
    "query_dur_ms_real": 1372.1246719360352,
    "query_dur_ms_err": 0.9853451924794461,
    "order": [
        0,
        1,
        2,
        3,
        4,
        5,
        6,
        8,
        9,
        7
    ],
    "groupby": false
}