{
    "timestamp": "2022-08-06 03:26:56.235849",
    "dataset": "dmv.csv",
    "model": "dmv.csv-2.6MB-model16.669-data16.507-made-resmade-hidden256_256_256_256_256-emb32-directIo-binaryInone_hotOut-inputNoEmbIfLeq-5epochs-seed0.pt",
    "query": "'SELECT Revocation Indicator FROM dmv.csv WHERE State<=AP AND County>=FULTON<=SCHENECTADY AND Scofflaw Indicator=Y AND Registration Class<=LUA'",
    "avg_est": 1.0000706911087036,
    "avg_real": NaN,
    "avg_err": NaN,
    "count_est": 1.1548762745141232,
    "count_real": 0,
    "count_err": 0,
    "sum_est": 1.154957913998384,
    "sum_real": NaN,
    "sum_err": NaN,
    "query_dur_ms_est": 20.409584045410156,
    "query_dur_ms_real": 976.2461185455322,
    "query_dur_ms_err": 0.979093812863689,
    "order": [
        0,
        1,
        2,
        3,
        4,
        5,
        7,
        8,
        9,
        6
    ],
    "groupby": false
}