{
    "timestamp": "2022-08-06 03:34:32.462740",
    "dataset": "dmv.csv",
    "model": "dmv.csv-2.6MB-model16.669-data16.507-made-resmade-hidden256_256_256_256_256-emb32-directIo-binaryInone_hotOut-inputNoEmbIfLeq-5epochs-seed0.pt",
    "query": "'SELECT Model Year FROM dmv.csv WHERE Scofflaw Indicator=N AND Registration Class>=CLG'",
    "avg_est": 114.18644714355469,
    "avg_real": 113.50856320418984,
    "avg_err": 0.005972095146208534,
    "count_est": 12176167.346722126,
    "count_real": 12120755,
    "count_err": 0.004571691014472779,
    "sum_est": 1390353289.1475625,
    "sum_real": 1375809485.0,
    "sum_err": 0.010571088734398793,
    "query_dur_ms_est": 20.2176570892334,
    "query_dur_ms_real": 19578.67980003357,
    "query_dur_ms_err": 0.9989673636171731,
    "order": [
        0,
        1,
        2,
        3,
        4,
        5,
        6,
        7,
        9,
        8
    ],
    "groupby": false
}