{
    "timestamp": "2022-08-06 03:05:29.736174",
    "dataset": "dmv.csv",
    "model": "dmv.csv-2.6MB-model16.669-data16.507-made-resmade-hidden256_256_256_256_256-emb32-directIo-binaryInone_hotOut-inputNoEmbIfLeq-5epochs-seed0.pt",
    "query": "'SELECT Scofflaw Indicator FROM dmv.csv WHERE State>=MD'",
    "avg_est": 1.001447081565857,
    "avg_real": 1.0016150707741298,
    "avg_err": 0.00016771833129771368,
    "count_est": 12582131.703427792,
    "count_real": 12588922,
    "count_err": 0.0005393866585406125,
    "sum_est": 12600339.074275006,
    "sum_real": 12609254.0,
    "sum_err": 0.0007070145248080807,
    "query_dur_ms_est": 20.071029663085938,
    "query_dur_ms_real": 5686.9957447052,
    "query_dur_ms_err": 0.9964707148441648,
    "order": [
        0,
        1,
        2,
        3,
        5,
        6,
        7,
        8,
        9,
        4
    ],
    "groupby": false
}