{
    "timestamp": "2022-08-06 02:58:09.979596",
    "dataset": "dmv.csv",
    "model": "dmv.csv-2.6MB-model16.669-data16.507-made-resmade-hidden256_256_256_256_256-emb32-directIo-binaryInone_hotOut-inputNoEmbIfLeq-5epochs-seed0.pt",
    "query": "'SELECT Revocation Indicator FROM dmv.csv WHERE County<=WASHINGTON AND Fuel Type=COMP N/G'",
    "avg_est": 1.0002362728118896,
    "avg_real": 1.0,
    "avg_err": 0.00023627281188964844,
    "count_est": 3884.091945750988,
    "count_real": 3355,
    "count_err": 0.15770251736244056,
    "sum_est": 3885.0096510766484,
    "sum_real": 3355.0,
    "sum_err": 0.15797605099154946,
    "query_dur_ms_est": 20.232439041137695,
    "query_dur_ms_real": 2713.130235671997,
    "query_dur_ms_err": 0.9925427689481605,
    "order": [
        0,
        1,
        2,
        3,
        4,
        5,
        7,
        8,
        9,
        6
    ],
    "groupby": false
}