{
    "timestamp": "2022-08-06 03:15:52.763579",
    "dataset": "dmv.csv",
    "model": "dmv.csv-2.6MB-model16.669-data16.507-made-resmade-hidden256_256_256_256_256-emb32-directIo-binaryInone_hotOut-inputNoEmbIfLeq-5epochs-seed0.pt",
    "query": "'SELECT County FROM dmv.csv WHERE State>=NS AND Model Year<=2001.0'",
    "avg_est": 34.37559509277344,
    "avg_real": 34.27855241254662,
    "avg_err": 0.0028310028690505967,
    "count_est": 1246352.0027897358,
    "count_real": 1176827,
    "count_err": 0.059078354583754274,
    "sum_est": 42844091.79096719,
    "sum_real": 40339926.0,
    "sum_err": 0.06207660844413023,
    "query_dur_ms_est": 20.26224136352539,
    "query_dur_ms_real": 4597.939014434814,
    "query_dur_ms_err": 0.9955931904925416,
    "order": [
        0,
        1,
        3,
        4,
        5,
        6,
        7,
        8,
        9,
        2
    ],
    "groupby": false
}