{
    "timestamp": "2022-08-06 03:29:46.844750",
    "dataset": "dmv.csv",
    "model": "dmv.csv-2.6MB-model16.669-data16.507-made-resmade-hidden256_256_256_256_256-emb32-directIo-binaryInone_hotOut-inputNoEmbIfLeq-5epochs-seed0.pt",
    "query": "'SELECT Registration Class FROM dmv.csv WHERE Record Type=TRL AND Scofflaw Indicator=Y AND Revocation Indicator=N AND Model Year>=1945.0'",
    "avg_est": 54.60704803466797,
    "avg_real": 56.73170731707317,
    "avg_err": 0.03745100196844943,
    "count_est": 107.06761678409748,
    "count_real": 82,
    "count_err": 0.30570264370850586,
    "sum_est": 5846.646492686634,
    "sum_real": 4652.0,
    "sum_err": 0.25680277142876906,
    "query_dur_ms_est": 20.412683486938477,
    "query_dur_ms_real": 1164.5996570587158,
    "query_dur_ms_err": 0.9824723600395932,
    "order": [
        0,
        1,
        2,
        3,
        4,
        5,
        6,
        8,
        9,
        7
    ],
    "groupby": false
}