{
    "timestamp": "2022-08-06 03:35:03.015981",
    "dataset": "dmv.csv",
    "model": "dmv.csv-2.6MB-model16.669-data16.507-made-resmade-hidden256_256_256_256_256-emb32-directIo-binaryInone_hotOut-inputNoEmbIfLeq-5epochs-seed0.pt",
    "query": "'SELECT Scofflaw Indicator FROM dmv.csv WHERE Revocation Indicator=Y AND Weight_100<=63.0'",
    "avg_est": 1.0014947652816772,
    "avg_real": 1.0,
    "avg_err": 0.001494765281677246,
    "count_est": 50.700850783265196,
    "count_real": 17,
    "count_err": 1.982402987250894,
    "sum_est": 50.77663665476752,
    "sum_real": 17.0,
    "sum_err": 1.9868609796922072,
    "query_dur_ms_est": 20.287752151489258,
    "query_dur_ms_real": 1020.5221176147461,
    "query_dur_ms_err": 0.9801202229708578,
    "order": [
        0,
        1,
        2,
        3,
        5,
        6,
        7,
        8,
        9,
        4
    ],
    "groupby": false
}