{
    "timestamp": "2022-08-06 03:12:45.817832",
    "dataset": "dmv.csv",
    "model": "dmv.csv-2.6MB-model16.669-data16.507-made-resmade-hidden256_256_256_256_256-emb32-directIo-binaryInone_hotOut-inputNoEmbIfLeq-5epochs-seed0.pt",
    "query": "'SELECT Model Year FROM dmv.csv WHERE Record Type=SNOW AND State<=AE AND County<=SARATOGA AND Scofflaw Indicator=N AND Suspension Indicator=Y AND Revocation Indicator=Y AND Registration Class<=LMC AND Weight_100>=47.0<=72.0'",
    "avg_est": 111.70320892333984,
    "avg_real": NaN,
    "avg_err": NaN,
    "count_est": 1.8004721964734124e-20,
    "count_real": 0,
    "count_err": 0,
    "sum_est": 2.0111852192333416e-18,
    "sum_real": NaN,
    "sum_err": NaN,
    "query_dur_ms_est": 20.865917205810547,
    "query_dur_ms_real": 637.688398361206,
    "query_dur_ms_err": 0.9672788194682014,
    "order": [
        0,
        1,
        2,
        3,
        4,
        5,
        6,
        7,
        9,
        8
    ],
    "groupby": false
}