{
    "timestamp": "2022-08-06 03:18:41.215016",
    "dataset": "dmv.csv",
    "model": "dmv.csv-2.6MB-model16.669-data16.507-made-resmade-hidden256_256_256_256_256-emb32-directIo-binaryInone_hotOut-inputNoEmbIfLeq-5epochs-seed0.pt",
    "query": "'SELECT Record Type FROM dmv.csv WHERE County=ONTARIO AND Fuel Type=FLEX'",
    "avg_est": 3.834136962890625,
    "avg_real": 3.9558823529411766,
    "avg_err": 0.03077578633248145,
    "count_est": 232.8742417752801,
    "count_real": 204,
    "count_err": 0.14154040085921615,
    "sum_est": 892.8717380957296,
    "sum_real": 807.0,
    "sum_err": 0.10640859739247782,
    "query_dur_ms_est": 20.171165466308594,
    "query_dur_ms_real": 1097.994089126587,
    "query_dur_ms_err": 0.9816290764530855,
    "order": [
        1,
        2,
        3,
        4,
        5,
        6,
        7,
        8,
        9,
        0
    ],
    "groupby": false
}