{
    "timestamp": "2022-08-06 03:03:08.943454",
    "dataset": "dmv.csv",
    "model": "dmv.csv-2.6MB-model16.669-data16.507-made-resmade-hidden256_256_256_256_256-emb32-directIo-binaryInone_hotOut-inputNoEmbIfLeq-5epochs-seed0.pt",
    "query": "'SELECT Suspension Indicator FROM dmv.csv WHERE Revocation Indicator=Y AND Weight_100>=72.0'",
    "avg_est": 1.0108379125595093,
    "avg_real": 1.0909090909090908,
    "avg_err": 0.07339858015378309,
    "count_est": 16.553875582039836,
    "count_real": 11,
    "count_err": 0.5048977801854396,
    "sum_est": 16.73328503811898,
    "sum_real": 12.0,
    "sum_err": 0.39444041984324824,
    "query_dur_ms_est": 20.273208618164062,
    "query_dur_ms_real": 997.4827766418457,
    "query_dur_ms_err": 0.979675630403949,
    "order": [
        0,
        1,
        2,
        3,
        4,
        6,
        7,
        8,
        9,
        5
    ],
    "groupby": false
}