{
    "timestamp": "2022-08-06 03:08:05.655783",
    "dataset": "dmv.csv",
    "model": "dmv.csv-2.6MB-model16.669-data16.507-made-resmade-hidden256_256_256_256_256-emb32-directIo-binaryInone_hotOut-inputNoEmbIfLeq-5epochs-seed0.pt",
    "query": "'SELECT Revocation Indicator FROM dmv.csv WHERE State>=KY<=MD AND Scofflaw Indicator=Y'",
    "avg_est": 1.000029444694519,
    "avg_real": 1.0,
    "avg_err": 2.944469451904297e-05,
    "count_est": 16.2999800383368,
    "count_real": 34,
    "count_err": 0.5205888224018589,
    "sum_est": 16.300459986269694,
    "sum_real": 34.0,
    "sum_err": 0.5205747062861855,
    "query_dur_ms_est": 20.272016525268555,
    "query_dur_ms_real": 2753.831624984741,
    "query_dur_ms_err": 0.9926386143795626,
    "order": [
        0,
        1,
        2,
        3,
        4,
        5,
        7,
        8,
        9,
        6
    ],
    "groupby": false
}