{
    "timestamp": "2022-08-06 03:03:20.847536",
    "dataset": "dmv.csv",
    "model": "dmv.csv-2.6MB-model16.669-data16.507-made-resmade-hidden256_256_256_256_256-emb32-directIo-binaryInone_hotOut-inputNoEmbIfLeq-5epochs-seed0.pt",
    "query": "'SELECT Record Type FROM dmv.csv WHERE Scofflaw Indicator=Y AND Suspension Indicator=Y AND Registration Class>=HIS<=OMV'",
    "avg_est": 3.834136962890625,
    "avg_real": 4.0,
    "avg_err": 0.04146575927734375,
    "count_est": 10.28982800471681,
    "count_real": 19,
    "count_err": 0.4584301050149047,
    "sum_est": 39.45260989467181,
    "sum_real": 76.0,
    "sum_err": 0.48088671191221305,
    "query_dur_ms_est": 20.40266990661621,
    "query_dur_ms_real": 1031.615972518921,
    "query_dur_ms_err": 0.9802226114657778,
    "order": [
        1,
        2,
        3,
        4,
        5,
        6,
        7,
        8,
        9,
        0
    ],
    "groupby": false
}