{
    "timestamp": "2022-08-06 03:26:14.585430",
    "dataset": "dmv.csv",
    "model": "dmv.csv-2.6MB-model16.669-data16.507-made-resmade-hidden256_256_256_256_256-emb32-directIo-binaryInone_hotOut-inputNoEmbIfLeq-5epochs-seed0.pt",
    "query": "'SELECT Weight_100 FROM dmv.csv WHERE Fuel Type=PROPANE AND Scofflaw Indicator=N'",
    "avg_est": 25.780086517333984,
    "avg_real": 37.0,
    "avg_err": 0.30324090493691935,
    "count_est": 791.3002978982404,
    "count_real": 957,
    "count_err": 0.17314493427561087,
    "sum_est": 20399.79014100879,
    "sum_real": 35409.0,
    "sum_err": 0.4238812126575506,
    "query_dur_ms_est": 20.111560821533203,
    "query_dur_ms_real": 632.190465927124,
    "query_dur_ms_err": 0.9681874974307956,
    "order": [
        0,
        1,
        2,
        3,
        4,
        5,
        6,
        7,
        8,
        9
    ],
    "groupby": false
}