{
    "timestamp": "2022-08-06 03:08:54.128855",
    "dataset": "dmv.csv",
    "model": "dmv.csv-2.6MB-model16.669-data16.507-made-resmade-hidden256_256_256_256_256-emb32-directIo-binaryInone_hotOut-inputNoEmbIfLeq-5epochs-seed0.pt",
    "query": "'SELECT Revocation Indicator FROM dmv.csv WHERE Record Type=SNOW AND State<=PA AND County<=FULTON AND Fuel Type=ELECTRIC AND Scofflaw Indicator=N AND Model Year>=1953.0 AND Weight_100>=99.0'",
    "avg_est": 1.0000076293945312,
    "avg_real": NaN,
    "avg_err": NaN,
    "count_est": 2.4325070472350547e-12,
    "count_real": 0,
    "count_err": 0,
    "sum_est": 2.432525605791018e-12,
    "sum_real": NaN,
    "sum_err": NaN,
    "query_dur_ms_est": 20.55191993713379,
    "query_dur_ms_real": 997.3130226135254,
    "query_dur_ms_err": 0.9793927087372467,
    "order": [
        0,
        1,
        2,
        3,
        4,
        5,
        7,
        8,
        9,
        6
    ],
    "groupby": false
}