{
    "timestamp": "2022-08-06 03:21:57.943266",
    "dataset": "dmv.csv",
    "model": "dmv.csv-2.6MB-model16.669-data16.507-made-resmade-hidden256_256_256_256_256-emb32-directIo-binaryInone_hotOut-inputNoEmbIfLeq-5epochs-seed0.pt",
    "query": "'SELECT County FROM dmv.csv WHERE Weight_100>=3.0'",
    "avg_est": 34.427486419677734,
    "avg_real": 34.66378800285115,
    "avg_err": 0.006816957891445054,
    "count_est": 9373559.09467268,
    "count_real": 9412353,
    "count_err": 0.004121594815591818,
    "sum_est": 322708078.4358904,
    "sum_real": 326267809.0,
    "sum_err": 0.010910455968733414,
    "query_dur_ms_est": 20.200014114379883,
    "query_dur_ms_real": 28153.32579612732,
    "query_dur_ms_err": 0.9992824998985677,
    "order": [
        0,
        1,
        3,
        4,
        5,
        6,
        7,
        8,
        9,
        2
    ],
    "groupby": false
}