{
    "timestamp": "2022-08-06 03:28:51.612335",
    "dataset": "dmv.csv",
    "model": "dmv.csv-2.6MB-model16.669-data16.507-made-resmade-hidden256_256_256_256_256-emb32-directIo-binaryInone_hotOut-inputNoEmbIfLeq-5epochs-seed0.pt",
    "query": "'SELECT State FROM dmv.csv WHERE Fuel Type=NONE AND Scofflaw Indicator=Y'",
    "avg_est": 51.85268020629883,
    "avg_real": 51.640449438202246,
    "avg_err": 0.00410977771118272,
    "count_est": 132.86613914223562,
    "count_real": 89,
    "count_err": 0.4928779678902879,
    "sum_est": 6889.465423187947,
    "sum_real": 4596.0,
    "sum_err": 0.4990133644882391,
    "query_dur_ms_est": 20.168304443359375,
    "query_dur_ms_real": 1163.5503768920898,
    "query_dur_ms_err": 0.9826665825185583,
    "order": [
        0,
        2,
        3,
        4,
        5,
        6,
        7,
        8,
        9,
        1
    ],
    "groupby": false
}