{
    "timestamp": "2022-08-06 03:25:56.997569",
    "dataset": "dmv.csv",
    "model": "dmv.csv-2.6MB-model16.669-data16.507-made-resmade-hidden256_256_256_256_256-emb32-directIo-binaryInone_hotOut-inputNoEmbIfLeq-5epochs-seed0.pt",
    "query": "'SELECT Weight_100 FROM dmv.csv WHERE Record Type=BOAT AND Fuel Type=NONE'",
    "avg_est": 1.0001946687698364,
    "avg_real": 101.0,
    "avg_err": 0.9900970824874273,
    "count_est": 3494.87910038291,
    "count_real": 2896,
    "count_err": 0.2067952694692369,
    "sum_est": 3495.559444198109,
    "sum_real": 292496.0,
    "sum_err": 0.9880492059918833,
    "query_dur_ms_est": 20.169973373413086,
    "query_dur_ms_real": 700.9847164154053,
    "query_dur_ms_err": 0.971226229472512,
    "order": [
        0,
        1,
        2,
        3,
        4,
        5,
        6,
        7,
        8,
        9
    ],
    "groupby": false
}