{
    "timestamp": "2022-08-06 03:36:10.412061",
    "dataset": "dmv.csv",
    "model": "dmv.csv-2.6MB-model16.669-data16.507-made-resmade-hidden256_256_256_256_256-emb32-directIo-binaryInone_hotOut-inputNoEmbIfLeq-5epochs-seed0.pt",
    "query": "'SELECT Revocation Indicator FROM dmv.csv WHERE County>=COLUMBIA'",
    "avg_est": 1.0003831386566162,
    "avg_real": 1.0004206750142823,
    "avg_err": 3.7520573698247227e-05,
    "count_est": 11370759.57693553,
    "count_real": 11353182,
    "count_err": 0.0015482511366002685,
    "sum_est": 11375116.154484542,
    "sum_real": 11357958.0,
    "sum_err": 0.0015106724716310877,
    "query_dur_ms_est": 20.14899253845215,
    "query_dur_ms_real": 5416.906356811523,
    "query_dur_ms_err": 0.9962803505892038,
    "order": [
        0,
        1,
        2,
        3,
        4,
        5,
        7,
        8,
        9,
        6
    ],
    "groupby": false
}