{
    "timestamp": "2022-08-06 03:21:08.232629",
    "dataset": "dmv.csv",
    "model": "dmv.csv-2.6MB-model16.669-data16.507-made-resmade-hidden256_256_256_256_256-emb32-directIo-binaryInone_hotOut-inputNoEmbIfLeq-5epochs-seed0.pt",
    "query": "'SELECT Suspension Indicator FROM dmv.csv WHERE Registration Class>=STG'",
    "avg_est": 1.0109050273895264,
    "avg_real": 1.0008468263338393,
    "avg_err": 0.01004969071294445,
    "count_est": 323317.11085050553,
    "count_real": 284592,
    "count_err": 0.13607238028653487,
    "sum_est": 326842.8927998328,
    "sum_real": 284833.0,
    "sum_err": 0.147489556335933,
    "query_dur_ms_est": 20.171642303466797,
    "query_dur_ms_real": 1058.2478046417236,
    "query_dur_ms_err": 0.9809386400661648,
    "order": [
        0,
        1,
        2,
        3,
        4,
        6,
        7,
        8,
        9,
        5
    ],
    "groupby": false
}