{
    "timestamp": "2022-08-06 03:15:43.031893",
    "dataset": "dmv.csv",
    "model": "dmv.csv-2.6MB-model16.669-data16.507-made-resmade-hidden256_256_256_256_256-emb32-directIo-binaryInone_hotOut-inputNoEmbIfLeq-5epochs-seed0.pt",
    "query": "'SELECT Model Year FROM dmv.csv WHERE County>=CATTARAUGUS<=RICHMOND AND Fuel Type=OTHER AND Suspension Indicator=Y'",
    "avg_est": 116.64049530029297,
    "avg_real": 120.42857142857143,
    "avg_err": 0.031454961919275486,
    "count_est": 13.126543093870623,
    "count_real": 7,
    "count_err": 0.8752204419815176,
    "sum_est": 1531.0864880497095,
    "sum_real": 843.0,
    "sum_err": 0.816235454388742,
    "query_dur_ms_est": 20.262718200683594,
    "query_dur_ms_real": 3714.56241607666,
    "query_dur_ms_err": 0.9945450591668654,
    "order": [
        0,
        1,
        2,
        3,
        4,
        5,
        6,
        7,
        9,
        8
    ],
    "groupby": false
}