{
    "timestamp": "2022-08-06 03:02:35.241065",
    "dataset": "dmv.csv",
    "model": "dmv.csv-2.6MB-model16.669-data16.507-made-resmade-hidden256_256_256_256_256-emb32-directIo-binaryInone_hotOut-inputNoEmbIfLeq-5epochs-seed0.pt",
    "query": "'SELECT Record Type FROM dmv.csv WHERE State<=CA AND County<=RICHMOND AND Suspension Indicator=Y AND Registration Class>=RGC<=SOS AND Model Year<=1954.0 AND Weight_100=55.0'",
    "avg_est": 3.834136962890625,
    "avg_real": NaN,
    "avg_err": NaN,
    "count_est": 1.5446665770716132e-06,
    "count_real": 0,
    "count_err": 0,
    "sum_est": 5.9224632184920125e-06,
    "sum_real": NaN,
    "sum_err": NaN,
    "query_dur_ms_est": 20.693063735961914,
    "query_dur_ms_real": 1006.2501430511475,
    "query_dur_ms_err": 0.9794354675337322,
    "order": [
        1,
        2,
        3,
        4,
        5,
        6,
        7,
        8,
        9,
        0
    ],
    "groupby": false
}