{
    "timestamp": "2022-08-06 03:34:59.225304",
    "dataset": "dmv.csv",
    "model": "dmv.csv-2.6MB-model16.669-data16.507-made-resmade-hidden256_256_256_256_256-emb32-directIo-binaryInone_hotOut-inputNoEmbIfLeq-5epochs-seed0.pt",
    "query": "'SELECT Model Year FROM dmv.csv WHERE Record Type=SNOW AND State<=NS AND County>=NASSAU AND Fuel Type=PROPANE AND Scofflaw Indicator=N AND Suspension Indicator=N AND Revocation Indicator=Y AND Registration Class>=PAS AND Weight_100>=43.0<=61.0'",
    "avg_est": 113.79206848144531,
    "avg_real": NaN,
    "avg_err": NaN,
    "count_est": 9.668313297515456e-22,
    "count_real": 0,
    "count_err": 0,
    "sum_est": 1.100177368850947e-19,
    "sum_real": NaN,
    "sum_err": NaN,
    "query_dur_ms_est": 20.700931549072266,
    "query_dur_ms_real": 647.6500034332275,
    "query_dur_ms_err": 0.9680368541043225,
    "order": [
        0,
        1,
        2,
        3,
        4,
        5,
        6,
        7,
        9,
        8
    ],
    "groupby": false
}