{
    "timestamp": "2022-08-06 03:02:38.185659",
    "dataset": "dmv.csv",
    "model": "dmv.csv-2.6MB-model16.669-data16.507-made-resmade-hidden256_256_256_256_256-emb32-directIo-binaryInone_hotOut-inputNoEmbIfLeq-5epochs-seed0.pt",
    "query": "'SELECT Model Year FROM dmv.csv WHERE Record Type=TRL AND State>=YY AND County>=OTSEGO AND Fuel Type=FLEX AND Suspension Indicator=Y AND Revocation Indicator=Y AND Registration Class>=BOT AND Weight_100>=4.0'",
    "avg_est": 114.4677505493164,
    "avg_real": NaN,
    "avg_err": NaN,
    "count_est": 6.926668000932397e-21,
    "count_real": 0,
    "count_err": 0,
    "sum_est": 7.928801048686617e-19,
    "sum_real": NaN,
    "sum_err": NaN,
    "query_dur_ms_est": 21.25382423400879,
    "query_dur_ms_real": 783.3969593048096,
    "query_dur_ms_err": 0.9728696620767209,
    "order": [
        0,
        1,
        2,
        3,
        4,
        5,
        6,
        7,
        9,
        8
    ],
    "groupby": false
}