{
    "timestamp": "2022-08-06 03:31:06.666053",
    "dataset": "dmv.csv",
    "model": "dmv.csv-2.6MB-model16.669-data16.507-made-resmade-hidden256_256_256_256_256-emb32-directIo-binaryInone_hotOut-inputNoEmbIfLeq-5epochs-seed0.pt",
    "query": "'SELECT Suspension Indicator FROM dmv.csv WHERE Scofflaw Indicator=N AND Revocation Indicator=N'",
    "avg_est": 1.0109819173812866,
    "avg_real": 1.0109445620685502,
    "avg_err": 3.695090130360286e-05,
    "count_est": 12623196.085208893,
    "count_real": 12620240,
    "count_err": 0.00023423367613395802,
    "sum_est": 12761822.981704438,
    "sum_real": 12758363.0,
    "sum_err": 0.00027119323258305983,
    "query_dur_ms_est": 20.183324813842773,
    "query_dur_ms_real": 7326.094150543213,
    "query_dur_ms_err": 0.9972450088138239,
    "order": [
        0,
        1,
        2,
        3,
        4,
        6,
        7,
        8,
        9,
        5
    ],
    "groupby": false
}