{
    "timestamp": "2022-08-06 02:58:44.566381",
    "dataset": "dmv.csv",
    "model": "dmv.csv-2.6MB-model16.669-data16.507-made-resmade-hidden256_256_256_256_256-emb32-directIo-binaryInone_hotOut-inputNoEmbIfLeq-5epochs-seed0.pt",
    "query": "'SELECT Model Year FROM dmv.csv WHERE Registration Class>=SPO'",
    "avg_est": 112.44425964355469,
    "avg_real": 111.70466791649613,
    "avg_err": 0.006620956320387866,
    "count_est": 567607.0238792896,
    "count_real": 559543,
    "count_err": 0.014411803702824674,
    "sum_est": 63824151.56858819,
    "sum_real": 62503565.0,
    "sum_err": 0.021128179946026913,
    "query_dur_ms_est": 20.28799057006836,
    "query_dur_ms_real": 1078.4540176391602,
    "query_dur_ms_err": 0.9811878946730795,
    "order": [
        0,
        1,
        2,
        3,
        4,
        5,
        6,
        7,
        9,
        8
    ],
    "groupby": false
}