{
    "timestamp": "2022-08-06 03:12:47.614271",
    "dataset": "dmv.csv",
    "model": "dmv.csv-2.6MB-model16.669-data16.507-made-resmade-hidden256_256_256_256_256-emb32-directIo-binaryInone_hotOut-inputNoEmbIfLeq-5epochs-seed0.pt",
    "query": "'SELECT Weight_100 FROM dmv.csv WHERE Record Type=SNOW AND State<=MA AND County>=BRONX AND Fuel Type=DIESEL AND Scofflaw Indicator=Y AND Suspension Indicator=N AND Revocation Indicator=N AND Model Year>=1912.0<=1982.0'",
    "avg_est": 1.3341976404190063,
    "avg_real": NaN,
    "avg_err": NaN,
    "count_est": 4.507298577130548e-11,
    "count_real": 0,
    "count_err": 0,
    "sum_est": 6.013627126271522e-11,
    "sum_real": NaN,
    "sum_err": NaN,
    "query_dur_ms_est": 20.766735076904297,
    "query_dur_ms_real": 649.8024463653564,
    "query_dur_ms_err": 0.9680414636893687,
    "order": [
        0,
        1,
        2,
        3,
        4,
        5,
        6,
        7,
        8,
        9
    ],
    "groupby": false
}