{
    "timestamp": "2022-08-06 03:08:24.009146",
    "dataset": "dmv.csv",
    "model": "dmv.csv-2.6MB-model16.669-data16.507-made-resmade-hidden256_256_256_256_256-emb32-directIo-binaryInone_hotOut-inputNoEmbIfLeq-5epochs-seed0.pt",
    "query": "'SELECT County FROM dmv.csv WHERE Scofflaw Indicator=Y AND Model Year>=1952.0 AND Weight_100>=31.0<=72.0'",
    "avg_est": 34.423736572265625,
    "avg_real": 31.2019143707153,
    "avg_err": 0.10325719644222152,
    "count_est": 6905.092752397526,
    "count_real": 7731,
    "count_err": 0.10683058434904591,
    "sum_est": 237699.09391559302,
    "sum_real": 241222.0,
    "sum_err": 0.014604414540991184,
    "query_dur_ms_est": 20.283937454223633,
    "query_dur_ms_real": 1269.3629264831543,
    "query_dur_ms_err": 0.9840203798054655,
    "order": [
        0,
        1,
        3,
        4,
        5,
        6,
        7,
        8,
        9,
        2
    ],
    "groupby": false
}