{
    "timestamp": "2022-08-06 03:07:32.562044",
    "dataset": "dmv.csv",
    "model": "dmv.csv-2.6MB-model16.669-data16.507-made-resmade-hidden256_256_256_256_256-emb32-directIo-binaryInone_hotOut-inputNoEmbIfLeq-5epochs-seed0.pt",
    "query": "'SELECT Revocation Indicator FROM dmv.csv WHERE Weight_100>=3.0'",
    "avg_est": 1.0003961324691772,
    "avg_real": 1.0000031873007738,
    "avg_err": 0.0003929439159730438,
    "count_est": 9202435.393062353,
    "count_real": 9412353,
    "count_err": 0.022302351700753984,
    "sum_est": 9206080.77651705,
    "sum_real": 9412383.0,
    "sum_err": 0.02191817135819374,
    "query_dur_ms_est": 20.09725570678711,
    "query_dur_ms_real": 4020.9875106811523,
    "query_dur_ms_err": 0.9950019104378212,
    "order": [
        0,
        1,
        2,
        3,
        4,
        5,
        7,
        8,
        9,
        6
    ],
    "groupby": false
}