{
    "timestamp": "2022-08-06 03:34:12.607518",
    "dataset": "dmv.csv",
    "model": "dmv.csv-2.6MB-model16.669-data16.507-made-resmade-hidden256_256_256_256_256-emb32-directIo-binaryInone_hotOut-inputNoEmbIfLeq-5epochs-seed0.pt",
    "query": "'SELECT Suspension Indicator FROM dmv.csv WHERE County<=GENESEE AND Model Year<=2001.0'",
    "avg_est": 1.0118308067321777,
    "avg_real": 1.0069425306849258,
    "avg_err": 0.0048545730250632345,
    "count_est": 298155.06694642454,
    "count_real": 283038,
    "count_err": 0.05341002602627401,
    "sum_est": 301682.4819196872,
    "sum_real": 285003.0,
    "sum_err": 0.05852388192295233,
    "query_dur_ms_est": 20.17688751220703,
    "query_dur_ms_real": 1512.24946975708,
    "query_dur_ms_err": 0.9866576990663795,
    "order": [
        0,
        1,
        2,
        3,
        4,
        6,
        7,
        8,
        9,
        5
    ],
    "groupby": false
}