{
    "timestamp": "2022-08-06 03:18:10.674536",
    "dataset": "dmv.csv",
    "model": "dmv.csv-2.6MB-model16.669-data16.507-made-resmade-hidden256_256_256_256_256-emb32-directIo-binaryInone_hotOut-inputNoEmbIfLeq-5epochs-seed0.pt",
    "query": "'SELECT Registration Class FROM dmv.csv WHERE County>=ESSEX'",
    "avg_est": 46.68297576904297,
    "avg_real": 46.59609948855947,
    "avg_err": 0.0018644539229046807,
    "count_est": 10133559.20708394,
    "count_real": 10130210,
    "count_err": 0.00033061576057559575,
    "sum_est": 473064698.91846186,
    "sum_real": 472028273.0,
    "sum_err": 0.002195686101332026,
    "query_dur_ms_est": 20.405292510986328,
    "query_dur_ms_real": 36374.08137321472,
    "query_dur_ms_err": 0.9994390155918546,
    "order": [
        0,
        1,
        2,
        3,
        4,
        5,
        6,
        8,
        9,
        7
    ],
    "groupby": false
}