{
    "timestamp": "2022-08-06 03:02:06.591997",
    "dataset": "dmv.csv",
    "model": "dmv.csv-2.6MB-model16.669-data16.507-made-resmade-hidden256_256_256_256_256-emb32-directIo-binaryInone_hotOut-inputNoEmbIfLeq-5epochs-seed0.pt",
    "query": "'SELECT Suspension Indicator FROM dmv.csv WHERE State>=US<=WV AND County>=OSWEGO<=SCHUYLER AND Scofflaw Indicator=Y AND Registration Class<=JCL AND Model Year<=1966.0'",
    "avg_est": 1.1585168838500977,
    "avg_real": NaN,
    "avg_err": NaN,
    "count_est": 0.001350927440914279,
    "count_real": 0,
    "count_err": 0,
    "sum_est": 0.0015650722491555974,
    "sum_real": NaN,
    "sum_err": NaN,
    "query_dur_ms_est": 20.64800262451172,
    "query_dur_ms_real": 964.928388595581,
    "query_dur_ms_err": 0.97860151813487,
    "order": [
        0,
        1,
        2,
        3,
        4,
        6,
        7,
        8,
        9,
        5
    ],
    "groupby": false
}