{
    "timestamp": "2022-08-06 03:38:22.136258",
    "dataset": "dmv.csv",
    "model": "dmv.csv-2.6MB-model16.669-data16.507-made-resmade-hidden256_256_256_256_256-emb32-directIo-binaryInone_hotOut-inputNoEmbIfLeq-5epochs-seed0.pt",
    "query": "'SELECT Record Type FROM dmv.csv WHERE State>=MN AND Weight_100>=38.0<=97.0'",
    "avg_est": 3.834136962890625,
    "avg_real": 3.9902522371172724,
    "avg_err": 0.03912416181976298,
    "count_est": 5802857.780122161,
    "count_real": 5798869,
    "count_err": 0.0006878548424116689,
    "sum_est": 22248951.505163815,
    "sum_real": 23138950.0,
    "sum_err": 0.038463218721514376,
    "query_dur_ms_est": 20.26224136352539,
    "query_dur_ms_real": 5386.18803024292,
    "query_dur_ms_err": 0.9962381110258768,
    "order": [
        1,
        2,
        3,
        4,
        5,
        6,
        7,
        8,
        9,
        0
    ],
    "groupby": false
}