{
    "timestamp": "2022-08-06 03:22:40.327071",
    "dataset": "dmv.csv",
    "model": "dmv.csv-2.6MB-model16.669-data16.507-made-resmade-hidden256_256_256_256_256-emb32-directIo-binaryInone_hotOut-inputNoEmbIfLeq-5epochs-seed0.pt",
    "query": "'SELECT Record Type FROM dmv.csv WHERE Registration Class=OMR AND Model Year>=1922.0<=1989.0 AND Weight_100>=61.0<=65.0'",
    "avg_est": 3.834136962890625,
    "avg_real": NaN,
    "avg_err": NaN,
    "count_est": 0.0003658848053219102,
    "count_real": 0,
    "count_err": 0,
    "sum_est": 0.0014028524562447763,
    "sum_real": NaN,
    "sum_err": NaN,
    "query_dur_ms_est": 20.26081085205078,
    "query_dur_ms_real": 1056.363821029663,
    "query_dur_ms_err": 0.9808202340437009,
    "order": [
        1,
        2,
        3,
        4,
        5,
        6,
        7,
        8,
        9,
        0
    ],
    "groupby": false
}