{
    "timestamp": "2022-08-06 03:12:37.075000",
    "dataset": "dmv.csv",
    "model": "dmv.csv-2.6MB-model16.669-data16.507-made-resmade-hidden256_256_256_256_256-emb32-directIo-binaryInone_hotOut-inputNoEmbIfLeq-5epochs-seed0.pt",
    "query": "'SELECT Model Year FROM dmv.csv WHERE State>=GL AND Scofflaw Indicator=N'",
    "avg_est": 114.00143432617188,
    "avg_real": 113.13473677054631,
    "avg_err": 0.007660755488240117,
    "count_est": 12590470.008638382,
    "count_real": 12591752,
    "count_err": 0.00010181199261373969,
    "sum_est": 1435331639.8254251,
    "sum_real": 1424564548.0,
    "sum_err": 0.007558163538845239,
    "query_dur_ms_est": 20.234346389770508,
    "query_dur_ms_real": 19776.477336883545,
    "query_dur_ms_err": 0.9989768477952323,
    "order": [
        0,
        1,
        2,
        3,
        4,
        5,
        6,
        7,
        9,
        8
    ],
    "groupby": false
}