{
    "timestamp": "2022-08-06 03:35:55.787359",
    "dataset": "dmv.csv",
    "model": "dmv.csv-2.6MB-model16.669-data16.507-made-resmade-hidden256_256_256_256_256-emb32-directIo-binaryInone_hotOut-inputNoEmbIfLeq-5epochs-seed0.pt",
    "query": "'SELECT Weight_100 FROM dmv.csv WHERE State>=MO<=YY AND County>=LIVINGSTON<=NEW YORK'",
    "avg_est": 43.81159973144531,
    "avg_real": 60.346850160314354,
    "avg_err": 0.2740035376319119,
    "count_est": 2134750.105733156,
    "count_real": 2171047,
    "count_err": 0.016718612847554104,
    "sum_est": 93526817.1590416,
    "sum_real": 131015848.0,
    "sum_err": 0.2861411914149378,
    "query_dur_ms_est": 20.19524574279785,
    "query_dur_ms_real": 7246.185541152954,
    "query_dur_ms_err": 0.9972129825232733,
    "order": [
        0,
        1,
        2,
        3,
        4,
        5,
        6,
        7,
        8,
        9
    ],
    "groupby": false
}