{
    "timestamp": "2022-08-06 03:34:48.435883",
    "dataset": "dmv.csv",
    "model": "dmv.csv-2.6MB-model16.669-data16.507-made-resmade-hidden256_256_256_256_256-emb32-directIo-binaryInone_hotOut-inputNoEmbIfLeq-5epochs-seed0.pt",
    "query": "'SELECT Record Type FROM dmv.csv WHERE State>=SC AND Fuel Type=COMP N/G AND Scofflaw Indicator=Y AND Suspension Indicator=Y AND Revocation Indicator=N AND Model Year<=1969.0'",
    "avg_est": 3.834136962890625,
    "avg_real": NaN,
    "avg_err": NaN,
    "count_est": 4.274630291582056e-08,
    "count_real": 0,
    "count_err": 0,
    "sum_est": 1.638951800364669e-07,
    "sum_real": NaN,
    "sum_err": NaN,
    "query_dur_ms_est": 20.546674728393555,
    "query_dur_ms_real": 1001.1894702911377,
    "query_dur_ms_err": 0.9794777358950661,
    "order": [
        1,
        2,
        3,
        4,
        5,
        6,
        7,
        8,
        9,
        0
    ],
    "groupby": false
}