{
    "timestamp": "2022-08-06 03:31:17.903257",
    "dataset": "dmv.csv",
    "model": "dmv.csv-2.6MB-model16.669-data16.507-made-resmade-hidden256_256_256_256_256-emb32-directIo-binaryInone_hotOut-inputNoEmbIfLeq-5epochs-seed0.pt",
    "query": "'SELECT Weight_100 FROM dmv.csv WHERE Scofflaw Indicator=N AND Registration Class<=CBS'",
    "avg_est": 13.584161758422852,
    "avg_real": 78.33894261702781,
    "avg_err": 0.8265975860201337,
    "count_est": 501264.56331267953,
    "count_real": 505115,
    "count_err": 0.007622891197688587,
    "sum_est": 6809258.911804631,
    "sum_real": 39570175.0,
    "sum_err": 0.8279194137553187,
    "query_dur_ms_est": 20.259618759155273,
    "query_dur_ms_real": 2499.4583129882812,
    "query_dur_ms_err": 0.9918943962162212,
    "order": [
        0,
        1,
        2,
        3,
        4,
        5,
        6,
        7,
        8,
        9
    ],
    "groupby": false
}