{
    "timestamp": "2022-08-06 03:12:17.014408",
    "dataset": "dmv.csv",
    "model": "dmv.csv-2.6MB-model16.669-data16.507-made-resmade-hidden256_256_256_256_256-emb32-directIo-binaryInone_hotOut-inputNoEmbIfLeq-5epochs-seed0.pt",
    "query": "'SELECT State FROM dmv.csv WHERE County=ESSEX AND Suspension Indicator=N'",
    "avg_est": 51.85179901123047,
    "avg_real": 51.923646348160354,
    "avg_err": 0.0013837113142657867,
    "count_est": 47531.82475125976,
    "count_real": 45525,
    "count_err": 0.04408181771026379,
    "sum_est": 2464610.6236393508,
    "sum_real": 2363824.0,
    "sum_err": 0.04263710988607898,
    "query_dur_ms_est": 20.259380340576172,
    "query_dur_ms_real": 1153.3513069152832,
    "query_dur_ms_err": 0.9824343370323468,
    "order": [
        0,
        2,
        3,
        4,
        5,
        6,
        7,
        8,
        9,
        1
    ],
    "groupby": false
}