{
    "timestamp": "2022-08-06 03:20:34.515072",
    "dataset": "dmv.csv",
    "model": "dmv.csv-2.6MB-model16.669-data16.507-made-resmade-hidden256_256_256_256_256-emb32-directIo-binaryInone_hotOut-inputNoEmbIfLeq-5epochs-seed0.pt",
    "query": "'SELECT Registration Class FROM dmv.csv WHERE Fuel Type=ELECTRIC'",
    "avg_est": 49.256900787353516,
    "avg_real": 44.89613943174302,
    "avg_err": 0.09712998513469719,
    "count_est": 77231.48972038738,
    "count_real": 77113,
    "count_err": 0.0015365725673671662,
    "sum_est": 3804183.8268166343,
    "sum_real": 3462075.9999999995,
    "sum_err": 0.09881580497269118,
    "query_dur_ms_est": 20.154953002929688,
    "query_dur_ms_real": 1124.3212223052979,
    "query_dur_ms_err": 0.9820736702260194,
    "order": [
        0,
        1,
        2,
        3,
        4,
        5,
        6,
        8,
        9,
        7
    ],
    "groupby": false
}