{
    "timestamp": "2022-08-06 03:00:11.034602",
    "dataset": "dmv.csv",
    "model": "dmv.csv-2.6MB-model16.669-data16.507-made-resmade-hidden256_256_256_256_256-emb32-directIo-binaryInone_hotOut-inputNoEmbIfLeq-5epochs-seed0.pt",
    "query": "'SELECT Registration Class FROM dmv.csv WHERE Record Type=BOAT AND Fuel Type=ELECTRIC AND Scofflaw Indicator=N'",
    "avg_est": 7.000001907348633,
    "avg_real": 7.0,
    "avg_err": 2.724783761160714e-07,
    "count_est": 8120.215695831925,
    "count_real": 8857,
    "count_err": 0.0831866663845631,
    "sum_est": 56841.525358905776,
    "sum_real": 61999.0,
    "sum_err": 0.08318641657275479,
    "query_dur_ms_est": 20.28346061706543,
    "query_dur_ms_real": 1054.2035102844238,
    "query_dur_ms_err": 0.980759445003562,
    "order": [
        0,
        1,
        2,
        3,
        4,
        5,
        6,
        8,
        9,
        7
    ],
    "groupby": false
}