{
    "timestamp": "2022-08-06 03:14:01.232988",
    "dataset": "dmv.csv",
    "model": "dmv.csv-2.6MB-model16.669-data16.507-made-resmade-hidden256_256_256_256_256-emb32-directIo-binaryInone_hotOut-inputNoEmbIfLeq-5epochs-seed0.pt",
    "query": "'SELECT Revocation Indicator FROM dmv.csv WHERE Fuel Type=FLEX AND Scofflaw Indicator=Y'",
    "avg_est": 1.0013433694839478,
    "avg_real": 1.0,
    "avg_err": 0.001343369483947754,
    "count_est": 46.198001900197596,
    "count_real": 28,
    "count_err": 0.6499286392927713,
    "sum_est": 46.260062886169685,
    "sum_real": 28.0,
    "sum_err": 0.6521451030774887,
    "query_dur_ms_est": 20.15209197998047,
    "query_dur_ms_real": 961.7102146148682,
    "query_dur_ms_err": 0.9790455672886341,
    "order": [
        0,
        1,
        2,
        3,
        4,
        5,
        7,
        8,
        9,
        6
    ],
    "groupby": false
}