{
    "timestamp": "2022-08-06 03:26:26.972775",
    "dataset": "dmv.csv",
    "model": "dmv.csv-2.6MB-model16.669-data16.507-made-resmade-hidden256_256_256_256_256-emb32-directIo-binaryInone_hotOut-inputNoEmbIfLeq-5epochs-seed0.pt",
    "query": "'SELECT County FROM dmv.csv WHERE Revocation Indicator=Y AND Model Year>=1909.0'",
    "avg_est": 34.42609405517578,
    "avg_real": 30.607218309859157,
    "avg_err": 0.12477042855235536,
    "count_est": 5060.512671720702,
    "count_real": 5680,
    "count_err": 0.10906467047170736,
    "sum_est": 174213.68520406578,
    "sum_real": 173849.0,
    "sum_err": 0.0020977124059717526,
    "query_dur_ms_est": 20.224332809448242,
    "query_dur_ms_real": 1278.9032459259033,
    "query_dur_ms_err": 0.9841861901016553,
    "order": [
        0,
        1,
        3,
        4,
        5,
        6,
        7,
        8,
        9,
        2
    ],
    "groupby": false
}