{
    "timestamp": "2022-08-06 03:01:34.740126",
    "dataset": "dmv.csv",
    "model": "dmv.csv-2.6MB-model16.669-data16.507-made-resmade-hidden256_256_256_256_256-emb32-directIo-binaryInone_hotOut-inputNoEmbIfLeq-5epochs-seed0.pt",
    "query": "'SELECT Weight_100 FROM dmv.csv WHERE Scofflaw Indicator=Y AND Revocation Indicator=Y'",
    "avg_est": 14.082145690917969,
    "avg_real": 101.0,
    "avg_err": 0.8605728149414062,
    "count_est": 7.213250234746511,
    "count_real": 10,
    "count_err": 0.27867497652534895,
    "sum_est": 101.5780407107486,
    "sum_real": 1010.0,
    "sum_err": 0.8994276824646054,
    "query_dur_ms_est": 20.102739334106445,
    "query_dur_ms_real": 695.671796798706,
    "query_dur_ms_err": 0.9711031273272629,
    "order": [
        0,
        1,
        2,
        3,
        4,
        5,
        6,
        7,
        8,
        9
    ],
    "groupby": false
}