{
    "timestamp": "2022-08-06 03:25:43.739768",
    "dataset": "dmv.csv",
    "model": "dmv.csv-2.6MB-model16.669-data16.507-made-resmade-hidden256_256_256_256_256-emb32-directIo-binaryInone_hotOut-inputNoEmbIfLeq-5epochs-seed0.pt",
    "query": "'SELECT Revocation Indicator FROM dmv.csv WHERE State>=WI AND County<=ONONDAGA AND Fuel Type=NONE AND Suspension Indicator=N AND Registration Class>=NYA AND Model Year>=1944.0 AND Weight_100<=10.0'",
    "avg_est": 1.0000931024551392,
    "avg_real": NaN,
    "avg_err": NaN,
    "count_est": 0.05733104328383298,
    "count_real": 0,
    "count_err": 0,
    "sum_est": 0.0573363809447184,
    "sum_real": NaN,
    "sum_err": NaN,
    "query_dur_ms_est": 21.06618881225586,
    "query_dur_ms_real": 970.1683521270752,
    "query_dur_ms_err": 0.9782860482244462,
    "order": [
        0,
        1,
        2,
        3,
        4,
        5,
        7,
        8,
        9,
        6
    ],
    "groupby": false
}