{
    "timestamp": "2022-08-06 03:37:00.174725",
    "dataset": "dmv.csv",
    "model": "dmv.csv-2.6MB-model16.669-data16.507-made-resmade-hidden256_256_256_256_256-emb32-directIo-binaryInone_hotOut-inputNoEmbIfLeq-5epochs-seed0.pt",
    "query": "'SELECT Record Type FROM dmv.csv WHERE State>=CT AND Registration Class>=JSC<=PSD AND Model Year<=1912.0 AND Weight_100>=23.0'",
    "avg_est": 3.834136962890625,
    "avg_real": NaN,
    "avg_err": NaN,
    "count_est": 2.4806984966598407,
    "count_real": 0,
    "count_err": 0,
    "sum_est": 9.5113377998307,
    "sum_real": NaN,
    "sum_err": NaN,
    "query_dur_ms_est": 20.397186279296875,
    "query_dur_ms_real": 5369.783163070679,
    "query_dur_ms_err": 0.9962014879074497,
    "order": [
        1,
        2,
        3,
        4,
        5,
        6,
        7,
        8,
        9,
        0
    ],
    "groupby": false
}