{
    "timestamp": "2022-08-06 03:03:59.674165",
    "dataset": "dmv.csv",
    "model": "dmv.csv-2.6MB-model16.669-data16.507-made-resmade-hidden256_256_256_256_256-emb32-directIo-binaryInone_hotOut-inputNoEmbIfLeq-5epochs-seed0.pt",
    "query": "'SELECT Record Type FROM dmv.csv WHERE State>=AN<=AN AND Weight_100>=31.0'",
    "avg_est": 3.834136962890625,
    "avg_real": 4.0,
    "avg_err": 0.04146575927734375,
    "count_est": 0.10271965685618767,
    "count_real": 1,
    "count_err": 0.8972803431438123,
    "sum_est": 0.39384123316775055,
    "sum_real": 4.0,
    "sum_err": 0.9015396917080624,
    "query_dur_ms_est": 20.27750015258789,
    "query_dur_ms_real": 2761.6283893585205,
    "query_dur_ms_err": 0.9926574117536147,
    "order": [
        1,
        2,
        3,
        4,
        5,
        6,
        7,
        8,
        9,
        0
    ],
    "groupby": false
}