{
    "timestamp": "2022-08-06 03:08:22.650681",
    "dataset": "dmv.csv",
    "model": "dmv.csv-2.6MB-model16.669-data16.507-made-resmade-hidden256_256_256_256_256-emb32-directIo-binaryInone_hotOut-inputNoEmbIfLeq-5epochs-seed0.pt",
    "query": "'SELECT Suspension Indicator FROM dmv.csv WHERE Scofflaw Indicator=Y'",
    "avg_est": 1.1260098218917847,
    "avg_real": 1.1116828383808683,
    "avg_err": 0.012887653759037184,
    "count_est": 18159.843194175046,
    "count_real": 20406,
    "count_err": 0.11007335126065639,
    "sum_est": 20448.16180065578,
    "sum_real": 22685.0,
    "sum_err": 0.09860428474076349,
    "query_dur_ms_est": 19.986391067504883,
    "query_dur_ms_real": 1043.1499481201172,
    "query_dur_ms_err": 0.9808403469668739,
    "order": [
        0,
        1,
        2,
        3,
        4,
        6,
        7,
        8,
        9,
        5
    ],
    "groupby": false
}