{
    "timestamp": "2022-08-06 03:01:13.959249",
    "dataset": "dmv.csv",
    "model": "dmv.csv-2.6MB-model16.669-data16.507-made-resmade-hidden256_256_256_256_256-emb32-directIo-binaryInone_hotOut-inputNoEmbIfLeq-5epochs-seed0.pt",
    "query": "'SELECT Suspension Indicator FROM dmv.csv WHERE Record Type=TRL AND Fuel Type=ELECTRIC AND Revocation Indicator=N AND Weight_100<=39.0'",
    "avg_est": 1.0001966953277588,
    "avg_real": NaN,
    "avg_err": NaN,
    "count_est": 0.16862943303764766,
    "count_real": 0,
    "count_err": 0,
    "sum_est": 0.1686626016592488,
    "sum_real": NaN,
    "sum_err": NaN,
    "query_dur_ms_est": 20.374059677124023,
    "query_dur_ms_real": 1127.0935535430908,
    "query_dur_ms_err": 0.9819233642024863,
    "order": [
        0,
        1,
        2,
        3,
        4,
        6,
        7,
        8,
        9,
        5
    ],
    "groupby": false
}