{
    "timestamp": "2022-08-06 03:32:19.832450",
    "dataset": "dmv.csv",
    "model": "dmv.csv-2.6MB-model16.669-data16.507-made-resmade-hidden256_256_256_256_256-emb32-directIo-binaryInone_hotOut-inputNoEmbIfLeq-5epochs-seed0.pt",
    "query": "'SELECT Suspension Indicator FROM dmv.csv WHERE Record Type=BOAT AND State<=SS AND County=OSWEGO AND Fuel Type=nan AND Scofflaw Indicator=N AND Revocation Indicator=Y AND Registration Class>=HSM<=LTR AND Model Year<=1936.0 AND Weight_100<=56.0'",
    "avg_est": 1.000171422958374,
    "avg_real": NaN,
    "avg_err": NaN,
    "count_est": 0.0,
    "count_real": 0,
    "count_err": 0,
    "sum_est": 0.0,
    "sum_real": NaN,
    "sum_err": NaN,
    "query_dur_ms_est": 21.05236053466797,
    "query_dur_ms_real": 1083.0059051513672,
    "query_dur_ms_err": 0.9805611765969775,
    "order": [
        0,
        1,
        2,
        3,
        4,
        6,
        7,
        8,
        9,
        5
    ],
    "groupby": false
}