{
    "timestamp": "2022-08-06 03:25:53.252994",
    "dataset": "dmv.csv",
    "model": "dmv.csv-2.6MB-model16.669-data16.507-made-resmade-hidden256_256_256_256_256-emb32-directIo-binaryInone_hotOut-inputNoEmbIfLeq-5epochs-seed0.pt",
    "query": "'SELECT Scofflaw Indicator FROM dmv.csv WHERE Revocation Indicator=Y'",
    "avg_est": 1.0013856887817383,
    "avg_real": 1.0017605633802817,
    "avg_err": 0.000374215767966057,
    "count_est": 5011.685227182577,
    "count_real": 5680,
    "count_err": 0.11766105155236314,
    "sum_est": 5018.629863179488,
    "sum_real": 5690.0,
    "sum_err": 0.11799123669956274,
    "query_dur_ms_est": 20.16425132751465,
    "query_dur_ms_real": 1032.02486038208,
    "query_dur_ms_err": 0.9804614674494863,
    "order": [
        0,
        1,
        2,
        3,
        5,
        6,
        7,
        8,
        9,
        4
    ],
    "groupby": false
}