{
    "timestamp": "2022-08-06 03:30:58.281880",
    "dataset": "dmv.csv",
    "model": "dmv.csv-2.6MB-model16.669-data16.507-made-resmade-hidden256_256_256_256_256-emb32-directIo-binaryInone_hotOut-inputNoEmbIfLeq-5epochs-seed0.pt",
    "query": "'SELECT Revocation Indicator FROM dmv.csv WHERE Record Type=SNOW AND State>=CO<=PQ AND County=NEW YORK AND Fuel Type=nan AND Scofflaw Indicator=Y AND Suspension Indicator=N AND Model Year>=1934.0 AND Weight_100>=50.0<=59.0'",
    "avg_est": 1.0000065565109253,
    "avg_real": NaN,
    "avg_err": NaN,
    "count_est": 0.0,
    "count_real": 0,
    "count_err": 0,
    "sum_est": 0.0,
    "sum_real": NaN,
    "sum_err": NaN,
    "query_dur_ms_est": 20.7364559173584,
    "query_dur_ms_real": 1008.3374977111816,
    "query_dur_ms_err": 0.979435004684019,
    "order": [
        0,
        1,
        2,
        3,
        4,
        5,
        7,
        8,
        9,
        6
    ],
    "groupby": false
}