{
    "timestamp": "2022-08-06 03:12:43.356062",
    "dataset": "dmv.csv",
    "model": "dmv.csv-2.6MB-model16.669-data16.507-made-resmade-hidden256_256_256_256_256-emb32-directIo-binaryInone_hotOut-inputNoEmbIfLeq-5epochs-seed0.pt",
    "query": "'SELECT Record Type FROM dmv.csv WHERE State>=DE AND County=CLINTON AND Suspension Indicator=N AND Registration Class>=AMB<=NYA'",
    "avg_est": 3.834136962890625,
    "avg_real": 3.149567734035843,
    "avg_err": 0.2173533915327415,
    "count_est": 24693.446481229737,
    "count_real": 26951,
    "count_err": 0.08376511145301706,
    "sum_est": 94678.05589484438,
    "sum_real": 84884.0,
    "sum_err": 0.11538164901329319,
    "query_dur_ms_est": 20.35045623779297,
    "query_dur_ms_real": 2895.301580429077,
    "query_dur_ms_err": 0.9929712136464979,
    "order": [
        1,
        2,
        3,
        4,
        5,
        6,
        7,
        8,
        9,
        0
    ],
    "groupby": false
}