{
    "timestamp": "2022-08-06 03:20:28.768329",
    "dataset": "dmv.csv",
    "model": "dmv.csv-2.6MB-model16.669-data16.507-made-resmade-hidden256_256_256_256_256-emb32-directIo-binaryInone_hotOut-inputNoEmbIfLeq-5epochs-seed0.pt",
    "query": "'SELECT Model Year FROM dmv.csv WHERE Suspension Indicator=Y'",
    "avg_est": 113.23619842529297,
    "avg_real": 112.95242569852287,
    "avg_err": 0.002512320784747933,
    "count_est": 141604.22519692034,
    "count_real": 140475,
    "count_err": 0.008038620373164872,
    "sum_est": 16034724.14225834,
    "sum_real": 15866992.0,
    "sum_err": 0.010571136750956986,
    "query_dur_ms_est": 20.071744918823242,
    "query_dur_ms_real": 805.9937953948975,
    "query_dur_ms_err": 0.975096898966835,
    "order": [
        0,
        1,
        2,
        3,
        4,
        5,
        6,
        7,
        9,
        8
    ],
    "groupby": false
}