{
    "timestamp": "2022-08-06 03:25:58.103813",
    "dataset": "dmv.csv",
    "model": "dmv.csv-2.6MB-model16.669-data16.507-made-resmade-hidden256_256_256_256_256-emb32-directIo-binaryInone_hotOut-inputNoEmbIfLeq-5epochs-seed0.pt",
    "query": "'SELECT Revocation Indicator FROM dmv.csv WHERE Record Type=SNOW AND County>=BRONX<=SCHOHARIE AND Suspension Indicator=Y'",
    "avg_est": 1.000003457069397,
    "avg_real": 1.0,
    "avg_err": 3.4570693969726562e-06,
    "count_est": 10.23197416500011,
    "count_real": 5,
    "count_err": 1.0463948330000221,
    "sum_est": 10.232009537644867,
    "sum_real": 5.0,
    "sum_err": 1.0464019075289734,
    "query_dur_ms_est": 20.45440673828125,
    "query_dur_ms_real": 1012.6380920410156,
    "query_dur_ms_err": 0.9798008717042684,
    "order": [
        0,
        1,
        2,
        3,
        4,
        5,
        7,
        8,
        9,
        6
    ],
    "groupby": false
}