{
    "timestamp": "2022-08-06 03:05:50.925501",
    "dataset": "dmv.csv",
    "model": "dmv.csv-2.6MB-model16.669-data16.507-made-resmade-hidden256_256_256_256_256-emb32-directIo-binaryInone_hotOut-inputNoEmbIfLeq-5epochs-seed0.pt",
    "query": "'SELECT Scofflaw Indicator FROM dmv.csv WHERE Record Type=BOAT AND County>=CHEMUNG<=WARREN AND Suspension Indicator=Y AND Model Year>=1900.0<=1927.0'",
    "avg_est": 1.0000414848327637,
    "avg_real": NaN,
    "avg_err": NaN,
    "count_est": 0.0030623299202555687,
    "count_real": 0,
    "count_err": 0,
    "sum_est": 0.0030624569605001775,
    "sum_real": NaN,
    "sum_err": NaN,
    "query_dur_ms_est": 20.351886749267578,
    "query_dur_ms_real": 1100.6355285644531,
    "query_dur_ms_err": 0.981508968027034,
    "order": [
        0,
        1,
        2,
        3,
        5,
        6,
        7,
        8,
        9,
        4
    ],
    "groupby": false
}