{
    "timestamp": "2022-08-06 03:23:42.439533",
    "dataset": "dmv.csv",
    "model": "dmv.csv-2.6MB-model16.669-data16.507-made-resmade-hidden256_256_256_256_256-emb32-directIo-binaryInone_hotOut-inputNoEmbIfLeq-5epochs-seed0.pt",
    "query": "'SELECT Scofflaw Indicator FROM dmv.csv WHERE Record Type=VEH AND Fuel Type=OTHER'",
    "avg_est": 1.0008485317230225,
    "avg_real": 1.0,
    "avg_err": 0.0008485317230224609,
    "count_est": 1358.3459550440894,
    "count_real": 1148,
    "count_err": 0.18322818383631476,
    "sum_est": 1359.4985546777834,
    "sum_real": 1148.0,
    "sum_err": 0.18423219048587408,
    "query_dur_ms_est": 20.21503448486328,
    "query_dur_ms_real": 2603.440284729004,
    "query_dur_ms_err": 0.9922352609339885,
    "order": [
        0,
        1,
        2,
        3,
        5,
        6,
        7,
        8,
        9,
        4
    ],
    "groupby": false
}