{
    "timestamp": "2022-08-06 03:01:58.564454",
    "dataset": "dmv.csv",
    "model": "dmv.csv-2.6MB-model16.669-data16.507-made-resmade-hidden256_256_256_256_256-emb32-directIo-binaryInone_hotOut-inputNoEmbIfLeq-5epochs-seed0.pt",
    "query": "'SELECT Scofflaw Indicator FROM dmv.csv WHERE Record Type=VEH AND County>=BROOME AND Fuel Type=NONE AND Suspension Indicator=Y AND Revocation Indicator=N AND Registration Class>=CCK<=NYS AND Model Year>=1945.0<=2019.0 AND Weight_100<=40.0'",
    "avg_est": 1.0007802248001099,
    "avg_real": NaN,
    "avg_err": NaN,
    "count_est": 3.5259147696954187,
    "count_real": 0,
    "count_err": 0,
    "sum_est": 3.5286657758418087,
    "sum_real": NaN,
    "sum_err": NaN,
    "query_dur_ms_est": 20.84064483642578,
    "query_dur_ms_real": 4170.782566070557,
    "query_dur_ms_err": 0.9950031811761263,
    "order": [
        0,
        1,
        2,
        3,
        5,
        6,
        7,
        8,
        9,
        4
    ],
    "groupby": false
}