{
    "timestamp": "2022-08-06 03:27:15.970057",
    "dataset": "dmv.csv",
    "model": "dmv.csv-2.6MB-model16.669-data16.507-made-resmade-hidden256_256_256_256_256-emb32-directIo-binaryInone_hotOut-inputNoEmbIfLeq-5epochs-seed0.pt",
    "query": "'SELECT Scofflaw Indicator FROM dmv.csv WHERE Record Type=BOAT AND County>=HERKIMER<=STEUBEN AND Fuel Type=FLEX AND Suspension Indicator=N AND Revocation Indicator=Y AND Registration Class>=TOW AND Model Year>=1905.0 AND Weight_100<=78.0'",
    "avg_est": 1.000046968460083,
    "avg_real": NaN,
    "avg_err": NaN,
    "count_est": 1.969395215381158e-27,
    "count_real": 0,
    "count_err": 0,
    "sum_est": 1.9694877148417193e-27,
    "sum_real": NaN,
    "sum_err": NaN,
    "query_dur_ms_est": 21.329879760742188,
    "query_dur_ms_real": 1081.3288688659668,
    "query_dur_ms_err": 0.980274382405871,
    "order": [
        0,
        1,
        2,
        3,
        5,
        6,
        7,
        8,
        9,
        4
    ],
    "groupby": false
}