{
    "timestamp": "2022-08-06 03:07:23.301585",
    "dataset": "dmv.csv",
    "model": "dmv.csv-2.6MB-model16.669-data16.507-made-resmade-hidden256_256_256_256_256-emb32-directIo-binaryInone_hotOut-inputNoEmbIfLeq-5epochs-seed0.pt",
    "query": "'SELECT Model Year FROM dmv.csv WHERE Fuel Type=COMP N/G AND Suspension Indicator=N'",
    "avg_est": 115.53787231445312,
    "avg_real": 115.00650310375407,
    "avg_err": 0.004620340557782853,
    "count_est": 3673.8342996547,
    "count_real": 3383,
    "count_err": 0.08596934663159914,
    "sum_est": 424466.99821796303,
    "sum_real": 389067.0,
    "sum_err": 0.09098689484835011,
    "query_dur_ms_est": 20.165681838989258,
    "query_dur_ms_real": 617.2001361846924,
    "query_dur_ms_err": 0.9673271591227341,
    "order": [
        0,
        1,
        2,
        3,
        4,
        5,
        6,
        7,
        9,
        8
    ],
    "groupby": false
}