{
    "timestamp": "2022-08-06 03:37:07.609981",
    "dataset": "dmv.csv",
    "model": "dmv.csv-2.6MB-model16.669-data16.507-made-resmade-hidden256_256_256_256_256-emb32-directIo-binaryInone_hotOut-inputNoEmbIfLeq-5epochs-seed0.pt",
    "query": "'SELECT Weight_100 FROM dmv.csv WHERE Record Type=TRL AND County>=GREENE<=ONONDAGA AND Fuel Type=OTHER AND Scofflaw Indicator=N AND Suspension Indicator=Y AND Revocation Indicator=N AND Registration Class>=OMF<=STG AND Model Year<=2020.0'",
    "avg_est": 90.49720764160156,
    "avg_real": NaN,
    "avg_err": NaN,
    "count_est": 9.997091049794918e-05,
    "count_real": 0,
    "count_err": 0,
    "sum_est": 0.009047088245452872,
    "sum_real": NaN,
    "sum_err": NaN,
    "query_dur_ms_est": 20.8590030670166,
    "query_dur_ms_real": 912.3964309692383,
    "query_dur_ms_err": 0.9771382237380541,
    "order": [
        0,
        1,
        2,
        3,
        4,
        5,
        6,
        7,
        8,
        9
    ],
    "groupby": false
}