{
    "timestamp": "2022-08-06 03:33:37.447435",
    "dataset": "dmv.csv",
    "model": "dmv.csv-2.6MB-model16.669-data16.507-made-resmade-hidden256_256_256_256_256-emb32-directIo-binaryInone_hotOut-inputNoEmbIfLeq-5epochs-seed0.pt",
    "query": "'SELECT Weight_100 FROM dmv.csv WHERE Suspension Indicator=N'",
    "avg_est": 39.97968292236328,
    "avg_real": 62.29839424633657,
    "avg_err": 0.3582550014968601,
    "count_est": 12507846.012159586,
    "count_real": 12505841,
    "count_err": 0.0001603260556076119,
    "sum_est": 500059717.60788625,
    "sum_real": 779093813.0,
    "sum_err": 0.35815211305254424,
    "query_dur_ms_est": 20.4927921295166,
    "query_dur_ms_real": 13957.504510879517,
    "query_dur_ms_err": 0.9985317724874426,
    "order": [
        0,
        1,
        2,
        3,
        4,
        5,
        6,
        7,
        8,
        9
    ],
    "groupby": false
}