{
    "timestamp": "2022-08-06 03:05:09.749452",
    "dataset": "dmv.csv",
    "model": "dmv.csv-2.6MB-model16.669-data16.507-made-resmade-hidden256_256_256_256_256-emb32-directIo-binaryInone_hotOut-inputNoEmbIfLeq-5epochs-seed0.pt",
    "query": "'SELECT Suspension Indicator FROM dmv.csv WHERE Scofflaw Indicator=Y AND Weight_100<=52.0'",
    "avg_est": 1.1239566802978516,
    "avg_real": 1.1238574509602548,
    "avg_err": 8.829352647168736e-05,
    "count_est": 8763.990220684558,
    "count_real": 9737,
    "count_err": 0.09992911361974344,
    "sum_est": 9850.34535460345,
    "sum_real": 10943.000000000002,
    "sum_err": 0.09984964318711056,
    "query_dur_ms_est": 20.232200622558594,
    "query_dur_ms_real": 1027.8058052062988,
    "query_dur_ms_err": 0.9803151524149082,
    "order": [
        0,
        1,
        2,
        3,
        4,
        6,
        7,
        8,
        9,
        5
    ],
    "groupby": false
}