{
    "timestamp": "2022-08-06 03:02:07.870064",
    "dataset": "dmv.csv",
    "model": "dmv.csv-2.6MB-model16.669-data16.507-made-resmade-hidden256_256_256_256_256-emb32-directIo-binaryInone_hotOut-inputNoEmbIfLeq-5epochs-seed0.pt",
    "query": "'SELECT Model Year FROM dmv.csv WHERE Record Type=TRL'",
    "avg_est": 109.95088195800781,
    "avg_real": 109.26030268864504,
    "avg_err": 0.006320495663742479,
    "count_est": 781843.5492842644,
    "count_real": 775186,
    "count_err": 0.008588324975250385,
    "sum_est": 85964387.79698402,
    "sum_real": 84697057.0,
    "sum_err": 0.014963103109757602,
    "query_dur_ms_est": 20.090103149414062,
    "query_dur_ms_real": 1179.8875331878662,
    "query_dur_ms_err": 0.982972865985681,
    "order": [
        0,
        1,
        2,
        3,
        4,
        5,
        6,
        7,
        9,
        8
    ],
    "groupby": false
}