{
    "timestamp": "2022-08-06 03:30:40.018303",
    "dataset": "dmv.csv",
    "model": "dmv.csv-2.6MB-model16.669-data16.507-made-resmade-hidden256_256_256_256_256-emb32-directIo-binaryInone_hotOut-inputNoEmbIfLeq-5epochs-seed0.pt",
    "query": "'SELECT State FROM dmv.csv WHERE Registration Class>=OMT<=RGL AND Model Year>=1982.0<=2024.0'",
    "avg_est": 51.85077667236328,
    "avg_real": 51.90488601868594,
    "avg_err": 0.0010424711520064232,
    "count_est": 9647505.813257933,
    "count_real": 9564945,
    "count_err": 0.008631603554221448,
    "sum_est": 500230669.36856353,
    "sum_real": 496467380.0,
    "sum_err": 0.007580134204514167,
    "query_dur_ms_est": 20.71666717529297,
    "query_dur_ms_real": 42660.852909088135,
    "query_dur_ms_err": 0.9995143869434715,
    "order": [
        0,
        2,
        3,
        4,
        5,
        6,
        7,
        8,
        9,
        1
    ],
    "groupby": false
}