{
    "timestamp": "2022-08-06 03:01:05.851237",
    "dataset": "dmv.csv",
    "model": "dmv.csv-2.6MB-model16.669-data16.507-made-resmade-hidden256_256_256_256_256-emb32-directIo-binaryInone_hotOut-inputNoEmbIfLeq-5epochs-seed0.pt",
    "query": "'SELECT Model Year FROM dmv.csv WHERE Record Type=VEH AND State>=MA<=PR AND County<=TIOGA AND Scofflaw Indicator=N AND Revocation Indicator=N AND Weight_100<=62.0'",
    "avg_est": 114.98507690429688,
    "avg_real": 113.19212175872237,
    "avg_err": 0.01583992876638827,
    "count_est": 5377630.596653104,
    "count_real": 5430806,
    "count_err": 0.009791438572266468,
    "sum_est": 618347267.7190571,
    "sum_real": 614724454.0,
    "sum_err": 0.00589339450461667,
    "query_dur_ms_est": 20.627737045288086,
    "query_dur_ms_real": 16541.65506362915,
    "query_dur_ms_err": 0.9987529822762027,
    "order": [
        0,
        1,
        2,
        3,
        4,
        5,
        6,
        7,
        9,
        8
    ],
    "groupby": false
}