{
    "timestamp": "2022-08-06 03:13:13.102784",
    "dataset": "dmv.csv",
    "model": "dmv.csv-2.6MB-model16.669-data16.507-made-resmade-hidden256_256_256_256_256-emb32-directIo-binaryInone_hotOut-inputNoEmbIfLeq-5epochs-seed0.pt",
    "query": "'SELECT Suspension Indicator FROM dmv.csv WHERE State>=NV AND County>=SUFFOLK AND Scofflaw Indicator=Y AND Revocation Indicator=N AND Registration Class<=JCA AND Model Year=1944.0 AND Weight_100<=47.0'",
    "avg_est": 1.1097770929336548,
    "avg_real": NaN,
    "avg_err": NaN,
    "count_est": 0.0001744403296889338,
    "count_real": 0,
    "count_err": 0,
    "sum_est": 0.00019358988197257327,
    "sum_real": NaN,
    "sum_err": NaN,
    "query_dur_ms_est": 21.1639404296875,
    "query_dur_ms_real": 3359.6415519714355,
    "query_dur_ms_err": 0.993700536172596,
    "order": [
        0,
        1,
        2,
        3,
        4,
        6,
        7,
        8,
        9,
        5
    ],
    "groupby": false
}