{
    "timestamp": "2022-08-06 03:12:39.284573",
    "dataset": "dmv.csv",
    "model": "dmv.csv-2.6MB-model16.669-data16.507-made-resmade-hidden256_256_256_256_256-emb32-directIo-binaryInone_hotOut-inputNoEmbIfLeq-5epochs-seed0.pt",
    "query": "'SELECT State FROM dmv.csv WHERE Fuel Type=NONE AND Scofflaw Indicator=Y AND Suspension Indicator=N AND Revocation Indicator=N AND Model Year<=1970.0'",
    "avg_est": 51.849212646484375,
    "avg_real": NaN,
    "avg_err": NaN,
    "count_est": 0.3118008717555938,
    "count_real": 0,
    "count_err": 0,
    "sum_est": 16.166629703014987,
    "sum_real": NaN,
    "sum_err": NaN,
    "query_dur_ms_est": 20.435333251953125,
    "query_dur_ms_real": 1115.1554584503174,
    "query_dur_ms_err": 0.9816749018290677,
    "order": [
        0,
        2,
        3,
        4,
        5,
        6,
        7,
        8,
        9,
        1
    ],
    "groupby": false
}