{
    "timestamp": "2022-08-06 03:07:22.598291",
    "dataset": "dmv.csv",
    "model": "dmv.csv-2.6MB-model16.669-data16.507-made-resmade-hidden256_256_256_256_256-emb32-directIo-binaryInone_hotOut-inputNoEmbIfLeq-5epochs-seed0.pt",
    "query": "'SELECT County FROM dmv.csv WHERE Fuel Type=PROPANE'",
    "avg_est": 34.45079803466797,
    "avg_real": 31.888192267502614,
    "avg_err": 0.0803622151318034,
    "count_est": 778.10198527592,
    "count_real": 957,
    "count_err": 0.18693627452881922,
    "sum_est": 26806.23434511491,
    "sum_real": 30517.0,
    "sum_err": 0.1215966725066386,
    "query_dur_ms_est": 20.084381103515625,
    "query_dur_ms_real": 1173.0821132659912,
    "query_dur_ms_err": 0.9828789639903396,
    "order": [
        0,
        1,
        3,
        4,
        5,
        6,
        7,
        8,
        9,
        2
    ],
    "groupby": false
}