{
    "timestamp": "2022-08-06 03:07:43.425919",
    "dataset": "dmv.csv",
    "model": "dmv.csv-2.6MB-model16.669-data16.507-made-resmade-hidden256_256_256_256_256-emb32-directIo-binaryInone_hotOut-inputNoEmbIfLeq-5epochs-seed0.pt",
    "query": "'SELECT Registration Class FROM dmv.csv WHERE Record Type=BOAT'",
    "avg_est": 7.000007152557373,
    "avg_real": 7.0,
    "avg_err": 1.0217939104352678e-06,
    "count_est": 364348.39701479673,
    "count_real": 365645,
    "count_err": 0.003546070601822167,
    "sum_est": 2550441.3851263905,
    "sum_real": 2559515.0,
    "sum_err": 0.003545052431265105,
    "query_dur_ms_est": 20.36571502685547,
    "query_dur_ms_real": 1680.8030605316162,
    "query_dur_ms_err": 0.9878833424896227,
    "order": [
        0,
        1,
        2,
        3,
        4,
        5,
        6,
        8,
        9,
        7
    ],
    "groupby": false
}