{
    "timestamp": "2022-08-06 03:02:55.453058",
    "dataset": "dmv.csv",
    "model": "dmv.csv-2.6MB-model16.669-data16.507-made-resmade-hidden256_256_256_256_256-emb32-directIo-binaryInone_hotOut-inputNoEmbIfLeq-5epochs-seed0.pt",
    "query": "'SELECT Revocation Indicator FROM dmv.csv WHERE Scofflaw Indicator=Y'",
    "avg_est": 1.0004891157150269,
    "avg_real": 1.0004900519455062,
    "avg_err": 9.357719025233708e-07,
    "count_est": 17760.633205303922,
    "count_real": 20406,
    "count_err": 0.12963671443183758,
    "sum_est": 17769.320210113463,
    "sum_real": 20416.0,
    "sum_err": 0.12963752889334526,
    "query_dur_ms_est": 19.974946975708008,
    "query_dur_ms_real": 1076.7371654510498,
    "query_dur_ms_err": 0.9814486323899292,
    "order": [
        0,
        1,
        2,
        3,
        4,
        5,
        7,
        8,
        9,
        6
    ],
    "groupby": false
}