{
    "timestamp": "2022-08-06 02:58:40.345879",
    "dataset": "dmv.csv",
    "model": "dmv.csv-2.6MB-model16.669-data16.507-made-resmade-hidden256_256_256_256_256-emb32-directIo-binaryInone_hotOut-inputNoEmbIfLeq-5epochs-seed0.pt",
    "query": "'SELECT State FROM dmv.csv WHERE County>=MONROE AND Fuel Type=FLEX AND Scofflaw Indicator=Y AND Suspension Indicator=N AND Model Year>=1999.0 AND Weight_100>=81.0'",
    "avg_est": 51.85257339477539,
    "avg_real": 52.0,
    "avg_err": 0.0028351270235501803,
    "count_est": 7.37162655869065,
    "count_real": 9,
    "count_err": 0.18093038236770553,
    "sum_est": 382.23780717338246,
    "sum_real": 468.0,
    "sum_err": 0.1832525487748238,
    "query_dur_ms_est": 20.62702178955078,
    "query_dur_ms_real": 2370.0759410858154,
    "query_dur_ms_err": 0.9912968941492648,
    "order": [
        0,
        2,
        3,
        4,
        5,
        6,
        7,
        8,
        9,
        1
    ],
    "groupby": false
}