{
    "timestamp": "2022-08-06 03:22:43.066530",
    "dataset": "dmv.csv",
    "model": "dmv.csv-2.6MB-model16.669-data16.507-made-resmade-hidden256_256_256_256_256-emb32-directIo-binaryInone_hotOut-inputNoEmbIfLeq-5epochs-seed0.pt",
    "query": "'SELECT County FROM dmv.csv WHERE Record Type=SNOW AND State>=AN<=SC AND Scofflaw Indicator=Y AND Revocation Indicator=N AND Weight_100>=76.0'",
    "avg_est": 31.942506790161133,
    "avg_real": NaN,
    "avg_err": NaN,
    "count_est": 1.8478430206369926e-06,
    "count_real": 0,
    "count_err": 0,
    "sum_est": 5.902473823384899e-05,
    "sum_real": NaN,
    "sum_err": NaN,
    "query_dur_ms_est": 20.4617977142334,
    "query_dur_ms_real": 1225.0611782073975,
    "query_dur_ms_err": 0.9832973258166791,
    "order": [
        0,
        1,
        3,
        4,
        5,
        6,
        7,
        8,
        9,
        2
    ],
    "groupby": false
}