{
    "timestamp": "2022-08-06 03:01:33.958832",
    "dataset": "dmv.csv",
    "model": "dmv.csv-2.6MB-model16.669-data16.507-made-resmade-hidden256_256_256_256_256-emb32-directIo-binaryInone_hotOut-inputNoEmbIfLeq-5epochs-seed0.pt",
    "query": "'SELECT Model Year FROM dmv.csv WHERE Registration Class>=MED<=NLM'",
    "avg_est": 109.48114013671875,
    "avg_real": 107.8609723114696,
    "avg_err": 0.015020890230533098,
    "count_est": 337591.96882644296,
    "count_real": 312801,
    "count_err": 0.07925476205780338,
    "sum_est": 36959953.648118585,
    "sum_real": 33739020.0,
    "sum_err": 0.09546612936945369,
    "query_dur_ms_est": 20.29132843017578,
    "query_dur_ms_real": 2363.6391162872314,
    "query_dur_ms_err": 0.9914152172003106,
    "order": [
        0,
        1,
        2,
        3,
        4,
        5,
        6,
        7,
        9,
        8
    ],
    "groupby": false
}