{
    "timestamp": "2022-08-06 03:38:24.671617",
    "dataset": "dmv.csv",
    "model": "dmv.csv-2.6MB-model16.669-data16.507-made-resmade-hidden256_256_256_256_256-emb32-directIo-binaryInone_hotOut-inputNoEmbIfLeq-5epochs-seed0.pt",
    "query": "'SELECT Weight_100 FROM dmv.csv WHERE State>=CT<=LA AND Fuel Type=ELECTRIC AND Suspension Indicator=Y'",
    "avg_est": 64.6273422241211,
    "avg_real": 85.125,
    "avg_err": 0.24079480500298275,
    "count_est": 2.286821099929057,
    "count_real": 8,
    "count_err": 0.7141473625088679,
    "sum_est": 147.79116983045617,
    "sum_real": 681.0,
    "sum_err": 0.7829791926131334,
    "query_dur_ms_est": 20.278215408325195,
    "query_dur_ms_real": 2449.244260787964,
    "query_dur_ms_err": 0.9917206234866092,
    "order": [
        0,
        1,
        2,
        3,
        4,
        5,
        6,
        7,
        8,
        9
    ],
    "groupby": false
}