{
    "timestamp": "2022-08-06 03:26:22.895293",
    "dataset": "dmv.csv",
    "model": "dmv.csv-2.6MB-model16.669-data16.507-made-resmade-hidden256_256_256_256_256-emb32-directIo-binaryInone_hotOut-inputNoEmbIfLeq-5epochs-seed0.pt",
    "query": "'SELECT Revocation Indicator FROM dmv.csv WHERE County<=HAMILTON AND Fuel Type=OTHER AND Scofflaw Indicator=N AND Suspension Indicator=N AND Model Year<=1991.0 AND Weight_100>=17.0<=41.0'",
    "avg_est": 1.0008941888809204,
    "avg_real": NaN,
    "avg_err": NaN,
    "count_est": 0.8029006627388071,
    "count_real": 0,
    "count_err": 0,
    "sum_est": 0.8036186075839118,
    "sum_real": NaN,
    "sum_err": NaN,
    "query_dur_ms_est": 20.72763442993164,
    "query_dur_ms_real": 1581.557273864746,
    "query_dur_ms_err": 0.9868941613607954,
    "order": [
        0,
        1,
        2,
        3,
        4,
        5,
        7,
        8,
        9,
        6
    ],
    "groupby": false
}