{
    "timestamp": "2022-08-06 03:18:28.651216",
    "dataset": "dmv.csv",
    "model": "dmv.csv-2.6MB-model16.669-data16.507-made-resmade-hidden256_256_256_256_256-emb32-directIo-binaryInone_hotOut-inputNoEmbIfLeq-5epochs-seed0.pt",
    "query": "'SELECT Revocation Indicator FROM dmv.csv WHERE State>=IA AND Weight_100>=89.0'",
    "avg_est": 1.0003927946090698,
    "avg_real": 1.0000037557909602,
    "avg_err": 0.0003890373569665998,
    "count_est": 1113301.6872024536,
    "count_real": 1065022,
    "count_err": 0.045332103188904654,
    "sum_est": 1113738.986103455,
    "sum_real": 1065026.0,
    "sum_err": 0.04573877642748165,
    "query_dur_ms_est": 20.31683921813965,
    "query_dur_ms_real": 2627.2857189178467,
    "query_dur_ms_err": 0.9922669852495114,
    "order": [
        0,
        1,
        2,
        3,
        4,
        5,
        7,
        8,
        9,
        6
    ],
    "groupby": false
}