{
    "timestamp": "2022-08-06 03:07:48.953844",
    "dataset": "dmv.csv",
    "model": "dmv.csv-2.6MB-model16.669-data16.507-made-resmade-hidden256_256_256_256_256-emb32-directIo-binaryInone_hotOut-inputNoEmbIfLeq-5epochs-seed0.pt",
    "query": "'SELECT State FROM dmv.csv WHERE Record Type=SNOW AND Scofflaw Indicator=N AND Suspension Indicator=N AND Revocation Indicator=N'",
    "avg_est": 51.63405990600586,
    "avg_real": 51.678915886527335,
    "avg_err": 0.0008679744873125248,
    "count_est": 111317.75491949171,
    "count_real": 113014,
    "count_err": 0.015009158869770929,
    "sum_est": 5747787.6261151135,
    "sum_real": 5840441.0,
    "sum_err": 0.015864105790108402,
    "query_dur_ms_est": 20.29132843017578,
    "query_dur_ms_real": 1290.4651165008545,
    "query_dur_ms_err": 0.9842759574275076,
    "order": [
        0,
        2,
        3,
        4,
        5,
        6,
        7,
        8,
        9,
        1
    ],
    "groupby": false
}