{
    "timestamp": "2022-08-06 03:03:19.729932",
    "dataset": "dmv.csv",
    "model": "dmv.csv-2.6MB-model16.669-data16.507-made-resmade-hidden256_256_256_256_256-emb32-directIo-binaryInone_hotOut-inputNoEmbIfLeq-5epochs-seed0.pt",
    "query": "'SELECT State FROM dmv.csv WHERE Record Type=BOAT AND Fuel Type=FLEX'",
    "avg_est": 51.53016662597656,
    "avg_real": 51.17088607594937,
    "avg_err": 0.007021190711724996,
    "count_est": 388.1147955927154,
    "count_real": 316,
    "count_err": 0.22821137845796008,
    "sum_est": 19999.620086899457,
    "sum_real": 16170.0,
    "sum_err": 0.23683488478042403,
    "query_dur_ms_est": 20.353317260742188,
    "query_dur_ms_real": 1020.7867622375488,
    "query_dur_ms_err": 0.9800611469371644,
    "order": [
        0,
        2,
        3,
        4,
        5,
        6,
        7,
        8,
        9,
        1
    ],
    "groupby": false
}