{
    "timestamp": "2022-08-06 03:14:48.233269",
    "dataset": "dmv.csv",
    "model": "dmv.csv-2.6MB-model16.669-data16.507-made-resmade-hidden256_256_256_256_256-emb32-directIo-binaryInone_hotOut-inputNoEmbIfLeq-5epochs-seed0.pt",
    "query": "'SELECT Scofflaw Indicator FROM dmv.csv WHERE Revocation Indicator=Y'",
    "avg_est": 1.0014219284057617,
    "avg_real": 1.0017605633802817,
    "avg_err": 0.00033803983396726525,
    "count_est": 4781.549231794779,
    "count_real": 5680,
    "count_err": 0.15817795214880648,
    "sum_est": 4788.348252471016,
    "sum_real": 5690.0,
    "sum_err": 0.15846252153409207,
    "query_dur_ms_est": 20.164966583251953,
    "query_dur_ms_real": 997.8125095367432,
    "query_dur_ms_err": 0.9797908260414434,
    "order": [
        0,
        1,
        2,
        3,
        5,
        6,
        7,
        8,
        9,
        4
    ],
    "groupby": false
}