{
    "timestamp": "2022-08-06 03:08:53.044925",
    "dataset": "dmv.csv",
    "model": "dmv.csv-2.6MB-model16.669-data16.507-made-resmade-hidden256_256_256_256_256-emb32-directIo-binaryInone_hotOut-inputNoEmbIfLeq-5epochs-seed0.pt",
    "query": "'SELECT Model Year FROM dmv.csv WHERE County>=CATTARAUGUS'",
    "avg_est": 114.16029357910156,
    "avg_real": 113.1326286055653,
    "avg_err": 0.009083718695507332,
    "count_est": 11873659.18149662,
    "count_real": 11858196,
    "count_err": 0.0013040079196380444,
    "sum_est": 1355500418.017849,
    "sum_real": 1341548884.0,
    "sum_err": 0.010399571856264143,
    "query_dur_ms_est": 20.23625373840332,
    "query_dur_ms_real": 17052.875518798828,
    "query_dur_ms_err": 0.9988133230834826,
    "order": [
        0,
        1,
        2,
        3,
        4,
        5,
        6,
        7,
        9,
        8
    ],
    "groupby": false
}