{
    "timestamp": "2022-08-06 03:36:04.729262",
    "dataset": "dmv.csv",
    "model": "dmv.csv-2.6MB-model16.669-data16.507-made-resmade-hidden256_256_256_256_256-emb32-directIo-binaryInone_hotOut-inputNoEmbIfLeq-5epochs-seed0.pt",
    "query": "'SELECT Scofflaw Indicator FROM dmv.csv WHERE Record Type=VEH AND State>=AN AND County>=NASSAU<=TOMPKINS AND Fuel Type=GAS AND Suspension Indicator=N AND Revocation Indicator=N AND Registration Class>=SPC<=STG AND Model Year>=1960.0<=1979.0 AND Weight_100<=12.0'",
    "avg_est": 1.0013707876205444,
    "avg_real": 1.0,
    "avg_err": 0.0013707876205444336,
    "count_est": 1416.938575642038,
    "count_real": 1441,
    "count_err": 0.016697726827177028,
    "sum_est": 1418.8808975006,
    "sum_real": 1441.0,
    "sum_err": 0.015349828243858442,
    "query_dur_ms_est": 20.827054977416992,
    "query_dur_ms_real": 8852.715015411377,
    "query_dur_ms_err": 0.997647382193919,
    "order": [
        0,
        1,
        2,
        3,
        5,
        6,
        7,
        8,
        9,
        4
    ],
    "groupby": false
}