{
    "timestamp": "2022-08-06 03:08:13.286599",
    "dataset": "dmv.csv",
    "model": "dmv.csv-2.6MB-model16.669-data16.507-made-resmade-hidden256_256_256_256_256-emb32-directIo-binaryInone_hotOut-inputNoEmbIfLeq-5epochs-seed0.pt",
    "query": "'SELECT Revocation Indicator FROM dmv.csv WHERE Registration Class>=BOT<=SEM'",
    "avg_est": 1.0004148483276367,
    "avg_real": 1.0004803014659216,
    "avg_err": 6.542171613871212e-05,
    "count_est": 11810429.1693573,
    "count_real": 11823824,
    "count_err": 0.001132867898126714,
    "sum_est": 11815328.70614688,
    "sum_real": 11829502.999999998,
    "sum_err": 0.0011982155001033449,
    "query_dur_ms_est": 20.130157470703125,
    "query_dur_ms_real": 7360.340595245361,
    "query_dur_ms_err": 0.99726505082065,
    "order": [
        0,
        1,
        2,
        3,
        4,
        5,
        7,
        8,
        9,
        6
    ],
    "groupby": false
}