{
    "timestamp": "2022-08-06 03:24:57.038708",
    "dataset": "dmv.csv",
    "model": "dmv.csv-2.6MB-model16.669-data16.507-made-resmade-hidden256_256_256_256_256-emb32-directIo-binaryInone_hotOut-inputNoEmbIfLeq-5epochs-seed0.pt",
    "query": "'SELECT State FROM dmv.csv WHERE Record Type=SNOW AND Fuel Type=COMP N/G'",
    "avg_est": 51.63405990600586,
    "avg_real": NaN,
    "avg_err": NaN,
    "count_est": 9.645455104733379e-06,
    "count_real": 0,
    "count_err": 0,
    "sum_est": 0.0004980340066984933,
    "sum_real": NaN,
    "sum_err": NaN,
    "query_dur_ms_est": 20.200490951538086,
    "query_dur_ms_real": 994.4906234741211,
    "query_dur_ms_err": 0.9796876003908711,
    "order": [
        0,
        2,
        3,
        4,
        5,
        6,
        7,
        8,
        9,
        1
    ],
    "groupby": false
}