{
    "timestamp": "2022-08-06 03:14:03.791501",
    "dataset": "dmv.csv",
    "model": "dmv.csv-2.6MB-model16.669-data16.507-made-resmade-hidden256_256_256_256_256-emb32-directIo-binaryInone_hotOut-inputNoEmbIfLeq-5epochs-seed0.pt",
    "query": "'SELECT Weight_100 FROM dmv.csv WHERE Record Type=TRL AND State>=NJ<=PK AND County<=WASHINGTON AND Scofflaw Indicator=Y AND Suspension Indicator=N AND Registration Class>=PHS'",
    "avg_est": 59.15879821777344,
    "avg_real": 99.98333333333333,
    "avg_err": 0.40831340338949723,
    "count_est": 73.22239593911218,
    "count_real": 60,
    "count_err": 0.2203732656518696,
    "sum_est": 4331.74894638385,
    "sum_real": 5999.0,
    "sum_err": 0.2779214958520003,
    "query_dur_ms_est": 20.57051658630371,
    "query_dur_ms_real": 1120.3639507293701,
    "query_dur_ms_err": 0.9816394337099903,
    "order": [
        0,
        1,
        2,
        3,
        4,
        5,
        6,
        7,
        8,
        9
    ],
    "groupby": false
}