{
    "timestamp": "2022-08-06 03:37:37.052787",
    "dataset": "dmv.csv",
    "model": "dmv.csv-2.6MB-model16.669-data16.507-made-resmade-hidden256_256_256_256_256-emb32-directIo-binaryInone_hotOut-inputNoEmbIfLeq-5epochs-seed0.pt",
    "query": "'SELECT State FROM dmv.csv WHERE Record Type=VEH AND County>=HAMILTON<=NASSAU AND Fuel Type=OTHER AND Scofflaw Indicator=N AND Suspension Indicator=Y AND Revocation Indicator=N AND Registration Class<=PAS AND Model Year<=1912.0 AND Weight_100<=37.0'",
    "avg_est": 51.86949157714844,
    "avg_real": NaN,
    "avg_err": NaN,
    "count_est": 5.670113777723725e-06,
    "count_real": 0,
    "count_err": 0,
    "sum_est": 0.0002941059188351141,
    "sum_real": NaN,
    "sum_err": NaN,
    "query_dur_ms_est": 20.824432373046875,
    "query_dur_ms_real": 4520.695447921753,
    "query_dur_ms_err": 0.9953935334479078,
    "order": [
        0,
        2,
        3,
        4,
        5,
        6,
        7,
        8,
        9,
        1
    ],
    "groupby": false
}