{
    "timestamp": "2022-08-06 03:02:37.314730",
    "dataset": "dmv.csv",
    "model": "dmv.csv-2.6MB-model16.669-data16.507-made-resmade-hidden256_256_256_256_256-emb32-directIo-binaryInone_hotOut-inputNoEmbIfLeq-5epochs-seed0.pt",
    "query": "'SELECT Suspension Indicator FROM dmv.csv WHERE County=ULSTER AND Scofflaw Indicator=N'",
    "avg_est": 1.0093331336975098,
    "avg_real": 1.0088142266262634,
    "avg_err": 0.0005143732686856677,
    "count_est": 185944.00126245245,
    "count_real": 180844,
    "count_err": 0.028201108482739008,
    "sum_est": 187679.44148648484,
    "sum_real": 182437.99999999997,
    "sum_err": 0.028729987647775502,
    "query_dur_ms_est": 20.270109176635742,
    "query_dur_ms_real": 1197.8967189788818,
    "query_dur_ms_err": 0.9830785836078468,
    "order": [
        0,
        1,
        2,
        3,
        4,
        6,
        7,
        8,
        9,
        5
    ],
    "groupby": false
}