{
    "timestamp": "2022-08-06 03:27:08.480286",
    "dataset": "dmv.csv",
    "model": "dmv.csv-2.6MB-model16.669-data16.507-made-resmade-hidden256_256_256_256_256-emb32-directIo-binaryInone_hotOut-inputNoEmbIfLeq-5epochs-seed0.pt",
    "query": "'SELECT Registration Class FROM dmv.csv WHERE State>=ME<=OR AND County>=CHENANGO AND Fuel Type=COMP N/G AND Scofflaw Indicator=N AND Suspension Indicator=N AND Revocation Indicator=N AND Model Year>=1927.0'",
    "avg_est": 38.656463623046875,
    "avg_real": 38.97836538461539,
    "avg_err": 0.008258472575547389,
    "count_est": 2733.769167389779,
    "count_real": 2496,
    "count_err": 0.09526008308885373,
    "sum_est": 105677.84837301013,
    "sum_real": 97290.0,
    "sum_err": 0.08621490772957272,
    "query_dur_ms_est": 20.727872848510742,
    "query_dur_ms_real": 6328.171968460083,
    "query_dur_ms_err": 0.9967245086018807,
    "order": [
        0,
        1,
        2,
        3,
        4,
        5,
        6,
        8,
        9,
        7
    ],
    "groupby": false
}