{
    "timestamp": "2022-08-06 03:18:52.453168",
    "dataset": "dmv.csv",
    "model": "dmv.csv-2.6MB-model16.669-data16.507-made-resmade-hidden256_256_256_256_256-emb32-directIo-binaryInone_hotOut-inputNoEmbIfLeq-5epochs-seed0.pt",
    "query": "'SELECT Weight_100 FROM dmv.csv WHERE County>=NASSAU AND Revocation Indicator=Y'",
    "avg_est": 4.800954341888428,
    "avg_real": 100.74963862387973,
    "avg_err": 0.9523476768009915,
    "count_est": 3224.6411696620053,
    "count_real": 3459,
    "count_err": 0.06775334788609272,
    "sum_est": 15481.355024520983,
    "sum_real": 348493.0,
    "sum_err": 0.9555762812322743,
    "query_dur_ms_est": 20.25604248046875,
    "query_dur_ms_real": 1928.7984371185303,
    "query_dur_ms_err": 0.9894981030206922,
    "order": [
        0,
        1,
        2,
        3,
        4,
        5,
        6,
        7,
        8,
        9
    ],
    "groupby": false
}