{
    "timestamp": "2022-08-06 03:37:28.022485",
    "dataset": "dmv.csv",
    "model": "dmv.csv-2.6MB-model16.669-data16.507-made-resmade-hidden256_256_256_256_256-emb32-directIo-binaryInone_hotOut-inputNoEmbIfLeq-5epochs-seed0.pt",
    "query": "'SELECT County FROM dmv.csv WHERE Record Type=SNOW AND Scofflaw Indicator=Y AND Model Year>=1932.0<=1961.0'",
    "avg_est": 32.19755935668945,
    "avg_real": NaN,
    "avg_err": NaN,
    "count_est": 7.95738768708705e-05,
    "count_real": 0,
    "count_err": 0,
    "sum_est": 0.002562084623791751,
    "sum_real": NaN,
    "sum_err": NaN,
    "query_dur_ms_est": 20.32017707824707,
    "query_dur_ms_real": 1180.051565170288,
    "query_dur_ms_err": 0.9827802634410178,
    "order": [
        0,
        1,
        3,
        4,
        5,
        6,
        7,
        8,
        9,
        2
    ],
    "groupby": false
}