{
    "timestamp": "2022-08-06 03:34:35.881532",
    "dataset": "dmv.csv",
    "model": "dmv.csv-2.6MB-model16.669-data16.507-made-resmade-hidden256_256_256_256_256-emb32-directIo-binaryInone_hotOut-inputNoEmbIfLeq-5epochs-seed0.pt",
    "query": "'SELECT Registration Class FROM dmv.csv WHERE State>=AN AND Model Year=1974.0'",
    "avg_est": 46.19744110107422,
    "avg_real": 33.52524617640897,
    "avg_err": 0.37798961588483165,
    "count_est": 10832.226298644673,
    "count_real": 9546,
    "count_err": 0.13473981758272294,
    "sum_est": 500421.13642514445,
    "sum_real": 320032.00000000006,
    "sum_err": 0.5636596853600401,
    "query_dur_ms_est": 20.231962203979492,
    "query_dur_ms_real": 2256.822109222412,
    "query_dur_ms_err": 0.9910351985115254,
    "order": [
        0,
        1,
        2,
        3,
        4,
        5,
        6,
        8,
        9,
        7
    ],
    "groupby": false
}