{
    "timestamp": "2022-08-06 03:03:11.112841",
    "dataset": "dmv.csv",
    "model": "dmv.csv-2.6MB-model16.669-data16.507-made-resmade-hidden256_256_256_256_256-emb32-directIo-binaryInone_hotOut-inputNoEmbIfLeq-5epochs-seed0.pt",
    "query": "'SELECT Record Type FROM dmv.csv WHERE State<=DC AND County<=GREENE AND Fuel Type=OTHER AND Scofflaw Indicator=Y AND Suspension Indicator=Y AND Model Year<=1907.0 AND Weight_100>=15.0'",
    "avg_est": 3.834136962890625,
    "avg_real": NaN,
    "avg_err": NaN,
    "count_est": 4.701537567061335e-14,
    "count_real": 0,
    "count_err": 0,
    "sum_est": 1.8026338968288725e-13,
    "sum_real": NaN,
    "sum_err": NaN,
    "query_dur_ms_est": 20.659446716308594,
    "query_dur_ms_real": 983.4825992584229,
    "query_dur_ms_err": 0.9789935818570796,
    "order": [
        1,
        2,
        3,
        4,
        5,
        6,
        7,
        8,
        9,
        0
    ],
    "groupby": false
}