{
    "timestamp": "2022-08-06 03:28:41.427024",
    "dataset": "dmv.csv",
    "model": "dmv.csv-2.6MB-model16.669-data16.507-made-resmade-hidden256_256_256_256_256-emb32-directIo-binaryInone_hotOut-inputNoEmbIfLeq-5epochs-seed0.pt",
    "query": "'SELECT County FROM dmv.csv WHERE Scofflaw Indicator=N'",
    "avg_est": 34.39630126953125,
    "avg_real": 34.37122963810133,
    "avg_err": 0.0007294365576646218,
    "count_est": 12627806.952409506,
    "count_real": 12625910,
    "count_err": 0.00015024282681453012,
    "sum_est": 434349852.30855864,
    "sum_real": 433968052.0,
    "sum_err": 0.000879788977089592,
    "query_dur_ms_est": 20.100831985473633,
    "query_dur_ms_real": 39264.70422744751,
    "query_dur_ms_err": 0.9994880686769207,
    "order": [
        0,
        1,
        3,
        4,
        5,
        6,
        7,
        8,
        9,
        2
    ],
    "groupby": false
}