{
    "timestamp": "2022-08-06 03:24:50.174397",
    "dataset": "dmv.csv",
    "model": "dmv.csv-2.6MB-model16.669-data16.507-made-resmade-hidden256_256_256_256_256-emb32-directIo-binaryInone_hotOut-inputNoEmbIfLeq-5epochs-seed0.pt",
    "query": "'SELECT County FROM dmv.csv WHERE Fuel Type=FLEX AND Suspension Indicator=Y AND Revocation Indicator=Y'",
    "avg_est": 34.443092346191406,
    "avg_real": NaN,
    "avg_err": NaN,
    "count_est": 0.08714130709616974,
    "count_real": 0,
    "count_err": 0,
    "sum_est": 3.001416087481199,
    "sum_real": NaN,
    "sum_err": NaN,
    "query_dur_ms_est": 20.154237747192383,
    "query_dur_ms_real": 1177.3271560668945,
    "query_dur_ms_err": 0.9828813616985428,
    "order": [
        0,
        1,
        3,
        4,
        5,
        6,
        7,
        8,
        9,
        2
    ],
    "groupby": false
}