{
    "timestamp": "2022-08-06 03:01:59.646875",
    "dataset": "dmv.csv",
    "model": "dmv.csv-2.6MB-model16.669-data16.507-made-resmade-hidden256_256_256_256_256-emb32-directIo-binaryInone_hotOut-inputNoEmbIfLeq-5epochs-seed0.pt",
    "query": "'SELECT Suspension Indicator FROM dmv.csv WHERE Record Type=SNOW'",
    "avg_est": 1.000107765197754,
    "avg_real": 1.0000442403489678,
    "avg_err": 6.352203854898141e-05,
    "count_est": 111333.63139332086,
    "count_real": 113019,
    "count_err": 0.014912259059796509,
    "sum_est": 111345.62928412462,
    "sum_real": 113023.99999999999,
    "sum_err": 0.01484968427834237,
    "query_dur_ms_est": 20.09725570678711,
    "query_dur_ms_real": 989.1188144683838,
    "query_dur_ms_err": 0.9796816566293012,
    "order": [
        0,
        1,
        2,
        3,
        4,
        6,
        7,
        8,
        9,
        5
    ],
    "groupby": false
}