{
    "timestamp": "2022-08-06 03:34:01.776299",
    "dataset": "dmv.csv",
    "model": "dmv.csv-2.6MB-model16.669-data16.507-made-resmade-hidden256_256_256_256_256-emb32-directIo-binaryInone_hotOut-inputNoEmbIfLeq-5epochs-seed0.pt",
    "query": "'SELECT Model Year FROM dmv.csv WHERE Registration Class=SPO'",
    "avg_est": 115.9163818359375,
    "avg_real": 115.37165891472868,
    "avg_err": 0.0047214621539889735,
    "count_est": 17105.992188117,
    "count_real": 16125,
    "count_err": 0.060836724844465194,
    "sum_est": 1982864.7221603342,
    "sum_real": 1860368.0,
    "sum_err": 0.06584542529237991,
    "query_dur_ms_est": 20.158052444458008,
    "query_dur_ms_real": 705.1701545715332,
    "query_dur_ms_err": 0.9714139171747758,
    "order": [
        0,
        1,
        2,
        3,
        4,
        5,
        6,
        7,
        9,
        8
    ],
    "groupby": false
}