{
    "timestamp": "2022-08-06 03:14:38.501720",
    "dataset": "dmv.csv",
    "model": "dmv.csv-2.6MB-model16.669-data16.507-made-resmade-hidden256_256_256_256_256-emb32-directIo-binaryInone_hotOut-inputNoEmbIfLeq-5epochs-seed0.pt",
    "query": "'SELECT Revocation Indicator FROM dmv.csv WHERE Suspension Indicator=Y AND Registration Class=AYG'",
    "avg_est": 1.0002473592758179,
    "avg_real": 1.0,
    "avg_err": 0.0002473592758178711,
    "count_est": 1.638835451017144,
    "count_real": 2,
    "count_err": 0.18058227449142805,
    "sum_est": 1.639240832167492,
    "sum_real": 2.0,
    "sum_err": 0.18037958391625397,
    "query_dur_ms_est": 20.227670669555664,
    "query_dur_ms_real": 1100.7142066955566,
    "query_dur_ms_err": 0.9816231401879686,
    "order": [
        0,
        1,
        2,
        3,
        4,
        5,
        7,
        8,
        9,
        6
    ],
    "groupby": false
}