{
    "timestamp": "2022-08-06 03:06:43.346756",
    "dataset": "dmv.csv",
    "model": "dmv.csv-2.6MB-model16.669-data16.507-made-resmade-hidden256_256_256_256_256-emb32-directIo-binaryInone_hotOut-inputNoEmbIfLeq-5epochs-seed0.pt",
    "query": "'SELECT County FROM dmv.csv WHERE Model Year>=1924.0<=1942.0'",
    "avg_est": 34.443599700927734,
    "avg_real": 33.87670123136746,
    "avg_err": 0.016734169767254767,
    "count_est": 15393.295490423217,
    "count_real": 12344,
    "count_err": 0.24702653033240582,
    "sum_est": 530200.5079502334,
    "sum_real": 418173.99999999994,
    "sum_err": 0.2678944839952591,
    "query_dur_ms_est": 20.1570987701416,
    "query_dur_ms_real": 1913.5940074920654,
    "query_dur_ms_err": 0.9894663660676074,
    "order": [
        0,
        1,
        3,
        4,
        5,
        6,
        7,
        8,
        9,
        2
    ],
    "groupby": false
}