{
    "timestamp": "2022-08-06 03:18:37.433611",
    "dataset": "dmv.csv",
    "model": "dmv.csv-2.6MB-model16.669-data16.507-made-resmade-hidden256_256_256_256_256-emb32-directIo-binaryInone_hotOut-inputNoEmbIfLeq-5epochs-seed0.pt",
    "query": "'SELECT Registration Class FROM dmv.csv WHERE Record Type=TRL AND County>=MONROE AND Scofflaw Indicator=N AND Revocation Indicator=N AND Model Year<=1987.0 AND Weight_100>=17.0<=73.0'",
    "avg_est": 46.95862579345703,
    "avg_real": 24.11934156378601,
    "avg_err": 0.9469281808241015,
    "count_est": 328.3936225587822,
    "count_real": 243,
    "count_err": 0.3514140846040421,
    "sum_est": 15420.913234695623,
    "sum_real": 5861.0,
    "sum_err": 1.631106165278216,
    "query_dur_ms_est": 20.525455474853516,
    "query_dur_ms_real": 1315.5434131622314,
    "query_dur_ms_err": 0.984397736122204,
    "order": [
        0,
        1,
        2,
        3,
        4,
        5,
        6,
        8,
        9,
        7
    ],
    "groupby": false
}