{
    "timestamp": "2022-08-06 03:02:48.108596",
    "dataset": "dmv.csv",
    "model": "dmv.csv-2.6MB-model16.669-data16.507-made-resmade-hidden256_256_256_256_256-emb32-directIo-binaryInone_hotOut-inputNoEmbIfLeq-5epochs-seed0.pt",
    "query": "'SELECT Revocation Indicator FROM dmv.csv WHERE Scofflaw Indicator=N AND Weight_100<=61.0'",
    "avg_est": 1.0004082918167114,
    "avg_real": 1.0000028308011817,
    "avg_err": 0.0004054598677534672,
    "count_est": 6002726.473601341,
    "count_real": 6005367,
    "count_err": 0.0004396944264453367,
    "sum_est": 6005177.33769847,
    "sum_real": 6005384.0,
    "sum_err": 3.4412837135831814e-05,
    "query_dur_ms_est": 20.293474197387695,
    "query_dur_ms_real": 4183.575630187988,
    "query_dur_ms_err": 0.995149251264647,
    "order": [
        0,
        1,
        2,
        3,
        4,
        5,
        7,
        8,
        9,
        6
    ],
    "groupby": false
}