{
    "timestamp": "2022-08-06 02:59:19.980127",
    "dataset": "dmv.csv",
    "model": "dmv.csv-2.6MB-model16.669-data16.507-made-resmade-hidden256_256_256_256_256-emb32-directIo-binaryInone_hotOut-inputNoEmbIfLeq-5epochs-seed0.pt",
    "query": "'SELECT State FROM dmv.csv WHERE Weight_100>=17.0<=47.0'",
    "avg_est": 51.85185623168945,
    "avg_real": 51.89942134896776,
    "avg_err": 0.0009164864663612725,
    "count_est": 2946741.1943710446,
    "count_real": 3010450,
    "count_err": 0.021162552319073682,
    "sum_est": 152794000.76252428,
    "sum_real": 156240613.0,
    "sum_err": 0.022059643592640815,
    "query_dur_ms_est": 20.222187042236328,
    "query_dur_ms_real": 9098.475217819214,
    "query_dur_ms_err": 0.9977774092297761,
    "order": [
        0,
        2,
        3,
        4,
        5,
        6,
        7,
        8,
        9,
        1
    ],
    "groupby": false
}