{
    "timestamp": "2022-08-06 03:06:32.662665",
    "dataset": "dmv.csv",
    "model": "dmv.csv-2.6MB-model16.669-data16.507-made-resmade-hidden256_256_256_256_256-emb32-directIo-binaryInone_hotOut-inputNoEmbIfLeq-5epochs-seed0.pt",
    "query": "'SELECT County FROM dmv.csv WHERE Revocation Indicator=N AND Weight_100>=21.0'",
    "avg_est": 34.42954635620117,
    "avg_real": 34.699500311261836,
    "avg_err": 0.007779764914166502,
    "count_est": 7551077.086895704,
    "count_real": 7665572,
    "count_err": 0.014936251737547535,
    "sum_est": 259980158.60252416,
    "sum_real": 265991518.00000003,
    "sum_err": 0.022599816124497126,
    "query_dur_ms_est": 20.198583602905273,
    "query_dur_ms_real": 24940.5734539032,
    "query_dur_ms_err": 0.9991901315484891,
    "order": [
        0,
        1,
        3,
        4,
        5,
        6,
        7,
        8,
        9,
        2
    ],
    "groupby": false
}