{
    "timestamp": "2022-08-06 03:05:30.519897",
    "dataset": "dmv.csv",
    "model": "dmv.csv-2.6MB-model16.669-data16.507-made-resmade-hidden256_256_256_256_256-emb32-directIo-binaryInone_hotOut-inputNoEmbIfLeq-5epochs-seed0.pt",
    "query": "'SELECT Registration Class FROM dmv.csv WHERE Model Year<=1987.0 AND Weight_100>=20.0'",
    "avg_est": 46.07499694824219,
    "avg_real": 44.919954923276364,
    "avg_err": 0.025713338914490097,
    "count_est": 109510.02757368982,
    "count_real": 118021,
    "count_err": 0.07211405111217649,
    "sum_est": 5045674.186259676,
    "sum_real": 5301498.0,
    "sum_err": 0.04825500523443076,
    "query_dur_ms_est": 20.059823989868164,
    "query_dur_ms_real": 696.662187576294,
    "query_dur_ms_err": 0.9712058091459552,
    "order": [
        0,
        1,
        2,
        3,
        4,
        5,
        6,
        8,
        9,
        7
    ],
    "groupby": false
}