{
    "timestamp": "2022-08-06 03:20:36.803265",
    "dataset": "dmv.csv",
    "model": "dmv.csv-2.6MB-model16.669-data16.507-made-resmade-hidden256_256_256_256_256-emb32-directIo-binaryInone_hotOut-inputNoEmbIfLeq-5epochs-seed0.pt",
    "query": "'SELECT State FROM dmv.csv WHERE Record Type=TRL AND County=OSWEGO AND Scofflaw Indicator=Y AND Suspension Indicator=N AND Revocation Indicator=Y AND Registration Class<=THC AND Model Year>=1938.0 AND Weight_100>=23.0<=46.0'",
    "avg_est": 51.75776672363281,
    "avg_real": NaN,
    "avg_err": NaN,
    "count_est": 4.4999957549848204e-08,
    "count_real": 0,
    "count_err": 0,
    "sum_est": 2.3290973054384227e-06,
    "sum_real": NaN,
    "sum_err": NaN,
    "query_dur_ms_est": 20.688295364379883,
    "query_dur_ms_real": 1157.942533493042,
    "query_dur_ms_err": 0.982133573328573,
    "order": [
        0,
        2,
        3,
        4,
        5,
        6,
        7,
        8,
        9,
        1
    ],
    "groupby": false
}