{
    "timestamp": "2022-08-06 02:58:07.178707",
    "dataset": "dmv.csv",
    "model": "dmv.csv-2.6MB-model16.669-data16.507-made-resmade-hidden256_256_256_256_256-emb32-directIo-binaryInone_hotOut-inputNoEmbIfLeq-5epochs-seed0.pt",
    "query": "'SELECT Weight_100 FROM dmv.csv WHERE Model Year>=1953.0<=1997.0'",
    "avg_est": 28.93014907836914,
    "avg_real": 68.35997744750023,
    "avg_err": 0.5767969774333643,
    "count_est": 757071.3505461663,
    "count_real": 713003,
    "count_err": 0.061806683206334756,
    "sum_est": 21902187.034262855,
    "sum_real": 48740869.00000001,
    "sum_err": 0.550640202285625,
    "query_dur_ms_est": 20.127058029174805,
    "query_dur_ms_real": 1805.1941394805908,
    "query_dur_ms_err": 0.9888504745340211,
    "order": [
        0,
        1,
        2,
        3,
        4,
        5,
        6,
        7,
        8,
        9
    ],
    "groupby": false
}