{
    "timestamp": "2022-08-06 03:07:27.051633",
    "dataset": "dmv.csv",
    "model": "dmv.csv-2.6MB-model16.669-data16.507-made-resmade-hidden256_256_256_256_256-emb32-directIo-binaryInone_hotOut-inputNoEmbIfLeq-5epochs-seed0.pt",
    "query": "'SELECT Revocation Indicator FROM dmv.csv WHERE Suspension Indicator=Y AND Registration Class>=HSM<=STA'",
    "avg_est": 1.0002483129501343,
    "avg_real": 1.0005604920372764,
    "avg_err": 0.0003120042112660835,
    "count_est": 132536.15574676916,
    "count_real": 133811,
    "count_err": 0.009527200702713828,
    "sum_est": 132569.06619060208,
    "sum_real": 133886.0,
    "sum_err": 0.009836232387239269,
    "query_dur_ms_est": 20.19333839416504,
    "query_dur_ms_real": 1140.700101852417,
    "query_dur_ms_err": 0.9822974168570928,
    "order": [
        0,
        1,
        2,
        3,
        4,
        5,
        7,
        8,
        9,
        6
    ],
    "groupby": false
}