{
    "timestamp": "2022-08-06 03:25:54.486765",
    "dataset": "dmv.csv",
    "model": "dmv.csv-2.6MB-model16.669-data16.507-made-resmade-hidden256_256_256_256_256-emb32-directIo-binaryInone_hotOut-inputNoEmbIfLeq-5epochs-seed0.pt",
    "query": "'SELECT Revocation Indicator FROM dmv.csv WHERE Record Type=TRL AND Scofflaw Indicator=Y AND Suspension Indicator=N AND Model Year>=1938.0<=1953.0'",
    "avg_est": 1.0000098943710327,
    "avg_real": NaN,
    "avg_err": NaN,
    "count_est": 0.009184290877324308,
    "count_real": 0,
    "count_err": 0,
    "sum_est": 0.00918438175010592,
    "sum_real": NaN,
    "sum_err": NaN,
    "query_dur_ms_est": 20.403146743774414,
    "query_dur_ms_real": 1147.2601890563965,
    "query_dur_ms_err": 0.9822157633129799,
    "order": [
        0,
        1,
        2,
        3,
        4,
        5,
        7,
        8,
        9,
        6
    ],
    "groupby": false
}