{
    "timestamp": "2022-08-06 03:06:41.345620",
    "dataset": "dmv.csv",
    "model": "dmv.csv-2.6MB-model16.669-data16.507-made-resmade-hidden256_256_256_256_256-emb32-directIo-binaryInone_hotOut-inputNoEmbIfLeq-5epochs-seed0.pt",
    "query": "'SELECT Record Type FROM dmv.csv WHERE Scofflaw Indicator=N AND Suspension Indicator=N'",
    "avg_est": 3.834136962890625,
    "avg_real": 3.8320118478049707,
    "avg_err": 0.0005545690279824076,
    "count_est": 12492706.357471943,
    "count_real": 12487714,
    "count_err": 0.000399781535030583,
    "sum_est": 47898747.211721875,
    "sum_real": 47853068.0,
    "sum_err": 0.0009545722694702621,
    "query_dur_ms_est": 20.22528648376465,
    "query_dur_ms_real": 8393.364429473877,
    "query_dur_ms_err": 0.9975903242789337,
    "order": [
        1,
        2,
        3,
        4,
        5,
        6,
        7,
        8,
        9,
        0
    ],
    "groupby": false
}