{
    "timestamp": "2022-08-06 02:58:18.368426",
    "dataset": "dmv.csv",
    "model": "dmv.csv-2.6MB-model16.669-data16.507-made-resmade-hidden256_256_256_256_256-emb32-directIo-binaryInone_hotOut-inputNoEmbIfLeq-5epochs-seed0.pt",
    "query": "'SELECT Record Type FROM dmv.csv WHERE State>=MI'",
    "avg_est": 3.834136962890625,
    "avg_real": 3.835245715539923,
    "avg_err": 0.0002890955968754129,
    "count_est": 12569049.112102985,
    "count_real": 12574805,
    "count_err": 0.0004577317816868427,
    "sum_est": 48191455.789101645,
    "sum_real": 48227467.0,
    "sum_err": 0.0007466950503196581,
    "query_dur_ms_est": 20.085573196411133,
    "query_dur_ms_real": 6834.760904312134,
    "query_dur_ms_err": 0.9970612617650255,
    "order": [
        1,
        2,
        3,
        4,
        5,
        6,
        7,
        8,
        9,
        0
    ],
    "groupby": false
}