{
    "timestamp": "2022-08-06 03:12:51.651525",
    "dataset": "dmv.csv",
    "model": "dmv.csv-2.6MB-model16.669-data16.507-made-resmade-hidden256_256_256_256_256-emb32-directIo-binaryInone_hotOut-inputNoEmbIfLeq-5epochs-seed0.pt",
    "query": "'SELECT Model Year FROM dmv.csv WHERE Record Type=TRL AND State=AN AND County>=LIVINGSTON<=SUFFOLK AND Scofflaw Indicator=Y AND Suspension Indicator=Y AND Registration Class>=STG AND Weight_100>=9.0<=55.0'",
    "avg_est": 113.63447570800781,
    "avg_real": NaN,
    "avg_err": NaN,
    "count_est": 1.2322285689676355e-19,
    "count_real": 0,
    "count_err": 0,
    "sum_est": 1.40023647387066e-17,
    "sum_real": NaN,
    "sum_err": NaN,
    "query_dur_ms_est": 20.751476287841797,
    "query_dur_ms_real": 784.3170166015625,
    "query_dur_ms_err": 0.9735419787552771,
    "order": [
        0,
        1,
        2,
        3,
        4,
        5,
        6,
        7,
        9,
        8
    ],
    "groupby": false
}