{
    "timestamp": "2022-08-06 03:21:05.889418",
    "dataset": "dmv.csv",
    "model": "dmv.csv-2.6MB-model16.669-data16.507-made-resmade-hidden256_256_256_256_256-emb32-directIo-binaryInone_hotOut-inputNoEmbIfLeq-5epochs-seed0.pt",
    "query": "'SELECT State FROM dmv.csv WHERE Record Type=BOAT AND County>=ST LAWRENCE<=YATES AND Fuel Type=GAS AND Scofflaw Indicator=N AND Revocation Indicator=Y AND Registration Class>=LMC<=SPO AND Model Year=1915.0 AND Weight_100>=58.0'",
    "avg_est": 51.53016662597656,
    "avg_real": NaN,
    "avg_err": NaN,
    "count_est": 3.858098166899139e-18,
    "count_real": 0,
    "count_err": 0,
    "sum_est": 1.9880844139968737e-16,
    "sum_real": NaN,
    "sum_err": NaN,
    "query_dur_ms_est": 21.022796630859375,
    "query_dur_ms_real": 1097.3801612854004,
    "query_dur_ms_err": 0.9808427403988836,
    "order": [
        0,
        2,
        3,
        4,
        5,
        6,
        7,
        8,
        9,
        1
    ],
    "groupby": false
}