{
    "timestamp": "2022-08-06 03:03:00.117922",
    "dataset": "dmv.csv",
    "model": "dmv.csv-2.6MB-model16.669-data16.507-made-resmade-hidden256_256_256_256_256-emb32-directIo-binaryInone_hotOut-inputNoEmbIfLeq-5epochs-seed0.pt",
    "query": "'SELECT Scofflaw Indicator FROM dmv.csv WHERE County<=GREENE AND Weight_100>=88.0<=99.0'",
    "avg_est": 1.002089262008667,
    "avg_real": 1.0021615949632738,
    "avg_err": 7.217693730270823e-05,
    "count_est": 236791.69470638782,
    "count_real": 238250,
    "count_err": 0.006120903645801394,
    "sum_est": 237286.41459810574,
    "sum_real": 238765.0,
    "sum_err": 0.006192638795025497,
    "query_dur_ms_est": 20.253658294677734,
    "query_dur_ms_real": 1478.470802307129,
    "query_dur_ms_err": 0.9863009413083625,
    "order": [
        0,
        1,
        2,
        3,
        5,
        6,
        7,
        8,
        9,
        4
    ],
    "groupby": false
}