{
    "timestamp": "2022-08-06 02:58:05.276814",
    "dataset": "dmv.csv",
    "model": "dmv.csv-2.6MB-model16.669-data16.507-made-resmade-hidden256_256_256_256_256-emb32-directIo-binaryInone_hotOut-inputNoEmbIfLeq-5epochs-seed0.pt",
    "query": "'SELECT Suspension Indicator FROM dmv.csv WHERE Registration Class>=SUP'",
    "avg_est": 1.0110200643539429,
    "avg_real": 1.0008474606071476,
    "avg_err": 0.010163990165518583,
    "count_est": 322601.82152662426,
    "count_real": 284379,
    "count_err": 0.13440803127735965,
    "sum_est": 326156.91436054686,
    "sum_real": 284620.0,
    "sum_err": 0.14593814335094812,
    "query_dur_ms_est": 20.116329193115234,
    "query_dur_ms_real": 1061.9587898254395,
    "query_dur_ms_err": 0.9810573353826453,
    "order": [
        0,
        1,
        2,
        3,
        4,
        6,
        7,
        8,
        9,
        5
    ],
    "groupby": false
}