{
    "timestamp": "2022-08-06 03:31:15.307779",
    "dataset": "dmv.csv",
    "model": "dmv.csv-2.6MB-model16.669-data16.507-made-resmade-hidden256_256_256_256_256-emb32-directIo-binaryInone_hotOut-inputNoEmbIfLeq-5epochs-seed0.pt",
    "query": "'SELECT Suspension Indicator FROM dmv.csv WHERE Record Type=SNOW AND State>=AB AND County=RENSSELAER AND Fuel Type=DIESEL AND Scofflaw Indicator=N AND Revocation Indicator=N AND Registration Class<=NLM AND Model Year>=1904.0<=1944.0 AND Weight_100>=76.0<=86.0'",
    "avg_est": 1.0000853538513184,
    "avg_real": NaN,
    "avg_err": NaN,
    "count_est": 6.175590288675194e-20,
    "count_real": 0,
    "count_err": 0,
    "sum_est": 6.176117399090496e-20,
    "sum_real": NaN,
    "sum_err": NaN,
    "query_dur_ms_est": 20.91813087463379,
    "query_dur_ms_real": 996.546745300293,
    "query_dur_ms_err": 0.97900938317918,
    "order": [
        0,
        1,
        2,
        3,
        4,
        6,
        7,
        8,
        9,
        5
    ],
    "groupby": false
}