{
    "timestamp": "2022-08-06 03:37:22.966232",
    "dataset": "dmv.csv",
    "model": "dmv.csv-2.6MB-model16.669-data16.507-made-resmade-hidden256_256_256_256_256-emb32-directIo-binaryInone_hotOut-inputNoEmbIfLeq-5epochs-seed0.pt",
    "query": "'SELECT State FROM dmv.csv WHERE Record Type=VEH AND County>=ROCKLAND<=SULLIVAN AND Fuel Type=DIESEL AND Scofflaw Indicator=Y AND Revocation Indicator=Y AND Registration Class=JWV AND Model Year<=1973.0 AND Weight_100>=92.0'",
    "avg_est": 51.86949157714844,
    "avg_real": NaN,
    "avg_err": NaN,
    "count_est": 2.612330097537941e-14,
    "count_real": 0,
    "count_err": 0,
    "sum_est": 1.355002339909756e-12,
    "sum_real": NaN,
    "sum_err": NaN,
    "query_dur_ms_est": 21.18372917175293,
    "query_dur_ms_real": 3681.7219257354736,
    "query_dur_ms_err": 0.9942462441218938,
    "order": [
        0,
        2,
        3,
        4,
        5,
        6,
        7,
        8,
        9,
        1
    ],
    "groupby": false
}