{
    "timestamp": "2022-08-06 03:25:42.680985",
    "dataset": "dmv.csv",
    "model": "dmv.csv-2.6MB-model16.669-data16.507-made-resmade-hidden256_256_256_256_256-emb32-directIo-binaryInone_hotOut-inputNoEmbIfLeq-5epochs-seed0.pt",
    "query": "'SELECT Registration Class FROM dmv.csv WHERE Scofflaw Indicator=N'",
    "avg_est": 46.508182525634766,
    "avg_real": 46.54048159697004,
    "avg_err": 0.0006939995081051451,
    "count_est": 12628321.783584595,
    "count_real": 12625910,
    "count_err": 0.0001910185946672142,
    "sum_est": 587320294.5034019,
    "sum_real": 587615932.0,
    "sum_err": 0.0005031134802487359,
    "query_dur_ms_est": 20.83587646484375,
    "query_dur_ms_real": 45351.22585296631,
    "query_dur_ms_err": 0.9995405664108751,
    "order": [
        0,
        1,
        2,
        3,
        4,
        5,
        6,
        8,
        9,
        7
    ],
    "groupby": false
}