{
    "timestamp": "2022-08-06 03:29:43.032495",
    "dataset": "dmv.csv",
    "model": "dmv.csv-2.6MB-model16.669-data16.507-made-resmade-hidden256_256_256_256_256-emb32-directIo-binaryInone_hotOut-inputNoEmbIfLeq-5epochs-seed0.pt",
    "query": "'SELECT Scofflaw Indicator FROM dmv.csv WHERE State<=BY AND Registration Class<=ITP'",
    "avg_est": 1.001346230506897,
    "avg_real": 1.0,
    "avg_err": 0.0013462305068969727,
    "count_est": 1085.1621942181664,
    "count_real": 884,
    "count_err": 0.2275590432332199,
    "sum_est": 1086.6230726689541,
    "sum_real": 884.0,
    "sum_err": 0.2292116206662377,
    "query_dur_ms_est": 20.217180252075195,
    "query_dur_ms_real": 1001.6348361968994,
    "query_dur_ms_err": 0.97981581757995,
    "order": [
        0,
        1,
        2,
        3,
        5,
        6,
        7,
        8,
        9,
        4
    ],
    "groupby": false
}