{
    "timestamp": "2022-08-06 03:13:21.545539",
    "dataset": "dmv.csv",
    "model": "dmv.csv-2.6MB-model16.669-data16.507-made-resmade-hidden256_256_256_256_256-emb32-directIo-binaryInone_hotOut-inputNoEmbIfLeq-5epochs-seed0.pt",
    "query": "'SELECT Revocation Indicator FROM dmv.csv WHERE Record Type=TRL AND State<=AB AND County<=WASHINGTON AND Fuel Type=FLEX AND Scofflaw Indicator=N AND Suspension Indicator=N AND Registration Class>=ARG<=FAR AND Weight_100<=92.0'",
    "avg_est": 1.0000263452529907,
    "avg_real": NaN,
    "avg_err": NaN,
    "count_est": 1.753739241809179e-11,
    "count_real": 0,
    "count_err": 0,
    "sum_est": 1.753785444513184e-11,
    "sum_real": NaN,
    "sum_err": NaN,
    "query_dur_ms_est": 20.91240882873535,
    "query_dur_ms_real": 1131.9701671600342,
    "query_dur_ms_err": 0.981525653735909,
    "order": [
        0,
        1,
        2,
        3,
        4,
        5,
        7,
        8,
        9,
        6
    ],
    "groupby": false
}