{
    "timestamp": "2022-08-06 03:00:09.890153",
    "dataset": "dmv.csv",
    "model": "dmv.csv-2.6MB-model16.669-data16.507-made-resmade-hidden256_256_256_256_256-emb32-directIo-binaryInone_hotOut-inputNoEmbIfLeq-5epochs-seed0.pt",
    "query": "'SELECT Suspension Indicator FROM dmv.csv WHERE County>=SCHUYLER AND Fuel Type=ELECTRIC AND Scofflaw Indicator=Y AND Registration Class>=CLG<=IRP'",
    "avg_est": 1.0516804456710815,
    "avg_real": NaN,
    "avg_err": NaN,
    "count_est": 0.01806281781164687,
    "count_real": 0,
    "count_err": 0,
    "sum_est": 0.01899631228622833,
    "sum_real": NaN,
    "sum_err": NaN,
    "query_dur_ms_est": 20.581722259521484,
    "query_dur_ms_real": 1600.7051467895508,
    "query_dur_ms_err": 0.987142090283897,
    "order": [
        0,
        1,
        2,
        3,
        4,
        6,
        7,
        8,
        9,
        5
    ],
    "groupby": false
}