{
    "timestamp": "2022-08-06 03:03:18.624454",
    "dataset": "dmv.csv",
    "model": "dmv.csv-2.6MB-model16.669-data16.507-made-resmade-hidden256_256_256_256_256-emb32-directIo-binaryInone_hotOut-inputNoEmbIfLeq-5epochs-seed0.pt",
    "query": "'SELECT State FROM dmv.csv WHERE County>=SARATOGA<=TIOGA'",
    "avg_est": 51.85005187988281,
    "avg_real": 51.96966319501438,
    "avg_err": 0.0023015603292006522,
    "count_est": 2286172.4695462584,
    "count_real": 2266356,
    "count_err": 0.008743758503191224,
    "sum_est": 118538161.1523333,
    "sum_real": 117781758.0,
    "sum_err": 0.0064220738862914946,
    "query_dur_ms_est": 20.267724990844727,
    "query_dur_ms_real": 7390.028238296509,
    "query_dur_ms_err": 0.9972574225243398,
    "order": [
        0,
        2,
        3,
        4,
        5,
        6,
        7,
        8,
        9,
        1
    ],
    "groupby": false
}