{
    "timestamp": "2022-08-06 03:14:13.997716",
    "dataset": "dmv.csv",
    "model": "dmv.csv-2.6MB-model16.669-data16.507-made-resmade-hidden256_256_256_256_256-emb32-directIo-binaryInone_hotOut-inputNoEmbIfLeq-5epochs-seed0.pt",
    "query": "'SELECT Revocation Indicator FROM dmv.csv WHERE Fuel Type=PROPANE'",
    "avg_est": 1.0001932382583618,
    "avg_real": 1.0,
    "avg_err": 0.0001932382583618164,
    "count_est": 860.2313421447761,
    "count_real": 957,
    "count_err": 0.10111667487484208,
    "sum_est": 860.3975717511205,
    "sum_real": 957.0,
    "sum_err": 0.10094297622662435,
    "query_dur_ms_est": 20.101547241210938,
    "query_dur_ms_real": 944.6470737457275,
    "query_dur_ms_err": 0.9787205742759526,
    "order": [
        0,
        1,
        2,
        3,
        4,
        5,
        7,
        8,
        9,
        6
    ],
    "groupby": false
}