{
    "timestamp": "2022-08-06 03:09:48.168489",
    "dataset": "dmv.csv",
    "model": "dmv.csv-2.6MB-model16.669-data16.507-made-resmade-hidden256_256_256_256_256-emb32-directIo-binaryInone_hotOut-inputNoEmbIfLeq-5epochs-seed0.pt",
    "query": "'SELECT Scofflaw Indicator FROM dmv.csv WHERE State>=PA<=S AND County>=CLINTON AND Fuel Type=nan AND Suspension Indicator=Y AND Revocation Indicator=Y AND Registration Class=HIS AND Model Year>=1915.0'",
    "avg_est": 1.0012418031692505,
    "avg_real": NaN,
    "avg_err": NaN,
    "count_est": 0.0,
    "count_real": 0,
    "count_err": 0,
    "sum_est": 0.0,
    "sum_real": NaN,
    "sum_err": NaN,
    "query_dur_ms_est": 20.5380916595459,
    "query_dur_ms_real": 975.3758907318115,
    "query_dur_ms_err": 0.9789434085313136,
    "order": [
        0,
        1,
        2,
        3,
        5,
        6,
        7,
        8,
        9,
        4
    ],
    "groupby": false
}