{
    "timestamp": "2022-08-06 03:32:18.660577",
    "dataset": "dmv.csv",
    "model": "dmv.csv-2.6MB-model16.669-data16.507-made-resmade-hidden256_256_256_256_256-emb32-directIo-binaryInone_hotOut-inputNoEmbIfLeq-5epochs-seed0.pt",
    "query": "'SELECT Record Type FROM dmv.csv WHERE Suspension Indicator=N'",
    "avg_est": 3.834136962890625,
    "avg_real": 3.8322488667495453,
    "avg_err": 0.0004926862024702242,
    "count_est": 12508357.07443881,
    "count_real": 12505841,
    "count_err": 0.00020119194213410744,
    "sum_est": 47958754.20414028,
    "sum_real": 47925495.0,
    "sum_err": 0.0006939772690982778,
    "query_dur_ms_est": 20.201444625854492,
    "query_dur_ms_real": 6732.947587966919,
    "query_dur_ms_err": 0.9969996135627198,
    "order": [
        1,
        2,
        3,
        4,
        5,
        6,
        7,
        8,
        9,
        0
    ],
    "groupby": false
}