{
    "timestamp": "2022-08-06 03:03:56.825912",
    "dataset": "dmv.csv",
    "model": "dmv.csv-2.6MB-model16.669-data16.507-made-resmade-hidden256_256_256_256_256-emb32-directIo-binaryInone_hotOut-inputNoEmbIfLeq-5epochs-seed0.pt",
    "query": "'SELECT County FROM dmv.csv WHERE Suspension Indicator=Y AND Registration Class=ORC'",
    "avg_est": 34.457984924316406,
    "avg_real": 46.45454545454545,
    "avg_err": 0.2582429859736194,
    "count_est": 7.797916912027631,
    "count_real": 11,
    "count_err": 0.29109846254294264,
    "sum_est": 268.70050339572003,
    "sum_real": 511.0,
    "sum_err": 0.47416731233714277,
    "query_dur_ms_est": 20.28369903564453,
    "query_dur_ms_real": 1313.4236335754395,
    "query_dur_ms_err": 0.9845566209430634,
    "order": [
        0,
        1,
        3,
        4,
        5,
        6,
        7,
        8,
        9,
        2
    ],
    "groupby": false
}