{
    "timestamp": "2022-08-06 03:30:52.265290",
    "dataset": "dmv.csv",
    "model": "dmv.csv-2.6MB-model16.669-data16.507-made-resmade-hidden256_256_256_256_256-emb32-directIo-binaryInone_hotOut-inputNoEmbIfLeq-5epochs-seed0.pt",
    "query": "'SELECT County FROM dmv.csv WHERE Fuel Type=DIESEL AND Scofflaw Indicator=N AND Suspension Indicator=Y AND Revocation Indicator=Y AND Registration Class>=PHS AND Model Year>=1951.0<=1964.0 AND Weight_100>=62.0'",
    "avg_est": 34.453941345214844,
    "avg_real": NaN,
    "avg_err": NaN,
    "count_est": 8.130584427977548e-07,
    "count_real": 0,
    "count_err": 0,
    "sum_est": 2.8013067898385564e-05,
    "sum_real": NaN,
    "sum_err": NaN,
    "query_dur_ms_est": 20.700931549072266,
    "query_dur_ms_real": 1316.9465065002441,
    "query_dur_ms_err": 0.9842811143452709,
    "order": [
        0,
        1,
        3,
        4,
        5,
        6,
        7,
        8,
        9,
        2
    ],
    "groupby": false
}