{
    "timestamp": "2022-08-06 03:08:25.225643",
    "dataset": "dmv.csv",
    "model": "dmv.csv-2.6MB-model16.669-data16.507-made-resmade-hidden256_256_256_256_256-emb32-directIo-binaryInone_hotOut-inputNoEmbIfLeq-5epochs-seed0.pt",
    "query": "'SELECT Scofflaw Indicator FROM dmv.csv WHERE Suspension Indicator=Y AND Revocation Indicator=N'",
    "avg_est": 1.0014029741287231,
    "avg_real": 1.0162179487179488,
    "avg_err": 0.014578540565944624,
    "count_est": 139265.5899796076,
    "count_real": 140400,
    "count_err": 0.008079843450088234,
    "sum_est": 139460.97599937036,
    "sum_real": 142677.0,
    "sum_err": 0.022540591690529216,
    "query_dur_ms_est": 20.26081085205078,
    "query_dur_ms_real": 1129.0385723114014,
    "query_dur_ms_err": 0.982054810748784,
    "order": [
        0,
        1,
        2,
        3,
        5,
        6,
        7,
        8,
        9,
        4
    ],
    "groupby": false
}