{
    "timestamp": "2022-08-06 03:06:07.515393",
    "dataset": "dmv.csv",
    "model": "dmv.csv-2.6MB-model16.669-data16.507-made-resmade-hidden256_256_256_256_256-emb32-directIo-binaryInone_hotOut-inputNoEmbIfLeq-5epochs-seed0.pt",
    "query": "'SELECT Weight_100 FROM dmv.csv WHERE Revocation Indicator=N AND Model Year>=1950.0'",
    "avg_est": 39.18883514404297,
    "avg_real": 62.24760196795568,
    "avg_err": 0.37043622717840746,
    "count_est": 12619898.301327467,
    "count_real": 12622642,
    "count_err": 0.00021736326456323765,
    "sum_est": 494559114.06531,
    "sum_real": 785729195.0,
    "sum_err": 0.37057307121531863,
    "query_dur_ms_est": 20.23625373840332,
    "query_dur_ms_real": 15237.947940826416,
    "query_dur_ms_err": 0.9986719830112961,
    "order": [
        0,
        1,
        2,
        3,
        4,
        5,
        6,
        7,
        8,
        9
    ],
    "groupby": false
}