{
    "timestamp": "2022-08-06 03:18:50.439426",
    "dataset": "dmv.csv",
    "model": "dmv.csv-2.6MB-model16.669-data16.507-made-resmade-hidden256_256_256_256_256-emb32-directIo-binaryInone_hotOut-inputNoEmbIfLeq-5epochs-seed0.pt",
    "query": "'SELECT Weight_100 FROM dmv.csv WHERE Revocation Indicator=Y'",
    "avg_est": 4.789760589599609,
    "avg_real": 100.7524647887324,
    "avg_err": 0.9524601149992385,
    "count_est": 5511.161832186044,
    "count_real": 5680,
    "count_err": 0.02972502954471053,
    "sum_est": 26397.145746710292,
    "sum_real": 572274.0,
    "sum_err": 0.9538732394854383,
    "query_dur_ms_est": 20.06244659423828,
    "query_dur_ms_real": 669.1174507141113,
    "query_dur_ms_err": 0.9700165545333981,
    "order": [
        0,
        1,
        2,
        3,
        4,
        5,
        6,
        7,
        8,
        9
    ],
    "groupby": false
}