{
    "timestamp": "2022-08-06 03:16:53.229543",
    "dataset": "dmv.csv",
    "model": "dmv.csv-2.6MB-model16.669-data16.507-made-resmade-hidden256_256_256_256_256-emb32-directIo-binaryInone_hotOut-inputNoEmbIfLeq-5epochs-seed0.pt",
    "query": "'SELECT Registration Class FROM dmv.csv WHERE State<=RI AND County>=GENESEE'",
    "avg_est": 46.453330993652344,
    "avg_real": 46.699067714115074,
    "avg_err": 0.005262133324954042,
    "count_est": 9952152.449996948,
    "count_real": 9952312,
    "count_err": 1.603145108912962e-05,
    "sum_est": 462310631.85899633,
    "sum_real": 464763692.0,
    "sum_err": 0.005278080416410128,
    "query_dur_ms_est": 20.38717269897461,
    "query_dur_ms_real": 37563.37237358093,
    "query_dur_ms_err": 0.999457259255207,
    "order": [
        0,
        1,
        2,
        3,
        4,
        5,
        6,
        8,
        9,
        7
    ],
    "groupby": false
}