{
    "timestamp": "2022-08-06 03:23:44.266592",
    "dataset": "dmv.csv",
    "model": "dmv.csv-2.6MB-model16.669-data16.507-made-resmade-hidden256_256_256_256_256-emb32-directIo-binaryInone_hotOut-inputNoEmbIfLeq-5epochs-seed0.pt",
    "query": "'SELECT Weight_100 FROM dmv.csv WHERE State<=IL AND Suspension Indicator=Y AND Model Year<=1949.0'",
    "avg_est": 21.29924201965332,
    "avg_real": NaN,
    "avg_err": NaN,
    "count_est": 0.5139371143724389,
    "count_real": 0,
    "count_err": 0,
    "sum_est": 10.946470981900825,
    "sum_real": NaN,
    "sum_err": NaN,
    "query_dur_ms_est": 20.220041275024414,
    "query_dur_ms_real": 660.8970165252686,
    "query_dur_ms_err": 0.9694051557664259,
    "order": [
        0,
        1,
        2,
        3,
        4,
        5,
        6,
        7,
        8,
        9
    ],
    "groupby": false
}