{
    "timestamp": "2022-08-06 03:18:24.721398",
    "dataset": "dmv.csv",
    "model": "dmv.csv-2.6MB-model16.669-data16.507-made-resmade-hidden256_256_256_256_256-emb32-directIo-binaryInone_hotOut-inputNoEmbIfLeq-5epochs-seed0.pt",
    "query": "'SELECT Weight_100 FROM dmv.csv WHERE Scofflaw Indicator=N'",
    "avg_est": 39.64659881591797,
    "avg_real": 62.23333248850974,
    "avg_err": 0.3629362717601858,
    "count_est": 12627234.080238104,
    "count_real": 12625910,
    "count_err": 0.00010487008366952296,
    "sum_est": 500626883.733887,
    "sum_real": 785752455.0,
    "sum_err": 0.36286946283370247,
    "query_dur_ms_est": 20.339488983154297,
    "query_dur_ms_real": 13764.975786209106,
    "query_dur_ms_err": 0.9985223737913486,
    "order": [
        0,
        1,
        2,
        3,
        4,
        5,
        6,
        7,
        8,
        9
    ],
    "groupby": false
}