{
    "timestamp": "2022-08-06 03:32:25.525144",
    "dataset": "dmv.csv",
    "model": "dmv.csv-2.6MB-model16.669-data16.507-made-resmade-hidden256_256_256_256_256-emb32-directIo-binaryInone_hotOut-inputNoEmbIfLeq-5epochs-seed0.pt",
    "query": "'SELECT Registration Class FROM dmv.csv WHERE Scofflaw Indicator=N AND Model Year>=1915.0<=1985.0'",
    "avg_est": 46.41510772705078,
    "avg_real": 36.39059876136867,
    "avg_err": 0.27546974512339906,
    "count_est": 297730.47727169096,
    "count_real": 297748,
    "count_err": 5.8850868214178774e-05,
    "sum_est": 13819192.17619178,
    "sum_real": 10835228.0,
    "sum_err": 0.27539468262151756,
    "query_dur_ms_est": 20.34139633178711,
    "query_dur_ms_real": 3954.399585723877,
    "query_dur_ms_err": 0.9948560088855908,
    "order": [
        0,
        1,
        2,
        3,
        4,
        5,
        6,
        8,
        9,
        7
    ],
    "groupby": false
}