{
    "timestamp": "2022-08-06 03:29:50.939549",
    "dataset": "dmv.csv",
    "model": "dmv.csv-2.6MB-model16.669-data16.507-made-resmade-hidden256_256_256_256_256-emb32-directIo-binaryInone_hotOut-inputNoEmbIfLeq-5epochs-seed0.pt",
    "query": "'SELECT Record Type FROM dmv.csv WHERE State>=KS AND Fuel Type=OTHER AND Scofflaw Indicator=N AND Suspension Indicator=Y AND Revocation Indicator=Y AND Registration Class>=ATV AND Model Year>=1912.0<=1982.0'",
    "avg_est": 3.834136962890625,
    "avg_real": NaN,
    "avg_err": NaN,
    "count_est": 1.2996277795770635e-06,
    "count_real": 0,
    "count_err": 0,
    "sum_est": 4.982950907675889e-06,
    "sum_real": NaN,
    "sum_err": NaN,
    "query_dur_ms_est": 20.899295806884766,
    "query_dur_ms_real": 2808.9938163757324,
    "query_dur_ms_err": 0.9925598640747989,
    "order": [
        1,
        2,
        3,
        4,
        5,
        6,
        7,
        8,
        9,
        0
    ],
    "groupby": false
}