{
    "timestamp": "2022-08-06 03:03:47.161649",
    "dataset": "dmv.csv",
    "model": "dmv.csv-2.6MB-model16.669-data16.507-made-resmade-hidden256_256_256_256_256-emb32-directIo-binaryInone_hotOut-inputNoEmbIfLeq-5epochs-seed0.pt",
    "query": "'SELECT Weight_100 FROM dmv.csv WHERE State>=IA AND Scofflaw Indicator=N AND Revocation Indicator=Y AND Registration Class<=OMR'",
    "avg_est": 2.5086216926574707,
    "avg_real": 100.8359659781288,
    "avg_err": 0.9751217567231757,
    "count_est": 968.8050795549934,
    "count_real": 823,
    "count_err": 0.1771629156196761,
    "sum_est": 2430.365438528403,
    "sum_real": 82988.0,
    "sum_err": 0.9707142546087578,
    "query_dur_ms_est": 20.261526107788086,
    "query_dur_ms_real": 4070.6512928009033,
    "query_dur_ms_err": 0.9950225345650163,
    "order": [
        0,
        1,
        2,
        3,
        4,
        5,
        6,
        7,
        8,
        9
    ],
    "groupby": false
}