{
    "timestamp": "2022-08-06 02:59:09.646741",
    "dataset": "dmv.csv",
    "model": "dmv.csv-2.6MB-model16.669-data16.507-made-resmade-hidden256_256_256_256_256-emb32-directIo-binaryInone_hotOut-inputNoEmbIfLeq-5epochs-seed0.pt",
    "query": "'SELECT Revocation Indicator FROM dmv.csv WHERE State<=MI AND Weight_100<=65.0'",
    "avg_est": 1.0002962350845337,
    "avg_real": 1.0,
    "avg_err": 0.0002962350845336914,
    "count_est": 28548.14656008128,
    "count_real": 24063,
    "count_err": 0.18639182812123511,
    "sum_est": 28556.603522690788,
    "sum_real": 24063.0,
    "sum_err": 0.18674327900472876,
    "query_dur_ms_est": 20.266294479370117,
    "query_dur_ms_real": 998.9888668060303,
    "query_dur_ms_err": 0.9797131928565275,
    "order": [
        0,
        1,
        2,
        3,
        4,
        5,
        7,
        8,
        9,
        6
    ],
    "groupby": false
}