{
    "timestamp": "2022-08-06 03:14:35.063822",
    "dataset": "dmv.csv",
    "model": "dmv.csv-2.6MB-model16.669-data16.507-made-resmade-hidden256_256_256_256_256-emb32-directIo-binaryInone_hotOut-inputNoEmbIfLeq-5epochs-seed0.pt",
    "query": "'SELECT Registration Class FROM dmv.csv WHERE County>=GENESEE AND Scofflaw Indicator=Y AND Model Year<=1958.0'",
    "avg_est": 48.66251754760742,
    "avg_real": 14.0,
    "avg_err": 2.475894110543387,
    "count_est": 1.8609245020680305,
    "count_real": 1,
    "count_err": 0.8609245020680305,
    "sum_est": 90.55727123665814,
    "sum_real": 14.0,
    "sum_err": 5.4683765169041525,
    "query_dur_ms_est": 20.374536514282227,
    "query_dur_ms_real": 2543.0712699890137,
    "query_dur_ms_err": 0.9919882164708776,
    "order": [
        0,
        1,
        2,
        3,
        4,
        5,
        6,
        8,
        9,
        7
    ],
    "groupby": false
}