{
    "timestamp": "2022-08-06 03:04:58.047598",
    "dataset": "dmv.csv",
    "model": "dmv.csv-2.6MB-model16.669-data16.507-made-resmade-hidden256_256_256_256_256-emb32-directIo-binaryInone_hotOut-inputNoEmbIfLeq-5epochs-seed0.pt",
    "query": "'SELECT Weight_100 FROM dmv.csv WHERE Fuel Type=NONE AND Suspension Indicator=N AND Revocation Indicator=N'",
    "avg_est": 59.859474182128906,
    "avg_real": 97.83771984889486,
    "avg_err": 0.3881759072617527,
    "count_est": 760843.5441945344,
    "count_real": 804473,
    "count_err": 0.05423358621789119,
    "sum_est": 45543694.49035218,
    "sum_real": 78707804.0,
    "sum_err": 0.42135732194545555,
    "query_dur_ms_est": 20.290851593017578,
    "query_dur_ms_real": 1246.2422847747803,
    "query_dur_ms_err": 0.9837183733525102,
    "order": [
        0,
        1,
        2,
        3,
        4,
        5,
        6,
        7,
        8,
        9
    ],
    "groupby": false
}