{
    "timestamp": "2022-08-06 03:26:38.544231",
    "dataset": "dmv.csv",
    "model": "dmv.csv-2.6MB-model16.669-data16.507-made-resmade-hidden256_256_256_256_256-emb32-directIo-binaryInone_hotOut-inputNoEmbIfLeq-5epochs-seed0.pt",
    "query": "'SELECT Revocation Indicator FROM dmv.csv WHERE State<=U AND County>=SUFFOLK'",
    "avg_est": 1.0001397132873535,
    "avg_real": 1.0001271567917007,
    "avg_err": 1.2554899212089552e-05,
    "count_est": 2852289.083555937,
    "count_real": 2846879,
    "count_err": 0.0019003559884128596,
    "sum_est": 2852687.5862402827,
    "sum_real": 2847241.0,
    "sum_err": 0.0019129347464028328,
    "query_dur_ms_est": 20.25580406188965,
    "query_dur_ms_real": 4004.849433898926,
    "query_dur_ms_err": 0.9949421808744081,
    "order": [
        0,
        1,
        2,
        3,
        4,
        5,
        7,
        8,
        9,
        6
    ],
    "groupby": false
}