{
    "timestamp": "2022-08-06 03:18:47.050304",
    "dataset": "dmv.csv",
    "model": "dmv.csv-2.6MB-model16.669-data16.507-made-resmade-hidden256_256_256_256_256-emb32-directIo-binaryInone_hotOut-inputNoEmbIfLeq-5epochs-seed0.pt",
    "query": "'SELECT Weight_100 FROM dmv.csv WHERE Model Year<=1910.0'",
    "avg_est": 8.189743041992188,
    "avg_real": 58.097345132743364,
    "avg_err": 0.8590341258575602,
    "count_est": 108.61929587127452,
    "count_real": 113,
    "count_err": 0.0387672931745618,
    "sum_est": 889.5641225878612,
    "sum_real": 6565.0,
    "sum_err": 0.8644989912280486,
    "query_dur_ms_est": 19.760608673095703,
    "query_dur_ms_real": 86.5631103515625,
    "query_dur_ms_err": 0.7717202097655561,
    "order": [
        0,
        1,
        2,
        3,
        4,
        5,
        6,
        7,
        8,
        9
    ],
    "groupby": false
}