{
    "timestamp": "2022-08-06 03:23:37.116354",
    "dataset": "dmv.csv",
    "model": "dmv.csv-2.6MB-model16.669-data16.507-made-resmade-hidden256_256_256_256_256-emb32-directIo-binaryInone_hotOut-inputNoEmbIfLeq-5epochs-seed0.pt",
    "query": "'SELECT Record Type FROM dmv.csv WHERE Revocation Indicator=Y AND Model Year=2023.0'",
    "avg_est": 3.834136962890625,
    "avg_real": 4.0,
    "avg_err": 0.04146575927734375,
    "count_est": 5.001938172141536,
    "count_real": 8,
    "count_err": 0.37475772848230804,
    "sum_est": 19.178116031901432,
    "sum_real": 32.0,
    "sum_err": 0.40068387400308025,
    "query_dur_ms_est": 20.136594772338867,
    "query_dur_ms_real": 1038.257360458374,
    "query_dur_ms_err": 0.9806053917465619,
    "order": [
        1,
        2,
        3,
        4,
        5,
        6,
        7,
        8,
        9,
        0
    ],
    "groupby": false
}