{
    "timestamp": "2022-08-06 03:15:43.851045",
    "dataset": "dmv.csv",
    "model": "dmv.csv-2.6MB-model16.669-data16.507-made-resmade-hidden256_256_256_256_256-emb32-directIo-binaryInone_hotOut-inputNoEmbIfLeq-5epochs-seed0.pt",
    "query": "'SELECT Weight_100 FROM dmv.csv WHERE Record Type=BOAT AND State>=BY AND County<=GENESEE AND Fuel Type=FLEX AND Suspension Indicator=Y AND Revocation Indicator=Y'",
    "avg_est": 1.0,
    "avg_real": NaN,
    "avg_err": NaN,
    "count_est": 2.238499942337313e-07,
    "count_real": 0,
    "count_err": 0,
    "sum_est": 2.238499942337313e-07,
    "sum_real": NaN,
    "sum_err": NaN,
    "query_dur_ms_est": 20.432710647583008,
    "query_dur_ms_real": 735.1803779602051,
    "query_dur_ms_err": 0.9722072143651677,
    "order": [
        0,
        1,
        2,
        3,
        4,
        5,
        6,
        7,
        8,
        9
    ],
    "groupby": false
}