{
    "timestamp": "2022-08-06 03:11:18.347273",
    "dataset": "dmv.csv",
    "model": "dmv.csv-2.6MB-model16.669-data16.507-made-resmade-hidden256_256_256_256_256-emb32-directIo-binaryInone_hotOut-inputNoEmbIfLeq-5epochs-seed0.pt",
    "query": "'SELECT Revocation Indicator FROM dmv.csv WHERE Scofflaw Indicator=N'",
    "avg_est": 1.0003997087478638,
    "avg_real": 1.0004490765418097,
    "avg_err": 4.9345633979270566e-05,
    "count_est": 12627748.15763402,
    "count_real": 12625910,
    "count_err": 0.00014558615054438467,
    "sum_est": 12632795.579038447,
    "sum_real": 12631580.0,
    "sum_err": 9.623333252425818e-05,
    "query_dur_ms_est": 20.180940628051758,
    "query_dur_ms_real": 5662.257432937622,
    "query_dur_ms_err": 0.9964358842975491,
    "order": [
        0,
        1,
        2,
        3,
        4,
        5,
        7,
        8,
        9,
        6
    ],
    "groupby": false
}