{
    "timestamp": "2022-08-06 03:26:59.971398",
    "dataset": "dmv.csv",
    "model": "dmv.csv-2.6MB-model16.669-data16.507-made-resmade-hidden256_256_256_256_256-emb32-directIo-binaryInone_hotOut-inputNoEmbIfLeq-5epochs-seed0.pt",
    "query": "'SELECT State FROM dmv.csv WHERE Record Type=VEH AND County>=SCHOHARIE AND Suspension Indicator=N AND Revocation Indicator=Y'",
    "avg_est": 51.86949157714844,
    "avg_real": 51.9005376344086,
    "avg_err": 0.0005981837313295975,
    "count_est": 396.1029041273723,
    "count_real": 372,
    "count_err": 0.06479275303057073,
    "sum_est": 20545.656249318774,
    "sum_real": 19307.0,
    "sum_err": 0.06415581132847019,
    "query_dur_ms_est": 20.341873168945312,
    "query_dur_ms_real": 3648.39506149292,
    "query_dur_ms_err": 0.9944244324350605,
    "order": [
        0,
        2,
        3,
        4,
        5,
        6,
        7,
        8,
        9,
        1
    ],
    "groupby": false
}