{
    "timestamp": "2022-08-06 03:27:14.800982",
    "dataset": "dmv.csv",
    "model": "dmv.csv-2.6MB-model16.669-data16.507-made-resmade-hidden256_256_256_256_256-emb32-directIo-binaryInone_hotOut-inputNoEmbIfLeq-5epochs-seed0.pt",
    "query": "'SELECT Suspension Indicator FROM dmv.csv WHERE State>=DC<=QC AND Scofflaw Indicator=N AND Revocation Indicator=Y AND Registration Class<=AMB AND Weight_100>=53.0'",
    "avg_est": 1.0106168985366821,
    "avg_real": NaN,
    "avg_err": NaN,
    "count_est": 0.0007469259085969293,
    "count_real": 0,
    "count_err": 0,
    "sum_est": 0.000754855945182922,
    "sum_real": NaN,
    "sum_err": NaN,
    "query_dur_ms_est": 20.386219024658203,
    "query_dur_ms_real": 6234.040021896362,
    "query_dur_ms_err": 0.9967298543235119,
    "order": [
        0,
        1,
        2,
        3,
        4,
        6,
        7,
        8,
        9,
        5
    ],
    "groupby": false
}