{
    "timestamp": "2022-08-06 03:02:34.148434",
    "dataset": "dmv.csv",
    "model": "dmv.csv-2.6MB-model16.669-data16.507-made-resmade-hidden256_256_256_256_256-emb32-directIo-binaryInone_hotOut-inputNoEmbIfLeq-5epochs-seed0.pt",
    "query": "'SELECT Model Year FROM dmv.csv WHERE Scofflaw Indicator=N'",
    "avg_est": 114.12545776367188,
    "avg_real": 113.13291604327925,
    "avg_err": 0.008773235545461623,
    "count_est": 12628253.189679861,
    "count_real": 12625910,
    "count_err": 0.00018558580568537784,
    "sum_est": 1441205176.0277636,
    "sum_real": 1428406016.0,
    "sum_err": 0.00896044953913412,
    "query_dur_ms_est": 20.28965950012207,
    "query_dur_ms_real": 17663.614511489868,
    "query_dur_ms_err": 0.9988513302593348,
    "order": [
        0,
        1,
        2,
        3,
        4,
        5,
        6,
        7,
        9,
        8
    ],
    "groupby": false
}