{
    "timestamp": "2022-08-06 03:14:00.185381",
    "dataset": "dmv.csv",
    "model": "dmv.csv-2.6MB-model16.669-data16.507-made-resmade-hidden256_256_256_256_256-emb32-directIo-binaryInone_hotOut-inputNoEmbIfLeq-5epochs-seed0.pt",
    "query": "'SELECT State FROM dmv.csv WHERE Record Type=BOAT AND County<=CHAUTAUQUA AND Suspension Indicator=Y AND Revocation Indicator=N AND Model Year>=1927.0<=1997.0 AND Weight_100<=37.0'",
    "avg_est": 51.53016662597656,
    "avg_real": NaN,
    "avg_err": NaN,
    "count_est": 5.1364166875987995e-06,
    "count_real": 0,
    "count_err": 0,
    "sum_est": 0.0002646804077724127,
    "sum_real": NaN,
    "sum_err": NaN,
    "query_dur_ms_est": 20.572423934936523,
    "query_dur_ms_real": 1023.1671333312988,
    "query_dur_ms_err": 0.9798933886119314,
    "order": [
        0,
        2,
        3,
        4,
        5,
        6,
        7,
        8,
        9,
        1
    ],
    "groupby": false
}