{
    "timestamp": "2022-08-06 03:28:52.856049",
    "dataset": "dmv.csv",
    "model": "dmv.csv-2.6MB-model16.669-data16.507-made-resmade-hidden256_256_256_256_256-emb32-directIo-binaryInone_hotOut-inputNoEmbIfLeq-5epochs-seed0.pt",
    "query": "'SELECT Revocation Indicator FROM dmv.csv WHERE Record Type=BOAT AND Fuel Type=GAS'",
    "avg_est": 1.000008225440979,
    "avg_real": 1.0,
    "avg_err": 8.225440979003906e-06,
    "count_est": 342068.96955706924,
    "count_real": 343283,
    "count_err": 0.003536529460913468,
    "sum_est": 342071.7832251891,
    "sum_real": 343283.0,
    "sum_err": 0.0035283331094488235,
    "query_dur_ms_est": 20.21169662475586,
    "query_dur_ms_real": 1147.5510597229004,
    "query_dur_ms_err": 0.9823871047362055,
    "order": [
        0,
        1,
        2,
        3,
        4,
        5,
        7,
        8,
        9,
        6
    ],
    "groupby": false
}