{
    "timestamp": "2022-08-06 03:13:41.175319",
    "dataset": "dmv.csv",
    "model": "dmv.csv-2.6MB-model16.669-data16.507-made-resmade-hidden256_256_256_256_256-emb32-directIo-binaryInone_hotOut-inputNoEmbIfLeq-5epochs-seed0.pt",
    "query": "'SELECT Model Year FROM dmv.csv WHERE Record Type=SNOW AND State>=ND<=US AND County=YATES AND Fuel Type=NONE AND Scofflaw Indicator=Y AND Revocation Indicator=N AND Registration Class>=HSM<=SOS AND Weight_100<=46.0'",
    "avg_est": 112.39237976074219,
    "avg_real": NaN,
    "avg_err": NaN,
    "count_est": 2.6498136147612557e-16,
    "count_real": 0,
    "count_err": 0,
    "sum_est": 2.978188580854321e-14,
    "sum_real": NaN,
    "sum_err": NaN,
    "query_dur_ms_est": 20.7827091217041,
    "query_dur_ms_real": 655.3142070770264,
    "query_dur_ms_err": 0.9682858865300608,
    "order": [
        0,
        1,
        2,
        3,
        4,
        5,
        6,
        7,
        9,
        8
    ],
    "groupby": false
}