{
    "timestamp": "2022-08-06 03:02:54.290447",
    "dataset": "dmv.csv",
    "model": "dmv.csv-2.6MB-model16.669-data16.507-made-resmade-hidden256_256_256_256_256-emb32-directIo-binaryInone_hotOut-inputNoEmbIfLeq-5epochs-seed0.pt",
    "query": "'SELECT County FROM dmv.csv WHERE Scofflaw Indicator=Y'",
    "avg_est": 34.39848327636719,
    "avg_real": 31.646231500539056,
    "avg_err": 0.08696933711621399,
    "count_est": 18418.37620045431,
    "count_real": 20406,
    "count_err": 0.09740389099018379,
    "sum_est": 633564.2057091669,
    "sum_real": 645773.0,
    "sum_err": 0.018905705705926167,
    "query_dur_ms_est": 20.007848739624023,
    "query_dur_ms_real": 1267.7366733551025,
    "query_dur_ms_err": 0.9842176619481452,
    "order": [
        0,
        1,
        3,
        4,
        5,
        6,
        7,
        8,
        9,
        2
    ],
    "groupby": false
}