{
    "timestamp": "2022-08-06 02:59:05.846786",
    "dataset": "dmv.csv",
    "model": "dmv.csv-2.6MB-model16.669-data16.507-made-resmade-hidden256_256_256_256_256-emb32-directIo-binaryInone_hotOut-inputNoEmbIfLeq-5epochs-seed0.pt",
    "query": "'SELECT Suspension Indicator FROM dmv.csv WHERE Scofflaw Indicator=N AND Revocation Indicator=Y'",
    "avg_est": 1.0106570720672607,
    "avg_real": 1.0128747795414461,
    "avg_err": 0.0021895179137438716,
    "count_est": 5138.585864832276,
    "count_real": 5670,
    "count_err": 0.09372383336291437,
    "sum_est": 5193.348144717601,
    "sum_real": 5742.999999999999,
    "sum_err": 0.09570814126456526,
    "query_dur_ms_est": 20.099639892578125,
    "query_dur_ms_real": 2641.8135166168213,
    "query_dur_ms_err": 0.9923917264537588,
    "order": [
        0,
        1,
        2,
        3,
        4,
        6,
        7,
        8,
        9,
        5
    ],
    "groupby": false
}