{
    "timestamp": "2022-08-06 03:23:45.470255",
    "dataset": "dmv.csv",
    "model": "dmv.csv-2.6MB-model16.669-data16.507-made-resmade-hidden256_256_256_256_256-emb32-directIo-binaryInone_hotOut-inputNoEmbIfLeq-5epochs-seed0.pt",
    "query": "'SELECT Revocation Indicator FROM dmv.csv WHERE Record Type=TRL AND State=WI AND County>=FRANKLIN<=MADISON AND Fuel Type=FLEX AND Registration Class=NYA AND Model Year<=2017.0 AND Weight_100>=11.0'",
    "avg_est": 1.000007152557373,
    "avg_real": NaN,
    "avg_err": NaN,
    "count_est": 3.49320067337616e-14,
    "count_real": 0,
    "count_err": 0,
    "sum_est": 3.4932256586943917e-14,
    "sum_real": NaN,
    "sum_err": NaN,
    "query_dur_ms_est": 20.58696746826172,
    "query_dur_ms_real": 1117.152452468872,
    "query_dur_ms_err": 0.9815719265327081,
    "order": [
        0,
        1,
        2,
        3,
        4,
        5,
        7,
        8,
        9,
        6
    ],
    "groupby": false
}