{
    "timestamp": "2022-08-06 03:02:39.287286",
    "dataset": "dmv.csv",
    "model": "dmv.csv-2.6MB-model16.669-data16.507-made-resmade-hidden256_256_256_256_256-emb32-directIo-binaryInone_hotOut-inputNoEmbIfLeq-5epochs-seed0.pt",
    "query": "'SELECT Record Type FROM dmv.csv WHERE State<=LA AND County>=SCHOHARIE AND Fuel Type=nan AND Suspension Indicator=N AND Revocation Indicator=N AND Registration Class<=OMS AND Weight_100<=52.0'",
    "avg_est": 3.834136962890625,
    "avg_real": NaN,
    "avg_err": NaN,
    "count_est": 0.0,
    "count_real": 0,
    "count_err": 0,
    "sum_est": 0.0,
    "sum_real": NaN,
    "sum_err": NaN,
    "query_dur_ms_est": 20.51234245300293,
    "query_dur_ms_real": 1016.1159038543701,
    "query_dur_ms_err": 0.9798129894678405,
    "order": [
        1,
        2,
        3,
        4,
        5,
        6,
        7,
        8,
        9,
        0
    ],
    "groupby": false
}