{
    "timestamp": "2022-08-06 03:30:47.508090",
    "dataset": "dmv.csv",
    "model": "dmv.csv-2.6MB-model16.669-data16.507-made-resmade-hidden256_256_256_256_256-emb32-directIo-binaryInone_hotOut-inputNoEmbIfLeq-5epochs-seed0.pt",
    "query": "'SELECT State FROM dmv.csv WHERE Registration Class<=IRP AND Model Year>=1917.0<=2023.0'",
    "avg_est": 51.85078048706055,
    "avg_real": 51.5750170499808,
    "avg_err": 0.005346841413789679,
    "count_est": 1402930.0277006626,
    "count_real": 1395896,
    "count_err": 0.005039077195337341,
    "sum_est": 72743016.90501283,
    "sum_real": 71993360.0,
    "sum_err": 0.010412861755762353,
    "query_dur_ms_est": 20.389080047607422,
    "query_dur_ms_real": 4894.589185714722,
    "query_dur_ms_err": 0.99583436336044,
    "order": [
        0,
        2,
        3,
        4,
        5,
        6,
        7,
        8,
        9,
        1
    ],
    "groupby": false
}