{
    "timestamp": "2022-08-06 03:05:07.301455",
    "dataset": "dmv.csv",
    "model": "dmv.csv-2.6MB-model16.669-data16.507-made-resmade-hidden256_256_256_256_256-emb32-directIo-binaryInone_hotOut-inputNoEmbIfLeq-5epochs-seed0.pt",
    "query": "'SELECT State FROM dmv.csv WHERE Scofflaw Indicator=Y AND Weight_100=78.0'",
    "avg_est": 51.85005569458008,
    "avg_real": 51.723076923076924,
    "avg_err": 0.0024549732741537818,
    "count_est": 163.606449075618,
    "count_real": 195,
    "count_err": 0.1609925688429846,
    "sum_est": 8483.003496563273,
    "sum_real": 10086.0,
    "sum_err": 0.15893282802267766,
    "query_dur_ms_est": 20.20406723022461,
    "query_dur_ms_real": 1029.939889907837,
    "query_dur_ms_err": 0.9803832559276517,
    "order": [
        0,
        2,
        3,
        4,
        5,
        6,
        7,
        8,
        9,
        1
    ],
    "groupby": false
}