{
    "timestamp": "2022-08-06 03:24:52.102380",
    "dataset": "dmv.csv",
    "model": "dmv.csv-2.6MB-model16.669-data16.507-made-resmade-hidden256_256_256_256_256-emb32-directIo-binaryInone_hotOut-inputNoEmbIfLeq-5epochs-seed0.pt",
    "query": "'SELECT Weight_100 FROM dmv.csv WHERE Record Type=BOAT AND State>=CA AND County>=OUT-OF-STATE<=YATES AND Fuel Type=OTHER AND Scofflaw Indicator=Y AND Suspension Indicator=Y AND Revocation Indicator=N AND Registration Class<=LTR'",
    "avg_est": 1.0000008344650269,
    "avg_real": NaN,
    "avg_err": NaN,
    "count_est": 4.155383846058975e-05,
    "count_real": 0,
    "count_err": 0,
    "sum_est": 4.1553873135814674e-05,
    "sum_real": NaN,
    "sum_err": NaN,
    "query_dur_ms_est": 20.61319351196289,
    "query_dur_ms_real": 774.970293045044,
    "query_dur_ms_err": 0.9734013113832161,
    "order": [
        0,
        1,
        2,
        3,
        4,
        5,
        6,
        7,
        8,
        9
    ],
    "groupby": false
}