{
    "timestamp": "2022-08-06 03:02:36.027407",
    "dataset": "dmv.csv",
    "model": "dmv.csv-2.6MB-model16.669-data16.507-made-resmade-hidden256_256_256_256_256-emb32-directIo-binaryInone_hotOut-inputNoEmbIfLeq-5epochs-seed0.pt",
    "query": "'SELECT Model Year FROM dmv.csv WHERE Record Type=SNOW AND Revocation Indicator=N'",
    "avg_est": 111.40756225585938,
    "avg_real": 110.87265857953088,
    "avg_err": 0.0048244867867473515,
    "count_est": 111333.28983713314,
    "count_real": 113019,
    "count_err": 0.014915281172783873,
    "sum_est": 12403370.418680046,
    "sum_real": 12530717.0,
    "sum_err": 0.010162752962975244,
    "query_dur_ms_est": 20.211458206176758,
    "query_dur_ms_real": 699.2762088775635,
    "query_dur_ms_err": 0.9710966025304665,
    "order": [
        0,
        1,
        2,
        3,
        4,
        5,
        6,
        7,
        9,
        8
    ],
    "groupby": false
}