{
    "timestamp": "2022-08-06 03:26:55.173386",
    "dataset": "dmv.csv",
    "model": "dmv.csv-2.6MB-model16.669-data16.507-made-resmade-hidden256_256_256_256_256-emb32-directIo-binaryInone_hotOut-inputNoEmbIfLeq-5epochs-seed0.pt",
    "query": "'SELECT Scofflaw Indicator FROM dmv.csv WHERE Suspension Indicator=Y AND Weight_100>=39.0<=90.0'",
    "avg_est": 1.001469612121582,
    "avg_real": 1.0151444620302268,
    "avg_err": 0.013470841264597844,
    "count_est": 65646.46327843517,
    "count_real": 64446,
    "count_err": 0.018627428830884318,
    "sum_est": 65742.93811660814,
    "sum_real": 65421.99999999999,
    "sum_err": 0.004905660429338009,
    "query_dur_ms_est": 20.18117904663086,
    "query_dur_ms_real": 1114.0375137329102,
    "query_dur_ms_err": 0.9818846503839822,
    "order": [
        0,
        1,
        2,
        3,
        5,
        6,
        7,
        8,
        9,
        4
    ],
    "groupby": false
}