{
    "timestamp": "2022-08-06 03:28:50.359479",
    "dataset": "dmv.csv",
    "model": "dmv.csv-2.6MB-model16.669-data16.507-made-resmade-hidden256_256_256_256_256-emb32-directIo-binaryInone_hotOut-inputNoEmbIfLeq-5epochs-seed0.pt",
    "query": "'SELECT State FROM dmv.csv WHERE Fuel Type=NONE AND Suspension Indicator=Y AND Revocation Indicator=N AND Registration Class>=OMV AND Model Year>=1902.0 AND Weight_100=52.0'",
    "avg_est": 51.84964370727539,
    "avg_real": NaN,
    "avg_err": NaN,
    "count_est": 0.37082858712245326,
    "count_real": 0,
    "count_err": 0,
    "sum_est": 19.227330118771533,
    "sum_real": NaN,
    "sum_err": NaN,
    "query_dur_ms_est": 20.568370819091797,
    "query_dur_ms_real": 1153.8732051849365,
    "query_dur_ms_err": 0.982174496533356,
    "order": [
        0,
        2,
        3,
        4,
        5,
        6,
        7,
        8,
        9,
        1
    ],
    "groupby": false
}