{
    "timestamp": "2022-08-06 03:05:49.738273",
    "dataset": "dmv.csv",
    "model": "dmv.csv-2.6MB-model16.669-data16.507-made-resmade-hidden256_256_256_256_256-emb32-directIo-binaryInone_hotOut-inputNoEmbIfLeq-5epochs-seed0.pt",
    "query": "'SELECT Record Type FROM dmv.csv WHERE Suspension Indicator=Y'",
    "avg_est": 3.834136962890625,
    "avg_real": 3.997935575725218,
    "avg_err": 0.04097079848638642,
    "count_est": 140437.38681507483,
    "count_real": 140475,
    "count_err": 0.00026775714486683574,
    "sum_est": 538456.1757594469,
    "sum_real": 561610.0,
    "sum_err": 0.04122758540722757,
    "query_dur_ms_est": 20.003795623779297,
    "query_dur_ms_real": 1137.1874809265137,
    "query_dur_ms_err": 0.9824094127315917,
    "order": [
        1,
        2,
        3,
        4,
        5,
        6,
        7,
        8,
        9,
        0
    ],
    "groupby": false
}