{
    "timestamp": "2022-08-06 03:05:21.348135",
    "dataset": "dmv.csv",
    "model": "dmv.csv-2.6MB-model16.669-data16.507-made-resmade-hidden256_256_256_256_256-emb32-directIo-binaryInone_hotOut-inputNoEmbIfLeq-5epochs-seed0.pt",
    "query": "'SELECT Registration Class FROM dmv.csv WHERE State>=GS AND County>=DUTCHESS<=ESSEX AND Scofflaw Indicator=Y AND Suspension Indicator=N AND Weight_100>=38.0'",
    "avg_est": 48.29525375366211,
    "avg_real": 50.85776805251641,
    "avg_err": 0.05038589771002567,
    "count_est": 425.6018293846864,
    "count_real": 457,
    "count_err": 0.06870496852366209,
    "sum_est": 20554.548348156237,
    "sum_real": 23242.0,
    "sum_err": 0.115629104717484,
    "query_dur_ms_est": 20.61152458190918,
    "query_dur_ms_real": 4748.722553253174,
    "query_dur_ms_err": 0.9956595643668866,
    "order": [
        0,
        1,
        2,
        3,
        4,
        5,
        6,
        8,
        9,
        7
    ],
    "groupby": false
}