{
    "timestamp": "2022-08-06 03:36:37.351405",
    "dataset": "dmv.csv",
    "model": "dmv.csv-2.6MB-model16.669-data16.507-made-resmade-hidden256_256_256_256_256-emb32-directIo-binaryInone_hotOut-inputNoEmbIfLeq-5epochs-seed0.pt",
    "query": "'SELECT Model Year FROM dmv.csv WHERE County>=CAYUGA AND Weight_100<=78.0'",
    "avg_est": 114.13528442382812,
    "avg_real": 113.57732502470859,
    "avg_err": 0.004912595000790485,
    "count_est": 7137512.374789715,
    "count_real": 7133150,
    "count_err": 0.0006115635854727312,
    "sum_est": 814642004.975217,
    "sum_real": 810164096.0,
    "sum_err": 0.005527162950475881,
    "query_dur_ms_est": 20.282268524169922,
    "query_dur_ms_real": 11665.220260620117,
    "query_dur_ms_err": 0.9982613042813568,
    "order": [
        0,
        1,
        2,
        3,
        4,
        5,
        6,
        7,
        9,
        8
    ],
    "groupby": false
}