{
    "timestamp": "2022-08-06 03:02:52.163324",
    "dataset": "dmv.csv",
    "model": "dmv.csv-2.6MB-model16.669-data16.507-made-resmade-hidden256_256_256_256_256-emb32-directIo-binaryInone_hotOut-inputNoEmbIfLeq-5epochs-seed0.pt",
    "query": "'SELECT Registration Class FROM dmv.csv WHERE State<=IL'",
    "avg_est": 39.830257415771484,
    "avg_real": 37.4047996786826,
    "avg_err": 0.06484348955011723,
    "count_est": 54834.107599901035,
    "count_real": 49795,
    "count_err": 0.10119705994379025,
    "sum_est": 2184056.6208681697,
    "sum_real": 1862572.0,
    "sum_err": 0.1726025199928753,
    "query_dur_ms_est": 20.061254501342773,
    "query_dur_ms_real": 1100.297451019287,
    "query_dur_ms_err": 0.981767426178477,
    "order": [
        0,
        1,
        2,
        3,
        4,
        5,
        6,
        8,
        9,
        7
    ],
    "groupby": false
}