{
    "timestamp": "2022-08-06 03:01:19.900333",
    "dataset": "dmv.csv",
    "model": "dmv.csv-2.6MB-model16.669-data16.507-made-resmade-hidden256_256_256_256_256-emb32-directIo-binaryInone_hotOut-inputNoEmbIfLeq-5epochs-seed0.pt",
    "query": "'SELECT Suspension Indicator FROM dmv.csv WHERE Revocation Indicator=N'",
    "avg_est": 1.010679006576538,
    "avg_real": 1.0111070360700205,
    "avg_err": 0.00042332757879530415,
    "count_est": 12641239.297270536,
    "count_real": 12640636,
    "count_err": 4.772681299710099e-05,
    "sum_est": 12776235.17486168,
    "sum_real": 12781036.0,
    "sum_err": 0.00037562096987437353,
    "query_dur_ms_est": 20.360708236694336,
    "query_dur_ms_real": 5657.217979431152,
    "query_dur_ms_err": 0.9964009327003621,
    "order": [
        0,
        1,
        2,
        3,
        4,
        6,
        7,
        8,
        9,
        5
    ],
    "groupby": false
}