{
    "timestamp": "2022-08-06 03:20:43.829867",
    "dataset": "dmv.csv",
    "model": "dmv.csv-2.6MB-model16.669-data16.507-made-resmade-hidden256_256_256_256_256-emb32-directIo-binaryInone_hotOut-inputNoEmbIfLeq-5epochs-seed0.pt",
    "query": "'SELECT Scofflaw Indicator FROM dmv.csv WHERE Suspension Indicator=N'",
    "avg_est": 1.0015016794204712,
    "avg_real": 1.0014494826857305,
    "avg_err": 5.212118598401798e-05,
    "count_est": 12510622.180853367,
    "count_real": 12505841,
    "count_err": 0.00038231581973310327,
    "sum_est": 12529409.124719644,
    "sum_real": 12523967.999999998,
    "sum_err": 0.000434456932471069,
    "query_dur_ms_est": 20.089387893676758,
    "query_dur_ms_real": 5544.184446334839,
    "query_dur_ms_err": 0.996376493587446,
    "order": [
        0,
        1,
        2,
        3,
        5,
        6,
        7,
        8,
        9,
        4
    ],
    "groupby": false
}