{
    "timestamp": "2022-08-06 03:22:41.750203",
    "dataset": "dmv.csv",
    "model": "dmv.csv-2.6MB-model16.669-data16.507-made-resmade-hidden256_256_256_256_256-emb32-directIo-binaryInone_hotOut-inputNoEmbIfLeq-5epochs-seed0.pt",
    "query": "'SELECT Suspension Indicator FROM dmv.csv WHERE Weight_100>=69.0<=84.0'",
    "avg_est": 1.0108544826507568,
    "avg_real": 1.0123524939398296,
    "avg_err": 0.0014797328974247809,
    "count_est": 1529276.9851033688,
    "count_real": 1550699,
    "count_err": 0.013814424912011448,
    "sum_est": 1545876.495606375,
    "sum_real": 1569853.9999999998,
    "sum_err": 0.015273716150434909,
    "query_dur_ms_est": 19.994258880615234,
    "query_dur_ms_real": 1311.418056488037,
    "query_dur_ms_err": 0.9847537108539136,
    "order": [
        0,
        1,
        2,
        3,
        4,
        6,
        7,
        8,
        9,
        5
    ],
    "groupby": false
}