{
    "timestamp": "2022-08-06 03:37:15.417181",
    "dataset": "dmv.csv",
    "model": "dmv.csv-2.6MB-model16.669-data16.507-made-resmade-hidden256_256_256_256_256-emb32-directIo-binaryInone_hotOut-inputNoEmbIfLeq-5epochs-seed0.pt",
    "query": "'SELECT Registration Class FROM dmv.csv WHERE Record Type=TRL AND Suspension Indicator=N AND Revocation Indicator=Y'",
    "avg_est": 46.810150146484375,
    "avg_real": NaN,
    "avg_err": NaN,
    "count_est": 4.878257258821236,
    "count_real": 0,
    "count_err": 0,
    "sum_est": 228.35195473859935,
    "sum_real": NaN,
    "sum_err": NaN,
    "query_dur_ms_est": 20.305633544921875,
    "query_dur_ms_real": 1240.877389907837,
    "query_dur_ms_err": 0.9836360677452347,
    "order": [
        0,
        1,
        2,
        3,
        4,
        5,
        6,
        8,
        9,
        7
    ],
    "groupby": false
}