{
    "timestamp": "2022-08-06 03:32:26.751536",
    "dataset": "dmv.csv",
    "model": "dmv.csv-2.6MB-model16.669-data16.507-made-resmade-hidden256_256_256_256_256-emb32-directIo-binaryInone_hotOut-inputNoEmbIfLeq-5epochs-seed0.pt",
    "query": "'SELECT Scofflaw Indicator FROM dmv.csv WHERE Record Type=TRL AND Suspension Indicator=Y'",
    "avg_est": 1.0001373291015625,
    "avg_real": 1.004201680672269,
    "avg_err": 0.0040473459155988345,
    "count_est": 255.52134011489397,
    "count_real": 238,
    "count_err": 0.07361907611299989,
    "sum_est": 255.556430630962,
    "sum_real": 239.0,
    "sum_err": 0.06927376833038498,
    "query_dur_ms_est": 20.414352416992188,
    "query_dur_ms_real": 1139.0082836151123,
    "query_dur_ms_err": 0.9820770816940867,
    "order": [
        0,
        1,
        2,
        3,
        5,
        6,
        7,
        8,
        9,
        4
    ],
    "groupby": false
}