{
    "timestamp": "2022-08-06 03:31:13.299757",
    "dataset": "dmv.csv",
    "model": "dmv.csv-2.6MB-model16.669-data16.507-made-resmade-hidden256_256_256_256_256-emb32-directIo-binaryInone_hotOut-inputNoEmbIfLeq-5epochs-seed0.pt",
    "query": "'SELECT Registration Class FROM dmv.csv WHERE Record Type=VEH AND County>=ONEIDA<=QUEENS AND Scofflaw Indicator=N AND Suspension Indicator=Y'",
    "avg_est": 48.95375442504883,
    "avg_real": 49.289322854103034,
    "avg_err": 0.006808136318843175,
    "count_est": 28938.421615748666,
    "count_real": 29137,
    "count_err": 0.006815333913969652,
    "sum_est": 1416644.3852258848,
    "sum_real": 1436143.0,
    "sum_err": 0.013577070510468074,
    "query_dur_ms_est": 20.27440071105957,
    "query_dur_ms_real": 4397.225141525269,
    "query_dur_ms_err": 0.9953892739037631,
    "order": [
        0,
        1,
        2,
        3,
        4,
        5,
        6,
        8,
        9,
        7
    ],
    "groupby": false
}