{
    "timestamp": "2022-08-06 03:13:40.432746",
    "dataset": "dmv.csv",
    "model": "dmv.csv-2.6MB-model16.669-data16.507-made-resmade-hidden256_256_256_256_256-emb32-directIo-binaryInone_hotOut-inputNoEmbIfLeq-5epochs-seed0.pt",
    "query": "'SELECT Revocation Indicator FROM dmv.csv WHERE County<=ST LAWRENCE'",
    "avg_est": 1.0004814863204956,
    "avg_real": 1.0005482418830403,
    "avg_err": 6.671898440300779e-05,
    "count_est": 9673087.570827723,
    "count_real": 9698274,
    "count_err": 0.00259700119549906,
    "sum_est": 9677745.030170033,
    "sum_real": 9703591.0,
    "sum_err": 0.0026635469106197126,
    "query_dur_ms_est": 20.107269287109375,
    "query_dur_ms_real": 4840.673446655273,
    "query_dur_ms_err": 0.9958461834889931,
    "order": [
        0,
        1,
        2,
        3,
        4,
        5,
        7,
        8,
        9,
        6
    ],
    "groupby": false
}