{
    "timestamp": "2022-08-06 03:21:27.532466",
    "dataset": "dmv.csv",
    "model": "dmv.csv-2.6MB-model16.669-data16.507-made-resmade-hidden256_256_256_256_256-emb32-directIo-binaryInone_hotOut-inputNoEmbIfLeq-5epochs-seed0.pt",
    "query": "'SELECT Registration Class FROM dmv.csv WHERE Suspension Indicator=Y AND Weight_100<=6.0'",
    "avg_est": 48.18318176269531,
    "avg_real": 50.84518422753717,
    "avg_err": 0.05235505594648126,
    "count_est": 3126.595036806073,
    "count_real": 3094,
    "count_err": 0.010534918166151597,
    "sum_est": 150649.29695676806,
    "sum_real": 157315.0,
    "sum_err": 0.04237169401031017,
    "query_dur_ms_est": 20.127058029174805,
    "query_dur_ms_real": 1127.4993419647217,
    "query_dur_ms_err": 0.982148940331883,
    "order": [
        0,
        1,
        2,
        3,
        4,
        5,
        6,
        8,
        9,
        7
    ],
    "groupby": false
}