{
    "timestamp": "2022-08-06 03:16:15.422426",
    "dataset": "dmv.csv",
    "model": "dmv.csv-2.6MB-model16.669-data16.507-made-resmade-hidden256_256_256_256_256-emb32-directIo-binaryInone_hotOut-inputNoEmbIfLeq-5epochs-seed0.pt",
    "query": "'SELECT County FROM dmv.csv WHERE Weight_100>=45.0'",
    "avg_est": 34.390621185302734,
    "avg_real": 34.84228523591503,
    "avg_err": 0.01296310065640367,
    "count_est": 5337899.650228858,
    "count_real": 5332386,
    "count_err": 0.0010339930809318745,
    "sum_est": 183573684.7961806,
    "sum_real": 185792514.0,
    "sum_err": 0.011942511331858044,
    "query_dur_ms_est": 20.05290985107422,
    "query_dur_ms_real": 16308.934450149536,
    "query_dur_ms_err": 0.9987704340886053,
    "order": [
        0,
        1,
        3,
        4,
        5,
        6,
        7,
        8,
        9,
        2
    ],
    "groupby": false
}