{
    "timestamp": "2022-08-06 03:05:12.743750",
    "dataset": "dmv.csv",
    "model": "dmv.csv-2.6MB-model16.669-data16.507-made-resmade-hidden256_256_256_256_256-emb32-directIo-binaryInone_hotOut-inputNoEmbIfLeq-5epochs-seed0.pt",
    "query": "'SELECT Suspension Indicator FROM dmv.csv WHERE Fuel Type=PROPANE AND Scofflaw Indicator=Y AND Revocation Indicator=N'",
    "avg_est": 1.1469848155975342,
    "avg_real": NaN,
    "avg_err": NaN,
    "count_est": 0.5992305529438369,
    "count_real": 0,
    "count_err": 0,
    "sum_est": 0.6873083452686952,
    "sum_real": NaN,
    "sum_err": NaN,
    "query_dur_ms_est": 20.270347595214844,
    "query_dur_ms_real": 955.2974700927734,
    "query_dur_ms_err": 0.9787811145430477,
    "order": [
        0,
        1,
        2,
        3,
        4,
        6,
        7,
        8,
        9,
        5
    ],
    "groupby": false
}