{
    "timestamp": "2022-08-06 03:13:43.488987",
    "dataset": "dmv.csv",
    "model": "dmv.csv-2.6MB-model16.669-data16.507-made-resmade-hidden256_256_256_256_256-emb32-directIo-binaryInone_hotOut-inputNoEmbIfLeq-5epochs-seed0.pt",
    "query": "'SELECT Registration Class FROM dmv.csv WHERE State=MS AND County>=DELAWARE<=SARATOGA AND Fuel Type=ELECTRIC AND Scofflaw Indicator=N AND Suspension Indicator=N AND Weight_100>=21.0<=78.0'",
    "avg_est": 41.160423278808594,
    "avg_real": NaN,
    "avg_err": NaN,
    "count_est": 0.009611719741777103,
    "count_real": 0,
    "count_err": 0,
    "sum_est": 0.39562245300882637,
    "sum_real": NaN,
    "sum_err": NaN,
    "query_dur_ms_est": 20.761728286743164,
    "query_dur_ms_real": 1044.5356369018555,
    "query_dur_ms_err": 0.9801234849695282,
    "order": [
        0,
        1,
        2,
        3,
        4,
        5,
        6,
        8,
        9,
        7
    ],
    "groupby": false
}