{
    "timestamp": "2022-08-06 03:21:04.705143",
    "dataset": "dmv.csv",
    "model": "dmv.csv-2.6MB-model16.669-data16.507-made-resmade-hidden256_256_256_256_256-emb32-directIo-binaryInone_hotOut-inputNoEmbIfLeq-5epochs-seed0.pt",
    "query": "'SELECT County FROM dmv.csv WHERE Registration Class>=WUG'",
    "avg_est": 34.425540924072266,
    "avg_real": 36.333333333333336,
    "avg_err": 0.05250804796131385,
    "count_est": 7.956454260575356,
    "count_real": 6,
    "count_err": 0.32607571009589265,
    "sum_est": 273.90524175794604,
    "sum_real": 218.0,
    "sum_err": 0.25644606310984425,
    "query_dur_ms_est": 20.061492919921875,
    "query_dur_ms_real": 1175.0798225402832,
    "query_dur_ms_err": 0.982927548805533,
    "order": [
        0,
        1,
        3,
        4,
        5,
        6,
        7,
        8,
        9,
        2
    ],
    "groupby": false
}