{
    "timestamp": "2022-08-06 03:09:03.085517",
    "dataset": "dmv.csv",
    "model": "dmv.csv-2.6MB-model16.669-data16.507-made-resmade-hidden256_256_256_256_256-emb32-directIo-binaryInone_hotOut-inputNoEmbIfLeq-5epochs-seed0.pt",
    "query": "'SELECT Weight_100 FROM dmv.csv WHERE Record Type=VEH AND Model Year>=1938.0<=1975.0'",
    "avg_est": 28.106176376342773,
    "avg_real": 39.589134410362476,
    "avg_err": 0.29005327358241084,
    "count_est": 146318.8548118025,
    "count_real": 125221,
    "count_err": 0.16848495709028444,
    "sum_est": 4112463.5405250117,
    "sum_real": 4957391.0,
    "sum_err": 0.1704379298455555,
    "query_dur_ms_est": 20.433664321899414,
    "query_dur_ms_real": 3062.206745147705,
    "query_dur_ms_err": 0.9933271441079939,
    "order": [
        0,
        1,
        2,
        3,
        4,
        5,
        6,
        7,
        8,
        9
    ],
    "groupby": false
}