{
    "timestamp": "2022-08-06 03:00:49.137157",
    "dataset": "dmv.csv",
    "model": "dmv.csv-2.6MB-model16.669-data16.507-made-resmade-hidden256_256_256_256_256-emb32-directIo-binaryInone_hotOut-inputNoEmbIfLeq-5epochs-seed0.pt",
    "query": "'SELECT County FROM dmv.csv WHERE Scofflaw Indicator=N'",
    "avg_est": 34.431270599365234,
    "avg_real": 34.37122963810133,
    "avg_err": 0.0017468377447091502,
    "count_est": 12628256.204796553,
    "count_real": 12625910,
    "count_err": 0.00018582460959666732,
    "sum_est": 434806906.58546317,
    "sum_real": 433968052.0,
    "sum_err": 0.0019329869597478255,
    "query_dur_ms_est": 20.171165466308594,
    "query_dur_ms_real": 37822.37124443054,
    "query_dur_ms_err": 0.9994666869156364,
    "order": [
        0,
        1,
        3,
        4,
        5,
        6,
        7,
        8,
        9,
        2
    ],
    "groupby": false
}