{
    "timestamp": "2022-08-06 03:18:36.028576",
    "dataset": "dmv.csv",
    "model": "dmv.csv-2.6MB-model16.669-data16.507-made-resmade-hidden256_256_256_256_256-emb32-directIo-binaryInone_hotOut-inputNoEmbIfLeq-5epochs-seed0.pt",
    "query": "'SELECT State FROM dmv.csv WHERE Record Type=BOAT AND Fuel Type=nan AND Suspension Indicator=N AND Registration Class=ARG AND Model Year<=1984.0 AND Weight_100=60.0'",
    "avg_est": 51.53016662597656,
    "avg_real": NaN,
    "avg_err": NaN,
    "count_est": 0.0,
    "count_real": 0,
    "count_err": 0,
    "sum_est": 0.0,
    "sum_real": NaN,
    "sum_err": NaN,
    "query_dur_ms_est": 20.514965057373047,
    "query_dur_ms_real": 998.8241195678711,
    "query_dur_ms_err": 0.9794608833973206,
    "order": [
        0,
        2,
        3,
        4,
        5,
        6,
        7,
        8,
        9,
        1
    ],
    "groupby": false
}