{
    "timestamp": "2022-08-06 03:34:45.506861",
    "dataset": "dmv.csv",
    "model": "dmv.csv-2.6MB-model16.669-data16.507-made-resmade-hidden256_256_256_256_256-emb32-directIo-binaryInone_hotOut-inputNoEmbIfLeq-5epochs-seed0.pt",
    "query": "'SELECT Model Year FROM dmv.csv WHERE Record Type=VEH AND State>=Y AND County>=SUFFOLK AND Fuel Type=NONE AND Scofflaw Indicator=N AND Suspension Indicator=N AND Revocation Indicator=Y AND Registration Class<=WUG AND Weight_100<=0.0'",
    "avg_est": 118.94102478027344,
    "avg_real": NaN,
    "avg_err": NaN,
    "count_est": 1.1314029491156254e-09,
    "count_real": 0,
    "count_err": 0,
    "sum_est": 1.3457022620723605e-07,
    "sum_real": NaN,
    "sum_err": NaN,
    "query_dur_ms_est": 20.79319953918457,
    "query_dur_ms_real": 2280.7507514953613,
    "query_dur_ms_err": 0.9908831776003794,
    "order": [
        0,
        1,
        2,
        3,
        4,
        5,
        6,
        7,
        9,
        8
    ],
    "groupby": false
}