{
    "timestamp": "2022-08-06 03:02:05.542337",
    "dataset": "dmv.csv",
    "model": "dmv.csv-2.6MB-model16.669-data16.507-made-resmade-hidden256_256_256_256_256-emb32-directIo-binaryInone_hotOut-inputNoEmbIfLeq-5epochs-seed0.pt",
    "query": "'SELECT Revocation Indicator FROM dmv.csv WHERE Suspension Indicator=N AND Weight_100<=42.0'",
    "avg_est": 1.000436782836914,
    "avg_real": 1.0000024161820409,
    "avg_err": 0.0004343656053668002,
    "count_est": 4094037.380047202,
    "count_real": 4138761,
    "count_err": 0.01080604073363934,
    "sum_est": 4095825.5853084913,
    "sum_real": 4138770.9999999995,
    "sum_err": 0.010376368900697402,
    "query_dur_ms_est": 20.114421844482422,
    "query_dur_ms_real": 3521.740436553955,
    "query_dur_ms_err": 0.9942884996191926,
    "order": [
        0,
        1,
        2,
        3,
        4,
        5,
        7,
        8,
        9,
        6
    ],
    "groupby": false
}