{
    "timestamp": "2022-08-06 03:36:25.482889",
    "dataset": "dmv.csv",
    "model": "dmv.csv-2.6MB-model16.669-data16.507-made-resmade-hidden256_256_256_256_256-emb32-directIo-binaryInone_hotOut-inputNoEmbIfLeq-5epochs-seed0.pt",
    "query": "'SELECT County FROM dmv.csv WHERE Weight_100>=65.0<=94.0'",
    "avg_est": 34.413246154785156,
    "avg_real": 35.17613482353984,
    "avg_err": 0.021687677528577115,
    "count_est": 2932591.6286270022,
    "count_real": 2910827,
    "count_err": 0.007477128880212475,
    "sum_est": 100919997.58740333,
    "sum_real": 102391643.0,
    "sum_err": 0.014372710208358242,
    "query_dur_ms_est": 20.111799240112305,
    "query_dur_ms_real": 6716.221570968628,
    "query_dur_ms_err": 0.9970054890197418,
    "order": [
        0,
        1,
        3,
        4,
        5,
        6,
        7,
        8,
        9,
        2
    ],
    "groupby": false
}