{
    "timestamp": "2022-08-06 03:05:03.926046",
    "dataset": "dmv.csv",
    "model": "dmv.csv-2.6MB-model16.669-data16.507-made-resmade-hidden256_256_256_256_256-emb32-directIo-binaryInone_hotOut-inputNoEmbIfLeq-5epochs-seed0.pt",
    "query": "'SELECT Revocation Indicator FROM dmv.csv WHERE Scofflaw Indicator=N'",
    "avg_est": 1.0004000663757324,
    "avg_real": 1.0004490765418097,
    "avg_err": 4.898816664081439e-05,
    "count_est": 12628062.483549118,
    "count_real": 12625910,
    "count_err": 0.00017048145829631623,
    "sum_est": 12633114.546739435,
    "sum_real": 12631580.0,
    "sum_err": 0.00012148494008151184,
    "query_dur_ms_est": 20.109176635742188,
    "query_dur_ms_real": 5597.12553024292,
    "query_dur_ms_err": 0.9964072314392296,
    "order": [
        0,
        1,
        2,
        3,
        4,
        5,
        7,
        8,
        9,
        6
    ],
    "groupby": false
}