{
    "timestamp": "2022-08-06 03:29:41.940639",
    "dataset": "dmv.csv",
    "model": "dmv.csv-2.6MB-model16.669-data16.507-made-resmade-hidden256_256_256_256_256-emb32-directIo-binaryInone_hotOut-inputNoEmbIfLeq-5epochs-seed0.pt",
    "query": "'SELECT Weight_100 FROM dmv.csv WHERE Record Type=VEH AND State>=AL AND County<=ONEIDA AND Fuel Type=OTHER AND Suspension Indicator=N AND Revocation Indicator=N AND Registration Class>=MED AND Model Year<=1966.0'",
    "avg_est": 28.457565307617188,
    "avg_real": NaN,
    "avg_err": NaN,
    "count_est": 0.8045691364214917,
    "count_real": 0,
    "count_err": 0,
    "sum_est": 22.896078744207763,
    "sum_real": NaN,
    "sum_err": NaN,
    "query_dur_ms_est": 20.779132843017578,
    "query_dur_ms_real": 4935.655355453491,
    "query_dur_ms_err": 0.9957899951786426,
    "order": [
        0,
        1,
        2,
        3,
        4,
        5,
        6,
        7,
        8,
        9
    ],
    "groupby": false
}