{
    "timestamp": "2022-08-06 03:12:15.769644",
    "dataset": "dmv.csv",
    "model": "dmv.csv-2.6MB-model16.669-data16.507-made-resmade-hidden256_256_256_256_256-emb32-directIo-binaryInone_hotOut-inputNoEmbIfLeq-5epochs-seed0.pt",
    "query": "'SELECT Registration Class FROM dmv.csv WHERE State<=IA AND County>=TIOGA<=WESTCHESTER AND Fuel Type=OTHER AND Scofflaw Indicator=Y AND Revocation Indicator=Y'",
    "avg_est": 46.4547004699707,
    "avg_real": NaN,
    "avg_err": NaN,
    "count_est": 1.998225302761721e-08,
    "count_real": 0,
    "count_err": 0,
    "sum_est": 9.282695791131227e-07,
    "sum_real": NaN,
    "sum_err": NaN,
    "query_dur_ms_est": 20.608186721801758,
    "query_dur_ms_real": 1000.136137008667,
    "query_dur_ms_err": 0.9793946184332072,
    "order": [
        0,
        1,
        2,
        3,
        4,
        5,
        6,
        8,
        9,
        7
    ],
    "groupby": false
}