{
    "timestamp": "2022-08-06 03:09:05.104493",
    "dataset": "dmv.csv",
    "model": "dmv.csv-2.6MB-model16.669-data16.507-made-resmade-hidden256_256_256_256_256-emb32-directIo-binaryInone_hotOut-inputNoEmbIfLeq-5epochs-seed0.pt",
    "query": "'SELECT Revocation Indicator FROM dmv.csv WHERE Registration Class<=CBS'",
    "avg_est": 1.0004043579101562,
    "avg_real": 1.0,
    "avg_err": 0.00040435791015625,
    "count_est": 497492.79366509616,
    "count_real": 505124,
    "count_err": 0.015107590086600193,
    "sum_est": 497693.95881146035,
    "sum_real": 505124.0,
    "sum_err": 0.014709341049998903,
    "query_dur_ms_est": 20.138263702392578,
    "query_dur_ms_real": 1148.6585140228271,
    "query_dur_ms_err": 0.9824680151180315,
    "order": [
        0,
        1,
        2,
        3,
        4,
        5,
        7,
        8,
        9,
        6
    ],
    "groupby": false
}