{
    "timestamp": "2022-08-06 03:05:16.503995",
    "dataset": "dmv.csv",
    "model": "dmv.csv-2.6MB-model16.669-data16.507-made-resmade-hidden256_256_256_256_256-emb32-directIo-binaryInone_hotOut-inputNoEmbIfLeq-5epochs-seed0.pt",
    "query": "'SELECT Scofflaw Indicator FROM dmv.csv WHERE Revocation Indicator=Y'",
    "avg_est": 1.0014371871948242,
    "avg_real": 1.0017605633802817,
    "avg_err": 0.0003228078617572477,
    "count_est": 5170.463215498603,
    "count_real": 5680,
    "count_err": 0.08970718036996427,
    "sum_est": 5177.894139023228,
    "sum_real": 5690.0,
    "sum_err": 0.0900010300486419,
    "query_dur_ms_est": 20.07579803466797,
    "query_dur_ms_real": 1011.0757350921631,
    "query_dur_ms_err": 0.980144120427499,
    "order": [
        0,
        1,
        2,
        3,
        5,
        6,
        7,
        8,
        9,
        4
    ],
    "groupby": false
}