{
    "timestamp": "2022-08-06 03:33:58.620817",
    "dataset": "dmv.csv",
    "model": "dmv.csv-2.6MB-model16.669-data16.507-made-resmade-hidden256_256_256_256_256-emb32-directIo-binaryInone_hotOut-inputNoEmbIfLeq-5epochs-seed0.pt",
    "query": "'SELECT Revocation Indicator FROM dmv.csv WHERE County>=LEWIS<=NIAGARA'",
    "avg_est": 1.000442385673523,
    "avg_real": 1.000371584101177,
    "avg_err": 7.077527337950232e-05,
    "count_est": 2388449.3735104203,
    "count_real": 2411298,
    "count_err": 0.009475654394263868,
    "sum_est": 2389505.9892951963,
    "sum_real": 2412194.0,
    "sum_err": 0.009405549762914486,
    "query_dur_ms_est": 20.133495330810547,
    "query_dur_ms_real": 3327.298879623413,
    "query_dur_ms_err": 0.9939489970515997,
    "order": [
        0,
        1,
        2,
        3,
        4,
        5,
        7,
        8,
        9,
        6
    ],
    "groupby": false
}