{
    "timestamp": "2022-08-06 02:59:10.747781",
    "dataset": "dmv.csv",
    "model": "dmv.csv-2.6MB-model16.669-data16.507-made-resmade-hidden256_256_256_256_256-emb32-directIo-binaryInone_hotOut-inputNoEmbIfLeq-5epochs-seed0.pt",
    "query": "'SELECT Record Type FROM dmv.csv WHERE Revocation Indicator=Y'",
    "avg_est": 3.834136962890625,
    "avg_real": 4.0,
    "avg_err": 0.04146575927734375,
    "count_est": 5306.899454130442,
    "count_real": 5680,
    "count_err": 0.06568671582210531,
    "sum_est": 20347.379355425608,
    "sum_real": 22720.0,
    "sum_err": 0.10442872555345036,
    "query_dur_ms_est": 20.072221755981445,
    "query_dur_ms_real": 1015.0268077850342,
    "query_dur_ms_err": 0.9802249343544113,
    "order": [
        1,
        2,
        3,
        4,
        5,
        6,
        7,
        8,
        9,
        0
    ],
    "groupby": false
}