{
    "timestamp": "2022-08-06 03:23:38.362154",
    "dataset": "dmv.csv",
    "model": "dmv.csv-2.6MB-model16.669-data16.507-made-resmade-hidden256_256_256_256_256-emb32-directIo-binaryInone_hotOut-inputNoEmbIfLeq-5epochs-seed0.pt",
    "query": "'SELECT Model Year FROM dmv.csv WHERE Weight_100>=32.0<=37.0'",
    "avg_est": 114.04572296142578,
    "avg_real": 113.5148785840025,
    "avg_err": 0.004676429945088182,
    "count_est": 575365.9084619135,
    "count_real": 580566,
    "count_err": 0.008956934333196456,
    "sum_est": 65618020.99789645,
    "sum_real": 65902879.0,
    "sum_err": 0.004322390864040283,
    "query_dur_ms_est": 20.176172256469727,
    "query_dur_ms_real": 1150.0654220581055,
    "query_dur_ms_err": 0.9824565004133735,
    "order": [
        0,
        1,
        2,
        3,
        4,
        5,
        6,
        7,
        9,
        8
    ],
    "groupby": false
}