{
    "timestamp": "2022-08-06 03:09:49.091183",
    "dataset": "dmv.csv",
    "model": "dmv.csv-2.6MB-model16.669-data16.507-made-resmade-hidden256_256_256_256_256-emb32-directIo-binaryInone_hotOut-inputNoEmbIfLeq-5epochs-seed0.pt",
    "query": "'SELECT Weight_100 FROM dmv.csv WHERE Suspension Indicator=Y AND Revocation Indicator=N'",
    "avg_est": 44.61184310913086,
    "avg_real": 55.540890313390314,
    "avg_err": 0.19677479317656127,
    "count_est": 137705.2317583114,
    "count_real": 140400,
    "count_err": 0.019193505994933115,
    "sum_est": 6143284.194508292,
    "sum_real": 7797941.0,
    "sum_err": 0.21219150099900835,
    "query_dur_ms_est": 20.157337188720703,
    "query_dur_ms_real": 835.099458694458,
    "query_dur_ms_err": 0.9758623515093239,
    "order": [
        0,
        1,
        2,
        3,
        4,
        5,
        6,
        7,
        8,
        9
    ],
    "groupby": false
}