{
    "timestamp": "2022-08-06 03:15:58.944884",
    "dataset": "dmv.csv",
    "model": "dmv.csv-2.6MB-model16.669-data16.507-made-resmade-hidden256_256_256_256_256-emb32-directIo-binaryInone_hotOut-inputNoEmbIfLeq-5epochs-seed0.pt",
    "query": "'SELECT Model Year FROM dmv.csv WHERE State<=S AND County>=CORTLAND<=MADISON AND Fuel Type=DIESEL AND Scofflaw Indicator=Y AND Suspension Indicator=N AND Registration Class=COM AND Weight_100=7.0'",
    "avg_est": 113.55048370361328,
    "avg_real": NaN,
    "avg_err": NaN,
    "count_est": 5.20477814826498e-07,
    "count_real": 0,
    "count_err": 0,
    "sum_est": 5.910050763054852e-05,
    "sum_real": NaN,
    "sum_err": NaN,
    "query_dur_ms_est": 21.140098571777344,
    "query_dur_ms_real": 4582.763671875,
    "query_dur_ms_err": 0.9953870415135049,
    "order": [
        0,
        1,
        2,
        3,
        4,
        5,
        6,
        7,
        9,
        8
    ],
    "groupby": false
}