{
    "timestamp": "2022-08-06 03:34:49.554064",
    "dataset": "dmv.csv",
    "model": "dmv.csv-2.6MB-model16.669-data16.507-made-resmade-hidden256_256_256_256_256-emb32-directIo-binaryInone_hotOut-inputNoEmbIfLeq-5epochs-seed0.pt",
    "query": "'SELECT Revocation Indicator FROM dmv.csv WHERE Record Type=SNOW'",
    "avg_est": 1.0000035762786865,
    "avg_real": 1.0,
    "avg_err": 3.5762786865234375e-06,
    "count_est": 111333.63139332086,
    "count_real": 113019,
    "count_err": 0.014912259059796509,
    "sum_est": 111334.0295534139,
    "sum_real": 113019.0,
    "sum_err": 0.014908736111504256,
    "query_dur_ms_est": 20.18284797668457,
    "query_dur_ms_real": 1028.0909538269043,
    "query_dur_ms_err": 0.9803686163159425,
    "order": [
        0,
        1,
        2,
        3,
        4,
        5,
        7,
        8,
        9,
        6
    ],
    "groupby": false
}