{
    "timestamp": "2022-08-06 03:07:54.714129",
    "dataset": "dmv.csv",
    "model": "dmv.csv-2.6MB-model16.669-data16.507-made-resmade-hidden256_256_256_256_256-emb32-directIo-binaryInone_hotOut-inputNoEmbIfLeq-5epochs-seed0.pt",
    "query": "'SELECT Suspension Indicator FROM dmv.csv WHERE Record Type=BOAT AND County>=CAYUGA<=ESSEX AND Scofflaw Indicator=Y'",
    "avg_est": 1.0030925273895264,
    "avg_real": NaN,
    "avg_err": NaN,
    "count_est": 1.7804389778043515,
    "count_real": 0,
    "count_err": 0,
    "sum_est": 1.7859450341085918,
    "sum_real": NaN,
    "sum_err": NaN,
    "query_dur_ms_est": 20.240306854248047,
    "query_dur_ms_real": 1098.5362529754639,
    "query_dur_ms_err": 0.9815752035497911,
    "order": [
        0,
        1,
        2,
        3,
        4,
        6,
        7,
        8,
        9,
        5
    ],
    "groupby": false
}