{
    "timestamp": "2022-08-06 03:07:24.611250",
    "dataset": "dmv.csv",
    "model": "dmv.csv-2.6MB-model16.669-data16.507-made-resmade-hidden256_256_256_256_256-emb32-directIo-binaryInone_hotOut-inputNoEmbIfLeq-5epochs-seed0.pt",
    "query": "'SELECT County FROM dmv.csv WHERE State<=NT AND Fuel Type=nan AND Suspension Indicator=N AND Registration Class=OMT AND Model Year>=1908.0<=1932.0 AND Weight_100<=70.0'",
    "avg_est": 37.79314422607422,
    "avg_real": NaN,
    "avg_err": NaN,
    "count_est": 0.0,
    "count_real": 0,
    "count_err": 0,
    "sum_est": 0.0,
    "sum_real": NaN,
    "sum_err": NaN,
    "query_dur_ms_est": 20.627975463867188,
    "query_dur_ms_real": 1222.1591472625732,
    "query_dur_ms_err": 0.983121694494477,
    "order": [
        0,
        1,
        3,
        4,
        5,
        6,
        7,
        8,
        9,
        2
    ],
    "groupby": false
}