{
    "timestamp": "2022-08-06 03:32:28.564432",
    "dataset": "dmv.csv",
    "model": "dmv.csv-2.6MB-model16.669-data16.507-made-resmade-hidden256_256_256_256_256-emb32-directIo-binaryInone_hotOut-inputNoEmbIfLeq-5epochs-seed0.pt",
    "query": "'SELECT Suspension Indicator FROM dmv.csv WHERE Registration Class=AGR AND Weight_100>=18.0'",
    "avg_est": 1.0110962390899658,
    "avg_real": NaN,
    "avg_err": NaN,
    "count_est": 0.4952477470314278,
    "count_real": 0,
    "count_err": 0,
    "sum_est": 0.5007431344412554,
    "sum_real": NaN,
    "sum_err": NaN,
    "query_dur_ms_est": 20.31397819519043,
    "query_dur_ms_real": 1022.7773189544678,
    "query_dur_ms_err": 0.9801384154510228,
    "order": [
        0,
        1,
        2,
        3,
        4,
        6,
        7,
        8,
        9,
        5
    ],
    "groupby": false
}