{
    "timestamp": "2022-08-06 03:25:52.134636",
    "dataset": "dmv.csv",
    "model": "dmv.csv-2.6MB-model16.669-data16.507-made-resmade-hidden256_256_256_256_256-emb32-directIo-binaryInone_hotOut-inputNoEmbIfLeq-5epochs-seed0.pt",
    "query": "'SELECT Weight_100 FROM dmv.csv WHERE Record Type=TRL AND County<=ONEIDA'",
    "avg_est": 15.486656188964844,
    "avg_real": 98.73731451916439,
    "avg_err": 0.8431529532235863,
    "count_est": 404115.8075065315,
    "count_real": 401187,
    "count_err": 0.007300354962976061,
    "sum_est": 6258402.571379551,
    "sum_real": 39612127.0,
    "sum_err": 0.8420079141072241,
    "query_dur_ms_est": 20.163297653198242,
    "query_dur_ms_real": 996.5145587921143,
    "query_dur_ms_err": 0.979766178551733,
    "order": [
        0,
        1,
        2,
        3,
        4,
        5,
        6,
        7,
        8,
        9
    ],
    "groupby": false
}