{
    "timestamp": "2022-08-06 03:37:11.010170",
    "dataset": "dmv.csv",
    "model": "dmv.csv-2.6MB-model16.669-data16.507-made-resmade-hidden256_256_256_256_256-emb32-directIo-binaryInone_hotOut-inputNoEmbIfLeq-5epochs-seed0.pt",
    "query": "'SELECT Revocation Indicator FROM dmv.csv WHERE Registration Class>=CBS<=NLM'",
    "avg_est": 1.0003983974456787,
    "avg_real": 1.0000018620933653,
    "avg_err": 0.00039653461392895816,
    "count_est": 1652330.4928548932,
    "count_real": 1611090,
    "count_err": 0.02559788270977612,
    "sum_est": 1652988.7771026636,
    "sum_real": 1611092.9999999998,
    "sum_err": 0.026004567770242865,
    "query_dur_ms_est": 20.178794860839844,
    "query_dur_ms_real": 3286.1905097961426,
    "query_dur_ms_err": 0.9938595176388323,
    "order": [
        0,
        1,
        2,
        3,
        4,
        5,
        7,
        8,
        9,
        6
    ],
    "groupby": false
}