{
    "timestamp": "2022-08-06 03:36:54.717603",
    "dataset": "dmv.csv",
    "model": "dmv.csv-2.6MB-model16.669-data16.507-made-resmade-hidden256_256_256_256_256-emb32-directIo-binaryInone_hotOut-inputNoEmbIfLeq-5epochs-seed0.pt",
    "query": "'SELECT Suspension Indicator FROM dmv.csv WHERE Registration Class>=HIR<=SPO AND Model Year>=1900.0<=2013.0 AND Weight_100<=22.0'",
    "avg_est": 1.0112736225128174,
    "avg_real": 1.0129141339750638,
    "avg_err": 0.0016195957852897386,
    "count_est": 1179480.2007989585,
    "count_real": 1156872,
    "count_err": 0.019542525706351732,
    "sum_est": 1192777.215344108,
    "sum_real": 1171812.0,
    "sum_err": 0.01789127892879399,
    "query_dur_ms_est": 20.406484603881836,
    "query_dur_ms_real": 5608.060836791992,
    "query_dur_ms_err": 0.9963612226761158,
    "order": [
        0,
        1,
        2,
        3,
        4,
        6,
        7,
        8,
        9,
        5
    ],
    "groupby": false
}