{
    "timestamp": "2022-08-06 03:14:12.968994",
    "dataset": "dmv.csv",
    "model": "dmv.csv-2.6MB-model16.669-data16.507-made-resmade-hidden256_256_256_256_256-emb32-directIo-binaryInone_hotOut-inputNoEmbIfLeq-5epochs-seed0.pt",
    "query": "'SELECT Suspension Indicator FROM dmv.csv WHERE County<=ORLEANS'",
    "avg_est": 1.011782169342041,
    "avg_real": 1.0116785574983311,
    "avg_err": 0.0001024157751905838,
    "count_est": 7099860.35132432,
    "count_real": 7091458,
    "count_err": 0.001184855261685233,
    "sum_est": 7183512.108288466,
    "sum_real": 7174276.0,
    "sum_err": 0.0012873923847460007,
    "query_dur_ms_est": 20.054101943969727,
    "query_dur_ms_real": 3808.9072704315186,
    "query_dur_ms_err": 0.9947349461354312,
    "order": [
        0,
        1,
        2,
        3,
        4,
        6,
        7,
        8,
        9,
        5
    ],
    "groupby": false
}