{
    "timestamp": "2022-08-06 02:59:03.118528",
    "dataset": "dmv.csv",
    "model": "dmv.csv-2.6MB-model16.669-data16.507-made-resmade-hidden256_256_256_256_256-emb32-directIo-binaryInone_hotOut-inputNoEmbIfLeq-5epochs-seed0.pt",
    "query": "'SELECT Registration Class FROM dmv.csv WHERE Revocation Indicator=Y'",
    "avg_est": 43.913307189941406,
    "avg_real": 45.81919014084507,
    "avg_err": 0.04159573630710435,
    "count_est": 5195.1826084723,
    "count_real": 5680,
    "count_err": 0.08535517456473596,
    "sum_est": 228137.64979368518,
    "sum_real": 260253.00000000003,
    "sum_err": 0.12340049953819877,
    "query_dur_ms_est": 20.058631896972656,
    "query_dur_ms_real": 1025.5382061004639,
    "query_dur_ms_err": 0.9804408731165227,
    "order": [
        0,
        1,
        2,
        3,
        4,
        5,
        6,
        8,
        9,
        7
    ],
    "groupby": false
}