{
    "timestamp": "2022-08-06 03:14:06.192107",
    "dataset": "dmv.csv",
    "model": "dmv.csv-2.6MB-model16.669-data16.507-made-resmade-hidden256_256_256_256_256-emb32-directIo-binaryInone_hotOut-inputNoEmbIfLeq-5epochs-seed0.pt",
    "query": "'SELECT Weight_100 FROM dmv.csv WHERE Record Type=VEH AND Fuel Type=ELECTRIC'",
    "avg_est": 64.27536010742188,
    "avg_real": 67.9149378809189,
    "avg_err": 0.05359023930609505,
    "count_est": 71483.52897075936,
    "count_real": 68256,
    "count_err": 0.047285644789606215,
    "sum_est": 4594629.566344882,
    "sum_real": 4635602.0,
    "sum_err": 0.008838643536506723,
    "query_dur_ms_est": 20.157814025878906,
    "query_dur_ms_real": 2315.2894973754883,
    "query_dur_ms_err": 0.9912936096981699,
    "order": [
        0,
        1,
        2,
        3,
        4,
        5,
        6,
        7,
        8,
        9
    ],
    "groupby": false
}