{
    "timestamp": "2022-08-06 03:20:49.349576",
    "dataset": "dmv.csv",
    "model": "dmv.csv-2.6MB-model16.669-data16.507-made-resmade-hidden256_256_256_256_256-emb32-directIo-binaryInone_hotOut-inputNoEmbIfLeq-5epochs-seed0.pt",
    "query": "'SELECT County FROM dmv.csv WHERE Scofflaw Indicator=Y'",
    "avg_est": 34.38910675048828,
    "avg_real": 31.646231500539056,
    "avg_err": 0.08667304509551173,
    "count_est": 17789.20761930151,
    "count_real": 20406,
    "count_err": 0.1282364197147158,
    "sum_est": 611754.9598267591,
    "sum_real": 645773.0,
    "sum_err": 0.0526780156080247,
    "query_dur_ms_est": 19.99211311340332,
    "query_dur_ms_real": 1283.9922904968262,
    "query_dur_ms_err": 0.9844297249591214,
    "order": [
        0,
        1,
        3,
        4,
        5,
        6,
        7,
        8,
        9,
        2
    ],
    "groupby": false
}