{
    "timestamp": "2022-08-06 03:09:57.236803",
    "dataset": "dmv.csv",
    "model": "dmv.csv-2.6MB-model16.669-data16.507-made-resmade-hidden256_256_256_256_256-emb32-directIo-binaryInone_hotOut-inputNoEmbIfLeq-5epochs-seed0.pt",
    "query": "'SELECT Weight_100 FROM dmv.csv WHERE Record Type=BOAT AND State<=SD AND County>=OTSEGO AND Fuel Type=PROPANE AND Scofflaw Indicator=Y AND Suspension Indicator=Y AND Revocation Indicator=Y AND Registration Class>=ITP<=OMT AND Model Year>=1900.0<=1935.0'",
    "avg_est": 1.0,
    "avg_real": NaN,
    "avg_err": NaN,
    "count_est": 1.1351236684458094e-17,
    "count_real": 0,
    "count_err": 0,
    "sum_est": 1.1351236684458094e-17,
    "sum_real": NaN,
    "sum_err": NaN,
    "query_dur_ms_est": 20.75934410095215,
    "query_dur_ms_real": 741.724967956543,
    "query_dur_ms_err": 0.9720120732107155,
    "order": [
        0,
        1,
        2,
        3,
        4,
        5,
        6,
        7,
        8,
        9
    ],
    "groupby": false
}