{
    "timestamp": "2022-08-06 03:12:12.661734",
    "dataset": "dmv.csv",
    "model": "dmv.csv-2.6MB-model16.669-data16.507-made-resmade-hidden256_256_256_256_256-emb32-directIo-binaryInone_hotOut-inputNoEmbIfLeq-5epochs-seed0.pt",
    "query": "'SELECT Scofflaw Indicator FROM dmv.csv WHERE County>=TOMPKINS<=WYOMING AND Weight_100>=33.0'",
    "avg_est": 1.001602053642273,
    "avg_real": 1.0022138923982742,
    "avg_err": 0.0006104872030232205,
    "count_est": 673851.962743178,
    "count_real": 671216,
    "count_err": 0.003927145275407633,
    "sum_est": 674931.5097344435,
    "sum_real": 672702.0,
    "sum_err": 0.0033142606004493897,
    "query_dur_ms_est": 20.32756805419922,
    "query_dur_ms_real": 1715.1732444763184,
    "query_dur_ms_err": 0.9881483878554754,
    "order": [
        0,
        1,
        2,
        3,
        5,
        6,
        7,
        8,
        9,
        4
    ],
    "groupby": false
}