{
    "timestamp": "2022-08-06 03:37:32.443828",
    "dataset": "dmv.csv",
    "model": "dmv.csv-2.6MB-model16.669-data16.507-made-resmade-hidden256_256_256_256_256-emb32-directIo-binaryInone_hotOut-inputNoEmbIfLeq-5epochs-seed0.pt",
    "query": "'SELECT Suspension Indicator FROM dmv.csv WHERE Weight_100>=21.0'",
    "avg_est": 1.010969638824463,
    "avg_real": 1.0133047676123899,
    "avg_err": 0.0023044683717704574,
    "count_est": 7690181.756799698,
    "count_real": 7665598,
    "count_err": 0.0032070240051327863,
    "sum_est": 7774540.273166264,
    "sum_real": 7767587.0,
    "sum_err": 0.0008951651479750929,
    "query_dur_ms_est": 20.013093948364258,
    "query_dur_ms_real": 3410.8312129974365,
    "query_dur_ms_err": 0.9941324877431338,
    "order": [
        0,
        1,
        2,
        3,
        4,
        6,
        7,
        8,
        9,
        5
    ],
    "groupby": false
}