{
    "timestamp": "2022-08-06 03:13:57.539473",
    "dataset": "dmv.csv",
    "model": "dmv.csv-2.6MB-model16.669-data16.507-made-resmade-hidden256_256_256_256_256-emb32-directIo-binaryInone_hotOut-inputNoEmbIfLeq-5epochs-seed0.pt",
    "query": "'SELECT Weight_100 FROM dmv.csv WHERE Suspension Indicator=N'",
    "avg_est": 39.974151611328125,
    "avg_real": 62.29839424633657,
    "avg_err": 0.35834378887416046,
    "count_est": 12507322.889413595,
    "count_real": 12505841,
    "count_err": 0.00011849578237842617,
    "sum_est": 499969621.4332536,
    "sum_real": 779093813.0,
    "sum_err": 0.3582677553194052,
    "query_dur_ms_est": 20.127534866333008,
    "query_dur_ms_real": 13767.101764678955,
    "query_dur_ms_err": 0.9985379976693445,
    "order": [
        0,
        1,
        2,
        3,
        4,
        5,
        6,
        7,
        8,
        9
    ],
    "groupby": false
}