{
    "timestamp": "2022-08-06 03:29:45.592424",
    "dataset": "dmv.csv",
    "model": "dmv.csv-2.6MB-model16.669-data16.507-made-resmade-hidden256_256_256_256_256-emb32-directIo-binaryInone_hotOut-inputNoEmbIfLeq-5epochs-seed0.pt",
    "query": "'SELECT Model Year FROM dmv.csv WHERE State>=IN<=NS AND Fuel Type=PROPANE'",
    "avg_est": 116.93309783935547,
    "avg_real": 116.15151515151516,
    "avg_err": 0.006728992616418034,
    "count_est": 14.735190385444639,
    "count_real": 33,
    "count_err": 0.5534790792289503,
    "sum_est": 1723.031459022728,
    "sum_real": 3833.0,
    "sum_err": 0.5504744432500057,
    "query_dur_ms_est": 20.39813995361328,
    "query_dur_ms_real": 2472.665786743164,
    "query_dur_ms_err": 0.991750547096589,
    "order": [
        0,
        1,
        2,
        3,
        4,
        5,
        6,
        7,
        9,
        8
    ],
    "groupby": false
}