{
    "timestamp": "2022-08-06 03:18:53.669584",
    "dataset": "dmv.csv",
    "model": "dmv.csv-2.6MB-model16.669-data16.507-made-resmade-hidden256_256_256_256_256-emb32-directIo-binaryInone_hotOut-inputNoEmbIfLeq-5epochs-seed0.pt",
    "query": "'SELECT Revocation Indicator FROM dmv.csv WHERE Record Type=TRL AND County=CHEMUNG'",
    "avg_est": 1.0000038146972656,
    "avg_real": 1.0,
    "avg_err": 3.814697265625e-06,
    "count_est": 8463.624678646913,
    "count_real": 8559,
    "count_err": 0.011143278578465615,
    "sum_est": 8463.656964812832,
    "sum_real": 8559.0,
    "sum_err": 0.011139506389434329,
    "query_dur_ms_est": 20.215272903442383,
    "query_dur_ms_real": 1125.9229183197021,
    "query_dur_ms_err": 0.9820455978162242,
    "order": [
        0,
        1,
        2,
        3,
        4,
        5,
        7,
        8,
        9,
        6
    ],
    "groupby": false
}