{
    "timestamp": "2022-08-06 03:23:58.263018",
    "dataset": "dmv.csv",
    "model": "dmv.csv-2.6MB-model16.669-data16.507-made-resmade-hidden256_256_256_256_256-emb32-directIo-binaryInone_hotOut-inputNoEmbIfLeq-5epochs-seed0.pt",
    "query": "'SELECT Weight_100 FROM dmv.csv WHERE County>=MONTGOMERY<=YATES AND Fuel Type=GAS'",
    "avg_est": 41.23290252685547,
    "avg_real": 57.99716029665693,
    "avg_err": 0.28905307922063533,
    "count_est": 7299990.229286909,
    "count_real": 7374714,
    "count_err": 0.010132429639046463,
    "sum_est": 300999785.57118446,
    "sum_real": 427712470.0,
    "sum_err": 0.29625669887252887,
    "query_dur_ms_est": 20.244836807250977,
    "query_dur_ms_real": 10634.950160980225,
    "query_dur_ms_err": 0.9980963863016933,
    "order": [
        0,
        1,
        2,
        3,
        4,
        5,
        6,
        7,
        8,
        9
    ],
    "groupby": false
}