{
    "timestamp": "2022-08-06 03:20:27.873729",
    "dataset": "dmv.csv",
    "model": "dmv.csv-2.6MB-model16.669-data16.507-made-resmade-hidden256_256_256_256_256-emb32-directIo-binaryInone_hotOut-inputNoEmbIfLeq-5epochs-seed0.pt",
    "query": "'SELECT Record Type FROM dmv.csv WHERE State>=AL<=WY AND County>=NEW YORK AND Fuel Type=OTHER AND Scofflaw Indicator=N AND Suspension Indicator=Y AND Registration Class>=SPO<=USC AND Model Year>=1951.0<=1986.0 AND Weight_100>=5.0<=20.0'",
    "avg_est": 3.834136962890625,
    "avg_real": NaN,
    "avg_err": NaN,
    "count_est": 0.00043983244345199846,
    "count_real": 0,
    "count_err": 0,
    "sum_est": 0.0016863778289178078,
    "sum_real": NaN,
    "sum_err": NaN,
    "query_dur_ms_est": 20.732879638671875,
    "query_dur_ms_real": 5725.129842758179,
    "query_dur_ms_err": 0.9963786184404364,
    "order": [
        1,
        2,
        3,
        4,
        5,
        6,
        7,
        8,
        9,
        0
    ],
    "groupby": false
}