{
    "timestamp": "2022-08-06 03:33:55.166236",
    "dataset": "dmv.csv",
    "model": "dmv.csv-2.6MB-model16.669-data16.507-made-resmade-hidden256_256_256_256_256-emb32-directIo-binaryInone_hotOut-inputNoEmbIfLeq-5epochs-seed0.pt",
    "query": "'SELECT Registration Class FROM dmv.csv WHERE State>=IA AND County>=GREENE<=WARREN AND Fuel Type=OTHER AND Suspension Indicator=N AND Revocation Indicator=Y'",
    "avg_est": 44.98493194580078,
    "avg_real": 45.666666666666664,
    "avg_err": 0.014928497537209118,
    "count_est": 1.5875394101674374,
    "count_real": 3,
    "count_err": 0.4708201966108542,
    "sum_est": 71.41535232765888,
    "sum_real": 137.0,
    "sum_err": 0.4787200560024899,
    "query_dur_ms_est": 20.692825317382812,
    "query_dur_ms_real": 5663.959503173828,
    "query_dur_ms_err": 0.9963465795781578,
    "order": [
        0,
        1,
        2,
        3,
        4,
        5,
        6,
        8,
        9,
        7
    ],
    "groupby": false
}