{
    "timestamp": "2022-08-06 03:04:56.701235",
    "dataset": "dmv.csv",
    "model": "dmv.csv-2.6MB-model16.669-data16.507-made-resmade-hidden256_256_256_256_256-emb32-directIo-binaryInone_hotOut-inputNoEmbIfLeq-5epochs-seed0.pt",
    "query": "'SELECT Model Year FROM dmv.csv WHERE Record Type=SNOW AND Fuel Type=FLEX AND Weight_100<=38.0'",
    "avg_est": 112.04476165771484,
    "avg_real": NaN,
    "avg_err": NaN,
    "count_est": 5.412519782495494e-10,
    "count_real": 0,
    "count_err": 0,
    "sum_est": 6.064444889973742e-08,
    "sum_real": NaN,
    "sum_err": NaN,
    "query_dur_ms_est": 20.272016525268555,
    "query_dur_ms_real": 619.8306083679199,
    "query_dur_ms_err": 0.9672942635429913,
    "order": [
        0,
        1,
        2,
        3,
        4,
        5,
        6,
        7,
        9,
        8
    ],
    "groupby": false
}