{
    "timestamp": "2022-08-06 03:34:56.593014",
    "dataset": "dmv.csv",
    "model": "dmv.csv-2.6MB-model16.669-data16.507-made-resmade-hidden256_256_256_256_256-emb32-directIo-binaryInone_hotOut-inputNoEmbIfLeq-5epochs-seed0.pt",
    "query": "'SELECT Revocation Indicator FROM dmv.csv WHERE Fuel Type=GAS AND Suspension Indicator=N'",
    "avg_est": 1.000381350517273,
    "avg_real": 1.0004749594649796,
    "avg_err": 9.356450835777198e-05,
    "count_est": 10961193.66334176,
    "count_real": 11011466,
    "count_err": 0.004565453560701124,
    "sum_est": 10965373.720215205,
    "sum_real": 11016696.0,
    "sum_err": 0.004658590904641001,
    "query_dur_ms_est": 20.350933074951172,
    "query_dur_ms_real": 6774.404048919678,
    "query_dur_ms_err": 0.9969959079901358,
    "order": [
        0,
        1,
        2,
        3,
        4,
        5,
        7,
        8,
        9,
        6
    ],
    "groupby": false
}