{
    "timestamp": "2022-08-06 03:23:30.384363",
    "dataset": "dmv.csv",
    "model": "dmv.csv-2.6MB-model16.669-data16.507-made-resmade-hidden256_256_256_256_256-emb32-directIo-binaryInone_hotOut-inputNoEmbIfLeq-5epochs-seed0.pt",
    "query": "'SELECT Suspension Indicator FROM dmv.csv WHERE Record Type=VEH AND Revocation Indicator=Y'",
    "avg_est": 1.0122143030166626,
    "avg_real": 1.0132042253521127,
    "avg_err": 0.0009770215230854593,
    "count_est": 5018.040454222821,
    "count_real": 5680,
    "count_err": 0.1165421735523203,
    "sum_est": 5079.33232088057,
    "sum_real": 5755.0,
    "sum_err": 0.1174053308634979,
    "query_dur_ms_est": 20.17664909362793,
    "query_dur_ms_real": 2676.9657135009766,
    "query_dur_ms_err": 0.9924628660756208,
    "order": [
        0,
        1,
        2,
        3,
        4,
        6,
        7,
        8,
        9,
        5
    ],
    "groupby": false
}