{
    "timestamp": "2022-08-06 03:29:36.913693",
    "dataset": "dmv.csv",
    "model": "dmv.csv-2.6MB-model16.669-data16.507-made-resmade-hidden256_256_256_256_256-emb32-directIo-binaryInone_hotOut-inputNoEmbIfLeq-5epochs-seed0.pt",
    "query": "'SELECT Registration Class FROM dmv.csv WHERE County<=WARREN AND Suspension Indicator=N'",
    "avg_est": 46.35870361328125,
    "avg_real": 46.44891101661601,
    "avg_err": 0.0019420778950552634,
    "count_est": 11562324.262156487,
    "count_real": 11561563,
    "count_err": 6.584422508327907e-05,
    "sum_est": 536014363.54996336,
    "sum_real": 537022011.0,
    "sum_err": 0.0018763615445860093,
    "query_dur_ms_est": 20.802021026611328,
    "query_dur_ms_real": 43780.983448028564,
    "query_dur_ms_err": 0.9995248617233254,
    "order": [
        0,
        1,
        2,
        3,
        4,
        5,
        6,
        8,
        9,
        7
    ],
    "groupby": false
}