{
    "timestamp": "2022-08-06 03:14:36.219593",
    "dataset": "dmv.csv",
    "model": "dmv.csv-2.6MB-model16.669-data16.507-made-resmade-hidden256_256_256_256_256-emb32-directIo-binaryInone_hotOut-inputNoEmbIfLeq-5epochs-seed0.pt",
    "query": "'SELECT Record Type FROM dmv.csv WHERE State<=NH AND Registration Class<=RGC'",
    "avg_est": 3.834136962890625,
    "avg_real": 3.690278233339513,
    "avg_err": 0.03898316616113983,
    "count_est": 76112.40442692488,
    "count_real": 70121,
    "count_err": 0.08544379610851077,
    "sum_est": 291825.3831477527,
    "sum_real": 258766.0,
    "sum_err": 0.12775783197078722,
    "query_dur_ms_est": 20.21622657775879,
    "query_dur_ms_real": 1069.6768760681152,
    "query_dur_ms_err": 0.9811006229731085,
    "order": [
        1,
        2,
        3,
        4,
        5,
        6,
        7,
        8,
        9,
        0
    ],
    "groupby": false
}