{
    "timestamp": "2022-08-06 03:00:07.140492",
    "dataset": "dmv.csv",
    "model": "dmv.csv-2.6MB-model16.669-data16.507-made-resmade-hidden256_256_256_256_256-emb32-directIo-binaryInone_hotOut-inputNoEmbIfLeq-5epochs-seed0.pt",
    "query": "'SELECT Model Year FROM dmv.csv WHERE Record Type=SNOW AND State>=NH<=PA AND County<=WESTCHESTER AND Fuel Type=NONE AND Scofflaw Indicator=N AND Suspension Indicator=N AND Revocation Indicator=N'",
    "avg_est": 114.64418029785156,
    "avg_real": NaN,
    "avg_err": NaN,
    "count_est": 0.040507925938280565,
    "count_real": 0,
    "count_err": 0,
    "sum_est": 4.643997964760255,
    "sum_real": NaN,
    "sum_err": NaN,
    "query_dur_ms_est": 20.711183547973633,
    "query_dur_ms_real": 664.6440029144287,
    "query_dur_ms_err": 0.9688386813735531,
    "order": [
        0,
        1,
        2,
        3,
        4,
        5,
        6,
        7,
        9,
        8
    ],
    "groupby": false
}