{
    "timestamp": "2022-08-06 03:13:42.352529",
    "dataset": "dmv.csv",
    "model": "dmv.csv-2.6MB-model16.669-data16.507-made-resmade-hidden256_256_256_256_256-emb32-directIo-binaryInone_hotOut-inputNoEmbIfLeq-5epochs-seed0.pt",
    "query": "'SELECT Scofflaw Indicator FROM dmv.csv WHERE Suspension Indicator=Y AND Revocation Indicator=Y'",
    "avg_est": 1.0013689994812012,
    "avg_real": 1.0266666666666666,
    "avg_err": 0.024640584920907902,
    "count_est": 59.49592261703219,
    "count_real": 75,
    "count_err": 0.2067210317729041,
    "sum_est": 59.57737250422849,
    "sum_real": 77.0,
    "sum_err": 0.22626788955547414,
    "query_dur_ms_est": 20.120620727539062,
    "query_dur_ms_real": 1091.5513038635254,
    "query_dur_ms_err": 0.9815669491151515,
    "order": [
        0,
        1,
        2,
        3,
        5,
        6,
        7,
        8,
        9,
        4
    ],
    "groupby": false
}