{
    "timestamp": "2022-08-06 03:37:18.015140",
    "dataset": "dmv.csv",
    "model": "dmv.csv-2.6MB-model16.669-data16.507-made-resmade-hidden256_256_256_256_256-emb32-directIo-binaryInone_hotOut-inputNoEmbIfLeq-5epochs-seed0.pt",
    "query": "'SELECT Registration Class FROM dmv.csv WHERE Record Type=TRL AND State>=GU AND County>=CHEMUNG<=TOMPKINS AND Fuel Type=DIESEL AND Scofflaw Indicator=Y AND Suspension Indicator=Y AND Revocation Indicator=N AND Model Year>=1939.0<=2018.0 AND Weight_100>=25.0<=63.0'",
    "avg_est": 57.13395309448242,
    "avg_real": NaN,
    "avg_err": NaN,
    "count_est": 2.4652117241439756e-08,
    "count_real": 0,
    "count_err": 0,
    "sum_est": 1.4084729101521004e-06,
    "sum_real": NaN,
    "sum_err": NaN,
    "query_dur_ms_est": 20.89381217956543,
    "query_dur_ms_real": 1424.0882396697998,
    "query_dur_ms_err": 0.9853282882355591,
    "order": [
        0,
        1,
        2,
        3,
        4,
        5,
        6,
        8,
        9,
        7
    ],
    "groupby": false
}