{
    "timestamp": "2022-08-06 03:24:48.911007",
    "dataset": "dmv.csv",
    "model": "dmv.csv-2.6MB-model16.669-data16.507-made-resmade-hidden256_256_256_256_256-emb32-directIo-binaryInone_hotOut-inputNoEmbIfLeq-5epochs-seed0.pt",
    "query": "'SELECT Registration Class FROM dmv.csv WHERE Model Year>=2001.0'",
    "avg_est": 46.07734680175781,
    "avg_real": 47.33033972837826,
    "avg_err": 0.026473355860346437,
    "count_est": 11558546.320941925,
    "count_real": 11605183,
    "count_err": 0.0040186078115334286,
    "sum_est": 532587147.35422295,
    "sum_real": 549277254.0,
    "sum_err": 0.030385577637221887,
    "query_dur_ms_est": 20.13230323791504,
    "query_dur_ms_real": 40546.30541801453,
    "query_dur_ms_err": 0.9995034737929792,
    "order": [
        0,
        1,
        2,
        3,
        4,
        5,
        6,
        8,
        9,
        7
    ],
    "groupby": false
}