{
    "timestamp": "2022-08-06 03:09:56.407108",
    "dataset": "dmv.csv",
    "model": "dmv.csv-2.6MB-model16.669-data16.507-made-resmade-hidden256_256_256_256_256-emb32-directIo-binaryInone_hotOut-inputNoEmbIfLeq-5epochs-seed0.pt",
    "query": "'SELECT Record Type FROM dmv.csv WHERE Revocation Indicator=Y AND Weight_100=9.0'",
    "avg_est": 3.834136962890625,
    "avg_real": NaN,
    "avg_err": NaN,
    "count_est": 0.25096439271590043,
    "count_real": 0,
    "count_err": 0,
    "sum_est": 0.9622318544814326,
    "sum_real": NaN,
    "sum_err": NaN,
    "query_dur_ms_est": 20.36261558532715,
    "query_dur_ms_real": 1017.4412727355957,
    "query_dur_ms_err": 0.9799864462637945,
    "order": [
        1,
        2,
        3,
        4,
        5,
        6,
        7,
        8,
        9,
        0
    ],
    "groupby": false
}