{
    "timestamp": "2022-08-06 02:58:21.200766",
    "dataset": "dmv.csv",
    "model": "dmv.csv-2.6MB-model16.669-data16.507-made-resmade-hidden256_256_256_256_256-emb32-directIo-binaryInone_hotOut-inputNoEmbIfLeq-5epochs-seed0.pt",
    "query": "'SELECT County FROM dmv.csv WHERE Record Type=SNOW AND Weight_100>=34.0<=57.0'",
    "avg_est": 32.03491973876953,
    "avg_real": NaN,
    "avg_err": NaN,
    "count_est": 0.00035434996562819926,
    "count_real": 0,
    "count_err": 0,
    "sum_est": 0.011351572708335105,
    "sum_real": NaN,
    "sum_err": NaN,
    "query_dur_ms_est": 20.33543586730957,
    "query_dur_ms_real": 1178.4744262695312,
    "query_dur_ms_err": 0.9827442705467258,
    "order": [
        0,
        1,
        3,
        4,
        5,
        6,
        7,
        8,
        9,
        2
    ],
    "groupby": false
}