{
    "timestamp": "2022-08-06 03:21:29.556368",
    "dataset": "dmv.csv",
    "model": "dmv.csv-2.6MB-model16.669-data16.507-made-resmade-hidden256_256_256_256_256-emb32-directIo-binaryInone_hotOut-inputNoEmbIfLeq-5epochs-seed0.pt",
    "query": "'SELECT Weight_100 FROM dmv.csv WHERE County<=OUT-OF-STATE AND Scofflaw Indicator=Y'",
    "avg_est": 44.919097900390625,
    "avg_real": 55.985356717180316,
    "avg_err": 0.1976634510465443,
    "count_est": 11531.822440702701,
    "count_real": 11746,
    "count_err": 0.018234084734999066,
    "sum_est": 517999.0611838462,
    "sum_real": 657604.0,
    "sum_err": 0.2122933236661483,
    "query_dur_ms_est": 20.16305923461914,
    "query_dur_ms_real": 1936.3853931427002,
    "query_dur_ms_err": 0.9895872695042928,
    "order": [
        0,
        1,
        2,
        3,
        4,
        5,
        6,
        7,
        8,
        9
    ],
    "groupby": false
}