{
    "timestamp": "2022-08-06 03:08:20.362778",
    "dataset": "dmv.csv",
    "model": "dmv.csv-2.6MB-model16.669-data16.507-made-resmade-hidden256_256_256_256_256-emb32-directIo-binaryInone_hotOut-inputNoEmbIfLeq-5epochs-seed0.pt",
    "query": "'SELECT Scofflaw Indicator FROM dmv.csv WHERE County>=DELAWARE'",
    "avg_est": 1.0011955499649048,
    "avg_real": 1.0014061947125477,
    "avg_err": 0.00021034895605308234,
    "count_est": 11256127.855437994,
    "count_real": 11239553,
    "count_err": 0.0014746899132015306,
    "sum_est": 11269585.118700527,
    "sum_real": 11255358.0,
    "sum_err": 0.00126403075766463,
    "query_dur_ms_est": 20.05910873413086,
    "query_dur_ms_real": 5407.034635543823,
    "query_dur_ms_err": 0.9962901830511183,
    "order": [
        0,
        1,
        2,
        3,
        5,
        6,
        7,
        8,
        9,
        4
    ],
    "groupby": false
}