{
    "timestamp": "2022-08-06 03:38:15.505330",
    "dataset": "dmv.csv",
    "model": "dmv.csv-2.6MB-model16.669-data16.507-made-resmade-hidden256_256_256_256_256-emb32-directIo-binaryInone_hotOut-inputNoEmbIfLeq-5epochs-seed0.pt",
    "query": "'SELECT County FROM dmv.csv WHERE Scofflaw Indicator=N'",
    "avg_est": 34.41940689086914,
    "avg_real": 34.37122963810133,
    "avg_err": 0.0014016738206654629,
    "count_est": 12628046.654186487,
    "count_real": 12625910,
    "count_err": 0.0001692277377620463,
    "sum_est": 434649876.02732337,
    "sum_real": 433968052.0,
    "sum_err": 0.0015711387605172494,
    "query_dur_ms_est": 20.287275314331055,
    "query_dur_ms_real": 38171.41795158386,
    "query_dur_ms_err": 0.9994685218311758,
    "order": [
        0,
        1,
        3,
        4,
        5,
        6,
        7,
        8,
        9,
        2
    ],
    "groupby": false
}