{
    "timestamp": "2022-08-06 03:13:06.501405",
    "dataset": "dmv.csv",
    "model": "dmv.csv-2.6MB-model16.669-data16.507-made-resmade-hidden256_256_256_256_256-emb32-directIo-binaryInone_hotOut-inputNoEmbIfLeq-5epochs-seed0.pt",
    "query": "'SELECT Revocation Indicator FROM dmv.csv WHERE Record Type=SNOW AND County>=HERKIMER<=WYOMING AND Fuel Type=FLEX AND Scofflaw Indicator=Y AND Suspension Indicator=Y AND Registration Class>=LMC AND Weight_100<=31.0'",
    "avg_est": 1.000004768371582,
    "avg_real": NaN,
    "avg_err": NaN,
    "count_est": 6.887568805396356e-16,
    "count_real": 0,
    "count_err": 0,
    "sum_est": 6.887601647883717e-16,
    "sum_real": NaN,
    "sum_err": NaN,
    "query_dur_ms_est": 20.621061325073242,
    "query_dur_ms_real": 998.4586238861084,
    "query_dur_ms_err": 0.979347104795576,
    "order": [
        0,
        1,
        2,
        3,
        4,
        5,
        7,
        8,
        9,
        6
    ],
    "groupby": false
}