{
    "timestamp": "2022-08-06 03:07:07.588327",
    "dataset": "dmv.csv",
    "model": "dmv.csv-2.6MB-model16.669-data16.507-made-resmade-hidden256_256_256_256_256-emb32-directIo-binaryInone_hotOut-inputNoEmbIfLeq-5epochs-seed0.pt",
    "query": "'SELECT Revocation Indicator FROM dmv.csv WHERE Registration Class=LMA'",
    "avg_est": 1.0003825426101685,
    "avg_real": 1.0,
    "avg_err": 0.00038254261016845703,
    "count_est": 2351.9938184261555,
    "count_real": 2034,
    "count_err": 0.15633914376900465,
    "sum_est": 2352.8935562805564,
    "sum_real": 2034.0,
    "sum_err": 0.15678149276330205,
    "query_dur_ms_est": 19.983768463134766,
    "query_dur_ms_real": 1032.0255756378174,
    "query_dur_ms_err": 0.9806363631533218,
    "order": [
        0,
        1,
        2,
        3,
        4,
        5,
        7,
        8,
        9,
        6
    ],
    "groupby": false
}