{
    "timestamp": "2022-08-06 03:11:11.662112",
    "dataset": "dmv.csv",
    "model": "dmv.csv-2.6MB-model16.669-data16.507-made-resmade-hidden256_256_256_256_256-emb32-directIo-binaryInone_hotOut-inputNoEmbIfLeq-5epochs-seed0.pt",
    "query": "'SELECT State FROM dmv.csv WHERE Model Year>=1976.0<=2012.0'",
    "avg_est": 51.850982666015625,
    "avg_real": 51.91606647096421,
    "avg_err": 0.0012536351340289977,
    "count_est": 4918994.789572477,
    "count_real": 4872022,
    "count_err": 0.009641333633648892,
    "sum_est": 255054713.5683437,
    "sum_real": 252936218.0,
    "sum_err": 0.008375611785037835,
    "query_dur_ms_est": 20.4010009765625,
    "query_dur_ms_real": 16346.710920333862,
    "query_dur_ms_err": 0.9987519812960548,
    "order": [
        0,
        2,
        3,
        4,
        5,
        6,
        7,
        8,
        9,
        1
    ],
    "groupby": false
}