{
    "timestamp": "2022-08-06 03:20:47.979680",
    "dataset": "dmv.csv",
    "model": "dmv.csv-2.6MB-model16.669-data16.507-made-resmade-hidden256_256_256_256_256-emb32-directIo-binaryInone_hotOut-inputNoEmbIfLeq-5epochs-seed0.pt",
    "query": "'SELECT Weight_100 FROM dmv.csv WHERE State<=UT AND Suspension Indicator=N AND Revocation Indicator=Y'",
    "avg_est": 4.44284725189209,
    "avg_real": 100.79518287243532,
    "avg_err": 0.9559220279652165,
    "count_est": 5016.986341160722,
    "count_real": 5605,
    "count_err": 0.10490877053332345,
    "sum_est": 22289.703978606063,
    "sum_real": 564957.0,
    "sum_err": 0.960546193818988,
    "query_dur_ms_est": 20.265579223632812,
    "query_dur_ms_real": 4064.4285678863525,
    "query_dur_ms_err": 0.9950139167449629,
    "order": [
        0,
        1,
        2,
        3,
        4,
        5,
        6,
        7,
        8,
        9
    ],
    "groupby": false
}