{
    "timestamp": "2022-08-06 03:11:12.400312",
    "dataset": "dmv.csv",
    "model": "dmv.csv-2.6MB-model16.669-data16.507-made-resmade-hidden256_256_256_256_256-emb32-directIo-binaryInone_hotOut-inputNoEmbIfLeq-5epochs-seed0.pt",
    "query": "'SELECT Model Year FROM dmv.csv WHERE State>=VA AND Registration Class>=CCK<=STA'",
    "avg_est": 115.8467788696289,
    "avg_real": 114.38212560386474,
    "avg_err": 0.012804913862474001,
    "count_est": 7666.581231230171,
    "count_real": 6210,
    "count_err": 0.2345541435153255,
    "sum_est": 888148.740580369,
    "sum_real": 710313.0,
    "sum_err": 0.2503625029815997,
    "query_dur_ms_est": 20.40839195251465,
    "query_dur_ms_real": 642.7567005157471,
    "query_dur_ms_err": 0.9682486515719884,
    "order": [
        0,
        1,
        2,
        3,
        4,
        5,
        6,
        7,
        9,
        8
    ],
    "groupby": false
}