{
    "timestamp": "2022-08-06 03:22:39.182095",
    "dataset": "dmv.csv",
    "model": "dmv.csv-2.6MB-model16.669-data16.507-made-resmade-hidden256_256_256_256_256-emb32-directIo-binaryInone_hotOut-inputNoEmbIfLeq-5epochs-seed0.pt",
    "query": "'SELECT Model Year FROM dmv.csv WHERE State>=VA'",
    "avg_est": 115.43687438964844,
    "avg_real": 112.95342126957955,
    "avg_err": 0.02198652411016192,
    "count_est": 9083.543270457303,
    "count_real": 7278,
    "count_err": 0.24808233999138543,
    "sum_est": 1048575.8435247161,
    "sum_real": 822075.0,
    "sum_err": 0.2755233324510733,
    "query_dur_ms_est": 19.997119903564453,
    "query_dur_ms_real": 643.4481143951416,
    "query_dur_ms_err": 0.9689219387605754,
    "order": [
        0,
        1,
        2,
        3,
        4,
        5,
        6,
        7,
        9,
        8
    ],
    "groupby": false
}