{
    "timestamp": "2022-08-06 03:07:00.278399",
    "dataset": "dmv.csv",
    "model": "dmv.csv-2.6MB-model16.669-data16.507-made-resmade-hidden256_256_256_256_256-emb32-directIo-binaryInone_hotOut-inputNoEmbIfLeq-5epochs-seed0.pt",
    "query": "'SELECT Scofflaw Indicator FROM dmv.csv WHERE State>=VA AND Model Year>=1900.0<=2005.0'",
    "avg_est": 1.001492977142334,
    "avg_real": 1.0,
    "avg_err": 0.0014929771423339844,
    "count_est": 1270.8411368372617,
    "count_real": 1109,
    "count_err": 0.1459342983203442,
    "sum_est": 1272.7384736060974,
    "sum_real": 1109.0,
    "sum_err": 0.1476451520343529,
    "query_dur_ms_est": 20.240068435668945,
    "query_dur_ms_real": 988.8882637023926,
    "query_dur_ms_err": 0.9795325021252753,
    "order": [
        0,
        1,
        2,
        3,
        5,
        6,
        7,
        8,
        9,
        4
    ],
    "groupby": false
}