{
    "timestamp": "2022-08-06 03:14:45.852802",
    "dataset": "dmv.csv",
    "model": "dmv.csv-2.6MB-model16.669-data16.507-made-resmade-hidden256_256_256_256_256-emb32-directIo-binaryInone_hotOut-inputNoEmbIfLeq-5epochs-seed0.pt",
    "query": "'SELECT Scofflaw Indicator FROM dmv.csv WHERE Record Type=BOAT AND State>=HI<=VA AND Fuel Type=GAS AND Revocation Indicator=Y AND Registration Class<=CHC AND Model Year>=2007.0 AND Weight_100<=41.0'",
    "avg_est": 1.0000425577163696,
    "avg_real": NaN,
    "avg_err": NaN,
    "count_est": 2.310635472046389e-14,
    "count_real": 0,
    "count_err": 0,
    "sum_est": 2.310733807415442e-14,
    "sum_real": NaN,
    "sum_err": NaN,
    "query_dur_ms_est": 20.762920379638672,
    "query_dur_ms_real": 1147.8121280670166,
    "query_dur_ms_err": 0.9819108721088314,
    "order": [
        0,
        1,
        2,
        3,
        5,
        6,
        7,
        8,
        9,
        4
    ],
    "groupby": false
}