{
    "timestamp": "2022-08-06 03:12:14.682833",
    "dataset": "dmv.csv",
    "model": "dmv.csv-2.6MB-model16.669-data16.507-made-resmade-hidden256_256_256_256_256-emb32-directIo-binaryInone_hotOut-inputNoEmbIfLeq-5epochs-seed0.pt",
    "query": "'SELECT Weight_100 FROM dmv.csv WHERE Suspension Indicator=Y AND Model Year>=2000.0'",
    "avg_est": 44.415958404541016,
    "avg_real": 55.516094118344775,
    "avg_err": 0.19994446457528833,
    "count_est": 135987.851913061,
    "count_real": 134894,
    "count_err": 0.00810897380951705,
    "sum_est": 6040030.774093401,
    "sum_real": 7488788.0,
    "sum_err": 0.19345683519237017,
    "query_dur_ms_est": 20.201444625854492,
    "query_dur_ms_real": 836.6508483886719,
    "query_dur_ms_err": 0.975854390556394,
    "order": [
        0,
        1,
        2,
        3,
        4,
        5,
        6,
        7,
        8,
        9
    ],
    "groupby": false
}