{
    "timestamp": "2022-08-06 03:22:43.828914",
    "dataset": "dmv.csv",
    "model": "dmv.csv-2.6MB-model16.669-data16.507-made-resmade-hidden256_256_256_256_256-emb32-directIo-binaryInone_hotOut-inputNoEmbIfLeq-5epochs-seed0.pt",
    "query": "'SELECT Model Year FROM dmv.csv WHERE Record Type=BOAT AND Registration Class>=OMV<=WUG'",
    "avg_est": 106.42079162597656,
    "avg_real": NaN,
    "avg_err": NaN,
    "count_est": 0.027149735473530612,
    "count_real": 0,
    "count_err": 0,
    "sum_est": 2.8892963415289854,
    "sum_real": NaN,
    "sum_err": NaN,
    "query_dur_ms_est": 20.222902297973633,
    "query_dur_ms_real": 673.9516258239746,
    "query_dur_ms_err": 0.969993540303061,
    "order": [
        0,
        1,
        2,
        3,
        4,
        5,
        6,
        7,
        9,
        8
    ],
    "groupby": false
}