{
    "timestamp": "2022-08-06 03:23:32.970125",
    "dataset": "dmv.csv",
    "model": "dmv.csv-2.6MB-model16.669-data16.507-made-resmade-hidden256_256_256_256_256-emb32-directIo-binaryInone_hotOut-inputNoEmbIfLeq-5epochs-seed0.pt",
    "query": "'SELECT County FROM dmv.csv WHERE Record Type=SNOW AND State<=DE AND Scofflaw Indicator=N AND Suspension Indicator=Y AND Revocation Indicator=N AND Registration Class>=ORC<=ORM AND Model Year<=1994.0 AND Weight_100>=67.0'",
    "avg_est": 39.75458526611328,
    "avg_real": NaN,
    "avg_err": NaN,
    "count_est": 6.1029149355844516e-15,
    "count_real": 0,
    "count_err": 0,
    "sum_est": 2.4261885217852835e-13,
    "sum_real": NaN,
    "sum_err": NaN,
    "query_dur_ms_est": 20.73502540588379,
    "query_dur_ms_real": 1187.01171875,
    "query_dur_ms_err": 0.9825317433026532,
    "order": [
        0,
        1,
        3,
        4,
        5,
        6,
        7,
        8,
        9,
        2
    ],
    "groupby": false
}