{
    "timestamp": "2022-08-06 03:21:11.751987",
    "dataset": "dmv.csv",
    "model": "dmv.csv-2.6MB-model16.669-data16.507-made-resmade-hidden256_256_256_256_256-emb32-directIo-binaryInone_hotOut-inputNoEmbIfLeq-5epochs-seed0.pt",
    "query": "'SELECT Revocation Indicator FROM dmv.csv WHERE Record Type=VEH AND Fuel Type=COMP N/G AND Suspension Indicator=Y AND Registration Class>=SEM AND Model Year<=1923.0 AND Weight_100>=3.0<=nan'",
    "avg_est": 1.0001527070999146,
    "avg_real": NaN,
    "avg_err": NaN,
    "count_est": 0.0,
    "count_real": 0,
    "count_err": 0,
    "sum_est": 0.0,
    "sum_real": NaN,
    "sum_err": NaN,
    "query_dur_ms_est": 20.563840866088867,
    "query_dur_ms_real": 2624.950408935547,
    "query_dur_ms_err": 0.9921660078620579,
    "order": [
        0,
        1,
        2,
        3,
        4,
        5,
        7,
        8,
        9,
        6
    ],
    "groupby": false
}