{
    "timestamp": "2022-08-06 03:26:43.377050",
    "dataset": "dmv.csv",
    "model": "dmv.csv-2.6MB-model16.669-data16.507-made-resmade-hidden256_256_256_256_256-emb32-directIo-binaryInone_hotOut-inputNoEmbIfLeq-5epochs-seed0.pt",
    "query": "'SELECT Model Year FROM dmv.csv WHERE Record Type=VEH AND County>=ESSEX<=SCHUYLER AND Scofflaw Indicator=Y AND Revocation Indicator=N'",
    "avg_est": 115.93877410888672,
    "avg_real": 114.87942539388322,
    "avg_err": 0.009221396358585023,
    "count_est": 9134.686156780925,
    "count_real": 10790,
    "count_err": 0.15341184830575305,
    "sum_est": 1059064.3148865981,
    "sum_real": 1239549.0,
    "sum_err": 0.14560512340649853,
    "query_dur_ms_est": 20.5380916595459,
    "query_dur_ms_real": 4746.760129928589,
    "query_dur_ms_err": 0.9956732400421812,
    "order": [
        0,
        1,
        2,
        3,
        4,
        5,
        6,
        7,
        9,
        8
    ],
    "groupby": false
}