{
    "timestamp": "2022-08-06 03:23:31.696739",
    "dataset": "dmv.csv",
    "model": "dmv.csv-2.6MB-model16.669-data16.507-made-resmade-hidden256_256_256_256_256-emb32-directIo-binaryInone_hotOut-inputNoEmbIfLeq-5epochs-seed0.pt",
    "query": "'SELECT County FROM dmv.csv WHERE Record Type=BOAT AND Fuel Type=NONE'",
    "avg_est": 34.889381408691406,
    "avg_real": 35.044544198895025,
    "avg_err": 0.004427587624566998,
    "count_est": 3477.9076592493802,
    "count_real": 2896,
    "count_err": 0.20093496521042134,
    "sum_est": 121342.04682776077,
    "sum_real": 101488.99999999999,
    "sum_err": 0.19561772042054598,
    "query_dur_ms_est": 20.12944221496582,
    "query_dur_ms_real": 1226.5231609344482,
    "query_dur_ms_err": 0.9835882086404061,
    "order": [
        0,
        1,
        3,
        4,
        5,
        6,
        7,
        8,
        9,
        2
    ],
    "groupby": false
}