{
    "timestamp": "2022-08-06 03:21:07.082953",
    "dataset": "dmv.csv",
    "model": "dmv.csv-2.6MB-model16.669-data16.507-made-resmade-hidden256_256_256_256_256-emb32-directIo-binaryInone_hotOut-inputNoEmbIfLeq-5epochs-seed0.pt",
    "query": "'SELECT State FROM dmv.csv WHERE Suspension Indicator=Y AND Revocation Indicator=Y AND Model Year>=1960.0'",
    "avg_est": 51.84954071044922,
    "avg_real": 51.42666666666667,
    "avg_err": 0.008222855401527404,
    "count_est": 50.34257679116672,
    "count_real": 75,
    "count_err": 0.3287656427844437,
    "sum_est": 2610.239484802515,
    "sum_real": 3857.0,
    "sum_err": 0.3232461797245229,
    "query_dur_ms_est": 20.50924301147461,
    "query_dur_ms_real": 1106.597661972046,
    "query_dur_ms_err": 0.9814663958579801,
    "order": [
        0,
        2,
        3,
        4,
        5,
        6,
        7,
        8,
        9,
        1
    ],
    "groupby": false
}