{
    "timestamp": "2022-08-06 03:11:24.536907",
    "dataset": "dmv.csv",
    "model": "dmv.csv-2.6MB-model16.669-data16.507-made-resmade-hidden256_256_256_256_256-emb32-directIo-binaryInone_hotOut-inputNoEmbIfLeq-5epochs-seed0.pt",
    "query": "'SELECT Registration Class FROM dmv.csv WHERE County>=TOMPKINS AND Weight_100<=5.0'",
    "avg_est": 46.02007293701172,
    "avg_real": 34.4572181503747,
    "avg_err": 0.3355713376563244,
    "count_est": 54498.2342004776,
    "count_real": 60715,
    "count_err": 0.10239258502054517,
    "sum_est": 2508012.7128443257,
    "sum_real": 2092070.0,
    "sum_err": 0.19881873591434593,
    "query_dur_ms_est": 20.246267318725586,
    "query_dur_ms_real": 1462.2619152069092,
    "query_dur_ms_err": 0.9861541444058872,
    "order": [
        0,
        1,
        2,
        3,
        4,
        5,
        6,
        8,
        9,
        7
    ],
    "groupby": false
}