{
    "timestamp": "2022-08-06 03:26:13.866854",
    "dataset": "dmv.csv",
    "model": "dmv.csv-2.6MB-model16.669-data16.507-made-resmade-hidden256_256_256_256_256-emb32-directIo-binaryInone_hotOut-inputNoEmbIfLeq-5epochs-seed0.pt",
    "query": "'SELECT Weight_100 FROM dmv.csv WHERE Record Type=TRL'",
    "avg_est": 13.62808895111084,
    "avg_real": 98.84288544942763,
    "avg_err": 0.8621237240379473,
    "count_est": 781843.5492842644,
    "count_real": 775186,
    "count_err": 0.008588324975250385,
    "sum_est": 10655033.435498167,
    "sum_real": 76621621.0,
    "sum_err": 0.8609395977736081,
    "query_dur_ms_est": 20.066022872924805,
    "query_dur_ms_real": 1031.8512916564941,
    "query_dur_ms_err": 0.9805533771821794,
    "order": [
        0,
        1,
        2,
        3,
        4,
        5,
        6,
        7,
        8,
        9
    ],
    "groupby": false
}