{
    "timestamp": "2022-08-06 03:09:47.106160",
    "dataset": "dmv.csv",
    "model": "dmv.csv-2.6MB-model16.669-data16.507-made-resmade-hidden256_256_256_256_256-emb32-directIo-binaryInone_hotOut-inputNoEmbIfLeq-5epochs-seed0.pt",
    "query": "'SELECT Registration Class FROM dmv.csv WHERE State>=NS AND Fuel Type=GAS'",
    "avg_est": 47.0296630859375,
    "avg_real": 47.24575191521247,
    "avg_err": 0.004573719763477732,
    "count_est": 10936946.094907999,
    "count_real": 11058042,
    "count_err": 0.010950935535603949,
    "sum_est": 514360890.032583,
    "sum_real": 522445508.99999994,
    "sum_err": 0.015474568788793901,
    "query_dur_ms_est": 20.511388778686523,
    "query_dur_ms_real": 40964.489698410034,
    "query_dur_ms_err": 0.9994992885562668,
    "order": [
        0,
        1,
        2,
        3,
        4,
        5,
        6,
        8,
        9,
        7
    ],
    "groupby": false
}