{
    "timestamp": "2022-08-06 03:09:03.855707",
    "dataset": "dmv.csv",
    "model": "dmv.csv-2.6MB-model16.669-data16.507-made-resmade-hidden256_256_256_256_256-emb32-directIo-binaryInone_hotOut-inputNoEmbIfLeq-5epochs-seed0.pt",
    "query": "'SELECT Weight_100 FROM dmv.csv WHERE Record Type=SNOW'",
    "avg_est": 1.000002145767212,
    "avg_real": 101.0,
    "avg_err": 0.9900989886557702,
    "count_est": 111333.63139332086,
    "count_real": 113019,
    "count_err": 0.014912259059796509,
    "sum_est": 111333.87028937669,
    "sum_real": 11414919.0,
    "sum_err": 0.9902466351018894,
    "query_dur_ms_est": 20.291566848754883,
    "query_dur_ms_real": 675.3406524658203,
    "query_dur_ms_err": 0.9699535830181911,
    "order": [
        0,
        1,
        2,
        3,
        4,
        5,
        6,
        7,
        8,
        9
    ],
    "groupby": false
}