{
    "timestamp": "2022-08-06 03:23:35.990673",
    "dataset": "dmv.csv",
    "model": "dmv.csv-2.6MB-model16.669-data16.507-made-resmade-hidden256_256_256_256_256-emb32-directIo-binaryInone_hotOut-inputNoEmbIfLeq-5epochs-seed0.pt",
    "query": "'SELECT Model Year FROM dmv.csv WHERE Revocation Indicator=N AND Registration Class>=PHS<=STG'",
    "avg_est": 112.62655639648438,
    "avg_real": 111.66327713489659,
    "avg_err": 0.008626643300322284,
    "count_est": 613616.1499233991,
    "count_real": 639223,
    "count_err": 0.04005933778446787,
    "sum_est": 69109473.91514131,
    "sum_real": 71377735.0,
    "sum_err": 0.03177827210205936,
    "query_dur_ms_est": 20.235300064086914,
    "query_dur_ms_real": 2920.382499694824,
    "query_dur_ms_err": 0.9930710103672373,
    "order": [
        0,
        1,
        2,
        3,
        4,
        5,
        6,
        7,
        9,
        8
    ],
    "groupby": false
}