{
    "timestamp": "2022-08-06 03:02:58.547090",
    "dataset": "dmv.csv",
    "model": "dmv.csv-2.6MB-model16.669-data16.507-made-resmade-hidden256_256_256_256_256-emb32-directIo-binaryInone_hotOut-inputNoEmbIfLeq-5epochs-seed0.pt",
    "query": "'SELECT County FROM dmv.csv WHERE State>=BY<=NM AND Fuel Type=PROPANE AND Suspension Indicator=N AND Revocation Indicator=Y AND Registration Class<=MED'",
    "avg_est": 37.716773986816406,
    "avg_real": NaN,
    "avg_err": NaN,
    "count_est": 7.547637799128204e-05,
    "count_real": 0,
    "count_err": 0,
    "sum_est": 0.0028467254900407086,
    "sum_real": NaN,
    "sum_err": NaN,
    "query_dur_ms_est": 20.606040954589844,
    "query_dur_ms_real": 3009.467124938965,
    "query_dur_ms_err": 0.9931529270468413,
    "order": [
        0,
        1,
        3,
        4,
        5,
        6,
        7,
        8,
        9,
        2
    ],
    "groupby": false
}