{
    "timestamp": "2022-08-06 02:59:21.292490",
    "dataset": "dmv.csv",
    "model": "dmv.csv-2.6MB-model16.669-data16.507-made-resmade-hidden256_256_256_256_256-emb32-directIo-binaryInone_hotOut-inputNoEmbIfLeq-5epochs-seed0.pt",
    "query": "'SELECT County FROM dmv.csv WHERE Record Type=BOAT AND State>=TX AND Fuel Type=PROPANE'",
    "avg_est": 39.42409896850586,
    "avg_real": NaN,
    "avg_err": NaN,
    "count_est": 0.05926635998461016,
    "count_real": 0,
    "count_err": 0,
    "sum_est": 2.3365228415363664,
    "sum_real": NaN,
    "sum_err": NaN,
    "query_dur_ms_est": 20.45726776123047,
    "query_dur_ms_real": 1224.6077060699463,
    "query_dur_ms_err": 0.9832948399231598,
    "order": [
        0,
        1,
        3,
        4,
        5,
        6,
        7,
        8,
        9,
        2
    ],
    "groupby": false
}