{
    "timestamp": "2022-08-06 03:24:05.662519",
    "dataset": "dmv.csv",
    "model": "dmv.csv-2.6MB-model16.669-data16.507-made-resmade-hidden256_256_256_256_256-emb32-directIo-binaryInone_hotOut-inputNoEmbIfLeq-5epochs-seed0.pt",
    "query": "'SELECT Revocation Indicator FROM dmv.csv WHERE State>=KY AND County<=ONTARIO AND Scofflaw Indicator=N AND Suspension Indicator=N'",
    "avg_est": 1.0004371404647827,
    "avg_real": 1.0004622871964872,
    "avg_err": 2.5135112064016743e-05,
    "count_est": 6603273.647336245,
    "count_real": 6621425,
    "count_err": 0.002741306088003023,
    "sum_est": 6606160.2054475285,
    "sum_real": 6624486.0,
    "sum_err": 0.00276637229703127,
    "query_dur_ms_est": 20.38288116455078,
    "query_dur_ms_real": 7210.021257400513,
    "query_dur_ms_err": 0.9971729790472352,
    "order": [
        0,
        1,
        2,
        3,
        4,
        5,
        7,
        8,
        9,
        6
    ],
    "groupby": false
}