{
    "timestamp": "2022-08-06 02:58:04.123597",
    "dataset": "dmv.csv",
    "model": "dmv.csv-2.6MB-model16.669-data16.507-made-resmade-hidden256_256_256_256_256-emb32-directIo-binaryInone_hotOut-inputNoEmbIfLeq-5epochs-seed0.pt",
    "query": "'SELECT Scofflaw Indicator FROM dmv.csv WHERE Fuel Type=OTHER'",
    "avg_est": 1.000754475593567,
    "avg_real": 1.0,
    "avg_err": 0.0007544755935668945,
    "count_est": 2365.6242290704395,
    "count_real": 2149,
    "count_err": 0.10080234019099091,
    "sum_est": 2367.409034814824,
    "sum_real": 2149.0,
    "sum_err": 0.10163286869000643,
    "query_dur_ms_est": 20.610809326171875,
    "query_dur_ms_real": 977.8079986572266,
    "query_dur_ms_err": 0.9789214146801053,
    "order": [
        0,
        1,
        2,
        3,
        5,
        6,
        7,
        8,
        9,
        4
    ],
    "groupby": false
}