{
    "timestamp": "2022-08-06 03:32:11.647223",
    "dataset": "dmv.csv",
    "model": "dmv.csv-2.6MB-model16.669-data16.507-made-resmade-hidden256_256_256_256_256-emb32-directIo-binaryInone_hotOut-inputNoEmbIfLeq-5epochs-seed0.pt",
    "query": "'SELECT State FROM dmv.csv WHERE Record Type=SNOW AND County>=ERIE<=TIOGA AND Fuel Type=FLEX AND Scofflaw Indicator=Y AND Suspension Indicator=N AND Revocation Indicator=N AND Registration Class<=ITP AND Model Year>=1938.0<=1960.0 AND Weight_100>=17.0<=85.0'",
    "avg_est": 51.63405990600586,
    "avg_real": NaN,
    "avg_err": NaN,
    "count_est": 6.834448577172e-20,
    "count_real": 0,
    "count_err": 0,
    "sum_est": 3.528903272582156e-18,
    "sum_real": NaN,
    "sum_err": NaN,
    "query_dur_ms_est": 20.94411849975586,
    "query_dur_ms_real": 1031.10933303833,
    "query_dur_ms_err": 0.9796877810832721,
    "order": [
        0,
        2,
        3,
        4,
        5,
        6,
        7,
        8,
        9,
        1
    ],
    "groupby": false
}