{
    "timestamp": "2022-08-06 03:04:55.996576",
    "dataset": "dmv.csv",
    "model": "dmv.csv-2.6MB-model16.669-data16.507-made-resmade-hidden256_256_256_256_256-emb32-directIo-binaryInone_hotOut-inputNoEmbIfLeq-5epochs-seed0.pt",
    "query": "'SELECT State FROM dmv.csv WHERE Record Type=TRL AND County>=ROCKLAND AND Model Year>=1940.0<=2019.0'",
    "avg_est": 51.75776672363281,
    "avg_real": 51.945678356880904,
    "avg_err": 0.003617464227862961,
    "count_est": 205984.5279096812,
    "count_real": 203418,
    "count_err": 0.01261701476605414,
    "sum_est": 10661299.144226912,
    "sum_real": 10566686.0,
    "sum_err": 0.00895390893861258,
    "query_dur_ms_est": 20.281076431274414,
    "query_dur_ms_real": 1662.0779037475586,
    "query_dur_ms_err": 0.9877977582244817,
    "order": [
        0,
        2,
        3,
        4,
        5,
        6,
        7,
        8,
        9,
        1
    ],
    "groupby": false
}