{
    "timestamp": "2022-08-06 03:26:34.408406",
    "dataset": "dmv.csv",
    "model": "dmv.csv-2.6MB-model16.669-data16.507-made-resmade-hidden256_256_256_256_256-emb32-directIo-binaryInone_hotOut-inputNoEmbIfLeq-5epochs-seed0.pt",
    "query": "'SELECT State FROM dmv.csv WHERE Model Year=1912.0'",
    "avg_est": 51.850990295410156,
    "avg_real": 49.875,
    "avg_err": 0.03961885304080514,
    "count_est": 32.00461761194674,
    "count_real": 32,
    "count_err": 0.0001443003733356818,
    "sum_est": 1659.4711172053635,
    "sum_real": 1596.0,
    "sum_err": 0.03976887042942575,
    "query_dur_ms_est": 20.06840705871582,
    "query_dur_ms_real": 440.3996467590332,
    "query_dur_ms_err": 0.9544313733982254,
    "order": [
        0,
        2,
        3,
        4,
        5,
        6,
        7,
        8,
        9,
        1
    ],
    "groupby": false
}