{
    "timestamp": "2022-08-06 03:10:04.887655",
    "dataset": "dmv.csv",
    "model": "dmv.csv-2.6MB-model16.669-data16.507-made-resmade-hidden256_256_256_256_256-emb32-directIo-binaryInone_hotOut-inputNoEmbIfLeq-5epochs-seed0.pt",
    "query": "'SELECT Scofflaw Indicator FROM dmv.csv WHERE Registration Class>=CLG<=VPL'",
    "avg_est": 1.001478672027588,
    "avg_real": 1.0016799896813695,
    "avg_err": 0.0002009800094395985,
    "count_est": 12256306.13326788,
    "count_real": 12141146,
    "count_err": 0.00948511230059168,
    "sum_est": 12274429.190308698,
    "sum_real": 12161543.0,
    "sum_err": 0.009282225973192507,
    "query_dur_ms_est": 20.30205726623535,
    "query_dur_ms_real": 7378.364324569702,
    "query_dur_ms_err": 0.9972484338841022,
    "order": [
        0,
        1,
        2,
        3,
        5,
        6,
        7,
        8,
        9,
        4
    ],
    "groupby": false
}