{
    "timestamp": "2022-08-06 03:07:21.338964",
    "dataset": "dmv.csv",
    "model": "dmv.csv-2.6MB-model16.669-data16.507-made-resmade-hidden256_256_256_256_256-emb32-directIo-binaryInone_hotOut-inputNoEmbIfLeq-5epochs-seed0.pt",
    "query": "'SELECT Scofflaw Indicator FROM dmv.csv WHERE Registration Class<=CCK'",
    "avg_est": 1.0014351606369019,
    "avg_real": 1.000017816913398,
    "avg_err": 0.0014173184712634233,
    "count_est": 588768.2906008214,
    "count_real": 505138,
    "count_err": 0.1655592938975515,
    "sum_est": 589613.2676757476,
    "sum_real": 505147.0,
    "sum_err": 0.16721126261414523,
    "query_dur_ms_est": 20.097732543945312,
    "query_dur_ms_real": 1157.865047454834,
    "query_dur_ms_err": 0.982642422285634,
    "order": [
        0,
        1,
        2,
        3,
        5,
        6,
        7,
        8,
        9,
        4
    ],
    "groupby": false
}