{
    "timestamp": "2022-08-06 03:29:54.354019",
    "dataset": "dmv.csv",
    "model": "dmv.csv-2.6MB-model16.669-data16.507-made-resmade-hidden256_256_256_256_256-emb32-directIo-binaryInone_hotOut-inputNoEmbIfLeq-5epochs-seed0.pt",
    "query": "'SELECT State FROM dmv.csv WHERE Record Type=VEH AND Model Year>=1902.0<=1926.0'",
    "avg_est": 51.86949157714844,
    "avg_real": 51.86291390728477,
    "avg_err": 0.0001268280042156077,
    "count_est": 1277.6957241767377,
    "count_real": 1510,
    "count_err": 0.15384389127368364,
    "sum_est": 66273.42760334387,
    "sum_real": 78313.0,
    "sum_err": 0.15373657498315904,
    "query_dur_ms_est": 20.423173904418945,
    "query_dur_ms_real": 3321.32625579834,
    "query_dur_ms_err": 0.9938508980053482,
    "order": [
        0,
        2,
        3,
        4,
        5,
        6,
        7,
        8,
        9,
        1
    ],
    "groupby": false
}