{
    "timestamp": "2022-08-06 03:12:52.733748",
    "dataset": "dmv.csv",
    "model": "dmv.csv-2.6MB-model16.669-data16.507-made-resmade-hidden256_256_256_256_256-emb32-directIo-binaryInone_hotOut-inputNoEmbIfLeq-5epochs-seed0.pt",
    "query": "'SELECT Scofflaw Indicator FROM dmv.csv WHERE Record Type=SNOW AND County>=CHAUTAUQUA<=WASHINGTON AND Suspension Indicator=Y AND Model Year=1940.0 AND Weight_100<=57.0'",
    "avg_est": 1.000028371810913,
    "avg_real": NaN,
    "avg_err": NaN,
    "count_est": 6.926032183440386e-14,
    "count_real": 0,
    "count_err": 0,
    "sum_est": 6.926228687515873e-14,
    "sum_real": NaN,
    "sum_err": NaN,
    "query_dur_ms_est": 20.458459854125977,
    "query_dur_ms_real": 994.4117069244385,
    "query_dur_ms_err": 0.9794265697882814,
    "order": [
        0,
        1,
        2,
        3,
        5,
        6,
        7,
        8,
        9,
        4
    ],
    "groupby": false
}