{
    "timestamp": "2022-08-06 03:34:36.702198",
    "dataset": "dmv.csv",
    "model": "dmv.csv-2.6MB-model16.669-data16.507-made-resmade-hidden256_256_256_256_256-emb32-directIo-binaryInone_hotOut-inputNoEmbIfLeq-5epochs-seed0.pt",
    "query": "'SELECT Weight_100 FROM dmv.csv WHERE Record Type=BOAT AND Revocation Indicator=N'",
    "avg_est": 1.0000070333480835,
    "avg_real": 101.0,
    "avg_err": 0.9900989402638803,
    "count_est": 364345.12278651446,
    "count_real": 365645,
    "count_err": 0.0035550252662706694,
    "sum_est": 364347.68535258557,
    "sum_real": 36930145.0,
    "sum_err": 0.9901341387814051,
    "query_dur_ms_est": 20.152807235717773,
    "query_dur_ms_real": 723.0348587036133,
    "query_dur_ms_err": 0.9721274749161454,
    "order": [
        0,
        1,
        2,
        3,
        4,
        5,
        6,
        7,
        8,
        9
    ],
    "groupby": false
}