{
    "timestamp": "2022-08-06 03:02:43.743976",
    "dataset": "dmv.csv",
    "model": "dmv.csv-2.6MB-model16.669-data16.507-made-resmade-hidden256_256_256_256_256-emb32-directIo-binaryInone_hotOut-inputNoEmbIfLeq-5epochs-seed0.pt",
    "query": "'SELECT Registration Class FROM dmv.csv WHERE State>=ME AND County>=TOMPKINS AND Fuel Type=nan AND Scofflaw Indicator=N AND Suspension Indicator=N AND Revocation Indicator=N AND Model Year>=1929.0'",
    "avg_est": 42.526588439941406,
    "avg_real": NaN,
    "avg_err": NaN,
    "count_est": 0.0,
    "count_real": 0,
    "count_err": 0,
    "sum_est": 0.0,
    "sum_real": NaN,
    "sum_err": NaN,
    "query_dur_ms_est": 20.69711685180664,
    "query_dur_ms_real": 3067.634344100952,
    "query_dur_ms_err": 0.9932530691307433,
    "order": [
        0,
        1,
        2,
        3,
        4,
        5,
        6,
        8,
        9,
        7
    ],
    "groupby": false
}