{
    "timestamp": "2022-08-06 03:02:13.458119",
    "dataset": "dmv.csv",
    "model": "dmv.csv-2.6MB-model16.669-data16.507-made-resmade-hidden256_256_256_256_256-emb32-directIo-binaryInone_hotOut-inputNoEmbIfLeq-5epochs-seed0.pt",
    "query": "'SELECT Revocation Indicator FROM dmv.csv WHERE Record Type=VEH'",
    "avg_est": 1.0004303455352783,
    "avg_real": 1.000498575110955,
    "avg_err": 6.819557506024593e-05,
    "count_est": 11388790.728530407,
    "count_real": 11392466,
    "count_err": 0.0003226054367503092,
    "sum_est": 11393691.84377265,
    "sum_real": 11398146.0,
    "sum_err": 0.0003907790115471617,
    "query_dur_ms_est": 20.222902297973633,
    "query_dur_ms_real": 5323.535442352295,
    "query_dur_ms_err": 0.996201227076073,
    "order": [
        0,
        1,
        2,
        3,
        4,
        5,
        7,
        8,
        9,
        6
    ],
    "groupby": false
}