{
    "timestamp": "2022-08-06 03:29:55.601826",
    "dataset": "dmv.csv",
    "model": "dmv.csv-2.6MB-model16.669-data16.507-made-resmade-hidden256_256_256_256_256-emb32-directIo-binaryInone_hotOut-inputNoEmbIfLeq-5epochs-seed0.pt",
    "query": "'SELECT Suspension Indicator FROM dmv.csv WHERE Record Type=TRL AND State<=IO AND County<=QUEENS AND Fuel Type=PROPANE AND Scofflaw Indicator=Y AND Revocation Indicator=N AND Registration Class<=ORG AND Model Year>=1937.0 AND Weight_100>=30.0<=39.0'",
    "avg_est": 1.0185805559158325,
    "avg_real": NaN,
    "avg_err": NaN,
    "count_est": 4.220998437044557e-10,
    "count_real": 0,
    "count_err": 0,
    "sum_est": 4.299426934524705e-10,
    "sum_real": NaN,
    "sum_err": NaN,
    "query_dur_ms_est": 20.72429656982422,
    "query_dur_ms_real": 1157.2468280792236,
    "query_dur_ms_err": 0.9820917231596806,
    "order": [
        0,
        1,
        2,
        3,
        4,
        6,
        7,
        8,
        9,
        5
    ],
    "groupby": false
}