{
    "timestamp": "2022-08-06 03:25:47.388056",
    "dataset": "dmv.csv",
    "model": "dmv.csv-2.6MB-model16.669-data16.507-made-resmade-hidden256_256_256_256_256-emb32-directIo-binaryInone_hotOut-inputNoEmbIfLeq-5epochs-seed0.pt",
    "query": "'SELECT County FROM dmv.csv WHERE Fuel Type=ELECTRIC AND Suspension Indicator=N AND Registration Class>=HSM<=ORG'",
    "avg_est": 34.43422317504883,
    "avg_real": 29.08661239258254,
    "avg_err": 0.18385127529770348,
    "count_est": 8323.412183025852,
    "count_real": 8844,
    "count_err": 0.05886338952670151,
    "sum_est": 286610.23268823256,
    "sum_real": 257242.0,
    "sum_err": 0.11416577653817245,
    "query_dur_ms_est": 20.46823501586914,
    "query_dur_ms_real": 1256.2663555145264,
    "query_dur_ms_err": 0.9837070897218401,
    "order": [
        0,
        1,
        3,
        4,
        5,
        6,
        7,
        8,
        9,
        2
    ],
    "groupby": false
}