{
    "timestamp": "2022-08-06 03:08:21.517613",
    "dataset": "dmv.csv",
    "model": "dmv.csv-2.6MB-model16.669-data16.507-made-resmade-hidden256_256_256_256_256-emb32-directIo-binaryInone_hotOut-inputNoEmbIfLeq-5epochs-seed0.pt",
    "query": "'SELECT Suspension Indicator FROM dmv.csv WHERE Record Type=BOAT AND State>=ME<=MT AND County>=ULSTER AND Scofflaw Indicator=N AND Revocation Indicator=Y AND Registration Class<=USC'",
    "avg_est": 1.0004913806915283,
    "avg_real": NaN,
    "avg_err": NaN,
    "count_est": 4.5547900324385306e-05,
    "count_real": 0,
    "count_err": 0,
    "sum_est": 4.5570281683144365e-05,
    "sum_real": NaN,
    "sum_err": NaN,
    "query_dur_ms_est": 20.723819732666016,
    "query_dur_ms_real": 1067.7986145019531,
    "query_dur_ms_err": 0.9805920147758086,
    "order": [
        0,
        1,
        2,
        3,
        4,
        6,
        7,
        8,
        9,
        5
    ],
    "groupby": false
}