{
    "timestamp": "2022-08-06 03:29:57.115745",
    "dataset": "dmv.csv",
    "model": "dmv.csv-2.6MB-model16.669-data16.507-made-resmade-hidden256_256_256_256_256-emb32-directIo-binaryInone_hotOut-inputNoEmbIfLeq-5epochs-seed0.pt",
    "query": "'SELECT State FROM dmv.csv WHERE Record Type=TRL AND County>=ALLEGANY<=ESSEX AND Fuel Type=NONE AND Model Year>=2018.0'",
    "avg_est": 51.75776672363281,
    "avg_real": 51.97103748449163,
    "avg_err": 0.004103646399640569,
    "count_est": 47107.68557735998,
    "count_real": 49167,
    "count_err": 0.04188407717859577,
    "sum_est": 2438188.60100324,
    "sum_real": 2555260.0,
    "sum_err": 0.045815846135720095,
    "query_dur_ms_est": 20.42984962463379,
    "query_dur_ms_real": 1426.3997077941895,
    "query_dur_ms_err": 0.9856773318775935,
    "order": [
        0,
        2,
        3,
        4,
        5,
        6,
        7,
        8,
        9,
        1
    ],
    "groupby": false
}