{
    "timestamp": "2022-08-06 03:34:40.408314",
    "dataset": "dmv.csv",
    "model": "dmv.csv-2.6MB-model16.669-data16.507-made-resmade-hidden256_256_256_256_256-emb32-directIo-binaryInone_hotOut-inputNoEmbIfLeq-5epochs-seed0.pt",
    "query": "'SELECT Registration Class FROM dmv.csv WHERE Record Type=VEH AND County<=RICHMOND AND Fuel Type=nan AND Scofflaw Indicator=N AND Revocation Indicator=N AND Weight_100=67.0'",
    "avg_est": 43.792476654052734,
    "avg_real": NaN,
    "avg_err": NaN,
    "count_est": 0.0,
    "count_real": 0,
    "count_err": 0,
    "sum_est": 0.0,
    "sum_real": NaN,
    "sum_err": NaN,
    "query_dur_ms_est": 20.684003829956055,
    "query_dur_ms_real": 3618.6463832855225,
    "query_dur_ms_err": 0.9942840494375202,
    "order": [
        0,
        1,
        2,
        3,
        4,
        5,
        6,
        8,
        9,
        7
    ],
    "groupby": false
}