{
    "timestamp": "2022-08-06 03:07:20.086797",
    "dataset": "dmv.csv",
    "model": "dmv.csv-2.6MB-model16.669-data16.507-made-resmade-hidden256_256_256_256_256-emb32-directIo-binaryInone_hotOut-inputNoEmbIfLeq-5epochs-seed0.pt",
    "query": "'SELECT Model Year FROM dmv.csv WHERE Record Type=BOAT AND State>=NU AND County>=CAYUGA<=OTSEGO AND Fuel Type=PROPANE AND Scofflaw Indicator=Y AND Suspension Indicator=Y AND Revocation Indicator=Y AND Registration Class>=JSC AND Weight_100>=81.0'",
    "avg_est": 112.87734985351562,
    "avg_real": NaN,
    "avg_err": NaN,
    "count_est": 1.6927653346560173e-14,
    "count_real": 0,
    "count_err": 0,
    "sum_est": 1.9107486489987073e-12,
    "sum_real": NaN,
    "sum_err": NaN,
    "query_dur_ms_est": 20.929336547851562,
    "query_dur_ms_real": 772.3970413208008,
    "query_dur_ms_err": 0.9729033962739392,
    "order": [
        0,
        1,
        2,
        3,
        4,
        5,
        6,
        7,
        9,
        8
    ],
    "groupby": false
}