{
    "timestamp": "2022-08-06 03:18:29.378055",
    "dataset": "dmv.csv",
    "model": "dmv.csv-2.6MB-model16.669-data16.507-made-resmade-hidden256_256_256_256_256-emb32-directIo-binaryInone_hotOut-inputNoEmbIfLeq-5epochs-seed0.pt",
    "query": "'SELECT Weight_100 FROM dmv.csv WHERE State>=VT'",
    "avg_est": 17.958471298217773,
    "avg_real": 93.62311913613028,
    "avg_err": 0.8081833689806284,
    "count_est": 7210.903318401892,
    "count_real": 5649,
    "count_err": 0.2764920018413687,
    "sum_est": 129496.80027774368,
    "sum_real": 528877.0,
    "sum_err": 0.7551476046836152,
    "query_dur_ms_est": 20.077943801879883,
    "query_dur_ms_real": 637.8564834594727,
    "query_dur_ms_err": 0.9685227879271755,
    "order": [
        0,
        1,
        2,
        3,
        4,
        5,
        6,
        7,
        8,
        9
    ],
    "groupby": false
}