{
    "timestamp": "2022-08-06 03:08:58.869247",
    "dataset": "dmv.csv",
    "model": "dmv.csv-2.6MB-model16.669-data16.507-made-resmade-hidden256_256_256_256_256-emb32-directIo-binaryInone_hotOut-inputNoEmbIfLeq-5epochs-seed0.pt",
    "query": "'SELECT Revocation Indicator FROM dmv.csv WHERE Suspension Indicator=N AND Weight_100>=35.0<=88.0'",
    "avg_est": 1.0004312992095947,
    "avg_real": 1.0000025145592983,
    "avg_err": 0.0004287835720946695,
    "count_est": 5020156.854139924,
    "count_real": 5169892,
    "count_err": 0.028962915639258218,
    "sum_est": 5022322.0438231565,
    "sum_real": 5169905.0,
    "sum_err": 0.028546550889589555,
    "query_dur_ms_est": 20.404338836669922,
    "query_dur_ms_real": 4572.027206420898,
    "query_dur_ms_err": 0.9955371352978796,
    "order": [
        0,
        1,
        2,
        3,
        4,
        5,
        7,
        8,
        9,
        6
    ],
    "groupby": false
}