{
    "timestamp": "2022-08-06 03:23:39.750716",
    "dataset": "dmv.csv",
    "model": "dmv.csv-2.6MB-model16.669-data16.507-made-resmade-hidden256_256_256_256_256-emb32-directIo-binaryInone_hotOut-inputNoEmbIfLeq-5epochs-seed0.pt",
    "query": "'SELECT Revocation Indicator FROM dmv.csv WHERE Fuel Type=NONE AND Model Year>=1908.0<=2015.0'",
    "avg_est": 1.0001797676086426,
    "avg_real": 1.0,
    "avg_err": 0.00017976760864257812,
    "count_est": 571074.8791866004,
    "count_real": 527845,
    "count_err": 0.0818988134520559,
    "sum_est": 571177.5399519877,
    "sum_real": 527845.0,
    "sum_err": 0.08209330381454344,
    "query_dur_ms_est": 20.204782485961914,
    "query_dur_ms_real": 1293.1444644927979,
    "query_dur_ms_err": 0.9843754638087657,
    "order": [
        0,
        1,
        2,
        3,
        4,
        5,
        7,
        8,
        9,
        6
    ],
    "groupby": false
}