{
    "timestamp": "2022-08-06 03:05:31.442236",
    "dataset": "dmv.csv",
    "model": "dmv.csv-2.6MB-model16.669-data16.507-made-resmade-hidden256_256_256_256_256-emb32-directIo-binaryInone_hotOut-inputNoEmbIfLeq-5epochs-seed0.pt",
    "query": "'SELECT Weight_100 FROM dmv.csv WHERE Suspension Indicator=Y AND Revocation Indicator=N'",
    "avg_est": 44.57471466064453,
    "avg_real": 55.540890313390314,
    "avg_err": 0.1974432817131481,
    "count_est": 139523.75934632495,
    "count_real": 140400,
    "count_err": 0.0062410302968308375,
    "sum_est": 6219231.76124287,
    "sum_real": 7797941.0,
    "sum_err": 0.20245206250690148,
    "query_dur_ms_est": 19.992828369140625,
    "query_dur_ms_real": 831.9582939147949,
    "query_dur_ms_err": 0.9759689535937385,
    "order": [
        0,
        1,
        2,
        3,
        4,
        5,
        6,
        7,
        8,
        9
    ],
    "groupby": false
}