{
    "timestamp": "2022-08-06 03:12:38.077490",
    "dataset": "dmv.csv",
    "model": "dmv.csv-2.6MB-model16.669-data16.507-made-resmade-hidden256_256_256_256_256-emb32-directIo-binaryInone_hotOut-inputNoEmbIfLeq-5epochs-seed0.pt",
    "query": "'SELECT Weight_100 FROM dmv.csv WHERE Record Type=TRL AND County>=NIAGARA<=SCHUYLER AND Fuel Type=OTHER AND Scofflaw Indicator=N AND Suspension Indicator=Y AND Revocation Indicator=N AND Registration Class<=FPW AND Model Year<=2013.0'",
    "avg_est": 9.33212661743164,
    "avg_real": NaN,
    "avg_err": NaN,
    "count_est": 1.0735088877520006e-07,
    "count_real": 0,
    "count_err": 0,
    "sum_est": 1.001812086543988e-06,
    "sum_real": NaN,
    "sum_err": NaN,
    "query_dur_ms_est": 20.837783813476562,
    "query_dur_ms_real": 913.5780334472656,
    "query_dur_ms_err": 0.9771910192117383,
    "order": [
        0,
        1,
        2,
        3,
        4,
        5,
        6,
        7,
        8,
        9
    ],
    "groupby": false
}