{
    "timestamp": "2022-08-06 03:26:46.820653",
    "dataset": "dmv.csv",
    "model": "dmv.csv-2.6MB-model16.669-data16.507-made-resmade-hidden256_256_256_256_256-emb32-directIo-binaryInone_hotOut-inputNoEmbIfLeq-5epochs-seed0.pt",
    "query": "'SELECT County FROM dmv.csv WHERE Record Type=SNOW AND State>=QC AND Fuel Type=nan AND Scofflaw Indicator=N AND Suspension Indicator=Y AND Revocation Indicator=Y AND Registration Class<=RGC AND Model Year>=2024.0 AND Weight_100<=71.0'",
    "avg_est": 39.816993713378906,
    "avg_real": NaN,
    "avg_err": NaN,
    "count_est": 0.0,
    "count_real": 0,
    "count_err": 0,
    "sum_est": 0.0,
    "sum_real": NaN,
    "sum_err": NaN,
    "query_dur_ms_est": 20.897626876831055,
    "query_dur_ms_real": 1210.5228900909424,
    "query_dur_ms_err": 0.9827366941609331,
    "order": [
        0,
        1,
        3,
        4,
        5,
        6,
        7,
        8,
        9,
        2
    ],
    "groupby": false
}