{
    "timestamp": "2022-08-06 03:01:22.426232",
    "dataset": "dmv.csv",
    "model": "dmv.csv-2.6MB-model16.669-data16.507-made-resmade-hidden256_256_256_256_256-emb32-directIo-binaryInone_hotOut-inputNoEmbIfLeq-5epochs-seed0.pt",
    "query": "'SELECT Scofflaw Indicator FROM dmv.csv WHERE County<=MADISON AND Fuel Type=COMP N/G AND Revocation Indicator=N AND Registration Class>=CBS<=VAS AND Model Year>=1923.0<=1949.0'",
    "avg_est": 1.00140380859375,
    "avg_real": NaN,
    "avg_err": NaN,
    "count_est": 0.04634122641098948,
    "count_real": 0,
    "count_err": 0,
    "sum_est": 0.04640628062287014,
    "sum_real": NaN,
    "sum_err": NaN,
    "query_dur_ms_est": 20.621061325073242,
    "query_dur_ms_real": 1662.1925830841064,
    "query_dur_ms_err": 0.9875940600776765,
    "order": [
        0,
        1,
        2,
        3,
        5,
        6,
        7,
        8,
        9,
        4
    ],
    "groupby": false
}