{
    "timestamp": "2022-08-06 03:12:13.753606",
    "dataset": "dmv.csv",
    "model": "dmv.csv-2.6MB-model16.669-data16.507-made-resmade-hidden256_256_256_256_256-emb32-directIo-binaryInone_hotOut-inputNoEmbIfLeq-5epochs-seed0.pt",
    "query": "'SELECT Record Type FROM dmv.csv WHERE State>=VT AND County<=WASHINGTON AND Fuel Type=COMP N/G AND Scofflaw Indicator=N AND Suspension Indicator=Y AND Revocation Indicator=N AND Model Year<=1983.0 AND Weight_100<=53.0'",
    "avg_est": 3.834136962890625,
    "avg_real": NaN,
    "avg_err": NaN,
    "count_est": 4.716034478073595e-06,
    "count_real": 0,
    "count_err": 0,
    "sum_est": 1.8081922110648565e-05,
    "sum_real": NaN,
    "sum_err": NaN,
    "query_dur_ms_est": 20.77174186706543,
    "query_dur_ms_real": 1003.4189224243164,
    "query_dur_ms_err": 0.979299033132762,
    "order": [
        1,
        2,
        3,
        4,
        5,
        6,
        7,
        8,
        9,
        0
    ],
    "groupby": false
}