{
    "timestamp": "2022-08-06 03:13:07.566112",
    "dataset": "dmv.csv",
    "model": "dmv.csv-2.6MB-model16.669-data16.507-made-resmade-hidden256_256_256_256_256-emb32-directIo-binaryInone_hotOut-inputNoEmbIfLeq-5epochs-seed0.pt",
    "query": "'SELECT Revocation Indicator FROM dmv.csv WHERE Record Type=SNOW AND State<=BY AND County<=SUFFOLK AND Fuel Type=COMP N/G AND Suspension Indicator=Y AND Registration Class<=OMF AND Model Year=2017.0 AND Weight_100<=90.0'",
    "avg_est": 1.0000096559524536,
    "avg_real": NaN,
    "avg_err": NaN,
    "count_est": 4.984229903932295e-21,
    "count_real": 0,
    "count_err": 0,
    "sum_est": 4.984278031419265e-21,
    "sum_real": NaN,
    "sum_err": NaN,
    "query_dur_ms_est": 20.824909210205078,
    "query_dur_ms_real": 976.4599800109863,
    "query_dur_ms_err": 0.9786730540559678,
    "order": [
        0,
        1,
        2,
        3,
        4,
        5,
        7,
        8,
        9,
        6
    ],
    "groupby": false
}