{
    "timestamp": "2022-08-06 03:15:39.231423",
    "dataset": "dmv.csv",
    "model": "dmv.csv-2.6MB-model16.669-data16.507-made-resmade-hidden256_256_256_256_256-emb32-directIo-binaryInone_hotOut-inputNoEmbIfLeq-5epochs-seed0.pt",
    "query": "'SELECT Scofflaw Indicator FROM dmv.csv WHERE State<=OT AND Model Year<=2009.0'",
    "avg_est": 1.001418113708496,
    "avg_real": 1.0012434889274087,
    "avg_err": 0.00017440790678648754,
    "count_est": 3795714.1967896223,
    "count_real": 3682381,
    "count_err": 0.03077715119364952,
    "sum_est": 3801096.9511256227,
    "sum_real": 3686960.0,
    "sum_err": 0.030956926878952504,
    "query_dur_ms_est": 20.14923095703125,
    "query_dur_ms_real": 3466.959238052368,
    "query_dur_ms_err": 0.9941882123285792,
    "order": [
        0,
        1,
        2,
        3,
        5,
        6,
        7,
        8,
        9,
        4
    ],
    "groupby": false
}