{
    "timestamp": "2022-08-06 03:02:50.977613",
    "dataset": "dmv.csv",
    "model": "dmv.csv-2.6MB-model16.669-data16.507-made-resmade-hidden256_256_256_256_256-emb32-directIo-binaryInone_hotOut-inputNoEmbIfLeq-5epochs-seed0.pt",
    "query": "'SELECT Scofflaw Indicator FROM dmv.csv WHERE State>=AL<=KS'",
    "avg_est": 1.0007970333099365,
    "avg_real": 1.0008915801400524,
    "avg_err": 9.44626091296161e-05,
    "count_est": 61039.064639797434,
    "count_real": 53837,
    "count_err": 0.13377537083785193,
    "sum_est": 61087.71480752272,
    "sum_real": 53885.0,
    "sum_err": 0.13366827145815577,
    "query_dur_ms_est": 20.256519317626953,
    "query_dur_ms_real": 2783.013105392456,
    "query_dur_ms_err": 0.9927213712079267,
    "order": [
        0,
        1,
        2,
        3,
        5,
        6,
        7,
        8,
        9,
        4
    ],
    "groupby": false
}