{
    "timestamp": "2022-08-06 03:22:44.966097",
    "dataset": "dmv.csv",
    "model": "dmv.csv-2.6MB-model16.669-data16.507-made-resmade-hidden256_256_256_256_256-emb32-directIo-binaryInone_hotOut-inputNoEmbIfLeq-5epochs-seed0.pt",
    "query": "'SELECT Suspension Indicator FROM dmv.csv WHERE Scofflaw Indicator=Y AND Revocation Indicator=Y AND Weight_100>=12.0<=98.0'",
    "avg_est": 1.1227030754089355,
    "avg_real": NaN,
    "avg_err": NaN,
    "count_est": 0.6621376178877796,
    "count_real": 0,
    "count_err": 0,
    "sum_est": 0.7433839399465567,
    "sum_real": NaN,
    "sum_err": NaN,
    "query_dur_ms_est": 20.24054527282715,
    "query_dur_ms_real": 1041.5394306182861,
    "query_dur_ms_err": 0.9805667028267842,
    "order": [
        0,
        1,
        2,
        3,
        4,
        6,
        7,
        8,
        9,
        5
    ],
    "groupby": false
}