{
    "timestamp": "2022-08-06 03:22:25.909884",
    "dataset": "dmv.csv",
    "model": "dmv.csv-2.6MB-model16.669-data16.507-made-resmade-hidden256_256_256_256_256-emb32-directIo-binaryInone_hotOut-inputNoEmbIfLeq-5epochs-seed0.pt",
    "query": "'SELECT Suspension Indicator FROM dmv.csv WHERE Record Type=SNOW AND County>=WESTCHESTER AND Fuel Type=PROPANE AND Registration Class<=SPO AND Weight_100>=30.0<=46.0'",
    "avg_est": 1.0001001358032227,
    "avg_real": NaN,
    "avg_err": NaN,
    "count_est": 1.415181853673799e-14,
    "count_real": 0,
    "count_err": 0,
    "sum_est": 1.4153235640454227e-14,
    "sum_real": NaN,
    "sum_err": NaN,
    "query_dur_ms_est": 20.970582962036133,
    "query_dur_ms_real": 981.3764095306396,
    "query_dur_ms_err": 0.9786314580640209,
    "order": [
        0,
        1,
        2,
        3,
        4,
        6,
        7,
        8,
        9,
        5
    ],
    "groupby": false
}