{
    "timestamp": "2022-08-06 03:01:39.406606",
    "dataset": "dmv.csv",
    "model": "dmv.csv-2.6MB-model16.669-data16.507-made-resmade-hidden256_256_256_256_256-emb32-directIo-binaryInone_hotOut-inputNoEmbIfLeq-5epochs-seed0.pt",
    "query": "'SELECT Registration Class FROM dmv.csv WHERE Record Type=VEH AND State=US AND County>=CORTLAND<=MONROE AND Fuel Type=PROPANE AND Model Year<=1905.0 AND Weight_100>=14.0'",
    "avg_est": 31.828168869018555,
    "avg_real": NaN,
    "avg_err": NaN,
    "count_est": 3.653883166145976e-10,
    "count_real": 0,
    "count_err": 0,
    "sum_est": 1.162964104397583e-08,
    "sum_real": NaN,
    "sum_err": NaN,
    "query_dur_ms_est": 20.74122428894043,
    "query_dur_ms_real": 2666.212558746338,
    "query_dur_ms_err": 0.992220716153744,
    "order": [
        0,
        1,
        2,
        3,
        4,
        5,
        6,
        8,
        9,
        7
    ],
    "groupby": false
}