{
    "timestamp": "2022-08-06 03:05:11.703957",
    "dataset": "dmv.csv",
    "model": "dmv.csv-2.6MB-model16.669-data16.507-made-resmade-hidden256_256_256_256_256-emb32-directIo-binaryInone_hotOut-inputNoEmbIfLeq-5epochs-seed0.pt",
    "query": "'SELECT Scofflaw Indicator FROM dmv.csv WHERE Fuel Type=COMP N/G AND Suspension Indicator=Y'",
    "avg_est": 1.0011212825775146,
    "avg_real": 1.0,
    "avg_err": 0.0011212825775146484,
    "count_est": 30.780502824612995,
    "count_real": 5,
    "count_err": 5.156100564922599,
    "sum_est": 30.815016466157374,
    "sum_real": 5.0,
    "sum_err": 5.1630032932314744,
    "query_dur_ms_est": 20.15519142150879,
    "query_dur_ms_real": 959.2137336730957,
    "query_dur_ms_err": 0.9789877993673746,
    "order": [
        0,
        1,
        2,
        3,
        5,
        6,
        7,
        8,
        9,
        4
    ],
    "groupby": false
}