{
    "timestamp": "2022-08-06 03:03:50.525288",
    "dataset": "dmv.csv",
    "model": "dmv.csv-2.6MB-model16.669-data16.507-made-resmade-hidden256_256_256_256_256-emb32-directIo-binaryInone_hotOut-inputNoEmbIfLeq-5epochs-seed0.pt",
    "query": "'SELECT State FROM dmv.csv WHERE Revocation Indicator=N AND Registration Class>=TRL'",
    "avg_est": 51.84919357299805,
    "avg_real": 51.79566473341246,
    "avg_err": 0.001033461774476622,
    "count_est": 306671.4995978102,
    "count_real": 267942,
    "count_err": 0.1445443401848542,
    "sum_est": 15900669.945968455,
    "sum_real": 13878234.0,
    "sum_err": 0.14572718300962895,
    "query_dur_ms_est": 20.252227783203125,
    "query_dur_ms_real": 3274.0025520324707,
    "query_dur_ms_err": 0.9938142296893964,
    "order": [
        0,
        2,
        3,
        4,
        5,
        6,
        7,
        8,
        9,
        1
    ],
    "groupby": false
}