{
    "timestamp": "2022-08-06 03:24:51.241661",
    "dataset": "dmv.csv",
    "model": "dmv.csv-2.6MB-model16.669-data16.507-made-resmade-hidden256_256_256_256_256-emb32-directIo-binaryInone_hotOut-inputNoEmbIfLeq-5epochs-seed0.pt",
    "query": "'SELECT Registration Class FROM dmv.csv WHERE State>=RK AND County>=CHENANGO AND Fuel Type=FLEX AND Suspension Indicator=N AND Model Year>=1938.0<=1954.0 AND Weight_100>=14.0'",
    "avg_est": 21.58979034423828,
    "avg_real": NaN,
    "avg_err": NaN,
    "count_est": 0.0011572286745349936,
    "count_real": 0,
    "count_err": 0,
    "sum_est": 0.02498432446355127,
    "sum_real": NaN,
    "sum_err": NaN,
    "query_dur_ms_est": 20.57623863220215,
    "query_dur_ms_real": 981.6904067993164,
    "query_dur_ms_err": 0.979039992150592,
    "order": [
        0,
        1,
        2,
        3,
        4,
        5,
        6,
        8,
        9,
        7
    ],
    "groupby": false
}