{
    "timestamp": "2022-08-06 03:26:47.997520",
    "dataset": "dmv.csv",
    "model": "dmv.csv-2.6MB-model16.669-data16.507-made-resmade-hidden256_256_256_256_256-emb32-directIo-binaryInone_hotOut-inputNoEmbIfLeq-5epochs-seed0.pt",
    "query": "'SELECT State FROM dmv.csv WHERE Registration Class=PHS'",
    "avg_est": 51.85025405883789,
    "avg_real": 52.0,
    "avg_err": 0.0028797296377328727,
    "count_est": 3.4787507351912836,
    "count_real": 5,
    "count_err": 0.3042498529617433,
    "sum_est": 180.37410942703715,
    "sum_real": 260.0,
    "sum_err": 0.3062534252806263,
    "query_dur_ms_est": 20.22075653076172,
    "query_dur_ms_real": 1085.707664489746,
    "query_dur_ms_err": 0.9813755054034136,
    "order": [
        0,
        2,
        3,
        4,
        5,
        6,
        7,
        8,
        9,
        1
    ],
    "groupby": false
}