{
    "timestamp": "2022-08-06 03:23:47.429160",
    "dataset": "dmv.csv",
    "model": "dmv.csv-2.6MB-model16.669-data16.507-made-resmade-hidden256_256_256_256_256-emb32-directIo-binaryInone_hotOut-inputNoEmbIfLeq-5epochs-seed0.pt",
    "query": "'SELECT State FROM dmv.csv WHERE Record Type=BOAT'",
    "avg_est": 51.53016662597656,
    "avg_real": 51.567509469567476,
    "avg_err": 0.000724154491365366,
    "count_est": 364348.39701479673,
    "count_real": 365645,
    "count_err": 0.003546070601822167,
    "sum_est": 18774933.608079936,
    "sum_real": 18855402.0,
    "sum_err": 0.004267657190234589,
    "query_dur_ms_est": 20.015239715576172,
    "query_dur_ms_real": 1867.553472518921,
    "query_dur_ms_err": 0.98928264169669,
    "order": [
        0,
        2,
        3,
        4,
        5,
        6,
        7,
        8,
        9,
        1
    ],
    "groupby": false
}