{
    "timestamp": "2022-08-06 03:14:02.574907",
    "dataset": "dmv.csv",
    "model": "dmv.csv-2.6MB-model16.669-data16.507-made-resmade-hidden256_256_256_256_256-emb32-directIo-binaryInone_hotOut-inputNoEmbIfLeq-5epochs-seed0.pt",
    "query": "'SELECT County FROM dmv.csv WHERE Record Type=BOAT AND State>=MN<=NH AND Scofflaw Indicator=Y AND Registration Class<=VAS AND Weight_100<=83.0'",
    "avg_est": 38.79779815673828,
    "avg_real": NaN,
    "avg_err": NaN,
    "count_est": 8.948562744661749e-05,
    "count_real": 0,
    "count_err": 0,
    "sum_est": 0.0034718453116029447,
    "sum_real": NaN,
    "sum_err": NaN,
    "query_dur_ms_est": 20.413637161254883,
    "query_dur_ms_real": 1254.9290657043457,
    "query_dur_ms_err": 0.9837332342367914,
    "order": [
        0,
        1,
        3,
        4,
        5,
        6,
        7,
        8,
        9,
        2
    ],
    "groupby": false
}