{
    "timestamp": "2022-08-06 03:34:07.274016",
    "dataset": "dmv.csv",
    "model": "dmv.csv-2.6MB-model16.669-data16.507-made-resmade-hidden256_256_256_256_256-emb32-directIo-binaryInone_hotOut-inputNoEmbIfLeq-5epochs-seed0.pt",
    "query": "'SELECT Model Year FROM dmv.csv WHERE Record Type=TRL AND County>=ORANGE AND Scofflaw Indicator=Y AND Suspension Indicator=Y AND Registration Class>=LMC'",
    "avg_est": 112.73959350585938,
    "avg_real": NaN,
    "avg_err": NaN,
    "count_est": 0.24287389481801824,
    "count_real": 0,
    "count_err": 0,
    "sum_est": 27.38150417496822,
    "sum_real": NaN,
    "sum_err": NaN,
    "query_dur_ms_est": 20.562410354614258,
    "query_dur_ms_real": 842.339277267456,
    "query_dur_ms_err": 0.975588921341388,
    "order": [
        0,
        1,
        2,
        3,
        4,
        5,
        6,
        7,
        9,
        8
    ],
    "groupby": false
}