{
    "timestamp": "2022-08-06 03:14:49.576404",
    "dataset": "dmv.csv",
    "model": "dmv.csv-2.6MB-model16.669-data16.507-made-resmade-hidden256_256_256_256_256-emb32-directIo-binaryInone_hotOut-inputNoEmbIfLeq-5epochs-seed0.pt",
    "query": "'SELECT County FROM dmv.csv WHERE Scofflaw Indicator=Y AND Suspension Indicator=Y AND Revocation Indicator=N AND Registration Class<=SUP AND Model Year<=1932.0 AND Weight_100>=30.0'",
    "avg_est": 34.420082092285156,
    "avg_real": NaN,
    "avg_err": NaN,
    "count_est": 0.0013884106461486134,
    "count_real": 0,
    "count_err": 0,
    "sum_est": 0.04778920841823795,
    "sum_real": NaN,
    "sum_err": NaN,
    "query_dur_ms_est": 20.541667938232422,
    "query_dur_ms_real": 1256.4826011657715,
    "query_dur_ms_err": 0.9836514505499927,
    "order": [
        0,
        1,
        3,
        4,
        5,
        6,
        7,
        8,
        9,
        2
    ],
    "groupby": false
}