{
    "timestamp": "2022-08-06 03:34:46.242937",
    "dataset": "dmv.csv",
    "model": "dmv.csv-2.6MB-model16.669-data16.507-made-resmade-hidden256_256_256_256_256-emb32-directIo-binaryInone_hotOut-inputNoEmbIfLeq-5epochs-seed0.pt",
    "query": "'SELECT Weight_100 FROM dmv.csv WHERE Record Type=SNOW AND Revocation Indicator=Y'",
    "avg_est": 1.0,
    "avg_real": NaN,
    "avg_err": NaN,
    "count_est": 0.37091395172814856,
    "count_real": 0,
    "count_err": 0,
    "sum_est": 0.37091395172814856,
    "sum_real": NaN,
    "sum_err": NaN,
    "query_dur_ms_est": 20.192861557006836,
    "query_dur_ms_real": 650.2158641815186,
    "query_dur_ms_err": 0.9689443726777948,
    "order": [
        0,
        1,
        2,
        3,
        4,
        5,
        6,
        7,
        8,
        9
    ],
    "groupby": false
}