{
    "timestamp": "2022-08-06 03:21:03.444233",
    "dataset": "dmv.csv",
    "model": "dmv.csv-2.6MB-model16.669-data16.507-made-resmade-hidden256_256_256_256_256-emb32-directIo-binaryInone_hotOut-inputNoEmbIfLeq-5epochs-seed0.pt",
    "query": "'SELECT Weight_100 FROM dmv.csv WHERE Revocation Indicator=N'",
    "avg_est": 39.12508773803711,
    "avg_real": 62.20626849788254,
    "avg_err": 0.3710426829513347,
    "count_est": 12641035.023114681,
    "count_real": 12640636,
    "count_err": 3.1566696065074885e-05,
    "sum_est": 494581604.37896186,
    "sum_real": 786326797.0,
    "sum_err": 0.37102282884686955,
    "query_dur_ms_est": 20.067453384399414,
    "query_dur_ms_real": 13810.816287994385,
    "query_dur_ms_err": 0.9985469755758142,
    "order": [
        0,
        1,
        2,
        3,
        4,
        5,
        6,
        7,
        8,
        9
    ],
    "groupby": false
}