{
    "timestamp": "2022-08-06 03:15:54.275700",
    "dataset": "dmv.csv",
    "model": "dmv.csv-2.6MB-model16.669-data16.507-made-resmade-hidden256_256_256_256_256-emb32-directIo-binaryInone_hotOut-inputNoEmbIfLeq-5epochs-seed0.pt",
    "query": "'SELECT State FROM dmv.csv WHERE Suspension Indicator=Y'",
    "avg_est": 51.85032653808594,
    "avg_real": 51.6720341697811,
    "avg_err": 0.0034504615730631956,
    "count_est": 138098.43359717354,
    "count_real": 140475,
    "count_err": 0.016918073698711216,
    "sum_est": 7160448.876411626,
    "sum_real": 7258629.0,
    "sum_err": 0.013525987288835658,
    "query_dur_ms_est": 20.13087272644043,
    "query_dur_ms_real": 1425.0376224517822,
    "query_dur_ms_err": 0.9858734447362834,
    "order": [
        0,
        2,
        3,
        4,
        5,
        6,
        7,
        8,
        9,
        1
    ],
    "groupby": false
}