{
    "timestamp": "2022-08-06 03:10:55.142342",
    "dataset": "dmv.csv",
    "model": "dmv.csv-2.6MB-model16.669-data16.507-made-resmade-hidden256_256_256_256_256-emb32-directIo-binaryInone_hotOut-inputNoEmbIfLeq-5epochs-seed0.pt",
    "query": "'SELECT Registration Class FROM dmv.csv WHERE Record Type=SNOW AND State>=CN AND County=RICHMOND AND Fuel Type=PROPANE AND Scofflaw Indicator=Y AND Suspension Indicator=N AND Revocation Indicator=Y AND Model Year>=1945.0<=1972.0 AND Weight_100<=80.0'",
    "avg_est": 57.99980545043945,
    "avg_real": NaN,
    "avg_err": NaN,
    "count_est": 8.947286020221196e-30,
    "count_real": 0,
    "count_err": 0,
    "sum_est": 5.18940848482266e-28,
    "sum_real": NaN,
    "sum_err": NaN,
    "query_dur_ms_est": 20.89858055114746,
    "query_dur_ms_real": 1025.7813930511475,
    "query_dur_ms_err": 0.9796266722201058,
    "order": [
        0,
        1,
        2,
        3,
        4,
        5,
        6,
        8,
        9,
        7
    ],
    "groupby": false
}