{
    "timestamp": "2022-08-06 03:26:29.780351",
    "dataset": "dmv.csv",
    "model": "dmv.csv-2.6MB-model16.669-data16.507-made-resmade-hidden256_256_256_256_256-emb32-directIo-binaryInone_hotOut-inputNoEmbIfLeq-5epochs-seed0.pt",
    "query": "'SELECT State FROM dmv.csv WHERE Record Type=VEH AND Fuel Type=NONE AND Revocation Indicator=N AND Registration Class>=FPW AND Model Year>=1915.0<=1984.0'",
    "avg_est": 51.86949157714844,
    "avg_real": 52.0,
    "avg_err": 0.002509777362530048,
    "count_est": 1435.5272558799188,
    "count_real": 920,
    "count_err": 0.5603557129129553,
    "sum_est": 74460.06890763046,
    "sum_real": 47840.0,
    "sum_err": 0.5564395674671918,
    "query_dur_ms_est": 20.740509033203125,
    "query_dur_ms_real": 2717.1995639801025,
    "query_dur_ms_err": 0.992366954084586,
    "order": [
        0,
        2,
        3,
        4,
        5,
        6,
        7,
        8,
        9,
        1
    ],
    "groupby": false
}