{
    "timestamp": "2022-08-06 03:34:11.005900",
    "dataset": "dmv.csv",
    "model": "dmv.csv-2.6MB-model16.669-data16.507-made-resmade-hidden256_256_256_256_256-emb32-directIo-binaryInone_hotOut-inputNoEmbIfLeq-5epochs-seed0.pt",
    "query": "'SELECT Weight_100 FROM dmv.csv WHERE State>=GS AND County>=STEUBEN<=WYOMING AND Registration Class<=LOC'",
    "avg_est": 10.92232894897461,
    "avg_real": 90.54654600226246,
    "avg_err": 0.8793733231005665,
    "count_est": 321577.55340865254,
    "count_real": 320006,
    "count_err": 0.0049110123205581896,
    "sum_est": 3512375.820935754,
    "sum_real": 28975438.0,
    "sum_err": 0.8787809240041253,
    "query_dur_ms_est": 20.498991012573242,
    "query_dur_ms_real": 3634.3157291412354,
    "query_dur_ms_err": 0.9943596009427015,
    "order": [
        0,
        1,
        2,
        3,
        4,
        5,
        6,
        7,
        8,
        9
    ],
    "groupby": false
}