{
    "timestamp": "2022-08-06 03:06:59.198880",
    "dataset": "dmv.csv",
    "model": "dmv.csv-2.6MB-model16.669-data16.507-made-resmade-hidden256_256_256_256_256-emb32-directIo-binaryInone_hotOut-inputNoEmbIfLeq-5epochs-seed0.pt",
    "query": "'SELECT Record Type FROM dmv.csv WHERE State<=MT AND Scofflaw Indicator=Y AND Model Year>=1967.0<=2013.0'",
    "avg_est": 3.834136962890625,
    "avg_real": 3.9285714285714284,
    "avg_err": 0.024037863991477226,
    "count_est": 16.47733713742855,
    "count_real": 28,
    "count_err": 0.4115236736632661,
    "sum_est": 63.1763673686252,
    "sum_real": 110.0,
    "sum_err": 0.42566938755795275,
    "query_dur_ms_est": 20.19786834716797,
    "query_dur_ms_real": 1034.205675125122,
    "query_dur_ms_err": 0.9804701629153946,
    "order": [
        1,
        2,
        3,
        4,
        5,
        6,
        7,
        8,
        9,
        0
    ],
    "groupby": false
}