{
    "timestamp": "2022-08-06 03:20:19.136128",
    "dataset": "dmv.csv",
    "model": "dmv.csv-2.6MB-model16.669-data16.507-made-resmade-hidden256_256_256_256_256-emb32-directIo-binaryInone_hotOut-inputNoEmbIfLeq-5epochs-seed0.pt",
    "query": "'SELECT State FROM dmv.csv WHERE Record Type=VEH'",
    "avg_est": 51.86949157714844,
    "avg_real": 51.87482587176473,
    "avg_err": 0.00010283012090443309,
    "count_est": 11388790.728530407,
    "count_real": 11392466,
    "count_err": 0.0003226054367503092,
    "sum_est": 590730784.7674142,
    "sum_real": 590982190.0,
    "sum_err": 0.00042540238409855935,
    "query_dur_ms_est": 20.308971405029297,
    "query_dur_ms_real": 46248.49057197571,
    "query_dur_ms_err": 0.9995608727732763,
    "order": [
        0,
        2,
        3,
        4,
        5,
        6,
        7,
        8,
        9,
        1
    ],
    "groupby": false
}