{
    "timestamp": "2022-08-06 03:12:45.091491",
    "dataset": "dmv.csv",
    "model": "dmv.csv-2.6MB-model16.669-data16.507-made-resmade-hidden256_256_256_256_256-emb32-directIo-binaryInone_hotOut-inputNoEmbIfLeq-5epochs-seed0.pt",
    "query": "'SELECT Weight_100 FROM dmv.csv WHERE Record Type=BOAT AND State>=AA<=NH AND Model Year>=1906.0'",
    "avg_est": 1.000006079673767,
    "avg_real": 101.0,
    "avg_err": 0.9900989497062003,
    "count_est": 6692.976790361805,
    "count_real": 6151,
    "count_err": 0.0881119802246472,
    "sum_est": 6693.017481477221,
    "sum_real": 621251.0,
    "sum_err": 0.9892265485585098,
    "query_dur_ms_est": 20.25294303894043,
    "query_dur_ms_real": 730.1807403564453,
    "query_dur_ms_err": 0.9722631097760073,
    "order": [
        0,
        1,
        2,
        3,
        4,
        5,
        6,
        7,
        8,
        9
    ],
    "groupby": false
}