{
    "timestamp": "2022-08-06 03:05:48.512927",
    "dataset": "dmv.csv",
    "model": "dmv.csv-2.6MB-model16.669-data16.507-made-resmade-hidden256_256_256_256_256-emb32-directIo-binaryInone_hotOut-inputNoEmbIfLeq-5epochs-seed0.pt",
    "query": "'SELECT Model Year FROM dmv.csv WHERE Registration Class>=GSM'",
    "avg_est": 114.1788330078125,
    "avg_real": 113.58355242374273,
    "avg_err": 0.005240904790941685,
    "count_est": 11410185.242794752,
    "count_real": 11405109,
    "count_err": 0.00044508498732911023,
    "sum_est": 1302801635.4252684,
    "sum_real": 1295432796.0,
    "sum_err": 0.005688322426313199,
    "query_dur_ms_est": 20.103931427001953,
    "query_dur_ms_real": 16807.24549293518,
    "query_dur_ms_err": 0.9988038532884254,
    "order": [
        0,
        1,
        2,
        3,
        4,
        5,
        6,
        7,
        9,
        8
    ],
    "groupby": false
}