{
    "timestamp": "2022-08-06 03:33:59.767394",
    "dataset": "dmv.csv",
    "model": "dmv.csv-2.6MB-model16.669-data16.507-made-resmade-hidden256_256_256_256_256-emb32-directIo-binaryInone_hotOut-inputNoEmbIfLeq-5epochs-seed0.pt",
    "query": "'SELECT State FROM dmv.csv WHERE Revocation Indicator=Y'",
    "avg_est": 51.851314544677734,
    "avg_real": 51.79911971830986,
    "avg_err": 0.001007639254329336,
    "count_est": 4899.266498280922,
    "count_real": 5680,
    "count_err": 0.1374530812885701,
    "sum_est": 254033.4082405659,
    "sum_real": 294219.0,
    "sum_err": 0.13658394515457561,
    "query_dur_ms_est": 20.128488540649414,
    "query_dur_ms_real": 1057.0476055145264,
    "query_dur_ms_err": 0.9809578221116619,
    "order": [
        0,
        2,
        3,
        4,
        5,
        6,
        7,
        8,
        9,
        1
    ],
    "groupby": false
}