{
    "timestamp": "2022-08-06 02:59:02.007602",
    "dataset": "dmv.csv",
    "model": "dmv.csv-2.6MB-model16.669-data16.507-made-resmade-hidden256_256_256_256_256-emb32-directIo-binaryInone_hotOut-inputNoEmbIfLeq-5epochs-seed0.pt",
    "query": "'SELECT Scofflaw Indicator FROM dmv.csv WHERE Record Type=SNOW AND County<=ONONDAGA AND Fuel Type=FLEX AND Revocation Indicator=N AND Registration Class>=HAC'",
    "avg_est": 1.0000338554382324,
    "avg_real": NaN,
    "avg_err": NaN,
    "count_est": 0.00010424873859701117,
    "count_real": 0,
    "count_err": 0,
    "sum_est": 0.00010425226798374155,
    "sum_real": NaN,
    "sum_err": NaN,
    "query_dur_ms_est": 20.501136779785156,
    "query_dur_ms_real": 982.0549488067627,
    "query_dur_ms_err": 0.9791242467596188,
    "order": [
        0,
        1,
        2,
        3,
        5,
        6,
        7,
        8,
        9,
        4
    ],
    "groupby": false
}