{
    "timestamp": "2022-08-06 03:14:37.313002",
    "dataset": "dmv.csv",
    "model": "dmv.csv-2.6MB-model16.669-data16.507-made-resmade-hidden256_256_256_256_256-emb32-directIo-binaryInone_hotOut-inputNoEmbIfLeq-5epochs-seed0.pt",
    "query": "'SELECT State FROM dmv.csv WHERE Record Type=SNOW AND County>=CHENANGO AND Fuel Type=GAS AND Scofflaw Indicator=N AND Revocation Indicator=Y AND Model Year<=1917.0 AND Weight_100<=72.0'",
    "avg_est": 51.63405990600586,
    "avg_real": NaN,
    "avg_err": NaN,
    "count_est": 2.6240963263032217e-21,
    "count_real": 0,
    "count_err": 0,
    "sum_est": 1.3549274691147045e-19,
    "sum_real": NaN,
    "sum_err": NaN,
    "query_dur_ms_est": 20.635604858398438,
    "query_dur_ms_real": 1006.5877437591553,
    "query_dur_ms_err": 0.9794994475282068,
    "order": [
        0,
        2,
        3,
        4,
        5,
        6,
        7,
        8,
        9,
        1
    ],
    "groupby": false
}