{
    "timestamp": "2022-08-06 03:27:02.064278",
    "dataset": "dmv.csv",
    "model": "dmv.csv-2.6MB-model16.669-data16.507-made-resmade-hidden256_256_256_256_256-emb32-directIo-binaryInone_hotOut-inputNoEmbIfLeq-5epochs-seed0.pt",
    "query": "'SELECT Record Type FROM dmv.csv WHERE Suspension Indicator=Y AND Model Year<=1988.0'",
    "avg_est": 3.834136962890625,
    "avg_real": 3.969030154849226,
    "avg_err": 0.03398643665979535,
    "count_est": 1173.1941609701025,
    "count_real": 1227,
    "count_err": 0.04385153955166868,
    "sum_est": 4498.1870972229235,
    "sum_real": 4870.0,
    "sum_err": 0.07634761864005678,
    "query_dur_ms_est": 20.142555236816406,
    "query_dur_ms_real": 1112.339735031128,
    "query_dur_ms_err": 0.981891723722112,
    "order": [
        1,
        2,
        3,
        4,
        5,
        6,
        7,
        8,
        9,
        0
    ],
    "groupby": false
}