{
    "timestamp": "2022-08-06 03:07:45.076536",
    "dataset": "dmv.csv",
    "model": "dmv.csv-2.6MB-model16.669-data16.507-made-resmade-hidden256_256_256_256_256-emb32-directIo-binaryInone_hotOut-inputNoEmbIfLeq-5epochs-seed0.pt",
    "query": "'SELECT County FROM dmv.csv WHERE Suspension Indicator=Y'",
    "avg_est": 34.410552978515625,
    "avg_real": 32.406029542623244,
    "avg_err": 0.06185649597263547,
    "count_est": 138550.6304341145,
    "count_real": 140475,
    "count_err": 0.013699018087812877,
    "sum_est": 4767603.808759836,
    "sum_real": 4552237.0,
    "sum_err": 0.047310104627644727,
    "query_dur_ms_est": 20.092487335205078,
    "query_dur_ms_real": 1560.6296062469482,
    "query_dur_ms_err": 0.9871253965356174,
    "order": [
        0,
        1,
        3,
        4,
        5,
        6,
        7,
        8,
        9,
        2
    ],
    "groupby": false
}