{
    "timestamp": "2022-08-06 03:07:01.465720",
    "dataset": "dmv.csv",
    "model": "dmv.csv-2.6MB-model16.669-data16.507-made-resmade-hidden256_256_256_256_256-emb32-directIo-binaryInone_hotOut-inputNoEmbIfLeq-5epochs-seed0.pt",
    "query": "'SELECT Registration Class FROM dmv.csv WHERE Scofflaw Indicator=Y AND Suspension Indicator=N'",
    "avg_est": 48.42630386352539,
    "avg_real": 49.54206432393667,
    "avg_err": 0.02252147696381298,
    "count_est": 15965.33732695505,
    "count_real": 18127,
    "count_err": 0.11925098874854911,
    "sum_est": 773142.2766788094,
    "sum_real": 898049.0,
    "sum_err": 0.13908675731634973,
    "query_dur_ms_est": 20.257234573364258,
    "query_dur_ms_real": 1098.7169742584229,
    "query_dur_ms_err": 0.9815628273268129,
    "order": [
        0,
        1,
        2,
        3,
        4,
        5,
        6,
        8,
        9,
        7
    ],
    "groupby": false
}