{
    "timestamp": "2022-08-06 03:07:51.658437",
    "dataset": "dmv.csv",
    "model": "dmv.csv-2.6MB-model16.669-data16.507-made-resmade-hidden256_256_256_256_256-emb32-directIo-binaryInone_hotOut-inputNoEmbIfLeq-5epochs-seed0.pt",
    "query": "'SELECT Registration Class FROM dmv.csv WHERE Record Type=TRL'",
    "avg_est": 46.74553680419922,
    "avg_real": 47.11013227793072,
    "avg_err": 0.007739215665550084,
    "count_est": 781843.5492842644,
    "count_real": 775186,
    "count_err": 0.008588324975250385,
    "sum_est": 36547696.40819333,
    "sum_real": 36519115.0,
    "sum_err": 0.0007826424105109744,
    "query_dur_ms_est": 20.204782485961914,
    "query_dur_ms_real": 2599.6153354644775,
    "query_dur_ms_err": 0.9922277799294672,
    "order": [
        0,
        1,
        2,
        3,
        4,
        5,
        6,
        8,
        9,
        7
    ],
    "groupby": false
}