{
    "timestamp": "2022-08-06 03:33:49.412610",
    "dataset": "dmv.csv",
    "model": "dmv.csv-2.6MB-model16.669-data16.507-made-resmade-hidden256_256_256_256_256-emb32-directIo-binaryInone_hotOut-inputNoEmbIfLeq-5epochs-seed0.pt",
    "query": "'SELECT Record Type FROM dmv.csv WHERE State>=CN'",
    "avg_est": 3.834136962890625,
    "avg_real": 3.834283520338026,
    "avg_err": 3.8222903085734104e-05,
    "count_est": 12638418.655605555,
    "count_real": 12639968,
    "count_err": 0.0001225750250669479,
    "sum_est": 48457428.11994369,
    "sum_real": 48465221.0,
    "sum_err": 0.00016079324297947015,
    "query_dur_ms_est": 20.15233039855957,
    "query_dur_ms_real": 6968.235731124878,
    "query_dur_ms_err": 0.9971079723510866,
    "order": [
        1,
        2,
        3,
        4,
        5,
        6,
        7,
        8,
        9,
        0
    ],
    "groupby": false
}