{
    "timestamp": "2022-08-06 03:05:23.769777",
    "dataset": "dmv.csv",
    "model": "dmv.csv-2.6MB-model16.669-data16.507-made-resmade-hidden256_256_256_256_256-emb32-directIo-binaryInone_hotOut-inputNoEmbIfLeq-5epochs-seed0.pt",
    "query": "'SELECT State FROM dmv.csv WHERE Record Type=TRL AND County<=WASHINGTON AND Fuel Type=OTHER AND Scofflaw Indicator=N AND Suspension Indicator=N AND Model Year<=1959.0'",
    "avg_est": 51.75776672363281,
    "avg_real": NaN,
    "avg_err": NaN,
    "count_est": 0.006345963368706853,
    "count_real": 0,
    "count_err": 0,
    "sum_est": 0.32845289167424835,
    "sum_real": NaN,
    "sum_err": NaN,
    "query_dur_ms_est": 20.5075740814209,
    "query_dur_ms_real": 1235.6572151184082,
    "query_dur_ms_err": 0.9834035088125507,
    "order": [
        0,
        2,
        3,
        4,
        5,
        6,
        7,
        8,
        9,
        1
    ],
    "groupby": false
}