{
    "timestamp": "2022-08-06 03:32:29.635387",
    "dataset": "dmv.csv",
    "model": "dmv.csv-2.6MB-model16.669-data16.507-made-resmade-hidden256_256_256_256_256-emb32-directIo-binaryInone_hotOut-inputNoEmbIfLeq-5epochs-seed0.pt",
    "query": "'SELECT Scofflaw Indicator FROM dmv.csv WHERE Record Type=SNOW AND State=CN AND Fuel Type=PROPANE AND Suspension Indicator=N AND Registration Class>=CSP AND Model Year<=1973.0'",
    "avg_est": 1.0000113248825073,
    "avg_real": NaN,
    "avg_err": NaN,
    "count_est": 9.778206351619784e-15,
    "count_real": 0,
    "count_err": 0,
    "sum_est": 9.778317088657848e-15,
    "sum_real": NaN,
    "sum_err": NaN,
    "query_dur_ms_est": 20.54738998413086,
    "query_dur_ms_real": 977.4703979492188,
    "query_dur_ms_err": 0.9789790156026819,
    "order": [
        0,
        1,
        2,
        3,
        5,
        6,
        7,
        8,
        9,
        4
    ],
    "groupby": false
}