{
    "timestamp": "2022-08-06 03:14:08.966218",
    "dataset": "dmv.csv",
    "model": "dmv.csv-2.6MB-model16.669-data16.507-made-resmade-hidden256_256_256_256_256-emb32-directIo-binaryInone_hotOut-inputNoEmbIfLeq-5epochs-seed0.pt",
    "query": "'SELECT State FROM dmv.csv WHERE Record Type=VEH AND Fuel Type=DIESEL AND Revocation Indicator=Y AND Registration Class>=COM<=STG AND Model Year>=1943.0'",
    "avg_est": 51.86949157714844,
    "avg_real": 51.980645161290326,
    "avg_err": 0.002138364843240997,
    "count_est": 337.97212509602105,
    "count_real": 310,
    "count_err": 0.09023266160006789,
    "sum_est": 17530.44229597902,
    "sum_real": 16114.000000000002,
    "sum_err": 0.08790134640554914,
    "query_dur_ms_est": 20.518064498901367,
    "query_dur_ms_real": 2688.7142658233643,
    "query_dur_ms_err": 0.9923688192681128,
    "order": [
        0,
        2,
        3,
        4,
        5,
        6,
        7,
        8,
        9,
        1
    ],
    "groupby": false
}