{
    "timestamp": "2022-08-06 03:24:54.675308",
    "dataset": "dmv.csv",
    "model": "dmv.csv-2.6MB-model16.669-data16.507-made-resmade-hidden256_256_256_256_256-emb32-directIo-binaryInone_hotOut-inputNoEmbIfLeq-5epochs-seed0.pt",
    "query": "'SELECT Model Year FROM dmv.csv WHERE Scofflaw Indicator=N AND Revocation Indicator=Y'",
    "avg_est": 115.95132446289062,
    "avg_real": 116.96490299823633,
    "avg_err": 0.008665663881762757,
    "count_est": 5322.482219082653,
    "count_real": 5670,
    "count_err": 0.061290613918403423,
    "sum_est": 617148.8627328187,
    "sum_real": 663191.0,
    "sum_err": 0.06942515394084253,
    "query_dur_ms_est": 20.402908325195312,
    "query_dur_ms_real": 2321.9003677368164,
    "query_dur_ms_err": 0.9912128407365376,
    "order": [
        0,
        1,
        2,
        3,
        4,
        5,
        6,
        7,
        9,
        8
    ],
    "groupby": false
}