{
    "timestamp": "2022-08-06 03:18:43.307207",
    "dataset": "dmv.csv",
    "model": "dmv.csv-2.6MB-model16.669-data16.507-made-resmade-hidden256_256_256_256_256-emb32-directIo-binaryInone_hotOut-inputNoEmbIfLeq-5epochs-seed0.pt",
    "query": "'SELECT Weight_100 FROM dmv.csv WHERE County>=MONTGOMERY AND Fuel Type=FLEX AND Scofflaw Indicator=N AND Suspension Indicator=N AND Model Year>=1936.0'",
    "avg_est": 62.325401306152344,
    "avg_real": 85.98720472440945,
    "avg_err": 0.27517819068655175,
    "count_est": 10626.055917057674,
    "count_real": 8128,
    "count_err": 0.30733955672461544,
    "sum_est": 662273.1993322342,
    "sum_real": 698904.0,
    "sum_err": 0.0524117771078228,
    "query_dur_ms_est": 20.375490188598633,
    "query_dur_ms_real": 2003.5228729248047,
    "query_dur_ms_err": 0.989830168417866,
    "order": [
        0,
        1,
        2,
        3,
        4,
        5,
        6,
        7,
        8,
        9
    ],
    "groupby": false
}