{
    "timestamp": "2022-08-06 03:07:02.299100",
    "dataset": "dmv.csv",
    "model": "dmv.csv-2.6MB-model16.669-data16.507-made-resmade-hidden256_256_256_256_256-emb32-directIo-binaryInone_hotOut-inputNoEmbIfLeq-5epochs-seed0.pt",
    "query": "'SELECT Weight_100 FROM dmv.csv WHERE Record Type=BOAT AND State>=NS AND County<=CHENANGO AND Fuel Type=NONE AND Scofflaw Indicator=Y AND Suspension Indicator=N AND Revocation Indicator=Y AND Registration Class<=HIS AND Model Year=1953.0'",
    "avg_est": 1.0,
    "avg_real": NaN,
    "avg_err": NaN,
    "count_est": 1.5175988650517766e-11,
    "count_real": 0,
    "count_err": 0,
    "sum_est": 1.5175988650517766e-11,
    "sum_real": NaN,
    "sum_err": NaN,
    "query_dur_ms_est": 20.729541778564453,
    "query_dur_ms_real": 742.9513931274414,
    "query_dur_ms_err": 0.972098387633,
    "order": [
        0,
        1,
        2,
        3,
        4,
        5,
        6,
        7,
        8,
        9
    ],
    "groupby": false
}