{
    "timestamp": "2022-08-06 03:12:40.372191",
    "dataset": "dmv.csv",
    "model": "dmv.csv-2.6MB-model16.669-data16.507-made-resmade-hidden256_256_256_256_256-emb32-directIo-binaryInone_hotOut-inputNoEmbIfLeq-5epochs-seed0.pt",
    "query": "'SELECT Model Year FROM dmv.csv WHERE Record Type=TRL AND State<=UT AND County>=ONEIDA<=WAYNE AND Fuel Type=GAS AND Scofflaw Indicator=N AND Suspension Indicator=Y AND Revocation Indicator=Y AND Weight_100>=38.0<=80.0'",
    "avg_est": 113.86109161376953,
    "avg_real": NaN,
    "avg_err": NaN,
    "count_est": 8.893807655426592e-09,
    "count_real": 0,
    "count_err": 0,
    "sum_est": 1.012658648249772e-06,
    "sum_real": NaN,
    "sum_err": NaN,
    "query_dur_ms_est": 20.738601684570312,
    "query_dur_ms_real": 998.9838600158691,
    "query_dur_ms_err": 0.9792403035578163,
    "order": [
        0,
        1,
        2,
        3,
        4,
        5,
        6,
        7,
        9,
        8
    ],
    "groupby": false
}