{
    "timestamp": "2022-08-06 03:05:14.283997",
    "dataset": "dmv.csv",
    "model": "dmv.csv-2.6MB-model16.669-data16.507-made-resmade-hidden256_256_256_256_256-emb32-directIo-binaryInone_hotOut-inputNoEmbIfLeq-5epochs-seed0.pt",
    "query": "'SELECT State FROM dmv.csv WHERE Suspension Indicator=Y AND Revocation Indicator=N'",
    "avg_est": 51.848670959472656,
    "avg_real": 51.67216524216524,
    "avg_err": 0.003415876158473475,
    "count_est": 138511.57525071874,
    "count_real": 140400,
    "count_err": 0.013450318727074483,
    "sum_est": 7181641.089252752,
    "sum_real": 7254772.0,
    "sum_err": 0.010080387191664706,
    "query_dur_ms_est": 20.2789306640625,
    "query_dur_ms_real": 1452.6917934417725,
    "query_dur_ms_err": 0.9860404452234036,
    "order": [
        0,
        2,
        3,
        4,
        5,
        6,
        7,
        8,
        9,
        1
    ],
    "groupby": false
}