{
    "timestamp": "2022-08-06 03:19:32.625399",
    "dataset": "dmv.csv",
    "model": "dmv.csv-2.6MB-model16.669-data16.507-made-resmade-hidden256_256_256_256_256-emb32-directIo-binaryInone_hotOut-inputNoEmbIfLeq-5epochs-seed0.pt",
    "query": "'SELECT Weight_100 FROM dmv.csv WHERE Record Type=SNOW AND County>=STEUBEN AND Fuel Type=nan AND Scofflaw Indicator=Y AND Suspension Indicator=Y AND Revocation Indicator=N AND Registration Class<=HAC'",
    "avg_est": 1.1035653352737427,
    "avg_real": NaN,
    "avg_err": NaN,
    "count_est": 0.0,
    "count_real": 0,
    "count_err": 0,
    "sum_est": 0.0,
    "sum_real": NaN,
    "sum_err": NaN,
    "query_dur_ms_est": 20.630359649658203,
    "query_dur_ms_real": 644.7179317474365,
    "query_dur_ms_err": 0.9680009526123433,
    "order": [
        0,
        1,
        2,
        3,
        4,
        5,
        6,
        7,
        8,
        9
    ],
    "groupby": false
}