{
    "timestamp": "2022-08-06 03:12:50.780162",
    "dataset": "dmv.csv",
    "model": "dmv.csv-2.6MB-model16.669-data16.507-made-resmade-hidden256_256_256_256_256-emb32-directIo-binaryInone_hotOut-inputNoEmbIfLeq-5epochs-seed0.pt",
    "query": "'SELECT Model Year FROM dmv.csv WHERE Fuel Type=FLEX AND Registration Class>=ATV'",
    "avg_est": 118.73835754394531,
    "avg_real": 117.73768933392483,
    "avg_err": 0.008499132399162404,
    "count_est": 20510.323933411855,
    "count_real": 15779,
    "count_err": 0.29984941589529474,
    "sum_est": 2435362.1765475958,
    "sum_real": 1857783.0,
    "sum_err": 0.31089700817996274,
    "query_dur_ms_est": 20.101547241210938,
    "query_dur_ms_real": 632.1897506713867,
    "query_dur_ms_err": 0.9682033009553491,
    "order": [
        0,
        1,
        2,
        3,
        4,
        5,
        6,
        7,
        9,
        8
    ],
    "groupby": false
}