{
    "timestamp": "2022-08-06 03:36:46.770103",
    "dataset": "dmv.csv",
    "model": "dmv.csv-2.6MB-model16.669-data16.507-made-resmade-hidden256_256_256_256_256-emb32-directIo-binaryInone_hotOut-inputNoEmbIfLeq-5epochs-seed0.pt",
    "query": "'SELECT State FROM dmv.csv WHERE County<=JEFFERSON AND Suspension Indicator=N'",
    "avg_est": 51.850772857666016,
    "avg_real": 51.96064476200241,
    "avg_err": 0.002114521573772714,
    "count_est": 2932040.427606821,
    "count_real": 2955261,
    "count_err": 0.007857367722573045,
    "sum_est": 152028562.2213352,
    "sum_real": 153557267.0,
    "sum_err": 0.009955274722783373,
    "query_dur_ms_est": 20.219087600708008,
    "query_dur_ms_real": 9284.975290298462,
    "query_dur_ms_err": 0.9978223864933885,
    "order": [
        0,
        2,
        3,
        4,
        5,
        6,
        7,
        8,
        9,
        1
    ],
    "groupby": false
}