{
    "timestamp": "2022-08-06 03:03:03.016965",
    "dataset": "dmv.csv",
    "model": "dmv.csv-2.6MB-model16.669-data16.507-made-resmade-hidden256_256_256_256_256-emb32-directIo-binaryInone_hotOut-inputNoEmbIfLeq-5epochs-seed0.pt",
    "query": "'SELECT Registration Class FROM dmv.csv WHERE County<=WYOMING AND Fuel Type=COMP N/G'",
    "avg_est": 39.17012023925781,
    "avg_real": 41.25155004428698,
    "avg_err": 0.05045700834985784,
    "count_est": 3885.833587863366,
    "count_real": 3387,
    "count_err": 0.14727888628974495,
    "sum_est": 152208.56886635465,
    "sum_real": 139719.0,
    "sum_err": 0.08939062594460773,
    "query_dur_ms_est": 20.143985748291016,
    "query_dur_ms_real": 2814.3489360809326,
    "query_dur_ms_err": 0.992842399359213,
    "order": [
        0,
        1,
        2,
        3,
        4,
        5,
        6,
        8,
        9,
        7
    ],
    "groupby": false
}