{
    "timestamp": "2022-08-06 03:03:55.427882",
    "dataset": "dmv.csv",
    "model": "dmv.csv-2.6MB-model16.669-data16.507-made-resmade-hidden256_256_256_256_256-emb32-directIo-binaryInone_hotOut-inputNoEmbIfLeq-5epochs-seed0.pt",
    "query": "'SELECT Weight_100 FROM dmv.csv WHERE State=DE'",
    "avg_est": 33.021209716796875,
    "avg_real": 85.06271777003484,
    "avg_err": 0.6118016143562568,
    "count_est": 548.2402377915423,
    "count_real": 574,
    "count_err": 0.044877634509508164,
    "sum_est": 18103.555867301107,
    "sum_real": 48826.0,
    "sum_err": 0.6292230396243578,
    "query_dur_ms_est": 20.124435424804688,
    "query_dur_ms_real": 693.5627460479736,
    "query_dur_ms_err": 0.9709839729145247,
    "order": [
        0,
        1,
        2,
        3,
        4,
        5,
        6,
        7,
        8,
        9
    ],
    "groupby": false
}