{
    "timestamp": "2022-08-06 03:11:22.979215",
    "dataset": "dmv.csv",
    "model": "dmv.csv-2.6MB-model16.669-data16.507-made-resmade-hidden256_256_256_256_256-emb32-directIo-binaryInone_hotOut-inputNoEmbIfLeq-5epochs-seed0.pt",
    "query": "'SELECT Record Type FROM dmv.csv WHERE County=HERKIMER'",
    "avg_est": 3.834136962890625,
    "avg_real": 3.6511322463768114,
    "avg_err": 0.05012273020113628,
    "count_est": 63434.22740617767,
    "count_real": 66240,
    "count_err": 0.0423576780468347,
    "sum_est": 243215.5160104353,
    "sum_real": 241851.0,
    "sum_err": 0.005641969685613448,
    "query_dur_ms_est": 20.190000534057617,
    "query_dur_ms_real": 1088.8092517852783,
    "query_dur_ms_err": 0.9814568065977095,
    "order": [
        1,
        2,
        3,
        4,
        5,
        6,
        7,
        8,
        9,
        0
    ],
    "groupby": false
}