{
    "timestamp": "2022-08-06 03:13:22.681895",
    "dataset": "dmv.csv",
    "model": "dmv.csv-2.6MB-model16.669-data16.507-made-resmade-hidden256_256_256_256_256-emb32-directIo-binaryInone_hotOut-inputNoEmbIfLeq-5epochs-seed0.pt",
    "query": "'SELECT Record Type FROM dmv.csv WHERE State>=OH AND Registration Class>=LMA<=THC'",
    "avg_est": 3.834136962890625,
    "avg_real": 3.609079707755584,
    "avg_err": 0.0623586269517444,
    "count_est": 60227.93347186223,
    "count_real": 57623,
    "count_err": 0.045206488240151096,
    "sum_est": 230922.14592298446,
    "sum_real": 207966.0,
    "sum_err": 0.11038412972786159,
    "query_dur_ms_est": 20.209789276123047,
    "query_dur_ms_real": 1043.6880588531494,
    "query_dur_ms_err": 0.9806361784973084,
    "order": [
        1,
        2,
        3,
        4,
        5,
        6,
        7,
        8,
        9,
        0
    ],
    "groupby": false
}