{
    "timestamp": "2022-08-06 03:21:26.318097",
    "dataset": "dmv.csv",
    "model": "dmv.csv-2.6MB-model16.669-data16.507-made-resmade-hidden256_256_256_256_256-emb32-directIo-binaryInone_hotOut-inputNoEmbIfLeq-5epochs-seed0.pt",
    "query": "'SELECT Weight_100 FROM dmv.csv WHERE Registration Class<=SRN'",
    "avg_est": 39.473960876464844,
    "avg_real": 61.29902422144768,
    "avg_err": 0.3560425899462613,
    "count_est": 12330340.062292337,
    "count_real": 12339890,
    "count_err": 0.0007739078474494166,
    "sum_est": 486727361.2124348,
    "sum_real": 756423216.0,
    "sum_err": 0.3565409536393251,
    "query_dur_ms_est": 20.496606826782227,
    "query_dur_ms_real": 13521.38376235962,
    "query_dur_ms_err": 0.9984841339328124,
    "order": [
        0,
        1,
        2,
        3,
        4,
        5,
        6,
        7,
        8,
        9
    ],
    "groupby": false
}