{
    "timestamp": "2022-08-06 03:08:02.806912",
    "dataset": "dmv.csv",
    "model": "dmv.csv-2.6MB-model16.669-data16.507-made-resmade-hidden256_256_256_256_256-emb32-directIo-binaryInone_hotOut-inputNoEmbIfLeq-5epochs-seed0.pt",
    "query": "'SELECT Suspension Indicator FROM dmv.csv WHERE Scofflaw Indicator=Y AND Registration Class>=LMC AND Model Year=1906.0'",
    "avg_est": 1.1234314441680908,
    "avg_real": NaN,
    "avg_err": NaN,
    "count_est": 0.0006881496397306286,
    "count_real": 0,
    "count_err": 0,
    "sum_est": 0.0007730889435663315,
    "sum_real": NaN,
    "sum_err": NaN,
    "query_dur_ms_est": 20.68018913269043,
    "query_dur_ms_real": 1055.959939956665,
    "query_dur_ms_err": 0.9804157446223395,
    "order": [
        0,
        1,
        2,
        3,
        4,
        6,
        7,
        8,
        9,
        5
    ],
    "groupby": false
}