{
    "timestamp": "2022-08-06 03:24:55.955916",
    "dataset": "dmv.csv",
    "model": "dmv.csv-2.6MB-model16.669-data16.507-made-resmade-hidden256_256_256_256_256-emb32-directIo-binaryInone_hotOut-inputNoEmbIfLeq-5epochs-seed0.pt",
    "query": "'SELECT County FROM dmv.csv WHERE Record Type=SNOW AND State<=MO AND Fuel Type=PROPANE AND Scofflaw Indicator=N AND Suspension Indicator=Y AND Revocation Indicator=N AND Registration Class>=SNO'",
    "avg_est": 39.74214172363281,
    "avg_real": NaN,
    "avg_err": NaN,
    "count_est": 4.5799523233199304e-09,
    "count_real": 0,
    "count_err": 0,
    "sum_est": 1.8201711432086203e-07,
    "sum_real": NaN,
    "sum_err": NaN,
    "query_dur_ms_est": 20.537614822387695,
    "query_dur_ms_real": 1188.2398128509521,
    "query_dur_ms_err": 0.9827159344433076,
    "order": [
        0,
        1,
        3,
        4,
        5,
        6,
        7,
        8,
        9,
        2
    ],
    "groupby": false
}