{
    "timestamp": "2022-08-06 03:00:06.387376",
    "dataset": "dmv.csv",
    "model": "dmv.csv-2.6MB-model16.669-data16.507-made-resmade-hidden256_256_256_256_256-emb32-directIo-binaryInone_hotOut-inputNoEmbIfLeq-5epochs-seed0.pt",
    "query": "'SELECT Registration Class FROM dmv.csv WHERE Scofflaw Indicator=N'",
    "avg_est": 46.217533111572266,
    "avg_real": 46.54048159697004,
    "avg_err": 0.006939087742890889,
    "count_est": 12627959.215802431,
    "count_real": 12625910,
    "count_err": 0.00016230242433465047,
    "sum_est": 583633123.187933,
    "sum_real": 587615932.0,
    "sum_err": 0.006777911549319653,
    "query_dur_ms_est": 20.20883560180664,
    "query_dur_ms_real": 44809.70621109009,
    "query_dur_ms_err": 0.9995490076300299,
    "order": [
        0,
        1,
        2,
        3,
        4,
        5,
        6,
        8,
        9,
        7
    ],
    "groupby": false
}