{
    "timestamp": "2022-08-06 03:22:23.195613",
    "dataset": "dmv.csv",
    "model": "dmv.csv-2.6MB-model16.669-data16.507-made-resmade-hidden256_256_256_256_256-emb32-directIo-binaryInone_hotOut-inputNoEmbIfLeq-5epochs-seed0.pt",
    "query": "'SELECT State FROM dmv.csv WHERE County<=RENSSELAER AND Fuel Type=GAS AND Revocation Indicator=N AND Model Year>=1973.0<=2023.0 AND Weight_100<=78.0'",
    "avg_est": 51.848724365234375,
    "avg_real": 51.86434826347945,
    "avg_err": 0.0003012454367632753,
    "count_est": 4961904.422768831,
    "count_real": 5017879,
    "count_err": 0.011155027299615783,
    "sum_est": 257268414.7427785,
    "sum_real": 260249024.0,
    "sum_err": 0.011452912335308086,
    "query_dur_ms_est": 20.502328872680664,
    "query_dur_ms_real": 25086.940050125122,
    "query_dur_ms_err": 0.9991827489190903,
    "order": [
        0,
        2,
        3,
        4,
        5,
        6,
        7,
        8,
        9,
        1
    ],
    "groupby": false
}