{
    "timestamp": "2022-08-06 03:30:42.499343",
    "dataset": "dmv.csv",
    "model": "dmv.csv-2.6MB-model16.669-data16.507-made-resmade-hidden256_256_256_256_256-emb32-directIo-binaryInone_hotOut-inputNoEmbIfLeq-5epochs-seed0.pt",
    "query": "'SELECT Registration Class FROM dmv.csv WHERE Record Type=SNOW AND Scofflaw Indicator=Y AND Suspension Indicator=Y AND Revocation Indicator=N AND Weight_100>=34.0<=82.0'",
    "avg_est": 58.0000114440918,
    "avg_real": NaN,
    "avg_err": NaN,
    "count_est": 1.34483245657773e-07,
    "count_real": 0,
    "count_err": 0,
    "sum_est": 7.800029787189444e-06,
    "sum_real": NaN,
    "sum_err": NaN,
    "query_dur_ms_est": 20.495176315307617,
    "query_dur_ms_real": 1005.2065849304199,
    "query_dur_ms_err": 0.9796109808445731,
    "order": [
        0,
        1,
        2,
        3,
        4,
        5,
        6,
        8,
        9,
        7
    ],
    "groupby": false
}