{
    "timestamp": "2022-08-06 03:30:57.185129",
    "dataset": "dmv.csv",
    "model": "dmv.csv-2.6MB-model16.669-data16.507-made-resmade-hidden256_256_256_256_256-emb32-directIo-binaryInone_hotOut-inputNoEmbIfLeq-5epochs-seed0.pt",
    "query": "'SELECT Scofflaw Indicator FROM dmv.csv WHERE Record Type=SNOW AND State>=PR<=UT AND County<=BROOME AND Suspension Indicator=N AND Revocation Indicator=Y AND Registration Class>=NYS AND Model Year>=1954.0 AND Weight_100<=14.0'",
    "avg_est": 1.0000215768814087,
    "avg_real": NaN,
    "avg_err": NaN,
    "count_est": 1.867403866948563e-22,
    "count_real": 0,
    "count_err": 0,
    "sum_est": 1.8674441597003422e-22,
    "sum_real": NaN,
    "sum_err": NaN,
    "query_dur_ms_est": 20.767927169799805,
    "query_dur_ms_real": 985.3649139404297,
    "query_dur_ms_err": 0.9789236181682685,
    "order": [
        0,
        1,
        2,
        3,
        5,
        6,
        7,
        8,
        9,
        4
    ],
    "groupby": false
}