{
    "timestamp": "2022-08-06 03:29:48.038280",
    "dataset": "dmv.csv",
    "model": "dmv.csv-2.6MB-model16.669-data16.507-made-resmade-hidden256_256_256_256_256-emb32-directIo-binaryInone_hotOut-inputNoEmbIfLeq-5epochs-seed0.pt",
    "query": "'SELECT Scofflaw Indicator FROM dmv.csv WHERE Suspension Indicator=Y AND Model Year>=1902.0<=1929.0'",
    "avg_est": 1.0014712810516357,
    "avg_real": 1.0,
    "avg_err": 0.0014712810516357422,
    "count_est": 3.950927709101279,
    "count_real": 5,
    "count_err": 0.20981445817974417,
    "sum_est": 3.9567406341760623,
    "sum_real": 5.0,
    "sum_err": 0.20865187316478756,
    "query_dur_ms_est": 20.122528076171875,
    "query_dur_ms_real": 1105.0705909729004,
    "query_dur_ms_err": 0.9817907306188864,
    "order": [
        0,
        1,
        2,
        3,
        5,
        6,
        7,
        8,
        9,
        4
    ],
    "groupby": false
}