{
    "timestamp": "2022-08-06 03:14:44.618997",
    "dataset": "dmv.csv",
    "model": "dmv.csv-2.6MB-model16.669-data16.507-made-resmade-hidden256_256_256_256_256-emb32-directIo-binaryInone_hotOut-inputNoEmbIfLeq-5epochs-seed0.pt",
    "query": "'SELECT Scofflaw Indicator FROM dmv.csv WHERE County>=MONTGOMERY<=TOMPKINS'",
    "avg_est": 1.0012849569320679,
    "avg_real": 1.001426315211273,
    "avg_err": 0.000141156944907441,
    "count_est": 7094308.767715931,
    "count_real": 7063656,
    "count_err": 0.004339504601573313,
    "sum_est": 7103424.6489452375,
    "sum_real": 7073731.0,
    "sum_err": 0.004197735105453898,
    "query_dur_ms_est": 20.20859718322754,
    "query_dur_ms_real": 5103.414535522461,
    "query_dur_ms_err": 0.9960401811292097,
    "order": [
        0,
        1,
        2,
        3,
        5,
        6,
        7,
        8,
        9,
        4
    ],
    "groupby": false
}