{
    "timestamp": "2022-08-06 03:32:27.455279",
    "dataset": "dmv.csv",
    "model": "dmv.csv-2.6MB-model16.669-data16.507-made-resmade-hidden256_256_256_256_256-emb32-directIo-binaryInone_hotOut-inputNoEmbIfLeq-5epochs-seed0.pt",
    "query": "'SELECT Model Year FROM dmv.csv WHERE Registration Class>=WUG'",
    "avg_est": 114.36672973632812,
    "avg_real": 110.33333333333333,
    "avg_err": 0.03655646286702233,
    "count_est": 8.046159341969087,
    "count_real": 6,
    "count_err": 0.34102655699484785,
    "sum_est": 920.2129308784104,
    "sum_real": 662.0,
    "sum_err": 0.3900497445293208,
    "query_dur_ms_est": 20.058870315551758,
    "query_dur_ms_real": 617.5985336303711,
    "query_dur_ms_err": 0.9675211820895337,
    "order": [
        0,
        1,
        2,
        3,
        4,
        5,
        6,
        7,
        9,
        8
    ],
    "groupby": false
}