{
    "timestamp": "2022-08-06 03:15:48.047200",
    "dataset": "dmv.csv",
    "model": "dmv.csv-2.6MB-model16.669-data16.507-made-resmade-hidden256_256_256_256_256-emb32-directIo-binaryInone_hotOut-inputNoEmbIfLeq-5epochs-seed0.pt",
    "query": "'SELECT Weight_100 FROM dmv.csv WHERE State<=SC AND County>=SARATOGA AND Registration Class>=NLM<=SPC AND Model Year>=1912.0<=1988.0'",
    "avg_est": 36.16787338256836,
    "avg_real": 46.44642381163927,
    "avg_err": 0.22129907074772787,
    "count_est": 45900.48467636574,
    "count_real": 45020,
    "count_err": 0.01955763385974546,
    "sum_est": 1660122.9179733153,
    "sum_real": 2091018.0,
    "sum_err": 0.2060695230871684,
    "query_dur_ms_est": 20.381450653076172,
    "query_dur_ms_real": 4107.569932937622,
    "query_dur_ms_err": 0.9950380758000875,
    "order": [
        0,
        1,
        2,
        3,
        4,
        5,
        6,
        7,
        8,
        9
    ],
    "groupby": false
}