{
    "timestamp": "2022-08-06 03:37:03.010922",
    "dataset": "dmv.csv",
    "model": "dmv.csv-2.6MB-model16.669-data16.507-made-resmade-hidden256_256_256_256_256-emb32-directIo-binaryInone_hotOut-inputNoEmbIfLeq-5epochs-seed0.pt",
    "query": "'SELECT Scofflaw Indicator FROM dmv.csv WHERE State>=NC<=NS AND County=WASHINGTON AND Fuel Type=OTHER AND Suspension Indicator=Y AND Revocation Indicator=N AND Model Year>=2023.0 AND Weight_100>=64.0'",
    "avg_est": 1.0003666877746582,
    "avg_real": NaN,
    "avg_err": NaN,
    "count_est": 2.709827019756405e-10,
    "count_real": 0,
    "count_err": 0,
    "sum_est": 2.7108206801959884e-10,
    "sum_real": NaN,
    "sum_err": NaN,
    "query_dur_ms_est": 20.65896987915039,
    "query_dur_ms_real": 2748.980760574341,
    "query_dur_ms_err": 0.9924848619621354,
    "order": [
        0,
        1,
        2,
        3,
        5,
        6,
        7,
        8,
        9,
        4
    ],
    "groupby": false
}