{
    "timestamp": "2022-08-06 03:18:33.888711",
    "dataset": "dmv.csv",
    "model": "dmv.csv-2.6MB-model16.669-data16.507-made-resmade-hidden256_256_256_256_256-emb32-directIo-binaryInone_hotOut-inputNoEmbIfLeq-5epochs-seed0.pt",
    "query": "'SELECT Scofflaw Indicator FROM dmv.csv WHERE County<=STEUBEN AND Suspension Indicator=N AND Weight_100>=59.0'",
    "avg_est": 1.001492977142334,
    "avg_real": 1.0017614718727132,
    "avg_err": 0.0002680226160797895,
    "count_est": 3043492.708553076,
    "count_real": 3003738,
    "count_err": 0.013235078609744188,
    "sum_est": 3048036.5735998056,
    "sum_real": 3009029.0,
    "sum_err": 0.012963508693271347,
    "query_dur_ms_est": 20.352840423583984,
    "query_dur_ms_real": 4377.904415130615,
    "query_dur_ms_err": 0.9953510084977548,
    "order": [
        0,
        1,
        2,
        3,
        5,
        6,
        7,
        8,
        9,
        4
    ],
    "groupby": false
}