{
    "timestamp": "2022-08-06 03:26:21.219701",
    "dataset": "dmv.csv",
    "model": "dmv.csv-2.6MB-model16.669-data16.507-made-resmade-hidden256_256_256_256_256-emb32-directIo-binaryInone_hotOut-inputNoEmbIfLeq-5epochs-seed0.pt",
    "query": "'SELECT Revocation Indicator FROM dmv.csv WHERE Record Type=VEH AND State<=SC AND County>=NASSAU AND Fuel Type=FLEX AND Scofflaw Indicator=Y AND Suspension Indicator=N AND Registration Class<=LMA AND Weight_100>=16.0<=32.0'",
    "avg_est": 1.001949429512024,
    "avg_real": NaN,
    "avg_err": NaN,
    "count_est": 0.0002343796342693938,
    "count_real": 0,
    "count_err": 0,
    "sum_est": 0.00023483654084545592,
    "sum_real": NaN,
    "sum_err": NaN,
    "query_dur_ms_est": 20.95198631286621,
    "query_dur_ms_real": 5467.514276504517,
    "query_dur_ms_err": 0.9961679137441116,
    "order": [
        0,
        1,
        2,
        3,
        4,
        5,
        7,
        8,
        9,
        6
    ],
    "groupby": false
}