{
    "timestamp": "2022-08-06 03:14:57.557382",
    "dataset": "dmv.csv",
    "model": "dmv.csv-2.6MB-model16.669-data16.507-made-resmade-hidden256_256_256_256_256-emb32-directIo-binaryInone_hotOut-inputNoEmbIfLeq-5epochs-seed0.pt",
    "query": "'SELECT Record Type FROM dmv.csv WHERE State>=IN<=VA AND County>=CHAUTAUQUA AND Fuel Type=GAS AND Registration Class>=RGC'",
    "avg_est": 3.834136962890625,
    "avg_real": 3.99995356558281,
    "avg_err": 0.041454631903464316,
    "count_est": 244185.63239133358,
    "count_real": 258429,
    "count_err": 0.05511520614430432,
    "sum_est": 936241.1589584344,
    "sum_real": 1033704.0,
    "sum_err": 0.09428505746477293,
    "query_dur_ms_est": 20.298004150390625,
    "query_dur_ms_real": 7890.408754348755,
    "query_dur_ms_err": 0.9974275091719167,
    "order": [
        1,
        2,
        3,
        4,
        5,
        6,
        7,
        8,
        9,
        0
    ],
    "groupby": false
}