{
    "timestamp": "2022-08-06 03:21:12.516596",
    "dataset": "dmv.csv",
    "model": "dmv.csv-2.6MB-model16.669-data16.507-made-resmade-hidden256_256_256_256_256-emb32-directIo-binaryInone_hotOut-inputNoEmbIfLeq-5epochs-seed0.pt",
    "query": "'SELECT Weight_100 FROM dmv.csv WHERE Record Type=BOAT AND State<=NS AND County<=WESTCHESTER AND Scofflaw Indicator=N AND Revocation Indicator=Y AND Registration Class>=HIR<=RGC'",
    "avg_est": 1.0000877380371094,
    "avg_real": NaN,
    "avg_err": NaN,
    "count_est": 1.8784166866898976e-06,
    "count_real": 0,
    "count_err": 0,
    "sum_est": 1.8785814952828614e-06,
    "sum_real": NaN,
    "sum_err": NaN,
    "query_dur_ms_est": 20.534992218017578,
    "query_dur_ms_real": 678.2763004302979,
    "query_dur_ms_err": 0.9697247387163753,
    "order": [
        0,
        1,
        2,
        3,
        4,
        5,
        6,
        7,
        8,
        9
    ],
    "groupby": false
}