{
    "timestamp": "2022-08-06 03:08:01.660427",
    "dataset": "dmv.csv",
    "model": "dmv.csv-2.6MB-model16.669-data16.507-made-resmade-hidden256_256_256_256_256-emb32-directIo-binaryInone_hotOut-inputNoEmbIfLeq-5epochs-seed0.pt",
    "query": "'SELECT Suspension Indicator FROM dmv.csv WHERE Record Type=SNOW AND State<=MO AND Revocation Indicator=N AND Model Year>=1981.0'",
    "avg_est": 1.000411868095398,
    "avg_real": 1.0,
    "avg_err": 0.0004118680953979492,
    "count_est": 2114.4475627954234,
    "count_real": 2206,
    "count_err": 0.041501558116308505,
    "sum_est": 2115.3184362859306,
    "sum_real": 2206.0,
    "sum_err": 0.04110678318860807,
    "query_dur_ms_est": 20.41316032409668,
    "query_dur_ms_real": 1010.6878280639648,
    "query_dur_ms_err": 0.9798027048933603,
    "order": [
        0,
        1,
        2,
        3,
        4,
        6,
        7,
        8,
        9,
        5
    ],
    "groupby": false
}