{
    "timestamp": "2022-08-06 03:05:51.990386",
    "dataset": "dmv.csv",
    "model": "dmv.csv-2.6MB-model16.669-data16.507-made-resmade-hidden256_256_256_256_256-emb32-directIo-binaryInone_hotOut-inputNoEmbIfLeq-5epochs-seed0.pt",
    "query": "'SELECT Record Type FROM dmv.csv WHERE State<=AB AND County>=ONTARIO<=WESTCHESTER AND Scofflaw Indicator=Y AND Suspension Indicator=N AND Registration Class<=RGL'",
    "avg_est": 3.834136962890625,
    "avg_real": NaN,
    "avg_err": NaN,
    "count_est": 0.004407744201134878,
    "count_real": 0,
    "count_err": 0,
    "sum_est": 0.016899894964538045,
    "sum_real": NaN,
    "sum_err": NaN,
    "query_dur_ms_est": 20.651817321777344,
    "query_dur_ms_real": 977.0395755767822,
    "query_dur_ms_err": 0.9788628650895888,
    "order": [
        1,
        2,
        3,
        4,
        5,
        6,
        7,
        8,
        9,
        0
    ],
    "groupby": false
}