{
    "timestamp": "2022-08-06 03:26:12.729730",
    "dataset": "dmv.csv",
    "model": "dmv.csv-2.6MB-model16.669-data16.507-made-resmade-hidden256_256_256_256_256-emb32-directIo-binaryInone_hotOut-inputNoEmbIfLeq-5epochs-seed0.pt",
    "query": "'SELECT County FROM dmv.csv WHERE Revocation Indicator=Y'",
    "avg_est": 34.45256042480469,
    "avg_real": 30.607218309859157,
    "avg_err": 0.12563513861391562,
    "count_est": 5210.652380159823,
    "count_real": 5680,
    "count_err": 0.08263162321129873,
    "sum_est": 179520.3159801087,
    "sum_real": 173849.0,
    "sum_err": 0.03262207996657265,
    "query_dur_ms_est": 20.102262496948242,
    "query_dur_ms_real": 1248.3384609222412,
    "query_dur_ms_err": 0.9838967851057819,
    "order": [
        0,
        1,
        3,
        4,
        5,
        6,
        7,
        8,
        9,
        2
    ],
    "groupby": false
}