{
    "timestamp": "2022-08-06 03:36:17.818434",
    "dataset": "dmv.csv",
    "model": "dmv.csv-2.6MB-model16.669-data16.507-made-resmade-hidden256_256_256_256_256-emb32-directIo-binaryInone_hotOut-inputNoEmbIfLeq-5epochs-seed0.pt",
    "query": "'SELECT Scofflaw Indicator FROM dmv.csv WHERE Registration Class>=OMT AND Model Year>=1911.0<=1955.0'",
    "avg_est": 1.0015203952789307,
    "avg_real": 1.0,
    "avg_err": 0.001520395278930664,
    "count_est": 17718.194848979823,
    "count_real": 15393,
    "count_err": 0.15105534002337578,
    "sum_est": 17745.133508779385,
    "sum_real": 15393.0,
    "sum_err": 0.1528053991281352,
    "query_dur_ms_est": 20.322561264038086,
    "query_dur_ms_real": 3053.2753467559814,
    "query_dur_ms_err": 0.993344012918576,
    "order": [
        0,
        1,
        2,
        3,
        5,
        6,
        7,
        8,
        9,
        4
    ],
    "groupby": false
}