{
    "timestamp": "2022-08-06 03:03:07.856580",
    "dataset": "dmv.csv",
    "model": "dmv.csv-2.6MB-model16.669-data16.507-made-resmade-hidden256_256_256_256_256-emb32-directIo-binaryInone_hotOut-inputNoEmbIfLeq-5epochs-seed0.pt",
    "query": "'SELECT Weight_100 FROM dmv.csv WHERE State>=ME<=MS'",
    "avg_est": 26.62616539001465,
    "avg_real": 80.16895874263261,
    "avg_err": 0.6678743767211328,
    "count_est": 2380.8383857015288,
    "count_real": 2036,
    "count_err": 0.16937052342904163,
    "sum_est": 63392.59662458439,
    "sum_real": 163224.0,
    "sum_err": 0.6116220860621944,
    "query_dur_ms_est": 20.123004913330078,
    "query_dur_ms_real": 2394.057035446167,
    "query_dur_ms_err": 0.9915946008740014,
    "order": [
        0,
        1,
        2,
        3,
        4,
        5,
        6,
        7,
        8,
        9
    ],
    "groupby": false
}