{
    "timestamp": "2022-08-06 03:10:54.023398",
    "dataset": "dmv.csv",
    "model": "dmv.csv-2.6MB-model16.669-data16.507-made-resmade-hidden256_256_256_256_256-emb32-directIo-binaryInone_hotOut-inputNoEmbIfLeq-5epochs-seed0.pt",
    "query": "'SELECT Scofflaw Indicator FROM dmv.csv WHERE Record Type=SNOW'",
    "avg_est": 1.0000284910202026,
    "avg_real": 1.0,
    "avg_err": 2.849102020263672e-05,
    "count_est": 111333.63139332086,
    "count_real": 113019,
    "count_err": 0.014912259059796509,
    "sum_est": 111336.80340206211,
    "sum_real": 113019.0,
    "sum_err": 0.014884192905068063,
    "query_dur_ms_est": 20.515918731689453,
    "query_dur_ms_real": 1017.6572799682617,
    "query_dur_ms_err": 0.97984005112966,
    "order": [
        0,
        1,
        2,
        3,
        5,
        6,
        7,
        8,
        9,
        4
    ],
    "groupby": false
}