{
    "timestamp": "2022-08-06 03:26:51.127594",
    "dataset": "dmv.csv",
    "model": "dmv.csv-2.6MB-model16.669-data16.507-made-resmade-hidden256_256_256_256_256-emb32-directIo-binaryInone_hotOut-inputNoEmbIfLeq-5epochs-seed0.pt",
    "query": "'SELECT Scofflaw Indicator FROM dmv.csv WHERE Weight_100>=83.0'",
    "avg_est": 1.001409649848938,
    "avg_real": 1.001830345833913,
    "avg_err": 0.00041992737265798184,
    "count_est": 1668677.3248879313,
    "count_real": 1646137,
    "count_err": 0.013692860854188532,
    "sum_est": 1671029.5756268858,
    "sum_real": 1649150.0000000002,
    "sum_err": 0.013267183474447755,
    "query_dur_ms_est": 20.13850212097168,
    "query_dur_ms_real": 1058.0697059631348,
    "query_dur_ms_err": 0.9809667529393632,
    "order": [
        0,
        1,
        2,
        3,
        5,
        6,
        7,
        8,
        9,
        4
    ],
    "groupby": false
}