{
    "timestamp": "2022-08-06 03:25:56.207936",
    "dataset": "dmv.csv",
    "model": "dmv.csv-2.6MB-model16.669-data16.507-made-resmade-hidden256_256_256_256_256-emb32-directIo-binaryInone_hotOut-inputNoEmbIfLeq-5epochs-seed0.pt",
    "query": "'SELECT Weight_100 FROM dmv.csv WHERE Model Year>=1940.0<=1988.0'",
    "avg_est": 27.52349853515625,
    "avg_real": 63.12287212173815,
    "avg_err": 0.5639694834849291,
    "count_est": 392073.85544110835,
    "count_real": 372143,
    "count_err": 0.053556980626018345,
    "sum_est": 10791244.185906408,
    "sum_real": 23490735.0,
    "sum_err": 0.5406170055595788,
    "query_dur_ms_est": 20.02573013305664,
    "query_dur_ms_real": 1627.0816326141357,
    "query_dur_ms_err": 0.9876922400624224,
    "order": [
        0,
        1,
        2,
        3,
        4,
        5,
        6,
        7,
        8,
        9
    ],
    "groupby": false
}