{
    "timestamp": "2022-08-06 03:11:19.087126",
    "dataset": "dmv.csv",
    "model": "dmv.csv-2.6MB-model16.669-data16.507-made-resmade-hidden256_256_256_256_256-emb32-directIo-binaryInone_hotOut-inputNoEmbIfLeq-5epochs-seed0.pt",
    "query": "'SELECT Weight_100 FROM dmv.csv WHERE Record Type=SNOW AND Suspension Indicator=Y'",
    "avg_est": 1.0000020265579224,
    "avg_real": 101.0,
    "avg_err": 0.9900989898360602,
    "count_est": 12.252029973556546,
    "count_real": 5,
    "count_err": 1.4504059947113093,
    "sum_est": 12.252054803004954,
    "sum_real": 505.0,
    "sum_err": 0.9757385053405843,
    "query_dur_ms_est": 20.12801170349121,
    "query_dur_ms_real": 651.759147644043,
    "query_dur_ms_err": 0.9691174082078491,
    "order": [
        0,
        1,
        2,
        3,
        4,
        5,
        6,
        7,
        8,
        9
    ],
    "groupby": false
}