{
    "timestamp": "2022-08-06 03:08:26.284142",
    "dataset": "dmv.csv",
    "model": "dmv.csv-2.6MB-model16.669-data16.507-made-resmade-hidden256_256_256_256_256-emb32-directIo-binaryInone_hotOut-inputNoEmbIfLeq-5epochs-seed0.pt",
    "query": "'SELECT Suspension Indicator FROM dmv.csv WHERE State>=PK'",
    "avg_est": 1.0168628692626953,
    "avg_real": 1.019339032527106,
    "avg_err": 0.0024291851733292034,
    "count_est": 23965.599078550003,
    "count_real": 19184,
    "count_err": 0.24924932644651812,
    "sum_est": 24369.727842613764,
    "sum_real": 19555.0,
    "sum_err": 0.2462146685049227,
    "query_dur_ms_est": 20.066261291503906,
    "query_dur_ms_real": 972.71728515625,
    "query_dur_ms_err": 0.9793709214406726,
    "order": [
        0,
        1,
        2,
        3,
        4,
        6,
        7,
        8,
        9,
        5
    ],
    "groupby": false
}