{
    "timestamp": "2022-08-06 03:21:09.039381",
    "dataset": "dmv.csv",
    "model": "dmv.csv-2.6MB-model16.669-data16.507-made-resmade-hidden256_256_256_256_256-emb32-directIo-binaryInone_hotOut-inputNoEmbIfLeq-5epochs-seed0.pt",
    "query": "'SELECT Weight_100 FROM dmv.csv WHERE State<=IN AND Registration Class>=NLM'",
    "avg_est": 43.60459899902344,
    "avg_real": 63.9633095712693,
    "avg_err": 0.3182873229778979,
    "count_est": 35115.00299201533,
    "count_real": 29599,
    "count_err": 0.1863577483028255,
    "sum_est": 1531175.6243163368,
    "sum_real": 1893250.0,
    "sum_err": 0.19124488349856764,
    "query_dur_ms_est": 20.30181884765625,
    "query_dur_ms_real": 720.1588153839111,
    "query_dur_ms_err": 0.9718092476076495,
    "order": [
        0,
        1,
        2,
        3,
        4,
        5,
        6,
        7,
        8,
        9
    ],
    "groupby": false
}