{
    "timestamp": "2022-08-06 03:03:05.377782",
    "dataset": "dmv.csv",
    "model": "dmv.csv-2.6MB-model16.669-data16.507-made-resmade-hidden256_256_256_256_256-emb32-directIo-binaryInone_hotOut-inputNoEmbIfLeq-5epochs-seed0.pt",
    "query": "'SELECT Weight_100 FROM dmv.csv WHERE Record Type=VEH AND State>=QC AND Scofflaw Indicator=Y AND Suspension Indicator=Y AND Revocation Indicator=N AND Registration Class>=ORM AND Model Year<=1956.0'",
    "avg_est": 34.046363830566406,
    "avg_real": NaN,
    "avg_err": NaN,
    "count_est": 9.963676396432253e-05,
    "count_real": 0,
    "count_err": 0,
    "sum_est": 0.003392269516829593,
    "sum_real": NaN,
    "sum_err": NaN,
    "query_dur_ms_est": 20.608901977539062,
    "query_dur_ms_real": 2275.949239730835,
    "query_dur_ms_err": 0.9909449202039425,
    "order": [
        0,
        1,
        2,
        3,
        4,
        5,
        6,
        7,
        8,
        9
    ],
    "groupby": false
}