{
    "timestamp": "2022-08-06 03:34:58.490643",
    "dataset": "dmv.csv",
    "model": "dmv.csv-2.6MB-model16.669-data16.507-made-resmade-hidden256_256_256_256_256-emb32-directIo-binaryInone_hotOut-inputNoEmbIfLeq-5epochs-seed0.pt",
    "query": "'SELECT Model Year FROM dmv.csv WHERE Record Type=BOAT AND State>=GS AND Fuel Type=ELECTRIC AND Scofflaw Indicator=N AND Suspension Indicator=N AND Registration Class>=BOB AND Weight_100>=64.0'",
    "avg_est": 104.75041198730469,
    "avg_real": NaN,
    "avg_err": NaN,
    "count_est": 2.240502160480788e-09,
    "count_real": 0,
    "count_err": 0,
    "sum_est": 2.3469352436880878e-07,
    "sum_real": NaN,
    "sum_err": NaN,
    "query_dur_ms_est": 20.537137985229492,
    "query_dur_ms_real": 718.7697887420654,
    "query_dur_ms_err": 0.971427377295348,
    "order": [
        0,
        1,
        2,
        3,
        4,
        5,
        6,
        7,
        9,
        8
    ],
    "groupby": false
}