{
    "timestamp": "2022-08-06 03:26:49.955403",
    "dataset": "dmv.csv",
    "model": "dmv.csv-2.6MB-model16.669-data16.507-made-resmade-hidden256_256_256_256_256-emb32-directIo-binaryInone_hotOut-inputNoEmbIfLeq-5epochs-seed0.pt",
    "query": "'SELECT Suspension Indicator FROM dmv.csv WHERE Weight_100>=62.0'",
    "avg_est": 1.0108779668807983,
    "avg_real": 1.0125792747620401,
    "avg_err": 0.0016801725293474929,
    "count_est": 3730323.0997616053,
    "count_real": 3687176,
    "count_err": 0.011701936593643825,
    "sum_est": 3770901.430895489,
    "sum_real": 3733558.0,
    "sum_err": 0.010002102791891588,
    "query_dur_ms_est": 19.99974250793457,
    "query_dur_ms_real": 1810.4236125946045,
    "query_dur_ms_err": 0.9889530039440482,
    "order": [
        0,
        1,
        2,
        3,
        4,
        6,
        7,
        8,
        9,
        5
    ],
    "groupby": false
}