{
    "timestamp": "2022-08-06 03:20:33.302987",
    "dataset": "dmv.csv",
    "model": "dmv.csv-2.6MB-model16.669-data16.507-made-resmade-hidden256_256_256_256_256-emb32-directIo-binaryInone_hotOut-inputNoEmbIfLeq-5epochs-seed0.pt",
    "query": "'SELECT Suspension Indicator FROM dmv.csv WHERE State>=NC<=ON AND Fuel Type=OTHER'",
    "avg_est": 1.0084306001663208,
    "avg_real": 1.0042352941176471,
    "avg_err": 0.004177612630474031,
    "count_est": 2298.5192958426196,
    "count_real": 2125,
    "count_err": 0.0816561392200563,
    "sum_est": 2317.897193000442,
    "sum_real": 2134.0,
    "sum_err": 0.08617487956909176,
    "query_dur_ms_est": 20.150423049926758,
    "query_dur_ms_real": 4445.500612258911,
    "query_dur_ms_err": 0.9954672319705997,
    "order": [
        0,
        1,
        2,
        3,
        4,
        6,
        7,
        8,
        9,
        5
    ],
    "groupby": false
}