{
    "timestamp": "2022-08-06 03:13:59.076955",
    "dataset": "dmv.csv",
    "model": "dmv.csv-2.6MB-model16.669-data16.507-made-resmade-hidden256_256_256_256_256-emb32-directIo-binaryInone_hotOut-inputNoEmbIfLeq-5epochs-seed0.pt",
    "query": "'SELECT Revocation Indicator FROM dmv.csv WHERE Record Type=TRL AND State>=AA<=US AND County<=STEUBEN AND Fuel Type=FLEX AND Scofflaw Indicator=Y AND Registration Class>=AMB<=VPL AND Weight_100>=76.0<=80.0'",
    "avg_est": 1.0000076293945312,
    "avg_real": NaN,
    "avg_err": NaN,
    "count_est": 6.999825134961163e-06,
    "count_real": 0,
    "count_err": 0,
    "sum_est": 6.999878539388768e-06,
    "sum_real": NaN,
    "sum_err": NaN,
    "query_dur_ms_est": 20.668506622314453,
    "query_dur_ms_real": 1448.9529132843018,
    "query_dur_ms_err": 0.9857355567369918,
    "order": [
        0,
        1,
        2,
        3,
        4,
        5,
        7,
        8,
        9,
        6
    ],
    "groupby": false
}