{
    "timestamp": "2022-08-06 03:28:46.703271",
    "dataset": "dmv.csv",
    "model": "dmv.csv-2.6MB-model16.669-data16.507-made-resmade-hidden256_256_256_256_256-emb32-directIo-binaryInone_hotOut-inputNoEmbIfLeq-5epochs-seed0.pt",
    "query": "'SELECT Weight_100 FROM dmv.csv WHERE Record Type=VEH AND County>=ERIE<=TIOGA AND Fuel Type=FLEX AND Suspension Indicator=N AND Revocation Indicator=Y AND Registration Class<=SUP AND Model Year>=1925.0<=2009.0'",
    "avg_est": 4.3677263259887695,
    "avg_real": 101.0,
    "avg_err": 0.9567551848912003,
    "count_est": 1.3879247930740917,
    "count_real": 1,
    "count_err": 0.38792479307409167,
    "sum_est": 6.062075657202225,
    "sum_real": 101.0,
    "sum_err": 0.9399794489385918,
    "query_dur_ms_est": 20.841121673583984,
    "query_dur_ms_real": 5186.488389968872,
    "query_dur_ms_err": 0.9959816507612564,
    "order": [
        0,
        1,
        2,
        3,
        4,
        5,
        6,
        7,
        8,
        9
    ],
    "groupby": false
}