{
    "timestamp": "2022-08-06 03:32:10.520017",
    "dataset": "dmv.csv",
    "model": "dmv.csv-2.6MB-model16.669-data16.507-made-resmade-hidden256_256_256_256_256-emb32-directIo-binaryInone_hotOut-inputNoEmbIfLeq-5epochs-seed0.pt",
    "query": "'SELECT State FROM dmv.csv WHERE Revocation Indicator=N'",
    "avg_est": 51.84961700439453,
    "avg_real": 51.8600525321669,
    "avg_err": 0.00020122478213636176,
    "count_est": 12641291.308033466,
    "count_real": 12640636,
    "count_err": 5.184138151484934e-05,
    "sum_est": 655446112.7625169,
    "sum_real": 655544047.0,
    "sum_err": 0.00014939383239207998,
    "query_dur_ms_est": 20.5080509185791,
    "query_dur_ms_real": 52327.06117630005,
    "query_dur_ms_err": 0.9996080794438372,
    "order": [
        0,
        2,
        3,
        4,
        5,
        6,
        7,
        8,
        9,
        1
    ],
    "groupby": false
}