{
    "timestamp": "2022-08-06 03:13:20.326113",
    "dataset": "dmv.csv",
    "model": "dmv.csv-2.6MB-model16.669-data16.507-made-resmade-hidden256_256_256_256_256-emb32-directIo-binaryInone_hotOut-inputNoEmbIfLeq-5epochs-seed0.pt",
    "query": "'SELECT Revocation Indicator FROM dmv.csv WHERE Scofflaw Indicator=N'",
    "avg_est": 1.0003948211669922,
    "avg_real": 1.0004490765418097,
    "avg_err": 5.423102093817169e-05,
    "count_est": 12627161.717437506,
    "count_real": 12625910,
    "count_err": 9.913878979857468e-05,
    "sum_est": 12632147.188162584,
    "sum_real": 12631580.0,
    "sum_err": 4.4902392462689366e-05,
    "query_dur_ms_est": 20.350933074951172,
    "query_dur_ms_real": 5703.613519668579,
    "query_dur_ms_err": 0.9964319228494757,
    "order": [
        0,
        1,
        2,
        3,
        4,
        5,
        7,
        8,
        9,
        6
    ],
    "groupby": false
}