{
    "timestamp": "2022-08-06 03:23:27.620752",
    "dataset": "dmv.csv",
    "model": "dmv.csv-2.6MB-model16.669-data16.507-made-resmade-hidden256_256_256_256_256-emb32-directIo-binaryInone_hotOut-inputNoEmbIfLeq-5epochs-seed0.pt",
    "query": "'SELECT Registration Class FROM dmv.csv WHERE County<=WAYNE'",
    "avg_est": 46.44411087036133,
    "avg_real": 46.43427141503213,
    "avg_err": 0.00021190071534134787,
    "count_est": 11870733.764526606,
    "count_real": 11869151,
    "count_err": 0.00013335111556046477,
    "sum_est": 551325675.0722153,
    "sum_real": 551135379.0,
    "sum_err": 0.00034528008809849725,
    "query_dur_ms_est": 20.27416229248047,
    "query_dur_ms_real": 42381.712436676025,
    "query_dur_ms_err": 0.9995216294687769,
    "order": [
        0,
        1,
        2,
        3,
        4,
        5,
        6,
        8,
        9,
        7
    ],
    "groupby": false
}