{
    "timestamp": "2022-08-06 03:34:47.348208",
    "dataset": "dmv.csv",
    "model": "dmv.csv-2.6MB-model16.669-data16.507-made-resmade-hidden256_256_256_256_256-emb32-directIo-binaryInone_hotOut-inputNoEmbIfLeq-5epochs-seed0.pt",
    "query": "'SELECT Suspension Indicator FROM dmv.csv WHERE Record Type=BOAT AND State=YT'",
    "avg_est": 1.000296711921692,
    "avg_real": NaN,
    "avg_err": NaN,
    "count_est": 0.17430327018048075,
    "count_real": 0,
    "count_err": 0,
    "sum_est": 0.17435498803873317,
    "sum_real": NaN,
    "sum_err": NaN,
    "query_dur_ms_est": 20.29252052307129,
    "query_dur_ms_real": 1016.2124633789062,
    "query_dur_ms_err": 0.9800312225500575,
    "order": [
        0,
        1,
        2,
        3,
        4,
        6,
        7,
        8,
        9,
        5
    ],
    "groupby": false
}