{
    "timestamp": "2022-08-06 03:07:19.225569",
    "dataset": "dmv.csv",
    "model": "dmv.csv-2.6MB-model16.669-data16.507-made-resmade-hidden256_256_256_256_256-emb32-directIo-binaryInone_hotOut-inputNoEmbIfLeq-5epochs-seed0.pt",
    "query": "'SELECT Revocation Indicator FROM dmv.csv WHERE Scofflaw Indicator=N'",
    "avg_est": 1.000382900238037,
    "avg_real": 1.0004490765418097,
    "avg_err": 6.614659888671102e-05,
    "count_est": 12627841.62625146,
    "count_real": 12625910,
    "count_err": 0.00015298907179435951,
    "sum_est": 12632676.829816045,
    "sum_real": 12631580.0,
    "sum_err": 8.683235320088537e-05,
    "query_dur_ms_est": 20.28799057006836,
    "query_dur_ms_real": 5636.371850967407,
    "query_dur_ms_err": 0.9964005230480693,
    "order": [
        0,
        1,
        2,
        3,
        4,
        5,
        7,
        8,
        9,
        6
    ],
    "groupby": false
}