{
    "timestamp": "2022-08-06 03:13:05.416722",
    "dataset": "dmv.csv",
    "model": "dmv.csv-2.6MB-model16.669-data16.507-made-resmade-hidden256_256_256_256_256-emb32-directIo-binaryInone_hotOut-inputNoEmbIfLeq-5epochs-seed0.pt",
    "query": "'SELECT Weight_100 FROM dmv.csv WHERE Registration Class>=LTR'",
    "avg_est": 42.574378967285156,
    "avg_real": 58.894531845485126,
    "avg_err": 0.2771081179661517,
    "count_est": 11222636.693006992,
    "count_real": 11236899,
    "count_err": 0.0012692386923658975,
    "sum_est": 477796787.58023953,
    "sum_real": 661791906.0,
    "sum_err": 0.2780256403132263,
    "query_dur_ms_est": 20.020723342895508,
    "query_dur_ms_real": 12422.992467880249,
    "query_dur_ms_err": 0.9983884137904245,
    "order": [
        0,
        1,
        2,
        3,
        4,
        5,
        6,
        7,
        8,
        9
    ],
    "groupby": false
}