{
    "timestamp": "2022-08-06 03:14:47.149441",
    "dataset": "dmv.csv",
    "model": "dmv.csv-2.6MB-model16.669-data16.507-made-resmade-hidden256_256_256_256_256-emb32-directIo-binaryInone_hotOut-inputNoEmbIfLeq-5epochs-seed0.pt",
    "query": "'SELECT Revocation Indicator FROM dmv.csv WHERE County<=ALLEGANY AND Fuel Type=DIESEL'",
    "avg_est": 1.0001013278961182,
    "avg_real": 1.0000592557478076,
    "avg_err": 4.2069655441641425e-05,
    "count_est": 15719.976317277178,
    "count_real": 16876,
    "count_err": 0.06850104780296408,
    "sum_est": 15721.569189404436,
    "sum_real": 16877.0,
    "sum_err": 0.06846185996300079,
    "query_dur_ms_est": 20.188093185424805,
    "query_dur_ms_real": 1210.7975482940674,
    "query_dur_ms_err": 0.9833266154082749,
    "order": [
        0,
        1,
        2,
        3,
        4,
        5,
        7,
        8,
        9,
        6
    ],
    "groupby": false
}