{
    "timestamp": "2022-08-06 03:26:25.607545",
    "dataset": "dmv.csv",
    "model": "dmv.csv-2.6MB-model16.669-data16.507-made-resmade-hidden256_256_256_256_256-emb32-directIo-binaryInone_hotOut-inputNoEmbIfLeq-5epochs-seed0.pt",
    "query": "'SELECT State FROM dmv.csv WHERE County>=YATES'",
    "avg_est": 51.84723663330078,
    "avg_real": 51.956099557275195,
    "avg_err": 0.002095286692073675,
    "count_est": 27649.800786281936,
    "count_real": 26879,
    "count_err": 0.028676691330850695,
    "sum_est": 1433565.7642299854,
    "sum_real": 1396528.0,
    "sum_err": 0.026521318749058678,
    "query_dur_ms_est": 20.142555236816406,
    "query_dur_ms_real": 1095.860481262207,
    "query_dur_ms_err": 0.9816194163570746,
    "order": [
        0,
        2,
        3,
        4,
        5,
        6,
        7,
        8,
        9,
        1
    ],
    "groupby": false
}