{
    "timestamp": "2022-08-06 03:09:55.303621",
    "dataset": "dmv.csv",
    "model": "dmv.csv-2.6MB-model16.669-data16.507-made-resmade-hidden256_256_256_256_256-emb32-directIo-binaryInone_hotOut-inputNoEmbIfLeq-5epochs-seed0.pt",
    "query": "'SELECT Registration Class FROM dmv.csv WHERE Revocation Indicator=N AND Weight_100>=6.0<=20.0'",
    "avg_est": 46.1334228515625,
    "avg_real": 50.90987250910649,
    "avg_err": 0.09382167784234002,
    "count_est": 1459034.8479857743,
    "count_real": 1456104,
    "count_err": 0.002012801273655095,
    "sum_est": 67310271.59729294,
    "sum_real": 74130069.0,
    "sum_err": 0.09199772096134236,
    "query_dur_ms_est": 20.240306854248047,
    "query_dur_ms_real": 6098.815202713013,
    "query_dur_ms_err": 0.9966812723157698,
    "order": [
        0,
        1,
        2,
        3,
        4,
        5,
        6,
        8,
        9,
        7
    ],
    "groupby": false
}