{
    "timestamp": "2022-08-06 03:30:41.405879",
    "dataset": "dmv.csv",
    "model": "dmv.csv-2.6MB-model16.669-data16.507-made-resmade-hidden256_256_256_256_256-emb32-directIo-binaryInone_hotOut-inputNoEmbIfLeq-5epochs-seed0.pt",
    "query": "'SELECT County FROM dmv.csv WHERE State<=IA'",
    "avg_est": 38.21928787231445,
    "avg_real": 38.428517287621716,
    "avg_err": 0.005444639295897534,
    "count_est": 36651.12250178307,
    "count_real": 34302,
    "count_err": 0.06848354328561229,
    "sum_est": 1400779.8017391092,
    "sum_real": 1318175.0,
    "sum_err": 0.06266603579881974,
    "query_dur_ms_est": 20.134687423706055,
    "query_dur_ms_real": 1296.518087387085,
    "query_dur_ms_err": 0.9844701839337359,
    "order": [
        0,
        1,
        3,
        4,
        5,
        6,
        7,
        8,
        9,
        2
    ],
    "groupby": false
}