{
    "timestamp": "2022-08-06 03:36:47.544533",
    "dataset": "dmv.csv",
    "model": "dmv.csv-2.6MB-model16.669-data16.507-made-resmade-hidden256_256_256_256_256-emb32-directIo-binaryInone_hotOut-inputNoEmbIfLeq-5epochs-seed0.pt",
    "query": "'SELECT Weight_100 FROM dmv.csv WHERE Record Type=BOAT AND State=NS AND County<=ONEIDA AND Fuel Type=DIESEL AND Suspension Indicator=N AND Registration Class<=NYS AND Model Year>=1945.0'",
    "avg_est": 1.0,
    "avg_real": NaN,
    "avg_err": NaN,
    "count_est": 0.0008622778155918387,
    "count_real": 0,
    "count_err": 0,
    "sum_est": 0.0008622778155918387,
    "sum_real": NaN,
    "sum_err": NaN,
    "query_dur_ms_est": 20.64657211303711,
    "query_dur_ms_real": 685.5528354644775,
    "query_dur_ms_err": 0.9698833247490711,
    "order": [
        0,
        1,
        2,
        3,
        4,
        5,
        6,
        7,
        8,
        9
    ],
    "groupby": false
}