{
    "timestamp": "2022-08-06 02:58:11.252988",
    "dataset": "dmv.csv",
    "model": "dmv.csv-2.6MB-model16.669-data16.507-made-resmade-hidden256_256_256_256_256-emb32-directIo-binaryInone_hotOut-inputNoEmbIfLeq-5epochs-seed0.pt",
    "query": "'SELECT Model Year FROM dmv.csv WHERE Record Type=TRL'",
    "avg_est": 109.91751098632812,
    "avg_real": 109.26030268864504,
    "avg_err": 0.0060150693482509,
    "count_est": 781843.5492842644,
    "count_real": 775186,
    "count_err": 0.008588324975250385,
    "sum_est": 85938296.91804291,
    "sum_real": 84697057.0,
    "sum_err": 0.01465505369381268,
    "query_dur_ms_est": 20.111799240112305,
    "query_dur_ms_real": 1170.785903930664,
    "query_dur_ms_err": 0.9828219667040821,
    "order": [
        0,
        1,
        2,
        3,
        4,
        5,
        6,
        7,
        9,
        8
    ],
    "groupby": false
}