{
    "timestamp": "2022-08-06 03:24:08.099533",
    "dataset": "dmv.csv",
    "model": "dmv.csv-2.6MB-model16.669-data16.507-made-resmade-hidden256_256_256_256_256-emb32-directIo-binaryInone_hotOut-inputNoEmbIfLeq-5epochs-seed0.pt",
    "query": "'SELECT County FROM dmv.csv WHERE Record Type=VEH AND Fuel Type=nan AND Scofflaw Indicator=N AND Suspension Indicator=Y AND Revocation Indicator=N AND Registration Class>=JCL AND Model Year<=2003.0 AND Weight_100>=61.0'",
    "avg_est": 34.563629150390625,
    "avg_real": NaN,
    "avg_err": NaN,
    "count_est": 0.0,
    "count_real": 0,
    "count_err": 0,
    "sum_est": 0.0,
    "sum_real": NaN,
    "sum_err": NaN,
    "query_dur_ms_est": 20.84946632385254,
    "query_dur_ms_real": 2345.5851078033447,
    "query_dur_ms_err": 0.9911111874583062,
    "order": [
        0,
        1,
        3,
        4,
        5,
        6,
        7,
        8,
        9,
        2
    ],
    "groupby": false
}