{
    "timestamp": "2022-08-06 03:02:16.199874",
    "dataset": "dmv.csv",
    "model": "dmv.csv-2.6MB-model16.669-data16.507-made-resmade-hidden256_256_256_256_256-emb32-directIo-binaryInone_hotOut-inputNoEmbIfLeq-5epochs-seed0.pt",
    "query": "'SELECT Registration Class FROM dmv.csv WHERE Fuel Type=NONE'",
    "avg_est": 47.183685302734375,
    "avg_real": 47.05130467196819,
    "avg_err": 0.002813537938833267,
    "count_est": 838079.0089222789,
    "count_real": 804800,
    "count_err": 0.04135065720959105,
    "sum_est": 39543656.21581632,
    "sum_real": 37866890.0,
    "sum_err": 0.04428053679127911,
    "query_dur_ms_est": 20.109176635742188,
    "query_dur_ms_real": 2643.763542175293,
    "query_dur_ms_err": 0.9923937310145383,
    "order": [
        0,
        1,
        2,
        3,
        4,
        5,
        6,
        8,
        9,
        7
    ],
    "groupby": false
}