{
    "timestamp": "2022-08-06 03:36:14.677151",
    "dataset": "dmv.csv",
    "model": "dmv.csv-2.6MB-model16.669-data16.507-made-resmade-hidden256_256_256_256_256-emb32-directIo-binaryInone_hotOut-inputNoEmbIfLeq-5epochs-seed0.pt",
    "query": "'SELECT Model Year FROM dmv.csv WHERE Weight_100<=33.0'",
    "avg_est": 113.96468353271484,
    "avg_real": 111.6223779736016,
    "avg_err": 0.020984193327857534,
    "count_est": 3356286.190592766,
    "count_real": 3305125,
    "count_err": 0.015479351187251862,
    "sum_est": 382498093.5561256,
    "sum_real": 368925912.0,
    "sum_err": 0.03678836621301239,
    "query_dur_ms_est": 20.310640335083008,
    "query_dur_ms_real": 3023.303270339966,
    "query_dur_ms_err": 0.9932819705735975,
    "order": [
        0,
        1,
        2,
        3,
        4,
        5,
        6,
        7,
        9,
        8
    ],
    "groupby": false
}