{
    "timestamp": "2022-08-06 03:18:34.944458",
    "dataset": "dmv.csv",
    "model": "dmv.csv-2.6MB-model16.669-data16.507-made-resmade-hidden256_256_256_256_256-emb32-directIo-binaryInone_hotOut-inputNoEmbIfLeq-5epochs-seed0.pt",
    "query": "'SELECT Revocation Indicator FROM dmv.csv WHERE Record Type=SNOW AND State=MA AND Scofflaw Indicator=N AND Suspension Indicator=Y AND Model Year>=1931.0<=1945.0'",
    "avg_est": 1.0000014305114746,
    "avg_real": NaN,
    "avg_err": NaN,
    "count_est": 1.34995100522012e-07,
    "count_real": 0,
    "count_err": 0,
    "sum_est": 1.349952936340523e-07,
    "sum_real": NaN,
    "sum_err": NaN,
    "query_dur_ms_est": 20.48516273498535,
    "query_dur_ms_real": 970.3261852264404,
    "query_dur_ms_err": 0.9788883748095443,
    "order": [
        0,
        1,
        2,
        3,
        4,
        5,
        7,
        8,
        9,
        6
    ],
    "groupby": false
}