{
    "timestamp": "2022-08-06 03:25:46.044134",
    "dataset": "dmv.csv",
    "model": "dmv.csv-2.6MB-model16.669-data16.507-made-resmade-hidden256_256_256_256_256-emb32-directIo-binaryInone_hotOut-inputNoEmbIfLeq-5epochs-seed0.pt",
    "query": "'SELECT Registration Class FROM dmv.csv WHERE Record Type=BOAT AND State>=SC<=TA AND Fuel Type=OTHER AND Scofflaw Indicator=N AND Model Year>=1953.0<=2003.0 AND Weight_100>=47.0<=51.0'",
    "avg_est": 7.000077724456787,
    "avg_real": NaN,
    "avg_err": NaN,
    "count_est": 3.0426242873611693e-18,
    "count_real": 0,
    "count_err": 0,
    "sum_est": 2.1298606497848128e-17,
    "sum_real": NaN,
    "sum_err": NaN,
    "query_dur_ms_est": 20.887374877929688,
    "query_dur_ms_real": 1069.9706077575684,
    "query_dur_ms_err": 0.9804785526569695,
    "order": [
        0,
        1,
        2,
        3,
        4,
        5,
        6,
        8,
        9,
        7
    ],
    "groupby": false
}