{
    "timestamp": "2022-08-06 03:34:33.538251",
    "dataset": "dmv.csv",
    "model": "dmv.csv-2.6MB-model16.669-data16.507-made-resmade-hidden256_256_256_256_256-emb32-directIo-binaryInone_hotOut-inputNoEmbIfLeq-5epochs-seed0.pt",
    "query": "'SELECT Revocation Indicator FROM dmv.csv WHERE Record Type=SNOW AND State<=AL AND County<=DUTCHESS AND Fuel Type=DIESEL AND Scofflaw Indicator=N AND Suspension Indicator=N AND Registration Class=LMB AND Model Year=1977.0 AND Weight_100>=9.0'",
    "avg_est": 1.0000154972076416,
    "avg_real": NaN,
    "avg_err": NaN,
    "count_est": 1.5722195599238624e-19,
    "count_real": 0,
    "count_err": 0,
    "sum_est": 1.5722439249368406e-19,
    "sum_real": NaN,
    "sum_err": NaN,
    "query_dur_ms_est": 21.05545997619629,
    "query_dur_ms_real": 987.3626232147217,
    "query_dur_ms_err": 0.978675048577753,
    "order": [
        0,
        1,
        2,
        3,
        4,
        5,
        7,
        8,
        9,
        6
    ],
    "groupby": false
}