{
    "timestamp": "2022-08-06 03:30:49.587176",
    "dataset": "dmv.csv",
    "model": "dmv.csv-2.6MB-model16.669-data16.507-made-resmade-hidden256_256_256_256_256-emb32-directIo-binaryInone_hotOut-inputNoEmbIfLeq-5epochs-seed0.pt",
    "query": "'SELECT County FROM dmv.csv WHERE Fuel Type=DIESEL AND Scofflaw Indicator=Y AND Revocation Indicator=Y AND Registration Class=HAM'",
    "avg_est": 34.41249084472656,
    "avg_real": NaN,
    "avg_err": NaN,
    "count_est": 2.083404062208226e-06,
    "count_real": 0,
    "count_err": 0,
    "sum_est": 7.169512321660671e-05,
    "sum_real": NaN,
    "sum_err": NaN,
    "query_dur_ms_est": 20.328998565673828,
    "query_dur_ms_real": 1267.7514553070068,
    "query_dur_ms_err": 0.9839645235818318,
    "order": [
        0,
        1,
        3,
        4,
        5,
        6,
        7,
        8,
        9,
        2
    ],
    "groupby": false
}