{
    "timestamp": "2022-08-06 03:20:35.558648",
    "dataset": "dmv.csv",
    "model": "dmv.csv-2.6MB-model16.669-data16.507-made-resmade-hidden256_256_256_256_256-emb32-directIo-binaryInone_hotOut-inputNoEmbIfLeq-5epochs-seed0.pt",
    "query": "'SELECT Revocation Indicator FROM dmv.csv WHERE Fuel Type=ELECTRIC AND Weight_100<=11.0'",
    "avg_est": 1.0003701448440552,
    "avg_real": 1.0,
    "avg_err": 0.0003701448440551758,
    "count_est": 7403.694855782436,
    "count_real": 7004,
    "count_err": 0.05706665559429415,
    "sum_est": 7406.435295260262,
    "sum_real": 7004.0,
    "sum_err": 0.05745792336668506,
    "query_dur_ms_est": 20.145416259765625,
    "query_dur_ms_real": 958.8680267333984,
    "query_dur_ms_err": 0.9789904181825777,
    "order": [
        0,
        1,
        2,
        3,
        4,
        5,
        7,
        8,
        9,
        6
    ],
    "groupby": false
}