{
    "timestamp": "2022-08-06 03:14:32.436157",
    "dataset": "dmv.csv",
    "model": "dmv.csv-2.6MB-model16.669-data16.507-made-resmade-hidden256_256_256_256_256-emb32-directIo-binaryInone_hotOut-inputNoEmbIfLeq-5epochs-seed0.pt",
    "query": "'SELECT Model Year FROM dmv.csv WHERE Revocation Indicator=N'",
    "avg_est": 114.0987548828125,
    "avg_real": 113.13366748318677,
    "avg_err": 0.008530505737994886,
    "count_est": 12640998.08793521,
    "count_real": 12640636,
    "count_err": 2.8644756103195623e-05,
    "sum_est": 1442322142.3094208,
    "sum_real": 1430081510.0,
    "sum_err": 0.00855939484835436,
    "query_dur_ms_est": 20.115137100219727,
    "query_dur_ms_real": 17649.767875671387,
    "query_dur_ms_err": 0.9988603171870636,
    "order": [
        0,
        1,
        2,
        3,
        4,
        5,
        6,
        7,
        9,
        8
    ],
    "groupby": false
}