{
    "timestamp": "2022-08-06 03:25:51.038760",
    "dataset": "dmv.csv",
    "model": "dmv.csv-2.6MB-model16.669-data16.507-made-resmade-hidden256_256_256_256_256-emb32-directIo-binaryInone_hotOut-inputNoEmbIfLeq-5epochs-seed0.pt",
    "query": "'SELECT Model Year FROM dmv.csv WHERE Registration Class>=ATV<=LOC'",
    "avg_est": 110.89372253417969,
    "avg_real": 108.20294206896253,
    "avg_err": 0.0248679048255657,
    "count_est": 1410600.3903416693,
    "count_real": 1387391,
    "count_err": 0.016728802725164946,
    "sum_est": 156426728.29315463,
    "sum_real": 150119788.0,
    "sum_err": 0.042012717824745575,
    "query_dur_ms_est": 20.07746696472168,
    "query_dur_ms_real": 3536.371946334839,
    "query_dur_ms_err": 0.9943225805233722,
    "order": [
        0,
        1,
        2,
        3,
        4,
        5,
        6,
        7,
        9,
        8
    ],
    "groupby": false
}