{
    "timestamp": "2022-08-06 03:07:58.878496",
    "dataset": "dmv.csv",
    "model": "dmv.csv-2.6MB-model16.669-data16.507-made-resmade-hidden256_256_256_256_256-emb32-directIo-binaryInone_hotOut-inputNoEmbIfLeq-5epochs-seed0.pt",
    "query": "'SELECT Model Year FROM dmv.csv WHERE Record Type=VEH AND State>=CT<=MI AND County>=ALBANY<=ONEIDA AND Fuel Type=nan AND Scofflaw Indicator=N AND Revocation Indicator=N AND Registration Class=OMT AND Weight_100>=38.0<=75.0'",
    "avg_est": 118.83175659179688,
    "avg_real": NaN,
    "avg_err": NaN,
    "count_est": 0.0,
    "count_real": 0,
    "count_err": 0,
    "sum_est": 0.0,
    "sum_real": NaN,
    "sum_err": NaN,
    "query_dur_ms_est": 21.067380905151367,
    "query_dur_ms_real": 4074.127674102783,
    "query_dur_ms_err": 0.9948289836278165,
    "order": [
        0,
        1,
        2,
        3,
        4,
        5,
        6,
        7,
        9,
        8
    ],
    "groupby": false
}