{
    "timestamp": "2022-08-06 03:35:48.421231",
    "dataset": "dmv.csv",
    "model": "dmv.csv-2.6MB-model16.669-data16.507-made-resmade-hidden256_256_256_256_256-emb32-directIo-binaryInone_hotOut-inputNoEmbIfLeq-5epochs-seed0.pt",
    "query": "'SELECT Registration Class FROM dmv.csv WHERE State>=NM'",
    "avg_est": 46.519561767578125,
    "avg_real": 46.631080380379395,
    "avg_err": 0.0023915082363863125,
    "count_est": 12522096.961202383,
    "count_real": 12529911,
    "count_err": 0.0006236308300687019,
    "sum_est": 582522463.0462565,
    "sum_real": 584283287.0,
    "sum_err": 0.003013647648188605,
    "query_dur_ms_est": 20.366668701171875,
    "query_dur_ms_real": 45119.79842185974,
    "query_dur_ms_err": 0.9995486090493856,
    "order": [
        0,
        1,
        2,
        3,
        4,
        5,
        6,
        8,
        9,
        7
    ],
    "groupby": false
}