{
    "timestamp": "2022-08-06 03:37:16.504692",
    "dataset": "dmv.csv",
    "model": "dmv.csv-2.6MB-model16.669-data16.507-made-resmade-hidden256_256_256_256_256-emb32-directIo-binaryInone_hotOut-inputNoEmbIfLeq-5epochs-seed0.pt",
    "query": "'SELECT Suspension Indicator FROM dmv.csv WHERE Record Type=BOAT AND State<=CT AND Fuel Type=PROPANE AND Scofflaw Indicator=Y AND Revocation Indicator=N AND Model Year<=1993.0 AND Weight_100<=76.0'",
    "avg_est": 1.0119166374206543,
    "avg_real": NaN,
    "avg_err": NaN,
    "count_est": 4.877311168508431e-10,
    "count_real": 0,
    "count_err": 0,
    "sum_est": 4.935432317291254e-10,
    "sum_real": NaN,
    "sum_err": NaN,
    "query_dur_ms_est": 20.612716674804688,
    "query_dur_ms_real": 1001.2564659118652,
    "query_dur_ms_err": 0.9794131500004525,
    "order": [
        0,
        1,
        2,
        3,
        4,
        6,
        7,
        8,
        9,
        5
    ],
    "groupby": false
}