{
    "timestamp": "2022-08-06 03:08:59.932453",
    "dataset": "dmv.csv",
    "model": "dmv.csv-2.6MB-model16.669-data16.507-made-resmade-hidden256_256_256_256_256-emb32-directIo-binaryInone_hotOut-inputNoEmbIfLeq-5epochs-seed0.pt",
    "query": "'SELECT Scofflaw Indicator FROM dmv.csv WHERE State<=CT AND Registration Class<=JCA'",
    "avg_est": 1.0015530586242676,
    "avg_real": 1.0007537688442212,
    "avg_err": 0.0007986877541010948,
    "count_est": 4304.390084763872,
    "count_real": 3980,
    "count_err": 0.08150504642308352,
    "sum_est": 4311.075054907227,
    "sum_real": 3983.0000000000005,
    "sum_err": 0.08236883125966024,
    "query_dur_ms_est": 20.325660705566406,
    "query_dur_ms_real": 973.9227294921875,
    "query_dur_ms_err": 0.9791301095147822,
    "order": [
        0,
        1,
        2,
        3,
        5,
        6,
        7,
        8,
        9,
        4
    ],
    "groupby": false
}